{"order":"1","version_group_id":"1","move_id":"33","pokemon_move_method_id":"1","level":"1","pokemon_id":"82"}{"order":"","version_group_id":"1","move_id":"36","pokemon_move_method_id":"4","level":"0","pokemon_id":"82"}{"order":"","version_group_id":"1","move_id":"38","pokemon_move_method_id":"4","level":"0","pokemon_id":"82"}{"order":"","version_group_id":"1","move_id":"48","pokemon_move_method_id":"1","level":"29","pokemon_id":"82"}{"order":"2","version_group_id":"1","move_id":"49","pokemon_move_method_id":"1","level":"1","pokemon_id":"82"}{"order":"","version_group_id":"1","move_id":"49","pokemon_move_method_id":"1","level":"21","pokemon_id":"82"}{"order":"","version_group_id":"1","move_id":"63","pokemon_move_method_id":"4","level":"0","pokemon_id":"82"}{"order":"3","version_group_id":"1","move_id":"84","pokemon_move_method_id":"1","level":"1","pokemon_id":"82"}{"order":"","version_group_id":"1","move_id":"84","pokemon_move_method_id":"1","level":"25","pokemon_id":"82"}{"order":"","version_group_id":"1","move_id":"85","pokemon_move_method_id":"4","level":"0","pokemon_id":"82"}{"order":"","version_group_id":"1","move_id":"86","pokemon_move_method_id":"1","level":"38","pokemon_id":"82"}{"order":"","version_group_id":"1","move_id":"86","pokemon_move_method_id":"4","level":"0","pokemon_id":"82"}{"order":"","version_group_id":"1","move_id":"87","pokemon_move_method_id":"4","level":"0","pokemon_id":"82"}{"order":"","version_group_id":"1","move_id":"92","pokemon_move_method_id":"4","level":"0","pokemon_id":"82"}{"order":"","version_group_id":"1","move_id":"99","pokemon_move_method_id":"4","level":"0","pokemon_id":"82"}{"order":"","version_group_id":"1","move_id":"100","pokemon_move_method_id":"4","level":"0","pokemon_id":"82"}{"order":"","version_group_id":"1","move_id":"102","pokemon_move_method_id":"4","level":"0","pokemon_id":"82"}{"order":"","version_group_id":"1","move_id":"103","pokemon_move_method_id":"1","level":"54","pokemon_id":"82"}{"order":"","version_group_id":"1","move_id":"104","pokemon_move_method_id":"4","level":"0","pokemon_id":"82"}{"order":"","version_group_id":"1","move_id":"115","pokemon_move_method_id":"4","level":"0","pokemon_id":"82"}{"order":"","version_group_id":"1","move_id":"117","pokemon_move_method_id":"4","level":"0","pokemon_id":"82"}{"order":"","version_group_id":"1","move_id":"129","pokemon_move_method_id":"1","level":"46","pokemon_id":"82"}{"order":"","version_group_id":"1","move_id":"129","pokemon_move_method_id":"4","level":"0","pokemon_id":"82"}{"order":"","version_group_id":"1","move_id":"148","pokemon_move_method_id":"4","level":"0","pokemon_id":"82"}{"order":"","version_group_id":"1","move_id":"156","pokemon_move_method_id":"4","level":"0","pokemon_id":"82"}{"order":"","version_group_id":"1","move_id":"164","pokemon_move_method_id":"4","level":"0","pokemon_id":"82"}{"order":"1","version_group_id":"2","move_id":"33","pokemon_move_method_id":"1","level":"1","pokemon_id":"82"}{"order":"","version_group_id":"2","move_id":"36","pokemon_move_method_id":"4","level":"0","pokemon_id":"82"}{"order":"","version_group_id":"2","move_id":"38","pokemon_move_method_id":"4","level":"0","pokemon_id":"82"}{"order":"","version_group_id":"2","move_id":"48","pokemon_move_method_id":"1","level":"29","pokemon_id":"82"}{"order":"2","version_group_id":"2","move_id":"49","pokemon_move_method_id":"1","level":"1","pokemon_id":"82"}{"order":"","version_group_id":"2","move_id":"49","pokemon_move_method_id":"1","level":"21","pokemon_id":"82"}{"order":"","version_group_id":"2","move_id":"63","pokemon_move_method_id":"4","level":"0","pokemon_id":"82"}{"order":"3","version_group_id":"2","move_id":"84","pokemon_move_method_id":"1","level":"1","pokemon_id":"82"}{"order":"","version_group_id":"2","move_id":"84","pokemon_move_method_id":"1","level":"25","pokemon_id":"82"}{"order":"","version_group_id":"2","move_id":"85","pokemon_move_method_id":"4","level":"0","pokemon_id":"82"}{"order":"","version_group_id":"2","move_id":"86","pokemon_move_method_id":"1","level":"38","pokemon_id":"82"}{"order":"","version_group_id":"2","move_id":"86","pokemon_move_method_id":"4","level":"0","pokemon_id":"82"}{"order":"","version_group_id":"2","move_id":"87","pokemon_move_method_id":"4","level":"0","pokemon_id":"82"}{"order":"","version_group_id":"2","move_id":"92","pokemon_move_method_id":"4","level":"0","pokemon_id":"82"}{"order":"","version_group_id":"2","move_id":"99","pokemon_move_method_id":"4","level":"0","pokemon_id":"82"}{"order":"","version_group_id":"2","move_id":"100","pokemon_move_method_id":"4","level":"0","pokemon_id":"82"}{"order":"","version_group_id":"2","move_id":"102","pokemon_move_method_id":"4","level":"0","pokemon_id":"82"}{"order":"","version_group_id":"2","move_id":"103","pokemon_move_method_id":"1","level":"54","pokemon_id":"82"}{"order":"","version_group_id":"2","move_id":"104","pokemon_move_method_id":"4","level":"0","pokemon_id":"82"}{"order":"","version_group_id":"2","move_id":"115","pokemon_move_method_id":"4","level":"0","pokemon_id":"82"}{"order":"","version_group_id":"2","move_id":"117","pokemon_move_method_id":"4","level":"0","pokemon_id":"82"}{"order":"","version_group_id":"2","move_id":"129","pokemon_move_method_id":"1","level":"46","pokemon_id":"82"}{"order":"","version_group_id":"2","move_id":"129","pokemon_move_method_id":"4","level":"0","pokemon_id":"82"}{"order":"","version_group_id":"2","move_id":"148","pokemon_move_method_id":"4","level":"0","pokemon_id":"82"}{"order":"","version_group_id":"2","move_id":"156","pokemon_move_method_id":"4","level":"0","pokemon_id":"82"}{"order":"","version_group_id":"2","move_id":"164","pokemon_move_method_id":"4","level":"0","pokemon_id":"82"}{"order":"1","version_group_id":"3","move_id":"33","pokemon_move_method_id":"1","level":"1","pokemon_id":"82"}{"order":"3","version_group_id":"3","move_id":"48","pokemon_move_method_id":"1","level":"1","pokemon_id":"82"}{"order":"","version_group_id":"3","move_id":"48","pokemon_move_method_id":"1","level":"11","pokemon_id":"82"}{"order":"4","version_group_id":"3","move_id":"49","pokemon_move_method_id":"1","level":"1","pokemon_id":"82"}{"order":"","version_group_id":"3","move_id":"49","pokemon_move_method_id":"1","level":"16","pokemon_id":"82"}{"order":"","version_group_id":"3","move_id":"63","pokemon_move_method_id":"4","level":"0","pokemon_id":"82"}{"order":"2","version_group_id":"3","move_id":"84","pokemon_move_method_id":"1","level":"1","pokemon_id":"82"}{"order":"","version_group_id":"3","move_id":"84","pokemon_move_method_id":"1","level":"6","pokemon_id":"82"}{"order":"","version_group_id":"3","move_id":"86","pokemon_move_method_id":"1","level":"21","pokemon_id":"82"}{"order":"","version_group_id":"3","move_id":"87","pokemon_move_method_id":"4","level":"0","pokemon_id":"82"}{"order":"","version_group_id":"3","move_id":"92","pokemon_move_method_id":"4","level":"0","pokemon_id":"82"}{"order":"","version_group_id":"3","move_id":"103","pokemon_move_method_id":"1","level":"43","pokemon_id":"82"}{"order":"","version_group_id":"3","move_id":"104","pokemon_move_method_id":"4","level":"0","pokemon_id":"82"}{"order":"","version_group_id":"3","move_id":"129","pokemon_move_method_id":"1","level":"35","pokemon_id":"82"}{"order":"","version_group_id":"3","move_id":"129","pokemon_move_method_id":"4","level":"0","pokemon_id":"82"}{"order":"","version_group_id":"3","move_id":"148","pokemon_move_method_id":"4","level":"0","pokemon_id":"82"}{"order":"","version_group_id":"3","move_id":"156","pokemon_move_method_id":"4","level":"0","pokemon_id":"82"}{"order":"","version_group_id":"3","move_id":"173","pokemon_move_method_id":"4","level":"0","pokemon_id":"82"}{"order":"","version_group_id":"3","move_id":"174","pokemon_move_method_id":"4","level":"0","pokemon_id":"82"}{"order":"","version_group_id":"3","move_id":"182","pokemon_move_method_id":"4","level":"0","pokemon_id":"82"}{"order":"","version_group_id":"3","move_id":"192","pokemon_move_method_id":"1","level":"53","pokemon_id":"82"}{"order":"","version_group_id":"3","move_id":"192","pokemon_move_method_id":"4","level":"0","pokemon_id":"82"}{"order":"","version_group_id":"3","move_id":"199","pokemon_move_method_id":"1","level":"27","pokemon_id":"82"}{"order":"","version_group_id":"3","move_id":"203","pokemon_move_method_id":"4","level":"0","pokemon_id":"82"}{"order":"","version_group_id":"3","move_id":"205","pokemon_move_method_id":"4","level":"0","pokemon_id":"82"}{"order":"","version_group_id":"3","move_id":"207","pokemon_move_method_id":"4","level":"0","pokemon_id":"82"}{"order":"","version_group_id":"3","move_id":"214","pokemon_move_method_id":"4","level":"0","pokemon_id":"82"}{"order":"","version_group_id":"3","move_id":"216","pokemon_move_method_id":"4","level":"0","pokemon_id":"82"}{"order":"","version_group_id":"3","move_id":"218","pokemon_move_method_id":"4","level":"0","pokemon_id":"82"}{"order":"","version_group_id":"3","move_id":"237","pokemon_move_method_id":"4","level":"0","pokemon_id":"82"}{"order":"","version_group_id":"3","move_id":"240","pokemon_move_method_id":"4","level":"0","pokemon_id":"82"}{"order":"1","version_group_id":"4","move_id":"33","pokemon_move_method_id":"1","level":"1","pokemon_id":"82"}{"order":"3","version_group_id":"4","move_id":"48","pokemon_move_method_id":"1","level":"1","pokemon_id":"82"}{"order":"","version_group_id":"4","move_id":"48","pokemon_move_method_id":"1","level":"11","pokemon_id":"82"}{"order":"4","version_group_id":"4","move_id":"49","pokemon_move_method_id":"1","level":"1","pokemon_id":"82"}{"order":"","version_group_id":"4","move_id":"49","pokemon_move_method_id":"1","level":"16","pokemon_id":"82"}{"order":"","version_group_id":"4","move_id":"63","pokemon_move_method_id":"4","level":"0","pokemon_id":"82"}{"order":"2","version_group_id":"4","move_id":"84","pokemon_move_method_id":"1","level":"1","pokemon_id":"82"}{"order":"","version_group_id":"4","move_id":"84","pokemon_move_method_id":"1","level":"6","pokemon_id":"82"}{"order":"","version_group_id":"4","move_id":"85","pokemon_move_method_id":"3","level":"0","pokemon_id":"82"}{"order":"","version_group_id":"4","move_id":"86","pokemon_move_method_id":"1","level":"21","pokemon_id":"82"}{"order":"","version_group_id":"4","move_id":"87","pokemon_move_method_id":"4","level":"0","pokemon_id":"82"}{"order":"","version_group_id":"4","move_id":"92","pokemon_move_method_id":"4","level":"0","pokemon_id":"82"}{"order":"","version_group_id":"4","move_id":"103","pokemon_move_method_id":"1","level":"43","pokemon_id":"82"}{"order":"","version_group_id":"4","move_id":"104","pokemon_move_method_id":"4","level":"0","pokemon_id":"82"}{"order":"","version_group_id":"4","move_id":"129","pokemon_move_method_id":"4","level":"0","pokemon_id":"82"}{"order":"","version_group_id":"4","move_id":"148","pokemon_move_method_id":"4","level":"0","pokemon_id":"82"}{"order":"","version_group_id":"4","move_id":"156","pokemon_move_method_id":"4","level":"0","pokemon_id":"82"}{"order":"","version_group_id":"4","move_id":"161","pokemon_move_method_id":"1","level":"35","pokemon_id":"82"}{"order":"","version_group_id":"4","move_id":"173","pokemon_move_method_id":"4","level":"0","pokemon_id":"82"}{"order":"","version_group_id":"4","move_id":"174","pokemon_move_method_id":"4","level":"0","pokemon_id":"82"}{"order":"","version_group_id":"4","move_id":"182","pokemon_move_method_id":"4","level":"0","pokemon_id":"82"}{"order":"","version_group_id":"4","move_id":"192","pokemon_move_method_id":"1","level":"53","pokemon_id":"82"}{"order":"","version_group_id":"4","move_id":"192","pokemon_move_method_id":"4","level":"0","pokemon_id":"82"}{"order":"","version_group_id":"4","move_id":"199","pokemon_move_method_id":"1","level":"27","pokemon_id":"82"}{"order":"","version_group_id":"4","move_id":"203","pokemon_move_method_id":"4","level":"0","pokemon_id":"82"}{"order":"","version_group_id":"4","move_id":"205","pokemon_move_method_id":"4","level":"0","pokemon_id":"82"}{"order":"","version_group_id":"4","move_id":"207","pokemon_move_method_id":"4","level":"0","pokemon_id":"82"}{"order":"","version_group_id":"4","move_id":"214","pokemon_move_method_id":"4","level":"0","pokemon_id":"82"}{"order":"","version_group_id":"4","move_id":"216","pokemon_move_method_id":"4","level":"0","pokemon_id":"82"}{"order":"","version_group_id":"4","move_id":"218","pokemon_move_method_id":"4","level":"0","pokemon_id":"82"}{"order":"","version_group_id":"4","move_id":"237","pokemon_move_method_id":"4","level":"0","pokemon_id":"82"}{"order":"","version_group_id":"4","move_id":"240","pokemon_move_method_id":"4","level":"0","pokemon_id":"82"}{"order":"2","version_group_id":"5","move_id":"33","pokemon_move_method_id":"1","level":"1","pokemon_id":"82"}{"order":"4","version_group_id":"5","move_id":"48","pokemon_move_method_id":"1","level":"1","pokemon_id":"82"}{"order":"","version_group_id":"5","move_id":"48","pokemon_move_method_id":"1","level":"11","pokemon_id":"82"}{"order":"","version_group_id":"5","move_id":"49","pokemon_move_method_id":"1","level":"16","pokemon_id":"82"}{"order":"","version_group_id":"5","move_id":"63","pokemon_move_method_id":"4","level":"0","pokemon_id":"82"}{"order":"3","version_group_id":"5","move_id":"84","pokemon_move_method_id":"1","level":"1","pokemon_id":"82"}{"order":"","version_group_id":"5","move_id":"84","pokemon_move_method_id":"1","level":"6","pokemon_id":"82"}{"order":"","version_group_id":"5","move_id":"85","pokemon_move_method_id":"4","level":"0","pokemon_id":"82"}{"order":"","version_group_id":"5","move_id":"86","pokemon_move_method_id":"1","level":"21","pokemon_id":"82"}{"order":"","version_group_id":"5","move_id":"87","pokemon_move_method_id":"4","level":"0","pokemon_id":"82"}{"order":"","version_group_id":"5","move_id":"92","pokemon_move_method_id":"4","level":"0","pokemon_id":"82"}{"order":"","version_group_id":"5","move_id":"103","pokemon_move_method_id":"1","level":"53","pokemon_id":"82"}{"order":"","version_group_id":"5","move_id":"104","pokemon_move_method_id":"4","level":"0","pokemon_id":"82"}{"order":"","version_group_id":"5","move_id":"115","pokemon_move_method_id":"4","level":"0","pokemon_id":"82"}{"order":"","version_group_id":"5","move_id":"148","pokemon_move_method_id":"4","level":"0","pokemon_id":"82"}{"order":"","version_group_id":"5","move_id":"156","pokemon_move_method_id":"4","level":"0","pokemon_id":"82"}{"order":"","version_group_id":"5","move_id":"161","pokemon_move_method_id":"1","level":"44","pokemon_id":"82"}{"order":"","version_group_id":"5","move_id":"182","pokemon_move_method_id":"4","level":"0","pokemon_id":"82"}{"order":"","version_group_id":"5","move_id":"192","pokemon_move_method_id":"1","level":"62","pokemon_id":"82"}{"order":"","version_group_id":"5","move_id":"199","pokemon_move_method_id":"1","level":"35","pokemon_id":"82"}{"order":"","version_group_id":"5","move_id":"209","pokemon_move_method_id":"1","level":"26","pokemon_id":"82"}{"order":"","version_group_id":"5","move_id":"216","pokemon_move_method_id":"4","level":"0","pokemon_id":"82"}{"order":"","version_group_id":"5","move_id":"218","pokemon_move_method_id":"4","level":"0","pokemon_id":"82"}{"order":"","version_group_id":"5","move_id":"237","pokemon_move_method_id":"4","level":"0","pokemon_id":"82"}{"order":"","version_group_id":"5","move_id":"240","pokemon_move_method_id":"4","level":"0","pokemon_id":"82"}{"order":"","version_group_id":"5","move_id":"241","pokemon_move_method_id":"4","level":"0","pokemon_id":"82"}{"order":"","version_group_id":"5","move_id":"263","pokemon_move_method_id":"4","level":"0","pokemon_id":"82"}{"order":"","version_group_id":"5","move_id":"290","pokemon_move_method_id":"4","level":"0","pokemon_id":"82"}{"order":"1","version_group_id":"5","move_id":"319","pokemon_move_method_id":"1","level":"1","pokemon_id":"82"}{"order":"","version_group_id":"5","move_id":"351","pokemon_move_method_id":"4","level":"0","pokemon_id":"82"}{"order":"2","version_group_id":"6","move_id":"33","pokemon_move_method_id":"1","level":"1","pokemon_id":"82"}{"order":"","version_group_id":"6","move_id":"38","pokemon_move_method_id":"3","level":"0","pokemon_id":"82"}{"order":"4","version_group_id":"6","move_id":"48","pokemon_move_method_id":"1","level":"1","pokemon_id":"82"}{"order":"","version_group_id":"6","move_id":"48","pokemon_move_method_id":"1","level":"11","pokemon_id":"82"}{"order":"","version_group_id":"6","move_id":"49","pokemon_move_method_id":"1","level":"16","pokemon_id":"82"}{"order":"","version_group_id":"6","move_id":"63","pokemon_move_method_id":"4","level":"0","pokemon_id":"82"}{"order":"3","version_group_id":"6","move_id":"84","pokemon_move_method_id":"1","level":"1","pokemon_id":"82"}{"order":"","version_group_id":"6","move_id":"84","pokemon_move_method_id":"1","level":"6","pokemon_id":"82"}{"order":"","version_group_id":"6","move_id":"85","pokemon_move_method_id":"4","level":"0","pokemon_id":"82"}{"order":"","version_group_id":"6","move_id":"86","pokemon_move_method_id":"1","level":"21","pokemon_id":"82"}{"order":"","version_group_id":"6","move_id":"86","pokemon_move_method_id":"3","level":"0","pokemon_id":"82"}{"order":"","version_group_id":"6","move_id":"87","pokemon_move_method_id":"4","level":"0","pokemon_id":"82"}{"order":"","version_group_id":"6","move_id":"92","pokemon_move_method_id":"4","level":"0","pokemon_id":"82"}{"order":"","version_group_id":"6","move_id":"102","pokemon_move_method_id":"3","level":"0","pokemon_id":"82"}{"order":"","version_group_id":"6","move_id":"103","pokemon_move_method_id":"1","level":"53","pokemon_id":"82"}{"order":"","version_group_id":"6","move_id":"104","pokemon_move_method_id":"4","level":"0","pokemon_id":"82"}{"order":"","version_group_id":"6","move_id":"115","pokemon_move_method_id":"4","level":"0","pokemon_id":"82"}{"order":"","version_group_id":"6","move_id":"129","pokemon_move_method_id":"3","level":"0","pokemon_id":"82"}{"order":"","version_group_id":"6","move_id":"148","pokemon_move_method_id":"4","level":"0","pokemon_id":"82"}{"order":"","version_group_id":"6","move_id":"156","pokemon_move_method_id":"4","level":"0","pokemon_id":"82"}{"order":"","version_group_id":"6","move_id":"161","pokemon_move_method_id":"1","level":"44","pokemon_id":"82"}{"order":"","version_group_id":"6","move_id":"164","pokemon_move_method_id":"3","level":"0","pokemon_id":"82"}{"order":"","version_group_id":"6","move_id":"173","pokemon_move_method_id":"3","level":"0","pokemon_id":"82"}{"order":"","version_group_id":"6","move_id":"182","pokemon_move_method_id":"4","level":"0","pokemon_id":"82"}{"order":"","version_group_id":"6","move_id":"192","pokemon_move_method_id":"1","level":"62","pokemon_id":"82"}{"order":"","version_group_id":"6","move_id":"199","pokemon_move_method_id":"1","level":"35","pokemon_id":"82"}{"order":"","version_group_id":"6","move_id":"203","pokemon_move_method_id":"3","level":"0","pokemon_id":"82"}{"order":"","version_group_id":"6","move_id":"205","pokemon_move_method_id":"3","level":"0","pokemon_id":"82"}{"order":"","version_group_id":"6","move_id":"207","pokemon_move_method_id":"3","level":"0","pokemon_id":"82"}{"order":"","version_group_id":"6","move_id":"209","pokemon_move_method_id":"1","level":"26","pokemon_id":"82"}{"order":"","version_group_id":"6","move_id":"214","pokemon_move_method_id":"3","level":"0","pokemon_id":"82"}{"order":"","version_group_id":"6","move_id":"216","pokemon_move_method_id":"4","level":"0","pokemon_id":"82"}{"order":"","version_group_id":"6","move_id":"218","pokemon_move_method_id":"4","level":"0","pokemon_id":"82"}{"order":"","version_group_id":"6","move_id":"237","pokemon_move_method_id":"4","level":"0","pokemon_id":"82"}{"order":"","version_group_id":"6","move_id":"240","pokemon_move_method_id":"4","level":"0","pokemon_id":"82"}{"order":"","version_group_id":"6","move_id":"241","pokemon_move_method_id":"4","level":"0","pokemon_id":"82"}{"order":"","version_group_id":"6","move_id":"263","pokemon_move_method_id":"4","level":"0","pokemon_id":"82"}{"order":"","version_group_id":"6","move_id":"290","pokemon_move_method_id":"4","level":"0","pokemon_id":"82"}{"order":"1","version_group_id":"6","move_id":"319","pokemon_move_method_id":"1","level":"1","pokemon_id":"82"}{"order":"","version_group_id":"6","move_id":"351","pokemon_move_method_id":"4","level":"0","pokemon_id":"82"}{"order":"2","version_group_id":"7","move_id":"33","pokemon_move_method_id":"1","level":"1","pokemon_id":"82"}{"order":"","version_group_id":"7","move_id":"38","pokemon_move_method_id":"3","level":"0","pokemon_id":"82"}{"order":"4","version_group_id":"7","move_id":"48","pokemon_move_method_id":"1","level":"1","pokemon_id":"82"}{"order":"","version_group_id":"7","move_id":"48","pokemon_move_method_id":"1","level":"11","pokemon_id":"82"}{"order":"","version_group_id":"7","move_id":"49","pokemon_move_method_id":"1","level":"16","pokemon_id":"82"}{"order":"","version_group_id":"7","move_id":"63","pokemon_move_method_id":"4","level":"0","pokemon_id":"82"}{"order":"3","version_group_id":"7","move_id":"84","pokemon_move_method_id":"1","level":"1","pokemon_id":"82"}{"order":"","version_group_id":"7","move_id":"84","pokemon_move_method_id":"1","level":"6","pokemon_id":"82"}{"order":"","version_group_id":"7","move_id":"85","pokemon_move_method_id":"4","level":"0","pokemon_id":"82"}{"order":"","version_group_id":"7","move_id":"86","pokemon_move_method_id":"1","level":"21","pokemon_id":"82"}{"order":"","version_group_id":"7","move_id":"86","pokemon_move_method_id":"3","level":"0","pokemon_id":"82"}{"order":"","version_group_id":"7","move_id":"87","pokemon_move_method_id":"4","level":"0","pokemon_id":"82"}{"order":"","version_group_id":"7","move_id":"92","pokemon_move_method_id":"4","level":"0","pokemon_id":"82"}{"order":"","version_group_id":"7","move_id":"102","pokemon_move_method_id":"3","level":"0","pokemon_id":"82"}{"order":"","version_group_id":"7","move_id":"103","pokemon_move_method_id":"1","level":"53","pokemon_id":"82"}{"order":"","version_group_id":"7","move_id":"104","pokemon_move_method_id":"4","level":"0","pokemon_id":"82"}{"order":"","version_group_id":"7","move_id":"115","pokemon_move_method_id":"4","level":"0","pokemon_id":"82"}{"order":"","version_group_id":"7","move_id":"148","pokemon_move_method_id":"4","level":"0","pokemon_id":"82"}{"order":"","version_group_id":"7","move_id":"156","pokemon_move_method_id":"4","level":"0","pokemon_id":"82"}{"order":"","version_group_id":"7","move_id":"161","pokemon_move_method_id":"1","level":"44","pokemon_id":"82"}{"order":"","version_group_id":"7","move_id":"164","pokemon_move_method_id":"3","level":"0","pokemon_id":"82"}{"order":"","version_group_id":"7","move_id":"182","pokemon_move_method_id":"4","level":"0","pokemon_id":"82"}{"order":"","version_group_id":"7","move_id":"192","pokemon_move_method_id":"1","level":"62","pokemon_id":"82"}{"order":"","version_group_id":"7","move_id":"199","pokemon_move_method_id":"1","level":"35","pokemon_id":"82"}{"order":"","version_group_id":"7","move_id":"209","pokemon_move_method_id":"1","level":"26","pokemon_id":"82"}{"order":"","version_group_id":"7","move_id":"216","pokemon_move_method_id":"4","level":"0","pokemon_id":"82"}{"order":"","version_group_id":"7","move_id":"218","pokemon_move_method_id":"4","level":"0","pokemon_id":"82"}{"order":"","version_group_id":"7","move_id":"237","pokemon_move_method_id":"4","level":"0","pokemon_id":"82"}{"order":"","version_group_id":"7","move_id":"240","pokemon_move_method_id":"4","level":"0","pokemon_id":"82"}{"order":"","version_group_id":"7","move_id":"241","pokemon_move_method_id":"4","level":"0","pokemon_id":"82"}{"order":"","version_group_id":"7","move_id":"263","pokemon_move_method_id":"4","level":"0","pokemon_id":"82"}{"order":"","version_group_id":"7","move_id":"290","pokemon_move_method_id":"4","level":"0","pokemon_id":"82"}{"order":"1","version_group_id":"7","move_id":"319","pokemon_move_method_id":"1","level":"1","pokemon_id":"82"}{"order":"","version_group_id":"7","move_id":"351","pokemon_move_method_id":"4","level":"0","pokemon_id":"82"}{"order":"3","version_group_id":"8","move_id":"33","pokemon_move_method_id":"1","level":"1","pokemon_id":"82"}{"order":"5","version_group_id":"8","move_id":"48","pokemon_move_method_id":"1","level":"1","pokemon_id":"82"}{"order":"","version_group_id":"8","move_id":"48","pokemon_move_method_id":"1","level":"11","pokemon_id":"82"}{"order":"","version_group_id":"8","move_id":"49","pokemon_move_method_id":"1","level":"14","pokemon_id":"82"}{"order":"","version_group_id":"8","move_id":"63","pokemon_move_method_id":"4","level":"0","pokemon_id":"82"}{"order":"4","version_group_id":"8","move_id":"84","pokemon_move_method_id":"1","level":"1","pokemon_id":"82"}{"order":"","version_group_id":"8","move_id":"84","pokemon_move_method_id":"1","level":"6","pokemon_id":"82"}{"order":"","version_group_id":"8","move_id":"85","pokemon_move_method_id":"4","level":"0","pokemon_id":"82"}{"order":"","version_group_id":"8","move_id":"86","pokemon_move_method_id":"1","level":"17","pokemon_id":"82"}{"order":"","version_group_id":"8","move_id":"86","pokemon_move_method_id":"4","level":"0","pokemon_id":"82"}{"order":"","version_group_id":"8","move_id":"87","pokemon_move_method_id":"4","level":"0","pokemon_id":"82"}{"order":"","version_group_id":"8","move_id":"92","pokemon_move_method_id":"4","level":"0","pokemon_id":"82"}{"order":"","version_group_id":"8","move_id":"103","pokemon_move_method_id":"1","level":"34","pokemon_id":"82"}{"order":"","version_group_id":"8","move_id":"104","pokemon_move_method_id":"4","level":"0","pokemon_id":"82"}{"order":"","version_group_id":"8","move_id":"113","pokemon_move_method_id":"4","level":"0","pokemon_id":"82"}{"order":"","version_group_id":"8","move_id":"115","pokemon_move_method_id":"4","level":"0","pokemon_id":"82"}{"order":"","version_group_id":"8","move_id":"148","pokemon_move_method_id":"4","level":"0","pokemon_id":"82"}{"order":"","version_group_id":"8","move_id":"153","pokemon_move_method_id":"4","level":"0","pokemon_id":"82"}{"order":"","version_group_id":"8","move_id":"156","pokemon_move_method_id":"4","level":"0","pokemon_id":"82"}{"order":"1","version_group_id":"8","move_id":"161","pokemon_move_method_id":"1","level":"1","pokemon_id":"82"}{"order":"","version_group_id":"8","move_id":"164","pokemon_move_method_id":"4","level":"0","pokemon_id":"82"}{"order":"","version_group_id":"8","move_id":"182","pokemon_move_method_id":"4","level":"0","pokemon_id":"82"}{"order":"","version_group_id":"8","move_id":"192","pokemon_move_method_id":"1","level":"60","pokemon_id":"82"}{"order":"","version_group_id":"8","move_id":"199","pokemon_move_method_id":"1","level":"27","pokemon_id":"82"}{"order":"","version_group_id":"8","move_id":"203","pokemon_move_method_id":"4","level":"0","pokemon_id":"82"}{"order":"","version_group_id":"8","move_id":"207","pokemon_move_method_id":"4","level":"0","pokemon_id":"82"}{"order":"","version_group_id":"8","move_id":"209","pokemon_move_method_id":"1","level":"22","pokemon_id":"82"}{"order":"","version_group_id":"8","move_id":"214","pokemon_move_method_id":"4","level":"0","pokemon_id":"82"}{"order":"","version_group_id":"8","move_id":"216","pokemon_move_method_id":"4","level":"0","pokemon_id":"82"}{"order":"","version_group_id":"8","move_id":"218","pokemon_move_method_id":"4","level":"0","pokemon_id":"82"}{"order":"","version_group_id":"8","move_id":"237","pokemon_move_method_id":"4","level":"0","pokemon_id":"82"}{"order":"","version_group_id":"8","move_id":"240","pokemon_move_method_id":"4","level":"0","pokemon_id":"82"}{"order":"","version_group_id":"8","move_id":"241","pokemon_move_method_id":"4","level":"0","pokemon_id":"82"}{"order":"","version_group_id":"8","move_id":"244","pokemon_move_method_id":"4","level":"0","pokemon_id":"82"}{"order":"","version_group_id":"8","move_id":"263","pokemon_move_method_id":"4","level":"0","pokemon_id":"82"}{"order":"","version_group_id":"8","move_id":"278","pokemon_move_method_id":"4","level":"0","pokemon_id":"82"}{"order":"","version_group_id":"8","move_id":"290","pokemon_move_method_id":"4","level":"0","pokemon_id":"82"}{"order":"2","version_group_id":"8","move_id":"319","pokemon_move_method_id":"1","level":"1","pokemon_id":"82"}{"order":"","version_group_id":"8","move_id":"351","pokemon_move_method_id":"4","level":"0","pokemon_id":"82"}{"order":"","version_group_id":"8","move_id":"360","pokemon_move_method_id":"1","level":"54","pokemon_id":"82"}{"order":"","version_group_id":"8","move_id":"360","pokemon_move_method_id":"4","level":"0","pokemon_id":"82"}{"order":"","version_group_id":"8","move_id":"363","pokemon_move_method_id":"4","level":"0","pokemon_id":"82"}{"order":"","version_group_id":"8","move_id":"393","pokemon_move_method_id":"1","level":"50","pokemon_id":"82"}{"order":"","version_group_id":"8","move_id":"416","pokemon_move_method_id":"4","level":"0","pokemon_id":"82"}{"order":"","version_group_id":"8","move_id":"429","pokemon_move_method_id":"1","level":"46","pokemon_id":"82"}{"order":"","version_group_id":"8","move_id":"430","pokemon_move_method_id":"4","level":"0","pokemon_id":"82"}{"order":"","version_group_id":"8","move_id":"435","pokemon_move_method_id":"1","level":"40","pokemon_id":"82"}{"order":"","version_group_id":"8","move_id":"443","pokemon_move_method_id":"1","level":"30","pokemon_id":"82"}{"order":"","version_group_id":"8","move_id":"451","pokemon_move_method_id":"4","level":"0","pokemon_id":"82"}{"order":"3","version_group_id":"9","move_id":"33","pokemon_move_method_id":"1","level":"1","pokemon_id":"82"}{"order":"5","version_group_id":"9","move_id":"48","pokemon_move_method_id":"1","level":"1","pokemon_id":"82"}{"order":"","version_group_id":"9","move_id":"48","pokemon_move_method_id":"1","level":"11","pokemon_id":"82"}{"order":"","version_group_id":"9","move_id":"49","pokemon_move_method_id":"1","level":"14","pokemon_id":"82"}{"order":"","version_group_id":"9","move_id":"63","pokemon_move_method_id":"4","level":"0","pokemon_id":"82"}{"order":"4","version_group_id":"9","move_id":"84","pokemon_move_method_id":"1","level":"1","pokemon_id":"82"}{"order":"","version_group_id":"9","move_id":"84","pokemon_move_method_id":"1","level":"6","pokemon_id":"82"}{"order":"","version_group_id":"9","move_id":"85","pokemon_move_method_id":"4","level":"0","pokemon_id":"82"}{"order":"","version_group_id":"9","move_id":"86","pokemon_move_method_id":"1","level":"17","pokemon_id":"82"}{"order":"","version_group_id":"9","move_id":"86","pokemon_move_method_id":"4","level":"0","pokemon_id":"82"}{"order":"","version_group_id":"9","move_id":"87","pokemon_move_method_id":"4","level":"0","pokemon_id":"82"}{"order":"","version_group_id":"9","move_id":"92","pokemon_move_method_id":"4","level":"0","pokemon_id":"82"}{"order":"","version_group_id":"9","move_id":"103","pokemon_move_method_id":"1","level":"34","pokemon_id":"82"}{"order":"","version_group_id":"9","move_id":"104","pokemon_move_method_id":"4","level":"0","pokemon_id":"82"}{"order":"","version_group_id":"9","move_id":"113","pokemon_move_method_id":"4","level":"0","pokemon_id":"82"}{"order":"","version_group_id":"9","move_id":"115","pokemon_move_method_id":"4","level":"0","pokemon_id":"82"}{"order":"","version_group_id":"9","move_id":"129","pokemon_move_method_id":"3","level":"0","pokemon_id":"82"}{"order":"","version_group_id":"9","move_id":"148","pokemon_move_method_id":"4","level":"0","pokemon_id":"82"}{"order":"","version_group_id":"9","move_id":"153","pokemon_move_method_id":"4","level":"0","pokemon_id":"82"}{"order":"","version_group_id":"9","move_id":"156","pokemon_move_method_id":"4","level":"0","pokemon_id":"82"}{"order":"1","version_group_id":"9","move_id":"161","pokemon_move_method_id":"1","level":"1","pokemon_id":"82"}{"order":"","version_group_id":"9","move_id":"164","pokemon_move_method_id":"4","level":"0","pokemon_id":"82"}{"order":"","version_group_id":"9","move_id":"173","pokemon_move_method_id":"3","level":"0","pokemon_id":"82"}{"order":"","version_group_id":"9","move_id":"182","pokemon_move_method_id":"4","level":"0","pokemon_id":"82"}{"order":"","version_group_id":"9","move_id":"192","pokemon_move_method_id":"1","level":"60","pokemon_id":"82"}{"order":"","version_group_id":"9","move_id":"199","pokemon_move_method_id":"1","level":"27","pokemon_id":"82"}{"order":"","version_group_id":"9","move_id":"203","pokemon_move_method_id":"4","level":"0","pokemon_id":"82"}{"order":"","version_group_id":"9","move_id":"205","pokemon_move_method_id":"3","level":"0","pokemon_id":"82"}{"order":"","version_group_id":"9","move_id":"207","pokemon_move_method_id":"4","level":"0","pokemon_id":"82"}{"order":"","version_group_id":"9","move_id":"209","pokemon_move_method_id":"1","level":"22","pokemon_id":"82"}{"order":"","version_group_id":"9","move_id":"214","pokemon_move_method_id":"4","level":"0","pokemon_id":"82"}{"order":"","version_group_id":"9","move_id":"216","pokemon_move_method_id":"4","level":"0","pokemon_id":"82"}{"order":"","version_group_id":"9","move_id":"218","pokemon_move_method_id":"4","level":"0","pokemon_id":"82"}{"order":"","version_group_id":"9","move_id":"237","pokemon_move_method_id":"4","level":"0","pokemon_id":"82"}{"order":"","version_group_id":"9","move_id":"240","pokemon_move_method_id":"4","level":"0","pokemon_id":"82"}{"order":"","version_group_id":"9","move_id":"241","pokemon_move_method_id":"4","level":"0","pokemon_id":"82"}{"order":"","version_group_id":"9","move_id":"244","pokemon_move_method_id":"4","level":"0","pokemon_id":"82"}{"order":"","version_group_id":"9","move_id":"263","pokemon_move_method_id":"4","level":"0","pokemon_id":"82"}{"order":"","version_group_id":"9","move_id":"278","pokemon_move_method_id":"4","level":"0","pokemon_id":"82"}{"order":"","version_group_id":"9","move_id":"290","pokemon_move_method_id":"4","level":"0","pokemon_id":"82"}{"order":"2","version_group_id":"9","move_id":"319","pokemon_move_method_id":"1","level":"1","pokemon_id":"82"}{"order":"","version_group_id":"9","move_id":"324","pokemon_move_method_id":"3","level":"0","pokemon_id":"82"}{"order":"","version_group_id":"9","move_id":"334","pokemon_move_method_id":"3","level":"0","pokemon_id":"82"}{"order":"","version_group_id":"9","move_id":"351","pokemon_move_method_id":"4","level":"0","pokemon_id":"82"}{"order":"","version_group_id":"9","move_id":"360","pokemon_move_method_id":"1","level":"54","pokemon_id":"82"}{"order":"","version_group_id":"9","move_id":"360","pokemon_move_method_id":"4","level":"0","pokemon_id":"82"}{"order":"","version_group_id":"9","move_id":"363","pokemon_move_method_id":"4","level":"0","pokemon_id":"82"}{"order":"","version_group_id":"9","move_id":"393","pokemon_move_method_id":"1","level":"50","pokemon_id":"82"}{"order":"","version_group_id":"9","move_id":"393","pokemon_move_method_id":"3","level":"0","pokemon_id":"82"}{"order":"","version_group_id":"9","move_id":"416","pokemon_move_method_id":"4","level":"0","pokemon_id":"82"}{"order":"","version_group_id":"9","move_id":"429","pokemon_move_method_id":"1","level":"46","pokemon_id":"82"}{"order":"","version_group_id":"9","move_id":"430","pokemon_move_method_id":"4","level":"0","pokemon_id":"82"}{"order":"","version_group_id":"9","move_id":"435","pokemon_move_method_id":"1","level":"40","pokemon_id":"82"}{"order":"","version_group_id":"9","move_id":"443","pokemon_move_method_id":"1","level":"30","pokemon_id":"82"}{"order":"","version_group_id":"9","move_id":"451","pokemon_move_method_id":"4","level":"0","pokemon_id":"82"}{"order":"3","version_group_id":"10","move_id":"33","pokemon_move_method_id":"1","level":"1","pokemon_id":"82"}{"order":"5","version_group_id":"10","move_id":"48","pokemon_move_method_id":"1","level":"1","pokemon_id":"82"}{"order":"","version_group_id":"10","move_id":"48","pokemon_move_method_id":"1","level":"11","pokemon_id":"82"}{"order":"","version_group_id":"10","move_id":"49","pokemon_move_method_id":"1","level":"14","pokemon_id":"82"}{"order":"","version_group_id":"10","move_id":"63","pokemon_move_method_id":"4","level":"0","pokemon_id":"82"}{"order":"4","version_group_id":"10","move_id":"84","pokemon_move_method_id":"1","level":"1","pokemon_id":"82"}{"order":"","version_group_id":"10","move_id":"84","pokemon_move_method_id":"1","level":"6","pokemon_id":"82"}{"order":"","version_group_id":"10","move_id":"85","pokemon_move_method_id":"4","level":"0","pokemon_id":"82"}{"order":"","version_group_id":"10","move_id":"86","pokemon_move_method_id":"1","level":"17","pokemon_id":"82"}{"order":"","version_group_id":"10","move_id":"86","pokemon_move_method_id":"4","level":"0","pokemon_id":"82"}{"order":"","version_group_id":"10","move_id":"87","pokemon_move_method_id":"4","level":"0","pokemon_id":"82"}{"order":"","version_group_id":"10","move_id":"92","pokemon_move_method_id":"4","level":"0","pokemon_id":"82"}{"order":"","version_group_id":"10","move_id":"103","pokemon_move_method_id":"1","level":"34","pokemon_id":"82"}{"order":"","version_group_id":"10","move_id":"104","pokemon_move_method_id":"4","level":"0","pokemon_id":"82"}{"order":"","version_group_id":"10","move_id":"113","pokemon_move_method_id":"4","level":"0","pokemon_id":"82"}{"order":"","version_group_id":"10","move_id":"115","pokemon_move_method_id":"4","level":"0","pokemon_id":"82"}{"order":"","version_group_id":"10","move_id":"129","pokemon_move_method_id":"3","level":"0","pokemon_id":"82"}{"order":"","version_group_id":"10","move_id":"148","pokemon_move_method_id":"4","level":"0","pokemon_id":"82"}{"order":"","version_group_id":"10","move_id":"153","pokemon_move_method_id":"4","level":"0","pokemon_id":"82"}{"order":"","version_group_id":"10","move_id":"156","pokemon_move_method_id":"4","level":"0","pokemon_id":"82"}{"order":"1","version_group_id":"10","move_id":"161","pokemon_move_method_id":"1","level":"1","pokemon_id":"82"}{"order":"","version_group_id":"10","move_id":"164","pokemon_move_method_id":"4","level":"0","pokemon_id":"82"}{"order":"","version_group_id":"10","move_id":"173","pokemon_move_method_id":"3","level":"0","pokemon_id":"82"}{"order":"","version_group_id":"10","move_id":"182","pokemon_move_method_id":"4","level":"0","pokemon_id":"82"}{"order":"","version_group_id":"10","move_id":"192","pokemon_move_method_id":"1","level":"60","pokemon_id":"82"}{"order":"","version_group_id":"10","move_id":"199","pokemon_move_method_id":"1","level":"27","pokemon_id":"82"}{"order":"","version_group_id":"10","move_id":"203","pokemon_move_method_id":"4","level":"0","pokemon_id":"82"}{"order":"","version_group_id":"10","move_id":"205","pokemon_move_method_id":"3","level":"0","pokemon_id":"82"}{"order":"","version_group_id":"10","move_id":"207","pokemon_move_method_id":"4","level":"0","pokemon_id":"82"}{"order":"","version_group_id":"10","move_id":"209","pokemon_move_method_id":"1","level":"22","pokemon_id":"82"}{"order":"","version_group_id":"10","move_id":"214","pokemon_move_method_id":"4","level":"0","pokemon_id":"82"}{"order":"","version_group_id":"10","move_id":"216","pokemon_move_method_id":"4","level":"0","pokemon_id":"82"}{"order":"","version_group_id":"10","move_id":"218","pokemon_move_method_id":"4","level":"0","pokemon_id":"82"}{"order":"","version_group_id":"10","move_id":"237","pokemon_move_method_id":"4","level":"0","pokemon_id":"82"}{"order":"","version_group_id":"10","move_id":"240","pokemon_move_method_id":"4","level":"0","pokemon_id":"82"}{"order":"","version_group_id":"10","move_id":"241","pokemon_move_method_id":"4","level":"0","pokemon_id":"82"}{"order":"","version_group_id":"10","move_id":"244","pokemon_move_method_id":"4","level":"0","pokemon_id":"82"}{"order":"","version_group_id":"10","move_id":"263","pokemon_move_method_id":"4","level":"0","pokemon_id":"82"}{"order":"","version_group_id":"10","move_id":"277","pokemon_move_method_id":"3","level":"0","pokemon_id":"82"}{"order":"","version_group_id":"10","move_id":"278","pokemon_move_method_id":"4","level":"0","pokemon_id":"82"}{"order":"","version_group_id":"10","move_id":"290","pokemon_move_method_id":"4","level":"0","pokemon_id":"82"}{"order":"2","version_group_id":"10","move_id":"319","pokemon_move_method_id":"1","level":"1","pokemon_id":"82"}{"order":"","version_group_id":"10","move_id":"324","pokemon_move_method_id":"3","level":"0","pokemon_id":"82"}{"order":"","version_group_id":"10","move_id":"334","pokemon_move_method_id":"3","level":"0","pokemon_id":"82"}{"order":"","version_group_id":"10","move_id":"351","pokemon_move_method_id":"4","level":"0","pokemon_id":"82"}{"order":"","version_group_id":"10","move_id":"356","pokemon_move_method_id":"3","level":"0","pokemon_id":"82"}{"order":"","version_group_id":"10","move_id":"360","pokemon_move_method_id":"1","level":"54","pokemon_id":"82"}{"order":"","version_group_id":"10","move_id":"360","pokemon_move_method_id":"4","level":"0","pokemon_id":"82"}{"order":"","version_group_id":"10","move_id":"363","pokemon_move_method_id":"4","level":"0","pokemon_id":"82"}{"order":"","version_group_id":"10","move_id":"393","pokemon_move_method_id":"1","level":"50","pokemon_id":"82"}{"order":"","version_group_id":"10","move_id":"393","pokemon_move_method_id":"3","level":"0","pokemon_id":"82"}{"order":"","version_group_id":"10","move_id":"416","pokemon_move_method_id":"4","level":"0","pokemon_id":"82"}{"order":"","version_group_id":"10","move_id":"429","pokemon_move_method_id":"1","level":"46","pokemon_id":"82"}{"order":"","version_group_id":"10","move_id":"430","pokemon_move_method_id":"4","level":"0","pokemon_id":"82"}{"order":"","version_group_id":"10","move_id":"435","pokemon_move_method_id":"1","level":"40","pokemon_id":"82"}{"order":"","version_group_id":"10","move_id":"443","pokemon_move_method_id":"1","level":"30","pokemon_id":"82"}{"order":"","version_group_id":"10","move_id":"451","pokemon_move_method_id":"4","level":"0","pokemon_id":"82"}{"order":"3","version_group_id":"11","move_id":"33","pokemon_move_method_id":"1","level":"1","pokemon_id":"82"}{"order":"5","version_group_id":"11","move_id":"48","pokemon_move_method_id":"1","level":"1","pokemon_id":"82"}{"order":"","version_group_id":"11","move_id":"48","pokemon_move_method_id":"1","level":"11","pokemon_id":"82"}{"order":"","version_group_id":"11","move_id":"49","pokemon_move_method_id":"1","level":"14","pokemon_id":"82"}{"order":"","version_group_id":"11","move_id":"63","pokemon_move_method_id":"4","level":"0","pokemon_id":"82"}{"order":"4","version_group_id":"11","move_id":"84","pokemon_move_method_id":"1","level":"1","pokemon_id":"82"}{"order":"","version_group_id":"11","move_id":"84","pokemon_move_method_id":"1","level":"6","pokemon_id":"82"}{"order":"","version_group_id":"11","move_id":"85","pokemon_move_method_id":"4","level":"0","pokemon_id":"82"}{"order":"","version_group_id":"11","move_id":"86","pokemon_move_method_id":"1","level":"17","pokemon_id":"82"}{"order":"","version_group_id":"11","move_id":"86","pokemon_move_method_id":"4","level":"0","pokemon_id":"82"}{"order":"","version_group_id":"11","move_id":"87","pokemon_move_method_id":"4","level":"0","pokemon_id":"82"}{"order":"","version_group_id":"11","move_id":"92","pokemon_move_method_id":"4","level":"0","pokemon_id":"82"}{"order":"","version_group_id":"11","move_id":"103","pokemon_move_method_id":"1","level":"40","pokemon_id":"82"}{"order":"","version_group_id":"11","move_id":"104","pokemon_move_method_id":"4","level":"0","pokemon_id":"82"}{"order":"","version_group_id":"11","move_id":"113","pokemon_move_method_id":"4","level":"0","pokemon_id":"82"}{"order":"","version_group_id":"11","move_id":"115","pokemon_move_method_id":"4","level":"0","pokemon_id":"82"}{"order":"","version_group_id":"11","move_id":"148","pokemon_move_method_id":"4","level":"0","pokemon_id":"82"}{"order":"","version_group_id":"11","move_id":"153","pokemon_move_method_id":"4","level":"0","pokemon_id":"82"}{"order":"","version_group_id":"11","move_id":"156","pokemon_move_method_id":"4","level":"0","pokemon_id":"82"}{"order":"1","version_group_id":"11","move_id":"161","pokemon_move_method_id":"1","level":"1","pokemon_id":"82"}{"order":"","version_group_id":"11","move_id":"164","pokemon_move_method_id":"4","level":"0","pokemon_id":"82"}{"order":"","version_group_id":"11","move_id":"182","pokemon_move_method_id":"4","level":"0","pokemon_id":"82"}{"order":"","version_group_id":"11","move_id":"192","pokemon_move_method_id":"1","level":"66","pokemon_id":"82"}{"order":"","version_group_id":"11","move_id":"199","pokemon_move_method_id":"1","level":"30","pokemon_id":"82"}{"order":"","version_group_id":"11","move_id":"207","pokemon_move_method_id":"4","level":"0","pokemon_id":"82"}{"order":"","version_group_id":"11","move_id":"209","pokemon_move_method_id":"1","level":"22","pokemon_id":"82"}{"order":"","version_group_id":"11","move_id":"216","pokemon_move_method_id":"4","level":"0","pokemon_id":"82"}{"order":"","version_group_id":"11","move_id":"218","pokemon_move_method_id":"4","level":"0","pokemon_id":"82"}{"order":"","version_group_id":"11","move_id":"237","pokemon_move_method_id":"4","level":"0","pokemon_id":"82"}{"order":"","version_group_id":"11","move_id":"240","pokemon_move_method_id":"4","level":"0","pokemon_id":"82"}{"order":"","version_group_id":"11","move_id":"241","pokemon_move_method_id":"4","level":"0","pokemon_id":"82"}{"order":"","version_group_id":"11","move_id":"244","pokemon_move_method_id":"4","level":"0","pokemon_id":"82"}{"order":"","version_group_id":"11","move_id":"263","pokemon_move_method_id":"4","level":"0","pokemon_id":"82"}{"order":"2","version_group_id":"11","move_id":"319","pokemon_move_method_id":"1","level":"1","pokemon_id":"82"}{"order":"","version_group_id":"11","move_id":"360","pokemon_move_method_id":"1","level":"60","pokemon_id":"82"}{"order":"","version_group_id":"11","move_id":"360","pokemon_move_method_id":"4","level":"0","pokemon_id":"82"}{"order":"","version_group_id":"11","move_id":"393","pokemon_move_method_id":"1","level":"54","pokemon_id":"82"}{"order":"","version_group_id":"11","move_id":"416","pokemon_move_method_id":"4","level":"0","pokemon_id":"82"}{"order":"","version_group_id":"11","move_id":"429","pokemon_move_method_id":"1","level":"50","pokemon_id":"82"}{"order":"","version_group_id":"11","move_id":"430","pokemon_move_method_id":"4","level":"0","pokemon_id":"82"}{"order":"","version_group_id":"11","move_id":"435","pokemon_move_method_id":"1","level":"46","pokemon_id":"82"}{"order":"","version_group_id":"11","move_id":"443","pokemon_move_method_id":"1","level":"34","pokemon_id":"82"}{"order":"","version_group_id":"11","move_id":"451","pokemon_move_method_id":"4","level":"0","pokemon_id":"82"}{"order":"","version_group_id":"11","move_id":"486","pokemon_move_method_id":"1","level":"27","pokemon_id":"82"}{"order":"","version_group_id":"11","move_id":"496","pokemon_move_method_id":"4","level":"0","pokemon_id":"82"}{"order":"","version_group_id":"11","move_id":"521","pokemon_move_method_id":"4","level":"0","pokemon_id":"82"}{"order":"","version_group_id":"11","move_id":"528","pokemon_move_method_id":"4","level":"0","pokemon_id":"82"}{"order":"2","version_group_id":"12","move_id":"33","pokemon_move_method_id":"1","level":"1","pokemon_id":"82"}{"order":"4","version_group_id":"12","move_id":"48","pokemon_move_method_id":"1","level":"1","pokemon_id":"82"}{"order":"","version_group_id":"12","move_id":"48","pokemon_move_method_id":"1","level":"11","pokemon_id":"82"}{"order":"","version_group_id":"12","move_id":"49","pokemon_move_method_id":"1","level":"16","pokemon_id":"82"}{"order":"","version_group_id":"12","move_id":"63","pokemon_move_method_id":"4","level":"0","pokemon_id":"82"}{"order":"3","version_group_id":"12","move_id":"84","pokemon_move_method_id":"1","level":"1","pokemon_id":"82"}{"order":"","version_group_id":"12","move_id":"84","pokemon_move_method_id":"1","level":"6","pokemon_id":"82"}{"order":"","version_group_id":"12","move_id":"85","pokemon_move_method_id":"4","level":"0","pokemon_id":"82"}{"order":"","version_group_id":"12","move_id":"86","pokemon_move_method_id":"1","level":"21","pokemon_id":"82"}{"order":"","version_group_id":"12","move_id":"87","pokemon_move_method_id":"4","level":"0","pokemon_id":"82"}{"order":"","version_group_id":"12","move_id":"92","pokemon_move_method_id":"4","level":"0","pokemon_id":"82"}{"order":"","version_group_id":"12","move_id":"103","pokemon_move_method_id":"1","level":"53","pokemon_id":"82"}{"order":"","version_group_id":"12","move_id":"104","pokemon_move_method_id":"4","level":"0","pokemon_id":"82"}{"order":"","version_group_id":"12","move_id":"115","pokemon_move_method_id":"4","level":"0","pokemon_id":"82"}{"order":"","version_group_id":"12","move_id":"148","pokemon_move_method_id":"4","level":"0","pokemon_id":"82"}{"order":"","version_group_id":"12","move_id":"156","pokemon_move_method_id":"4","level":"0","pokemon_id":"82"}{"order":"","version_group_id":"12","move_id":"161","pokemon_move_method_id":"1","level":"44","pokemon_id":"82"}{"order":"","version_group_id":"12","move_id":"182","pokemon_move_method_id":"4","level":"0","pokemon_id":"82"}{"order":"","version_group_id":"12","move_id":"192","pokemon_move_method_id":"1","level":"62","pokemon_id":"82"}{"order":"","version_group_id":"12","move_id":"199","pokemon_move_method_id":"1","level":"35","pokemon_id":"82"}{"order":"","version_group_id":"12","move_id":"209","pokemon_move_method_id":"1","level":"26","pokemon_id":"82"}{"order":"","version_group_id":"12","move_id":"216","pokemon_move_method_id":"4","level":"0","pokemon_id":"82"}{"order":"","version_group_id":"12","move_id":"218","pokemon_move_method_id":"4","level":"0","pokemon_id":"82"}{"order":"","version_group_id":"12","move_id":"237","pokemon_move_method_id":"4","level":"0","pokemon_id":"82"}{"order":"","version_group_id":"12","move_id":"240","pokemon_move_method_id":"4","level":"0","pokemon_id":"82"}{"order":"","version_group_id":"12","move_id":"241","pokemon_move_method_id":"4","level":"0","pokemon_id":"82"}{"order":"","version_group_id":"12","move_id":"263","pokemon_move_method_id":"4","level":"0","pokemon_id":"82"}{"order":"","version_group_id":"12","move_id":"290","pokemon_move_method_id":"4","level":"0","pokemon_id":"82"}{"order":"1","version_group_id":"12","move_id":"319","pokemon_move_method_id":"1","level":"1","pokemon_id":"82"}{"order":"","version_group_id":"12","move_id":"351","pokemon_move_method_id":"4","level":"0","pokemon_id":"82"}{"order":"2","version_group_id":"13","move_id":"33","pokemon_move_method_id":"1","level":"1","pokemon_id":"82"}{"order":"","version_group_id":"13","move_id":"38","pokemon_move_method_id":"3","level":"0","pokemon_id":"82"}{"order":"4","version_group_id":"13","move_id":"48","pokemon_move_method_id":"1","level":"1","pokemon_id":"82"}{"order":"","version_group_id":"13","move_id":"48","pokemon_move_method_id":"1","level":"11","pokemon_id":"82"}{"order":"","version_group_id":"13","move_id":"49","pokemon_move_method_id":"1","level":"16","pokemon_id":"82"}{"order":"","version_group_id":"13","move_id":"63","pokemon_move_method_id":"4","level":"0","pokemon_id":"82"}{"order":"3","version_group_id":"13","move_id":"84","pokemon_move_method_id":"1","level":"1","pokemon_id":"82"}{"order":"","version_group_id":"13","move_id":"84","pokemon_move_method_id":"1","level":"6","pokemon_id":"82"}{"order":"","version_group_id":"13","move_id":"85","pokemon_move_method_id":"4","level":"0","pokemon_id":"82"}{"order":"","version_group_id":"13","move_id":"86","pokemon_move_method_id":"1","level":"21","pokemon_id":"82"}{"order":"","version_group_id":"13","move_id":"86","pokemon_move_method_id":"3","level":"0","pokemon_id":"82"}{"order":"","version_group_id":"13","move_id":"87","pokemon_move_method_id":"4","level":"0","pokemon_id":"82"}{"order":"","version_group_id":"13","move_id":"92","pokemon_move_method_id":"4","level":"0","pokemon_id":"82"}{"order":"","version_group_id":"13","move_id":"102","pokemon_move_method_id":"3","level":"0","pokemon_id":"82"}{"order":"","version_group_id":"13","move_id":"103","pokemon_move_method_id":"1","level":"53","pokemon_id":"82"}{"order":"","version_group_id":"13","move_id":"104","pokemon_move_method_id":"4","level":"0","pokemon_id":"82"}{"order":"","version_group_id":"13","move_id":"115","pokemon_move_method_id":"4","level":"0","pokemon_id":"82"}{"order":"","version_group_id":"13","move_id":"148","pokemon_move_method_id":"4","level":"0","pokemon_id":"82"}{"order":"","version_group_id":"13","move_id":"156","pokemon_move_method_id":"4","level":"0","pokemon_id":"82"}{"order":"","version_group_id":"13","move_id":"161","pokemon_move_method_id":"1","level":"44","pokemon_id":"82"}{"order":"","version_group_id":"13","move_id":"164","pokemon_move_method_id":"3","level":"0","pokemon_id":"82"}{"order":"","version_group_id":"13","move_id":"182","pokemon_move_method_id":"4","level":"0","pokemon_id":"82"}{"order":"","version_group_id":"13","move_id":"192","pokemon_move_method_id":"1","level":"62","pokemon_id":"82"}{"order":"","version_group_id":"13","move_id":"199","pokemon_move_method_id":"1","level":"35","pokemon_id":"82"}{"order":"","version_group_id":"13","move_id":"207","pokemon_move_method_id":"3","level":"0","pokemon_id":"82"}{"order":"","version_group_id":"13","move_id":"209","pokemon_move_method_id":"1","level":"26","pokemon_id":"82"}{"order":"","version_group_id":"13","move_id":"216","pokemon_move_method_id":"4","level":"0","pokemon_id":"82"}{"order":"","version_group_id":"13","move_id":"218","pokemon_move_method_id":"4","level":"0","pokemon_id":"82"}{"order":"","version_group_id":"13","move_id":"237","pokemon_move_method_id":"4","level":"0","pokemon_id":"82"}{"order":"","version_group_id":"13","move_id":"240","pokemon_move_method_id":"4","level":"0","pokemon_id":"82"}{"order":"","version_group_id":"13","move_id":"241","pokemon_move_method_id":"4","level":"0","pokemon_id":"82"}{"order":"","version_group_id":"13","move_id":"263","pokemon_move_method_id":"4","level":"0","pokemon_id":"82"}{"order":"","version_group_id":"13","move_id":"290","pokemon_move_method_id":"4","level":"0","pokemon_id":"82"}{"order":"1","version_group_id":"13","move_id":"319","pokemon_move_method_id":"1","level":"1","pokemon_id":"82"}{"order":"","version_group_id":"13","move_id":"351","pokemon_move_method_id":"4","level":"0","pokemon_id":"82"}{"order":"2","version_group_id":"14","move_id":"33","pokemon_move_method_id":"1","level":"1","pokemon_id":"82"}{"order":"3","version_group_id":"14","move_id":"48","pokemon_move_method_id":"1","level":"1","pokemon_id":"82"}{"order":"","version_group_id":"14","move_id":"48","pokemon_move_method_id":"1","level":"4","pokemon_id":"82"}{"order":"5","version_group_id":"14","move_id":"49","pokemon_move_method_id":"1","level":"1","pokemon_id":"82"}{"order":"","version_group_id":"14","move_id":"49","pokemon_move_method_id":"1","level":"11","pokemon_id":"82"}{"order":"","version_group_id":"14","move_id":"63","pokemon_move_method_id":"4","level":"0","pokemon_id":"82"}{"order":"4","version_group_id":"14","move_id":"84","pokemon_move_method_id":"1","level":"1","pokemon_id":"82"}{"order":"","version_group_id":"14","move_id":"84","pokemon_move_method_id":"1","level":"7","pokemon_id":"82"}{"order":"","version_group_id":"14","move_id":"85","pokemon_move_method_id":"4","level":"0","pokemon_id":"82"}{"order":"","version_group_id":"14","move_id":"86","pokemon_move_method_id":"1","level":"15","pokemon_id":"82"}{"order":"","version_group_id":"14","move_id":"86","pokemon_move_method_id":"4","level":"0","pokemon_id":"82"}{"order":"","version_group_id":"14","move_id":"87","pokemon_move_method_id":"4","level":"0","pokemon_id":"82"}{"order":"","version_group_id":"14","move_id":"92","pokemon_move_method_id":"4","level":"0","pokemon_id":"82"}{"order":"","version_group_id":"14","move_id":"103","pokemon_move_method_id":"1","level":"45","pokemon_id":"82"}{"order":"","version_group_id":"14","move_id":"104","pokemon_move_method_id":"4","level":"0","pokemon_id":"82"}{"order":"","version_group_id":"14","move_id":"113","pokemon_move_method_id":"4","level":"0","pokemon_id":"82"}{"order":"","version_group_id":"14","move_id":"115","pokemon_move_method_id":"4","level":"0","pokemon_id":"82"}{"order":"","version_group_id":"14","move_id":"148","pokemon_move_method_id":"4","level":"0","pokemon_id":"82"}{"order":"","version_group_id":"14","move_id":"153","pokemon_move_method_id":"4","level":"0","pokemon_id":"82"}{"order":"","version_group_id":"14","move_id":"156","pokemon_move_method_id":"4","level":"0","pokemon_id":"82"}{"order":"1","version_group_id":"14","move_id":"161","pokemon_move_method_id":"1","level":"1","pokemon_id":"82"}{"order":"","version_group_id":"14","move_id":"164","pokemon_move_method_id":"4","level":"0","pokemon_id":"82"}{"order":"","version_group_id":"14","move_id":"173","pokemon_move_method_id":"3","level":"0","pokemon_id":"82"}{"order":"","version_group_id":"14","move_id":"182","pokemon_move_method_id":"4","level":"0","pokemon_id":"82"}{"order":"","version_group_id":"14","move_id":"192","pokemon_move_method_id":"1","level":"73","pokemon_id":"82"}{"order":"","version_group_id":"14","move_id":"199","pokemon_move_method_id":"1","level":"56","pokemon_id":"82"}{"order":"","version_group_id":"14","move_id":"207","pokemon_move_method_id":"4","level":"0","pokemon_id":"82"}{"order":"","version_group_id":"14","move_id":"209","pokemon_move_method_id":"1","level":"21","pokemon_id":"82"}{"order":"","version_group_id":"14","move_id":"214","pokemon_move_method_id":"3","level":"0","pokemon_id":"82"}{"order":"","version_group_id":"14","move_id":"216","pokemon_move_method_id":"4","level":"0","pokemon_id":"82"}{"order":"","version_group_id":"14","move_id":"218","pokemon_move_method_id":"4","level":"0","pokemon_id":"82"}{"order":"","version_group_id":"14","move_id":"237","pokemon_move_method_id":"4","level":"0","pokemon_id":"82"}{"order":"","version_group_id":"14","move_id":"240","pokemon_move_method_id":"4","level":"0","pokemon_id":"82"}{"order":"","version_group_id":"14","move_id":"241","pokemon_move_method_id":"4","level":"0","pokemon_id":"82"}{"order":"","version_group_id":"14","move_id":"244","pokemon_move_method_id":"4","level":"0","pokemon_id":"82"}{"order":"","version_group_id":"14","move_id":"263","pokemon_move_method_id":"4","level":"0","pokemon_id":"82"}{"order":"","version_group_id":"14","move_id":"277","pokemon_move_method_id":"3","level":"0","pokemon_id":"82"}{"order":"","version_group_id":"14","move_id":"278","pokemon_move_method_id":"3","level":"0","pokemon_id":"82"}{"order":"","version_group_id":"14","move_id":"319","pokemon_move_method_id":"1","level":"29","pokemon_id":"82"}{"order":"","version_group_id":"14","move_id":"324","pokemon_move_method_id":"3","level":"0","pokemon_id":"82"}{"order":"","version_group_id":"14","move_id":"334","pokemon_move_method_id":"3","level":"0","pokemon_id":"82"}{"order":"","version_group_id":"14","move_id":"356","pokemon_move_method_id":"3","level":"0","pokemon_id":"82"}{"order":"","version_group_id":"14","move_id":"360","pokemon_move_method_id":"1","level":"67","pokemon_id":"82"}{"order":"","version_group_id":"14","move_id":"360","pokemon_move_method_id":"4","level":"0","pokemon_id":"82"}{"order":"","version_group_id":"14","move_id":"393","pokemon_move_method_id":"1","level":"62","pokemon_id":"82"}{"order":"","version_group_id":"14","move_id":"393","pokemon_move_method_id":"3","level":"0","pokemon_id":"82"}{"order":"","version_group_id":"14","move_id":"416","pokemon_move_method_id":"4","level":"0","pokemon_id":"82"}{"order":"","version_group_id":"14","move_id":"429","pokemon_move_method_id":"1","level":"25","pokemon_id":"82"}{"order":"","version_group_id":"14","move_id":"430","pokemon_move_method_id":"1","level":"39","pokemon_id":"82"}{"order":"","version_group_id":"14","move_id":"430","pokemon_move_method_id":"4","level":"0","pokemon_id":"82"}{"order":"","version_group_id":"14","move_id":"435","pokemon_move_method_id":"1","level":"51","pokemon_id":"82"}{"order":"","version_group_id":"14","move_id":"443","pokemon_move_method_id":"1","level":"18","pokemon_id":"82"}{"order":"","version_group_id":"14","move_id":"451","pokemon_move_method_id":"4","level":"0","pokemon_id":"82"}{"order":"","version_group_id":"14","move_id":"486","pokemon_move_method_id":"1","level":"34","pokemon_id":"82"}{"order":"","version_group_id":"14","move_id":"496","pokemon_move_method_id":"4","level":"0","pokemon_id":"82"}{"order":"","version_group_id":"14","move_id":"521","pokemon_move_method_id":"4","level":"0","pokemon_id":"82"}{"order":"","version_group_id":"14","move_id":"527","pokemon_move_method_id":"3","level":"0","pokemon_id":"82"}{"order":"","version_group_id":"14","move_id":"528","pokemon_move_method_id":"4","level":"0","pokemon_id":"82"}{"order":"3","version_group_id":"15","move_id":"33","pokemon_move_method_id":"1","level":"1","pokemon_id":"82"}{"order":"4","version_group_id":"15","move_id":"48","pokemon_move_method_id":"1","level":"1","pokemon_id":"82"}{"order":"","version_group_id":"15","move_id":"48","pokemon_move_method_id":"1","level":"4","pokemon_id":"82"}{"order":"6","version_group_id":"15","move_id":"49","pokemon_move_method_id":"1","level":"1","pokemon_id":"82"}{"order":"","version_group_id":"15","move_id":"63","pokemon_move_method_id":"4","level":"0","pokemon_id":"82"}{"order":"5","version_group_id":"15","move_id":"84","pokemon_move_method_id":"1","level":"1","pokemon_id":"82"}{"order":"","version_group_id":"15","move_id":"84","pokemon_move_method_id":"1","level":"7","pokemon_id":"82"}{"order":"","version_group_id":"15","move_id":"85","pokemon_move_method_id":"4","level":"0","pokemon_id":"82"}{"order":"","version_group_id":"15","move_id":"86","pokemon_move_method_id":"1","level":"15","pokemon_id":"82"}{"order":"","version_group_id":"15","move_id":"86","pokemon_move_method_id":"4","level":"0","pokemon_id":"82"}{"order":"","version_group_id":"15","move_id":"87","pokemon_move_method_id":"4","level":"0","pokemon_id":"82"}{"order":"","version_group_id":"15","move_id":"92","pokemon_move_method_id":"4","level":"0","pokemon_id":"82"}{"order":"","version_group_id":"15","move_id":"103","pokemon_move_method_id":"1","level":"45","pokemon_id":"82"}{"order":"","version_group_id":"15","move_id":"104","pokemon_move_method_id":"4","level":"0","pokemon_id":"82"}{"order":"","version_group_id":"15","move_id":"113","pokemon_move_method_id":"4","level":"0","pokemon_id":"82"}{"order":"","version_group_id":"15","move_id":"115","pokemon_move_method_id":"4","level":"0","pokemon_id":"82"}{"order":"","version_group_id":"15","move_id":"148","pokemon_move_method_id":"4","level":"0","pokemon_id":"82"}{"order":"","version_group_id":"15","move_id":"153","pokemon_move_method_id":"4","level":"0","pokemon_id":"82"}{"order":"","version_group_id":"15","move_id":"156","pokemon_move_method_id":"4","level":"0","pokemon_id":"82"}{"order":"2","version_group_id":"15","move_id":"161","pokemon_move_method_id":"1","level":"1","pokemon_id":"82"}{"order":"","version_group_id":"15","move_id":"164","pokemon_move_method_id":"4","level":"0","pokemon_id":"82"}{"order":"","version_group_id":"15","move_id":"182","pokemon_move_method_id":"4","level":"0","pokemon_id":"82"}{"order":"1","version_group_id":"15","move_id":"192","pokemon_move_method_id":"1","level":"1","pokemon_id":"82"}{"order":"","version_group_id":"15","move_id":"192","pokemon_move_method_id":"1","level":"73","pokemon_id":"82"}{"order":"","version_group_id":"15","move_id":"199","pokemon_move_method_id":"1","level":"56","pokemon_id":"82"}{"order":"","version_group_id":"15","move_id":"207","pokemon_move_method_id":"4","level":"0","pokemon_id":"82"}{"order":"","version_group_id":"15","move_id":"209","pokemon_move_method_id":"1","level":"21","pokemon_id":"82"}{"order":"","version_group_id":"15","move_id":"214","pokemon_move_method_id":"4","level":"0","pokemon_id":"82"}{"order":"","version_group_id":"15","move_id":"216","pokemon_move_method_id":"4","level":"0","pokemon_id":"82"}{"order":"","version_group_id":"15","move_id":"218","pokemon_move_method_id":"4","level":"0","pokemon_id":"82"}{"order":"","version_group_id":"15","move_id":"237","pokemon_move_method_id":"4","level":"0","pokemon_id":"82"}{"order":"","version_group_id":"15","move_id":"240","pokemon_move_method_id":"4","level":"0","pokemon_id":"82"}{"order":"","version_group_id":"15","move_id":"241","pokemon_move_method_id":"4","level":"0","pokemon_id":"82"}{"order":"","version_group_id":"15","move_id":"244","pokemon_move_method_id":"4","level":"0","pokemon_id":"82"}{"order":"","version_group_id":"15","move_id":"263","pokemon_move_method_id":"4","level":"0","pokemon_id":"82"}{"order":"","version_group_id":"15","move_id":"319","pokemon_move_method_id":"1","level":"29","pokemon_id":"82"}{"order":"","version_group_id":"15","move_id":"360","pokemon_move_method_id":"1","level":"67","pokemon_id":"82"}{"order":"","version_group_id":"15","move_id":"360","pokemon_move_method_id":"4","level":"0","pokemon_id":"82"}{"order":"","version_group_id":"15","move_id":"393","pokemon_move_method_id":"1","level":"62","pokemon_id":"82"}{"order":"","version_group_id":"15","move_id":"416","pokemon_move_method_id":"4","level":"0","pokemon_id":"82"}{"order":"","version_group_id":"15","move_id":"429","pokemon_move_method_id":"1","level":"25","pokemon_id":"82"}{"order":"","version_group_id":"15","move_id":"430","pokemon_move_method_id":"1","level":"39","pokemon_id":"82"}{"order":"","version_group_id":"15","move_id":"430","pokemon_move_method_id":"4","level":"0","pokemon_id":"82"}{"order":"","version_group_id":"15","move_id":"435","pokemon_move_method_id":"1","level":"51","pokemon_id":"82"}{"order":"","version_group_id":"15","move_id":"443","pokemon_move_method_id":"1","level":"18","pokemon_id":"82"}{"order":"","version_group_id":"15","move_id":"451","pokemon_move_method_id":"4","level":"0","pokemon_id":"82"}{"order":"","version_group_id":"15","move_id":"486","pokemon_move_method_id":"1","level":"34","pokemon_id":"82"}{"order":"","version_group_id":"15","move_id":"496","pokemon_move_method_id":"4","level":"0","pokemon_id":"82"}{"order":"","version_group_id":"15","move_id":"521","pokemon_move_method_id":"4","level":"0","pokemon_id":"82"}{"order":"","version_group_id":"15","move_id":"528","pokemon_move_method_id":"4","level":"0","pokemon_id":"82"}{"order":"","version_group_id":"15","move_id":"590","pokemon_move_method_id":"4","level":"0","pokemon_id":"82"}{"order":"","version_group_id":"15","move_id":"604","pokemon_move_method_id":"1","level":"11","pokemon_id":"82"}