{"order":"3","version_group_id":"5","move_id":"11","pokemon_move_method_id":"1","level":"1","pokemon_id":"342"}{"order":"","version_group_id":"5","move_id":"11","pokemon_move_method_id":"1","level":"10","pokemon_id":"342"}{"order":"","version_group_id":"5","move_id":"12","pokemon_move_method_id":"1","level":"52","pokemon_id":"342"}{"order":"","version_group_id":"5","move_id":"14","pokemon_move_method_id":"1","level":"44","pokemon_id":"342"}{"order":"","version_group_id":"5","move_id":"15","pokemon_move_method_id":"4","level":"0","pokemon_id":"342"}{"order":"4","version_group_id":"5","move_id":"43","pokemon_move_method_id":"1","level":"1","pokemon_id":"342"}{"order":"","version_group_id":"5","move_id":"43","pokemon_move_method_id":"1","level":"13","pokemon_id":"342"}{"order":"","version_group_id":"5","move_id":"57","pokemon_move_method_id":"4","level":"0","pokemon_id":"342"}{"order":"","version_group_id":"5","move_id":"58","pokemon_move_method_id":"4","level":"0","pokemon_id":"342"}{"order":"","version_group_id":"5","move_id":"59","pokemon_move_method_id":"4","level":"0","pokemon_id":"342"}{"order":"","version_group_id":"5","move_id":"61","pokemon_move_method_id":"1","level":"20","pokemon_id":"342"}{"order":"","version_group_id":"5","move_id":"63","pokemon_move_method_id":"4","level":"0","pokemon_id":"342"}{"order":"","version_group_id":"5","move_id":"70","pokemon_move_method_id":"4","level":"0","pokemon_id":"342"}{"order":"","version_group_id":"5","move_id":"91","pokemon_move_method_id":"4","level":"0","pokemon_id":"342"}{"order":"","version_group_id":"5","move_id":"92","pokemon_move_method_id":"4","level":"0","pokemon_id":"342"}{"order":"","version_group_id":"5","move_id":"104","pokemon_move_method_id":"4","level":"0","pokemon_id":"342"}{"order":"2","version_group_id":"5","move_id":"106","pokemon_move_method_id":"1","level":"1","pokemon_id":"342"}{"order":"","version_group_id":"5","move_id":"106","pokemon_move_method_id":"1","level":"7","pokemon_id":"342"}{"order":"","version_group_id":"5","move_id":"127","pokemon_move_method_id":"4","level":"0","pokemon_id":"342"}{"order":"1","version_group_id":"5","move_id":"145","pokemon_move_method_id":"1","level":"1","pokemon_id":"342"}{"order":"","version_group_id":"5","move_id":"152","pokemon_move_method_id":"1","level":"39","pokemon_id":"342"}{"order":"","version_group_id":"5","move_id":"156","pokemon_move_method_id":"4","level":"0","pokemon_id":"342"}{"order":"","version_group_id":"5","move_id":"182","pokemon_move_method_id":"1","level":"23","pokemon_id":"342"}{"order":"","version_group_id":"5","move_id":"182","pokemon_move_method_id":"4","level":"0","pokemon_id":"342"}{"order":"","version_group_id":"5","move_id":"188","pokemon_move_method_id":"4","level":"0","pokemon_id":"342"}{"order":"","version_group_id":"5","move_id":"213","pokemon_move_method_id":"4","level":"0","pokemon_id":"342"}{"order":"","version_group_id":"5","move_id":"216","pokemon_move_method_id":"4","level":"0","pokemon_id":"342"}{"order":"","version_group_id":"5","move_id":"218","pokemon_move_method_id":"4","level":"0","pokemon_id":"342"}{"order":"","version_group_id":"5","move_id":"237","pokemon_move_method_id":"4","level":"0","pokemon_id":"342"}{"order":"","version_group_id":"5","move_id":"240","pokemon_move_method_id":"4","level":"0","pokemon_id":"342"}{"order":"","version_group_id":"5","move_id":"249","pokemon_move_method_id":"4","level":"0","pokemon_id":"342"}{"order":"","version_group_id":"5","move_id":"258","pokemon_move_method_id":"4","level":"0","pokemon_id":"342"}{"order":"","version_group_id":"5","move_id":"263","pokemon_move_method_id":"4","level":"0","pokemon_id":"342"}{"order":"","version_group_id":"5","move_id":"269","pokemon_move_method_id":"1","level":"34","pokemon_id":"342"}{"order":"","version_group_id":"5","move_id":"269","pokemon_move_method_id":"4","level":"0","pokemon_id":"342"}{"order":"","version_group_id":"5","move_id":"280","pokemon_move_method_id":"4","level":"0","pokemon_id":"342"}{"order":"","version_group_id":"5","move_id":"282","pokemon_move_method_id":"1","level":"26","pokemon_id":"342"}{"order":"","version_group_id":"5","move_id":"290","pokemon_move_method_id":"4","level":"0","pokemon_id":"342"}{"order":"","version_group_id":"5","move_id":"291","pokemon_move_method_id":"4","level":"0","pokemon_id":"342"}{"order":"","version_group_id":"5","move_id":"317","pokemon_move_method_id":"4","level":"0","pokemon_id":"342"}{"order":"","version_group_id":"5","move_id":"332","pokemon_move_method_id":"4","level":"0","pokemon_id":"342"}{"order":"","version_group_id":"5","move_id":"352","pokemon_move_method_id":"4","level":"0","pokemon_id":"342"}{"order":"3","version_group_id":"6","move_id":"11","pokemon_move_method_id":"1","level":"1","pokemon_id":"342"}{"order":"","version_group_id":"6","move_id":"11","pokemon_move_method_id":"1","level":"10","pokemon_id":"342"}{"order":"","version_group_id":"6","move_id":"12","pokemon_move_method_id":"1","level":"52","pokemon_id":"342"}{"order":"","version_group_id":"6","move_id":"14","pokemon_move_method_id":"1","level":"44","pokemon_id":"342"}{"order":"","version_group_id":"6","move_id":"14","pokemon_move_method_id":"3","level":"0","pokemon_id":"342"}{"order":"","version_group_id":"6","move_id":"15","pokemon_move_method_id":"4","level":"0","pokemon_id":"342"}{"order":"","version_group_id":"6","move_id":"34","pokemon_move_method_id":"3","level":"0","pokemon_id":"342"}{"order":"","version_group_id":"6","move_id":"38","pokemon_move_method_id":"3","level":"0","pokemon_id":"342"}{"order":"4","version_group_id":"6","move_id":"43","pokemon_move_method_id":"1","level":"1","pokemon_id":"342"}{"order":"","version_group_id":"6","move_id":"43","pokemon_move_method_id":"1","level":"13","pokemon_id":"342"}{"order":"","version_group_id":"6","move_id":"57","pokemon_move_method_id":"4","level":"0","pokemon_id":"342"}{"order":"","version_group_id":"6","move_id":"58","pokemon_move_method_id":"4","level":"0","pokemon_id":"342"}{"order":"","version_group_id":"6","move_id":"59","pokemon_move_method_id":"4","level":"0","pokemon_id":"342"}{"order":"","version_group_id":"6","move_id":"61","pokemon_move_method_id":"1","level":"20","pokemon_id":"342"}{"order":"","version_group_id":"6","move_id":"63","pokemon_move_method_id":"4","level":"0","pokemon_id":"342"}{"order":"","version_group_id":"6","move_id":"68","pokemon_move_method_id":"3","level":"0","pokemon_id":"342"}{"order":"","version_group_id":"6","move_id":"70","pokemon_move_method_id":"4","level":"0","pokemon_id":"342"}{"order":"","version_group_id":"6","move_id":"91","pokemon_move_method_id":"4","level":"0","pokemon_id":"342"}{"order":"","version_group_id":"6","move_id":"92","pokemon_move_method_id":"4","level":"0","pokemon_id":"342"}{"order":"","version_group_id":"6","move_id":"102","pokemon_move_method_id":"3","level":"0","pokemon_id":"342"}{"order":"","version_group_id":"6","move_id":"104","pokemon_move_method_id":"4","level":"0","pokemon_id":"342"}{"order":"2","version_group_id":"6","move_id":"106","pokemon_move_method_id":"1","level":"1","pokemon_id":"342"}{"order":"","version_group_id":"6","move_id":"106","pokemon_move_method_id":"1","level":"7","pokemon_id":"342"}{"order":"","version_group_id":"6","move_id":"127","pokemon_move_method_id":"4","level":"0","pokemon_id":"342"}{"order":"","version_group_id":"6","move_id":"129","pokemon_move_method_id":"3","level":"0","pokemon_id":"342"}{"order":"1","version_group_id":"6","move_id":"145","pokemon_move_method_id":"1","level":"1","pokemon_id":"342"}{"order":"","version_group_id":"6","move_id":"152","pokemon_move_method_id":"1","level":"39","pokemon_id":"342"}{"order":"","version_group_id":"6","move_id":"156","pokemon_move_method_id":"4","level":"0","pokemon_id":"342"}{"order":"","version_group_id":"6","move_id":"164","pokemon_move_method_id":"3","level":"0","pokemon_id":"342"}{"order":"","version_group_id":"6","move_id":"173","pokemon_move_method_id":"3","level":"0","pokemon_id":"342"}{"order":"","version_group_id":"6","move_id":"182","pokemon_move_method_id":"1","level":"23","pokemon_id":"342"}{"order":"","version_group_id":"6","move_id":"182","pokemon_move_method_id":"4","level":"0","pokemon_id":"342"}{"order":"","version_group_id":"6","move_id":"188","pokemon_move_method_id":"4","level":"0","pokemon_id":"342"}{"order":"","version_group_id":"6","move_id":"189","pokemon_move_method_id":"3","level":"0","pokemon_id":"342"}{"order":"","version_group_id":"6","move_id":"196","pokemon_move_method_id":"3","level":"0","pokemon_id":"342"}{"order":"","version_group_id":"6","move_id":"203","pokemon_move_method_id":"3","level":"0","pokemon_id":"342"}{"order":"","version_group_id":"6","move_id":"207","pokemon_move_method_id":"3","level":"0","pokemon_id":"342"}{"order":"","version_group_id":"6","move_id":"210","pokemon_move_method_id":"3","level":"0","pokemon_id":"342"}{"order":"","version_group_id":"6","move_id":"213","pokemon_move_method_id":"4","level":"0","pokemon_id":"342"}{"order":"","version_group_id":"6","move_id":"214","pokemon_move_method_id":"3","level":"0","pokemon_id":"342"}{"order":"","version_group_id":"6","move_id":"216","pokemon_move_method_id":"4","level":"0","pokemon_id":"342"}{"order":"","version_group_id":"6","move_id":"218","pokemon_move_method_id":"4","level":"0","pokemon_id":"342"}{"order":"","version_group_id":"6","move_id":"237","pokemon_move_method_id":"4","level":"0","pokemon_id":"342"}{"order":"","version_group_id":"6","move_id":"240","pokemon_move_method_id":"4","level":"0","pokemon_id":"342"}{"order":"","version_group_id":"6","move_id":"249","pokemon_move_method_id":"4","level":"0","pokemon_id":"342"}{"order":"","version_group_id":"6","move_id":"258","pokemon_move_method_id":"4","level":"0","pokemon_id":"342"}{"order":"","version_group_id":"6","move_id":"263","pokemon_move_method_id":"4","level":"0","pokemon_id":"342"}{"order":"","version_group_id":"6","move_id":"269","pokemon_move_method_id":"1","level":"34","pokemon_id":"342"}{"order":"","version_group_id":"6","move_id":"269","pokemon_move_method_id":"4","level":"0","pokemon_id":"342"}{"order":"","version_group_id":"6","move_id":"280","pokemon_move_method_id":"4","level":"0","pokemon_id":"342"}{"order":"","version_group_id":"6","move_id":"282","pokemon_move_method_id":"1","level":"26","pokemon_id":"342"}{"order":"","version_group_id":"6","move_id":"290","pokemon_move_method_id":"4","level":"0","pokemon_id":"342"}{"order":"","version_group_id":"6","move_id":"291","pokemon_move_method_id":"4","level":"0","pokemon_id":"342"}{"order":"","version_group_id":"6","move_id":"317","pokemon_move_method_id":"4","level":"0","pokemon_id":"342"}{"order":"","version_group_id":"6","move_id":"332","pokemon_move_method_id":"4","level":"0","pokemon_id":"342"}{"order":"","version_group_id":"6","move_id":"352","pokemon_move_method_id":"4","level":"0","pokemon_id":"342"}{"order":"3","version_group_id":"7","move_id":"11","pokemon_move_method_id":"1","level":"1","pokemon_id":"342"}{"order":"","version_group_id":"7","move_id":"11","pokemon_move_method_id":"1","level":"10","pokemon_id":"342"}{"order":"","version_group_id":"7","move_id":"12","pokemon_move_method_id":"1","level":"56","pokemon_id":"342"}{"order":"","version_group_id":"7","move_id":"14","pokemon_move_method_id":"1","level":"43","pokemon_id":"342"}{"order":"","version_group_id":"7","move_id":"14","pokemon_move_method_id":"3","level":"0","pokemon_id":"342"}{"order":"","version_group_id":"7","move_id":"15","pokemon_move_method_id":"4","level":"0","pokemon_id":"342"}{"order":"","version_group_id":"7","move_id":"34","pokemon_move_method_id":"3","level":"0","pokemon_id":"342"}{"order":"","version_group_id":"7","move_id":"38","pokemon_move_method_id":"3","level":"0","pokemon_id":"342"}{"order":"4","version_group_id":"7","move_id":"43","pokemon_move_method_id":"1","level":"1","pokemon_id":"342"}{"order":"","version_group_id":"7","move_id":"43","pokemon_move_method_id":"1","level":"13","pokemon_id":"342"}{"order":"","version_group_id":"7","move_id":"57","pokemon_move_method_id":"4","level":"0","pokemon_id":"342"}{"order":"","version_group_id":"7","move_id":"58","pokemon_move_method_id":"4","level":"0","pokemon_id":"342"}{"order":"","version_group_id":"7","move_id":"59","pokemon_move_method_id":"4","level":"0","pokemon_id":"342"}{"order":"","version_group_id":"7","move_id":"61","pokemon_move_method_id":"1","level":"19","pokemon_id":"342"}{"order":"","version_group_id":"7","move_id":"63","pokemon_move_method_id":"4","level":"0","pokemon_id":"342"}{"order":"","version_group_id":"7","move_id":"68","pokemon_move_method_id":"3","level":"0","pokemon_id":"342"}{"order":"","version_group_id":"7","move_id":"70","pokemon_move_method_id":"4","level":"0","pokemon_id":"342"}{"order":"","version_group_id":"7","move_id":"91","pokemon_move_method_id":"4","level":"0","pokemon_id":"342"}{"order":"","version_group_id":"7","move_id":"92","pokemon_move_method_id":"4","level":"0","pokemon_id":"342"}{"order":"","version_group_id":"7","move_id":"102","pokemon_move_method_id":"3","level":"0","pokemon_id":"342"}{"order":"","version_group_id":"7","move_id":"104","pokemon_move_method_id":"4","level":"0","pokemon_id":"342"}{"order":"2","version_group_id":"7","move_id":"106","pokemon_move_method_id":"1","level":"1","pokemon_id":"342"}{"order":"","version_group_id":"7","move_id":"106","pokemon_move_method_id":"1","level":"7","pokemon_id":"342"}{"order":"","version_group_id":"7","move_id":"127","pokemon_move_method_id":"4","level":"0","pokemon_id":"342"}{"order":"1","version_group_id":"7","move_id":"145","pokemon_move_method_id":"1","level":"1","pokemon_id":"342"}{"order":"","version_group_id":"7","move_id":"152","pokemon_move_method_id":"1","level":"38","pokemon_id":"342"}{"order":"","version_group_id":"7","move_id":"156","pokemon_move_method_id":"4","level":"0","pokemon_id":"342"}{"order":"","version_group_id":"7","move_id":"164","pokemon_move_method_id":"3","level":"0","pokemon_id":"342"}{"order":"","version_group_id":"7","move_id":"182","pokemon_move_method_id":"1","level":"22","pokemon_id":"342"}{"order":"","version_group_id":"7","move_id":"182","pokemon_move_method_id":"4","level":"0","pokemon_id":"342"}{"order":"","version_group_id":"7","move_id":"188","pokemon_move_method_id":"4","level":"0","pokemon_id":"342"}{"order":"","version_group_id":"7","move_id":"213","pokemon_move_method_id":"4","level":"0","pokemon_id":"342"}{"order":"","version_group_id":"7","move_id":"216","pokemon_move_method_id":"4","level":"0","pokemon_id":"342"}{"order":"","version_group_id":"7","move_id":"218","pokemon_move_method_id":"4","level":"0","pokemon_id":"342"}{"order":"","version_group_id":"7","move_id":"237","pokemon_move_method_id":"4","level":"0","pokemon_id":"342"}{"order":"","version_group_id":"7","move_id":"240","pokemon_move_method_id":"4","level":"0","pokemon_id":"342"}{"order":"","version_group_id":"7","move_id":"242","pokemon_move_method_id":"1","level":"51","pokemon_id":"342"}{"order":"","version_group_id":"7","move_id":"249","pokemon_move_method_id":"4","level":"0","pokemon_id":"342"}{"order":"","version_group_id":"7","move_id":"258","pokemon_move_method_id":"4","level":"0","pokemon_id":"342"}{"order":"","version_group_id":"7","move_id":"263","pokemon_move_method_id":"4","level":"0","pokemon_id":"342"}{"order":"","version_group_id":"7","move_id":"269","pokemon_move_method_id":"1","level":"33","pokemon_id":"342"}{"order":"","version_group_id":"7","move_id":"269","pokemon_move_method_id":"4","level":"0","pokemon_id":"342"}{"order":"","version_group_id":"7","move_id":"280","pokemon_move_method_id":"4","level":"0","pokemon_id":"342"}{"order":"","version_group_id":"7","move_id":"282","pokemon_move_method_id":"1","level":"25","pokemon_id":"342"}{"order":"","version_group_id":"7","move_id":"290","pokemon_move_method_id":"4","level":"0","pokemon_id":"342"}{"order":"","version_group_id":"7","move_id":"291","pokemon_move_method_id":"4","level":"0","pokemon_id":"342"}{"order":"","version_group_id":"7","move_id":"317","pokemon_move_method_id":"4","level":"0","pokemon_id":"342"}{"order":"","version_group_id":"7","move_id":"332","pokemon_move_method_id":"4","level":"0","pokemon_id":"342"}{"order":"","version_group_id":"7","move_id":"352","pokemon_move_method_id":"4","level":"0","pokemon_id":"342"}{"order":"3","version_group_id":"8","move_id":"11","pokemon_move_method_id":"1","level":"1","pokemon_id":"342"}{"order":"","version_group_id":"8","move_id":"11","pokemon_move_method_id":"1","level":"10","pokemon_id":"342"}{"order":"","version_group_id":"8","move_id":"12","pokemon_move_method_id":"1","level":"65","pokemon_id":"342"}{"order":"","version_group_id":"8","move_id":"14","pokemon_move_method_id":"1","level":"52","pokemon_id":"342"}{"order":"","version_group_id":"8","move_id":"14","pokemon_move_method_id":"4","level":"0","pokemon_id":"342"}{"order":"","version_group_id":"8","move_id":"15","pokemon_move_method_id":"4","level":"0","pokemon_id":"342"}{"order":"4","version_group_id":"8","move_id":"43","pokemon_move_method_id":"1","level":"1","pokemon_id":"342"}{"order":"","version_group_id":"8","move_id":"43","pokemon_move_method_id":"1","level":"13","pokemon_id":"342"}{"order":"","version_group_id":"8","move_id":"57","pokemon_move_method_id":"4","level":"0","pokemon_id":"342"}{"order":"","version_group_id":"8","move_id":"58","pokemon_move_method_id":"4","level":"0","pokemon_id":"342"}{"order":"","version_group_id":"8","move_id":"59","pokemon_move_method_id":"4","level":"0","pokemon_id":"342"}{"order":"","version_group_id":"8","move_id":"61","pokemon_move_method_id":"1","level":"20","pokemon_id":"342"}{"order":"","version_group_id":"8","move_id":"63","pokemon_move_method_id":"4","level":"0","pokemon_id":"342"}{"order":"","version_group_id":"8","move_id":"70","pokemon_move_method_id":"4","level":"0","pokemon_id":"342"}{"order":"","version_group_id":"8","move_id":"91","pokemon_move_method_id":"4","level":"0","pokemon_id":"342"}{"order":"","version_group_id":"8","move_id":"92","pokemon_move_method_id":"4","level":"0","pokemon_id":"342"}{"order":"","version_group_id":"8","move_id":"104","pokemon_move_method_id":"4","level":"0","pokemon_id":"342"}{"order":"2","version_group_id":"8","move_id":"106","pokemon_move_method_id":"1","level":"1","pokemon_id":"342"}{"order":"","version_group_id":"8","move_id":"106","pokemon_move_method_id":"1","level":"7","pokemon_id":"342"}{"order":"","version_group_id":"8","move_id":"127","pokemon_move_method_id":"4","level":"0","pokemon_id":"342"}{"order":"","version_group_id":"8","move_id":"129","pokemon_move_method_id":"1","level":"30","pokemon_id":"342"}{"order":"1","version_group_id":"8","move_id":"145","pokemon_move_method_id":"1","level":"1","pokemon_id":"342"}{"order":"","version_group_id":"8","move_id":"152","pokemon_move_method_id":"1","level":"44","pokemon_id":"342"}{"order":"","version_group_id":"8","move_id":"156","pokemon_move_method_id":"4","level":"0","pokemon_id":"342"}{"order":"","version_group_id":"8","move_id":"157","pokemon_move_method_id":"4","level":"0","pokemon_id":"342"}{"order":"","version_group_id":"8","move_id":"164","pokemon_move_method_id":"4","level":"0","pokemon_id":"342"}{"order":"","version_group_id":"8","move_id":"182","pokemon_move_method_id":"1","level":"23","pokemon_id":"342"}{"order":"","version_group_id":"8","move_id":"182","pokemon_move_method_id":"4","level":"0","pokemon_id":"342"}{"order":"","version_group_id":"8","move_id":"188","pokemon_move_method_id":"4","level":"0","pokemon_id":"342"}{"order":"","version_group_id":"8","move_id":"203","pokemon_move_method_id":"4","level":"0","pokemon_id":"342"}{"order":"","version_group_id":"8","move_id":"206","pokemon_move_method_id":"4","level":"0","pokemon_id":"342"}{"order":"","version_group_id":"8","move_id":"207","pokemon_move_method_id":"4","level":"0","pokemon_id":"342"}{"order":"","version_group_id":"8","move_id":"213","pokemon_move_method_id":"4","level":"0","pokemon_id":"342"}{"order":"","version_group_id":"8","move_id":"214","pokemon_move_method_id":"4","level":"0","pokemon_id":"342"}{"order":"","version_group_id":"8","move_id":"216","pokemon_move_method_id":"4","level":"0","pokemon_id":"342"}{"order":"","version_group_id":"8","move_id":"218","pokemon_move_method_id":"4","level":"0","pokemon_id":"342"}{"order":"","version_group_id":"8","move_id":"237","pokemon_move_method_id":"4","level":"0","pokemon_id":"342"}{"order":"","version_group_id":"8","move_id":"240","pokemon_move_method_id":"4","level":"0","pokemon_id":"342"}{"order":"","version_group_id":"8","move_id":"242","pokemon_move_method_id":"1","level":"57","pokemon_id":"342"}{"order":"","version_group_id":"8","move_id":"249","pokemon_move_method_id":"4","level":"0","pokemon_id":"342"}{"order":"","version_group_id":"8","move_id":"258","pokemon_move_method_id":"4","level":"0","pokemon_id":"342"}{"order":"","version_group_id":"8","move_id":"263","pokemon_move_method_id":"4","level":"0","pokemon_id":"342"}{"order":"","version_group_id":"8","move_id":"269","pokemon_move_method_id":"1","level":"34","pokemon_id":"342"}{"order":"","version_group_id":"8","move_id":"269","pokemon_move_method_id":"4","level":"0","pokemon_id":"342"}{"order":"","version_group_id":"8","move_id":"280","pokemon_move_method_id":"4","level":"0","pokemon_id":"342"}{"order":"","version_group_id":"8","move_id":"282","pokemon_move_method_id":"1","level":"26","pokemon_id":"342"}{"order":"","version_group_id":"8","move_id":"290","pokemon_move_method_id":"4","level":"0","pokemon_id":"342"}{"order":"","version_group_id":"8","move_id":"317","pokemon_move_method_id":"4","level":"0","pokemon_id":"342"}{"order":"","version_group_id":"8","move_id":"332","pokemon_move_method_id":"4","level":"0","pokemon_id":"342"}{"order":"","version_group_id":"8","move_id":"352","pokemon_move_method_id":"4","level":"0","pokemon_id":"342"}{"order":"","version_group_id":"8","move_id":"363","pokemon_move_method_id":"4","level":"0","pokemon_id":"342"}{"order":"","version_group_id":"8","move_id":"371","pokemon_move_method_id":"4","level":"0","pokemon_id":"342"}{"order":"","version_group_id":"8","move_id":"374","pokemon_move_method_id":"4","level":"0","pokemon_id":"342"}{"order":"","version_group_id":"8","move_id":"399","pokemon_move_method_id":"4","level":"0","pokemon_id":"342"}{"order":"","version_group_id":"8","move_id":"400","pokemon_move_method_id":"1","level":"39","pokemon_id":"342"}{"order":"","version_group_id":"8","move_id":"404","pokemon_move_method_id":"4","level":"0","pokemon_id":"342"}{"order":"","version_group_id":"8","move_id":"416","pokemon_move_method_id":"4","level":"0","pokemon_id":"342"}{"order":"","version_group_id":"8","move_id":"419","pokemon_move_method_id":"4","level":"0","pokemon_id":"342"}{"order":"","version_group_id":"8","move_id":"445","pokemon_move_method_id":"4","level":"0","pokemon_id":"342"}{"order":"3","version_group_id":"9","move_id":"11","pokemon_move_method_id":"1","level":"1","pokemon_id":"342"}{"order":"","version_group_id":"9","move_id":"11","pokemon_move_method_id":"1","level":"10","pokemon_id":"342"}{"order":"","version_group_id":"9","move_id":"12","pokemon_move_method_id":"1","level":"65","pokemon_id":"342"}{"order":"","version_group_id":"9","move_id":"14","pokemon_move_method_id":"1","level":"52","pokemon_id":"342"}{"order":"","version_group_id":"9","move_id":"14","pokemon_move_method_id":"4","level":"0","pokemon_id":"342"}{"order":"","version_group_id":"9","move_id":"15","pokemon_move_method_id":"4","level":"0","pokemon_id":"342"}{"order":"4","version_group_id":"9","move_id":"43","pokemon_move_method_id":"1","level":"1","pokemon_id":"342"}{"order":"","version_group_id":"9","move_id":"43","pokemon_move_method_id":"1","level":"13","pokemon_id":"342"}{"order":"","version_group_id":"9","move_id":"57","pokemon_move_method_id":"4","level":"0","pokemon_id":"342"}{"order":"","version_group_id":"9","move_id":"58","pokemon_move_method_id":"4","level":"0","pokemon_id":"342"}{"order":"","version_group_id":"9","move_id":"59","pokemon_move_method_id":"4","level":"0","pokemon_id":"342"}{"order":"","version_group_id":"9","move_id":"61","pokemon_move_method_id":"1","level":"20","pokemon_id":"342"}{"order":"","version_group_id":"9","move_id":"63","pokemon_move_method_id":"4","level":"0","pokemon_id":"342"}{"order":"","version_group_id":"9","move_id":"70","pokemon_move_method_id":"4","level":"0","pokemon_id":"342"}{"order":"","version_group_id":"9","move_id":"91","pokemon_move_method_id":"4","level":"0","pokemon_id":"342"}{"order":"","version_group_id":"9","move_id":"92","pokemon_move_method_id":"4","level":"0","pokemon_id":"342"}{"order":"","version_group_id":"9","move_id":"104","pokemon_move_method_id":"4","level":"0","pokemon_id":"342"}{"order":"2","version_group_id":"9","move_id":"106","pokemon_move_method_id":"1","level":"1","pokemon_id":"342"}{"order":"","version_group_id":"9","move_id":"106","pokemon_move_method_id":"1","level":"7","pokemon_id":"342"}{"order":"","version_group_id":"9","move_id":"127","pokemon_move_method_id":"4","level":"0","pokemon_id":"342"}{"order":"","version_group_id":"9","move_id":"129","pokemon_move_method_id":"1","level":"30","pokemon_id":"342"}{"order":"","version_group_id":"9","move_id":"129","pokemon_move_method_id":"3","level":"0","pokemon_id":"342"}{"order":"1","version_group_id":"9","move_id":"145","pokemon_move_method_id":"1","level":"1","pokemon_id":"342"}{"order":"","version_group_id":"9","move_id":"152","pokemon_move_method_id":"1","level":"44","pokemon_id":"342"}{"order":"","version_group_id":"9","move_id":"156","pokemon_move_method_id":"4","level":"0","pokemon_id":"342"}{"order":"","version_group_id":"9","move_id":"157","pokemon_move_method_id":"4","level":"0","pokemon_id":"342"}{"order":"","version_group_id":"9","move_id":"164","pokemon_move_method_id":"4","level":"0","pokemon_id":"342"}{"order":"","version_group_id":"9","move_id":"173","pokemon_move_method_id":"3","level":"0","pokemon_id":"342"}{"order":"","version_group_id":"9","move_id":"180","pokemon_move_method_id":"3","level":"0","pokemon_id":"342"}{"order":"","version_group_id":"9","move_id":"182","pokemon_move_method_id":"1","level":"23","pokemon_id":"342"}{"order":"","version_group_id":"9","move_id":"182","pokemon_move_method_id":"4","level":"0","pokemon_id":"342"}{"order":"","version_group_id":"9","move_id":"188","pokemon_move_method_id":"4","level":"0","pokemon_id":"342"}{"order":"","version_group_id":"9","move_id":"189","pokemon_move_method_id":"3","level":"0","pokemon_id":"342"}{"order":"","version_group_id":"9","move_id":"196","pokemon_move_method_id":"3","level":"0","pokemon_id":"342"}{"order":"","version_group_id":"9","move_id":"203","pokemon_move_method_id":"4","level":"0","pokemon_id":"342"}{"order":"","version_group_id":"9","move_id":"206","pokemon_move_method_id":"4","level":"0","pokemon_id":"342"}{"order":"","version_group_id":"9","move_id":"207","pokemon_move_method_id":"4","level":"0","pokemon_id":"342"}{"order":"","version_group_id":"9","move_id":"210","pokemon_move_method_id":"3","level":"0","pokemon_id":"342"}{"order":"","version_group_id":"9","move_id":"213","pokemon_move_method_id":"4","level":"0","pokemon_id":"342"}{"order":"","version_group_id":"9","move_id":"214","pokemon_move_method_id":"4","level":"0","pokemon_id":"342"}{"order":"","version_group_id":"9","move_id":"216","pokemon_move_method_id":"4","level":"0","pokemon_id":"342"}{"order":"","version_group_id":"9","move_id":"218","pokemon_move_method_id":"4","level":"0","pokemon_id":"342"}{"order":"","version_group_id":"9","move_id":"237","pokemon_move_method_id":"4","level":"0","pokemon_id":"342"}{"order":"","version_group_id":"9","move_id":"240","pokemon_move_method_id":"4","level":"0","pokemon_id":"342"}{"order":"","version_group_id":"9","move_id":"242","pokemon_move_method_id":"1","level":"57","pokemon_id":"342"}{"order":"","version_group_id":"9","move_id":"246","pokemon_move_method_id":"3","level":"0","pokemon_id":"342"}{"order":"","version_group_id":"9","move_id":"249","pokemon_move_method_id":"4","level":"0","pokemon_id":"342"}{"order":"","version_group_id":"9","move_id":"258","pokemon_move_method_id":"4","level":"0","pokemon_id":"342"}{"order":"","version_group_id":"9","move_id":"263","pokemon_move_method_id":"4","level":"0","pokemon_id":"342"}{"order":"","version_group_id":"9","move_id":"269","pokemon_move_method_id":"1","level":"34","pokemon_id":"342"}{"order":"","version_group_id":"9","move_id":"269","pokemon_move_method_id":"4","level":"0","pokemon_id":"342"}{"order":"","version_group_id":"9","move_id":"276","pokemon_move_method_id":"3","level":"0","pokemon_id":"342"}{"order":"","version_group_id":"9","move_id":"280","pokemon_move_method_id":"4","level":"0","pokemon_id":"342"}{"order":"","version_group_id":"9","move_id":"282","pokemon_move_method_id":"1","level":"26","pokemon_id":"342"}{"order":"","version_group_id":"9","move_id":"282","pokemon_move_method_id":"3","level":"0","pokemon_id":"342"}{"order":"","version_group_id":"9","move_id":"283","pokemon_move_method_id":"3","level":"0","pokemon_id":"342"}{"order":"","version_group_id":"9","move_id":"290","pokemon_move_method_id":"4","level":"0","pokemon_id":"342"}{"order":"","version_group_id":"9","move_id":"291","pokemon_move_method_id":"3","level":"0","pokemon_id":"342"}{"order":"","version_group_id":"9","move_id":"317","pokemon_move_method_id":"4","level":"0","pokemon_id":"342"}{"order":"","version_group_id":"9","move_id":"332","pokemon_move_method_id":"4","level":"0","pokemon_id":"342"}{"order":"","version_group_id":"9","move_id":"334","pokemon_move_method_id":"3","level":"0","pokemon_id":"342"}{"order":"","version_group_id":"9","move_id":"352","pokemon_move_method_id":"4","level":"0","pokemon_id":"342"}{"order":"","version_group_id":"9","move_id":"363","pokemon_move_method_id":"4","level":"0","pokemon_id":"342"}{"order":"","version_group_id":"9","move_id":"371","pokemon_move_method_id":"4","level":"0","pokemon_id":"342"}{"order":"","version_group_id":"9","move_id":"374","pokemon_move_method_id":"4","level":"0","pokemon_id":"342"}{"order":"","version_group_id":"9","move_id":"399","pokemon_move_method_id":"4","level":"0","pokemon_id":"342"}{"order":"","version_group_id":"9","move_id":"400","pokemon_move_method_id":"1","level":"39","pokemon_id":"342"}{"order":"","version_group_id":"9","move_id":"404","pokemon_move_method_id":"4","level":"0","pokemon_id":"342"}{"order":"","version_group_id":"9","move_id":"416","pokemon_move_method_id":"4","level":"0","pokemon_id":"342"}{"order":"","version_group_id":"9","move_id":"419","pokemon_move_method_id":"4","level":"0","pokemon_id":"342"}{"order":"","version_group_id":"9","move_id":"445","pokemon_move_method_id":"4","level":"0","pokemon_id":"342"}{"order":"3","version_group_id":"10","move_id":"11","pokemon_move_method_id":"1","level":"1","pokemon_id":"342"}{"order":"","version_group_id":"10","move_id":"11","pokemon_move_method_id":"1","level":"10","pokemon_id":"342"}{"order":"","version_group_id":"10","move_id":"12","pokemon_move_method_id":"1","level":"65","pokemon_id":"342"}{"order":"","version_group_id":"10","move_id":"14","pokemon_move_method_id":"1","level":"52","pokemon_id":"342"}{"order":"","version_group_id":"10","move_id":"14","pokemon_move_method_id":"4","level":"0","pokemon_id":"342"}{"order":"","version_group_id":"10","move_id":"15","pokemon_move_method_id":"4","level":"0","pokemon_id":"342"}{"order":"4","version_group_id":"10","move_id":"43","pokemon_move_method_id":"1","level":"1","pokemon_id":"342"}{"order":"","version_group_id":"10","move_id":"43","pokemon_move_method_id":"1","level":"13","pokemon_id":"342"}{"order":"","version_group_id":"10","move_id":"57","pokemon_move_method_id":"4","level":"0","pokemon_id":"342"}{"order":"","version_group_id":"10","move_id":"58","pokemon_move_method_id":"4","level":"0","pokemon_id":"342"}{"order":"","version_group_id":"10","move_id":"59","pokemon_move_method_id":"4","level":"0","pokemon_id":"342"}{"order":"","version_group_id":"10","move_id":"61","pokemon_move_method_id":"1","level":"20","pokemon_id":"342"}{"order":"","version_group_id":"10","move_id":"63","pokemon_move_method_id":"4","level":"0","pokemon_id":"342"}{"order":"","version_group_id":"10","move_id":"70","pokemon_move_method_id":"4","level":"0","pokemon_id":"342"}{"order":"","version_group_id":"10","move_id":"91","pokemon_move_method_id":"4","level":"0","pokemon_id":"342"}{"order":"","version_group_id":"10","move_id":"92","pokemon_move_method_id":"4","level":"0","pokemon_id":"342"}{"order":"","version_group_id":"10","move_id":"104","pokemon_move_method_id":"4","level":"0","pokemon_id":"342"}{"order":"2","version_group_id":"10","move_id":"106","pokemon_move_method_id":"1","level":"1","pokemon_id":"342"}{"order":"","version_group_id":"10","move_id":"106","pokemon_move_method_id":"1","level":"7","pokemon_id":"342"}{"order":"","version_group_id":"10","move_id":"127","pokemon_move_method_id":"4","level":"0","pokemon_id":"342"}{"order":"","version_group_id":"10","move_id":"129","pokemon_move_method_id":"1","level":"30","pokemon_id":"342"}{"order":"","version_group_id":"10","move_id":"129","pokemon_move_method_id":"3","level":"0","pokemon_id":"342"}{"order":"1","version_group_id":"10","move_id":"145","pokemon_move_method_id":"1","level":"1","pokemon_id":"342"}{"order":"","version_group_id":"10","move_id":"152","pokemon_move_method_id":"1","level":"44","pokemon_id":"342"}{"order":"","version_group_id":"10","move_id":"156","pokemon_move_method_id":"4","level":"0","pokemon_id":"342"}{"order":"","version_group_id":"10","move_id":"157","pokemon_move_method_id":"4","level":"0","pokemon_id":"342"}{"order":"","version_group_id":"10","move_id":"164","pokemon_move_method_id":"4","level":"0","pokemon_id":"342"}{"order":"","version_group_id":"10","move_id":"173","pokemon_move_method_id":"3","level":"0","pokemon_id":"342"}{"order":"","version_group_id":"10","move_id":"180","pokemon_move_method_id":"3","level":"0","pokemon_id":"342"}{"order":"","version_group_id":"10","move_id":"182","pokemon_move_method_id":"1","level":"23","pokemon_id":"342"}{"order":"","version_group_id":"10","move_id":"182","pokemon_move_method_id":"4","level":"0","pokemon_id":"342"}{"order":"","version_group_id":"10","move_id":"188","pokemon_move_method_id":"4","level":"0","pokemon_id":"342"}{"order":"","version_group_id":"10","move_id":"189","pokemon_move_method_id":"3","level":"0","pokemon_id":"342"}{"order":"","version_group_id":"10","move_id":"196","pokemon_move_method_id":"3","level":"0","pokemon_id":"342"}{"order":"","version_group_id":"10","move_id":"203","pokemon_move_method_id":"4","level":"0","pokemon_id":"342"}{"order":"","version_group_id":"10","move_id":"206","pokemon_move_method_id":"4","level":"0","pokemon_id":"342"}{"order":"","version_group_id":"10","move_id":"207","pokemon_move_method_id":"4","level":"0","pokemon_id":"342"}{"order":"","version_group_id":"10","move_id":"210","pokemon_move_method_id":"3","level":"0","pokemon_id":"342"}{"order":"","version_group_id":"10","move_id":"213","pokemon_move_method_id":"4","level":"0","pokemon_id":"342"}{"order":"","version_group_id":"10","move_id":"214","pokemon_move_method_id":"4","level":"0","pokemon_id":"342"}{"order":"","version_group_id":"10","move_id":"216","pokemon_move_method_id":"4","level":"0","pokemon_id":"342"}{"order":"","version_group_id":"10","move_id":"218","pokemon_move_method_id":"4","level":"0","pokemon_id":"342"}{"order":"","version_group_id":"10","move_id":"237","pokemon_move_method_id":"4","level":"0","pokemon_id":"342"}{"order":"","version_group_id":"10","move_id":"240","pokemon_move_method_id":"4","level":"0","pokemon_id":"342"}{"order":"","version_group_id":"10","move_id":"242","pokemon_move_method_id":"1","level":"57","pokemon_id":"342"}{"order":"","version_group_id":"10","move_id":"246","pokemon_move_method_id":"3","level":"0","pokemon_id":"342"}{"order":"","version_group_id":"10","move_id":"249","pokemon_move_method_id":"4","level":"0","pokemon_id":"342"}{"order":"","version_group_id":"10","move_id":"250","pokemon_move_method_id":"4","level":"0","pokemon_id":"342"}{"order":"","version_group_id":"10","move_id":"258","pokemon_move_method_id":"4","level":"0","pokemon_id":"342"}{"order":"","version_group_id":"10","move_id":"263","pokemon_move_method_id":"4","level":"0","pokemon_id":"342"}{"order":"","version_group_id":"10","move_id":"269","pokemon_move_method_id":"1","level":"34","pokemon_id":"342"}{"order":"","version_group_id":"10","move_id":"269","pokemon_move_method_id":"4","level":"0","pokemon_id":"342"}{"order":"","version_group_id":"10","move_id":"276","pokemon_move_method_id":"3","level":"0","pokemon_id":"342"}{"order":"","version_group_id":"10","move_id":"280","pokemon_move_method_id":"4","level":"0","pokemon_id":"342"}{"order":"","version_group_id":"10","move_id":"282","pokemon_move_method_id":"1","level":"26","pokemon_id":"342"}{"order":"","version_group_id":"10","move_id":"282","pokemon_move_method_id":"3","level":"0","pokemon_id":"342"}{"order":"","version_group_id":"10","move_id":"283","pokemon_move_method_id":"3","level":"0","pokemon_id":"342"}{"order":"","version_group_id":"10","move_id":"290","pokemon_move_method_id":"4","level":"0","pokemon_id":"342"}{"order":"","version_group_id":"10","move_id":"291","pokemon_move_method_id":"3","level":"0","pokemon_id":"342"}{"order":"","version_group_id":"10","move_id":"317","pokemon_move_method_id":"4","level":"0","pokemon_id":"342"}{"order":"","version_group_id":"10","move_id":"332","pokemon_move_method_id":"4","level":"0","pokemon_id":"342"}{"order":"","version_group_id":"10","move_id":"334","pokemon_move_method_id":"3","level":"0","pokemon_id":"342"}{"order":"","version_group_id":"10","move_id":"352","pokemon_move_method_id":"4","level":"0","pokemon_id":"342"}{"order":"","version_group_id":"10","move_id":"363","pokemon_move_method_id":"4","level":"0","pokemon_id":"342"}{"order":"","version_group_id":"10","move_id":"371","pokemon_move_method_id":"4","level":"0","pokemon_id":"342"}{"order":"","version_group_id":"10","move_id":"374","pokemon_move_method_id":"4","level":"0","pokemon_id":"342"}{"order":"","version_group_id":"10","move_id":"399","pokemon_move_method_id":"4","level":"0","pokemon_id":"342"}{"order":"","version_group_id":"10","move_id":"400","pokemon_move_method_id":"1","level":"39","pokemon_id":"342"}{"order":"","version_group_id":"10","move_id":"404","pokemon_move_method_id":"4","level":"0","pokemon_id":"342"}{"order":"","version_group_id":"10","move_id":"416","pokemon_move_method_id":"4","level":"0","pokemon_id":"342"}{"order":"","version_group_id":"10","move_id":"419","pokemon_move_method_id":"4","level":"0","pokemon_id":"342"}{"order":"","version_group_id":"10","move_id":"445","pokemon_move_method_id":"4","level":"0","pokemon_id":"342"}{"order":"3","version_group_id":"11","move_id":"11","pokemon_move_method_id":"1","level":"1","pokemon_id":"342"}{"order":"","version_group_id":"11","move_id":"11","pokemon_move_method_id":"1","level":"10","pokemon_id":"342"}{"order":"","version_group_id":"11","move_id":"12","pokemon_move_method_id":"1","level":"65","pokemon_id":"342"}{"order":"","version_group_id":"11","move_id":"14","pokemon_move_method_id":"1","level":"52","pokemon_id":"342"}{"order":"","version_group_id":"11","move_id":"14","pokemon_move_method_id":"4","level":"0","pokemon_id":"342"}{"order":"","version_group_id":"11","move_id":"15","pokemon_move_method_id":"4","level":"0","pokemon_id":"342"}{"order":"4","version_group_id":"11","move_id":"43","pokemon_move_method_id":"1","level":"1","pokemon_id":"342"}{"order":"","version_group_id":"11","move_id":"43","pokemon_move_method_id":"1","level":"13","pokemon_id":"342"}{"order":"","version_group_id":"11","move_id":"57","pokemon_move_method_id":"4","level":"0","pokemon_id":"342"}{"order":"","version_group_id":"11","move_id":"58","pokemon_move_method_id":"4","level":"0","pokemon_id":"342"}{"order":"","version_group_id":"11","move_id":"59","pokemon_move_method_id":"4","level":"0","pokemon_id":"342"}{"order":"","version_group_id":"11","move_id":"61","pokemon_move_method_id":"1","level":"20","pokemon_id":"342"}{"order":"","version_group_id":"11","move_id":"63","pokemon_move_method_id":"4","level":"0","pokemon_id":"342"}{"order":"","version_group_id":"11","move_id":"70","pokemon_move_method_id":"4","level":"0","pokemon_id":"342"}{"order":"","version_group_id":"11","move_id":"91","pokemon_move_method_id":"4","level":"0","pokemon_id":"342"}{"order":"","version_group_id":"11","move_id":"92","pokemon_move_method_id":"4","level":"0","pokemon_id":"342"}{"order":"","version_group_id":"11","move_id":"104","pokemon_move_method_id":"4","level":"0","pokemon_id":"342"}{"order":"2","version_group_id":"11","move_id":"106","pokemon_move_method_id":"1","level":"1","pokemon_id":"342"}{"order":"","version_group_id":"11","move_id":"106","pokemon_move_method_id":"1","level":"7","pokemon_id":"342"}{"order":"","version_group_id":"11","move_id":"127","pokemon_move_method_id":"4","level":"0","pokemon_id":"342"}{"order":"","version_group_id":"11","move_id":"129","pokemon_move_method_id":"1","level":"30","pokemon_id":"342"}{"order":"1","version_group_id":"11","move_id":"145","pokemon_move_method_id":"1","level":"1","pokemon_id":"342"}{"order":"","version_group_id":"11","move_id":"152","pokemon_move_method_id":"1","level":"44","pokemon_id":"342"}{"order":"","version_group_id":"11","move_id":"156","pokemon_move_method_id":"4","level":"0","pokemon_id":"342"}{"order":"","version_group_id":"11","move_id":"157","pokemon_move_method_id":"4","level":"0","pokemon_id":"342"}{"order":"","version_group_id":"11","move_id":"164","pokemon_move_method_id":"4","level":"0","pokemon_id":"342"}{"order":"","version_group_id":"11","move_id":"182","pokemon_move_method_id":"1","level":"23","pokemon_id":"342"}{"order":"","version_group_id":"11","move_id":"182","pokemon_move_method_id":"4","level":"0","pokemon_id":"342"}{"order":"","version_group_id":"11","move_id":"188","pokemon_move_method_id":"4","level":"0","pokemon_id":"342"}{"order":"","version_group_id":"11","move_id":"206","pokemon_move_method_id":"4","level":"0","pokemon_id":"342"}{"order":"","version_group_id":"11","move_id":"207","pokemon_move_method_id":"4","level":"0","pokemon_id":"342"}{"order":"","version_group_id":"11","move_id":"213","pokemon_move_method_id":"4","level":"0","pokemon_id":"342"}{"order":"","version_group_id":"11","move_id":"216","pokemon_move_method_id":"4","level":"0","pokemon_id":"342"}{"order":"","version_group_id":"11","move_id":"218","pokemon_move_method_id":"4","level":"0","pokemon_id":"342"}{"order":"","version_group_id":"11","move_id":"237","pokemon_move_method_id":"4","level":"0","pokemon_id":"342"}{"order":"","version_group_id":"11","move_id":"240","pokemon_move_method_id":"4","level":"0","pokemon_id":"342"}{"order":"","version_group_id":"11","move_id":"242","pokemon_move_method_id":"1","level":"57","pokemon_id":"342"}{"order":"","version_group_id":"11","move_id":"249","pokemon_move_method_id":"4","level":"0","pokemon_id":"342"}{"order":"","version_group_id":"11","move_id":"258","pokemon_move_method_id":"4","level":"0","pokemon_id":"342"}{"order":"","version_group_id":"11","move_id":"263","pokemon_move_method_id":"4","level":"0","pokemon_id":"342"}{"order":"","version_group_id":"11","move_id":"269","pokemon_move_method_id":"1","level":"34","pokemon_id":"342"}{"order":"","version_group_id":"11","move_id":"269","pokemon_move_method_id":"4","level":"0","pokemon_id":"342"}{"order":"","version_group_id":"11","move_id":"280","pokemon_move_method_id":"4","level":"0","pokemon_id":"342"}{"order":"","version_group_id":"11","move_id":"282","pokemon_move_method_id":"1","level":"26","pokemon_id":"342"}{"order":"","version_group_id":"11","move_id":"291","pokemon_move_method_id":"4","level":"0","pokemon_id":"342"}{"order":"","version_group_id":"11","move_id":"317","pokemon_move_method_id":"4","level":"0","pokemon_id":"342"}{"order":"","version_group_id":"11","move_id":"332","pokemon_move_method_id":"4","level":"0","pokemon_id":"342"}{"order":"","version_group_id":"11","move_id":"371","pokemon_move_method_id":"4","level":"0","pokemon_id":"342"}{"order":"","version_group_id":"11","move_id":"374","pokemon_move_method_id":"4","level":"0","pokemon_id":"342"}{"order":"","version_group_id":"11","move_id":"400","pokemon_move_method_id":"1","level":"39","pokemon_id":"342"}{"order":"","version_group_id":"11","move_id":"404","pokemon_move_method_id":"4","level":"0","pokemon_id":"342"}{"order":"","version_group_id":"11","move_id":"416","pokemon_move_method_id":"4","level":"0","pokemon_id":"342"}{"order":"","version_group_id":"11","move_id":"468","pokemon_move_method_id":"4","level":"0","pokemon_id":"342"}{"order":"","version_group_id":"11","move_id":"482","pokemon_move_method_id":"4","level":"0","pokemon_id":"342"}{"order":"","version_group_id":"11","move_id":"496","pokemon_move_method_id":"4","level":"0","pokemon_id":"342"}{"order":"","version_group_id":"11","move_id":"503","pokemon_move_method_id":"4","level":"0","pokemon_id":"342"}{"order":"","version_group_id":"11","move_id":"514","pokemon_move_method_id":"4","level":"0","pokemon_id":"342"}{"order":"","version_group_id":"11","move_id":"555","pokemon_move_method_id":"4","level":"0","pokemon_id":"342"}{"order":"3","version_group_id":"12","move_id":"11","pokemon_move_method_id":"1","level":"1","pokemon_id":"342"}{"order":"","version_group_id":"12","move_id":"11","pokemon_move_method_id":"1","level":"10","pokemon_id":"342"}{"order":"","version_group_id":"12","move_id":"12","pokemon_move_method_id":"1","level":"52","pokemon_id":"342"}{"order":"","version_group_id":"12","move_id":"14","pokemon_move_method_id":"1","level":"44","pokemon_id":"342"}{"order":"","version_group_id":"12","move_id":"15","pokemon_move_method_id":"4","level":"0","pokemon_id":"342"}{"order":"4","version_group_id":"12","move_id":"43","pokemon_move_method_id":"1","level":"1","pokemon_id":"342"}{"order":"","version_group_id":"12","move_id":"43","pokemon_move_method_id":"1","level":"13","pokemon_id":"342"}{"order":"","version_group_id":"12","move_id":"57","pokemon_move_method_id":"4","level":"0","pokemon_id":"342"}{"order":"","version_group_id":"12","move_id":"58","pokemon_move_method_id":"4","level":"0","pokemon_id":"342"}{"order":"","version_group_id":"12","move_id":"59","pokemon_move_method_id":"4","level":"0","pokemon_id":"342"}{"order":"","version_group_id":"12","move_id":"61","pokemon_move_method_id":"1","level":"20","pokemon_id":"342"}{"order":"","version_group_id":"12","move_id":"63","pokemon_move_method_id":"4","level":"0","pokemon_id":"342"}{"order":"","version_group_id":"12","move_id":"70","pokemon_move_method_id":"4","level":"0","pokemon_id":"342"}{"order":"","version_group_id":"12","move_id":"91","pokemon_move_method_id":"4","level":"0","pokemon_id":"342"}{"order":"","version_group_id":"12","move_id":"92","pokemon_move_method_id":"4","level":"0","pokemon_id":"342"}{"order":"","version_group_id":"12","move_id":"104","pokemon_move_method_id":"4","level":"0","pokemon_id":"342"}{"order":"2","version_group_id":"12","move_id":"106","pokemon_move_method_id":"1","level":"1","pokemon_id":"342"}{"order":"","version_group_id":"12","move_id":"106","pokemon_move_method_id":"1","level":"7","pokemon_id":"342"}{"order":"","version_group_id":"12","move_id":"127","pokemon_move_method_id":"4","level":"0","pokemon_id":"342"}{"order":"1","version_group_id":"12","move_id":"145","pokemon_move_method_id":"1","level":"1","pokemon_id":"342"}{"order":"","version_group_id":"12","move_id":"152","pokemon_move_method_id":"1","level":"39","pokemon_id":"342"}{"order":"","version_group_id":"12","move_id":"156","pokemon_move_method_id":"4","level":"0","pokemon_id":"342"}{"order":"","version_group_id":"12","move_id":"182","pokemon_move_method_id":"1","level":"23","pokemon_id":"342"}{"order":"","version_group_id":"12","move_id":"182","pokemon_move_method_id":"4","level":"0","pokemon_id":"342"}{"order":"","version_group_id":"12","move_id":"188","pokemon_move_method_id":"4","level":"0","pokemon_id":"342"}{"order":"","version_group_id":"12","move_id":"213","pokemon_move_method_id":"4","level":"0","pokemon_id":"342"}{"order":"","version_group_id":"12","move_id":"216","pokemon_move_method_id":"4","level":"0","pokemon_id":"342"}{"order":"","version_group_id":"12","move_id":"218","pokemon_move_method_id":"4","level":"0","pokemon_id":"342"}{"order":"","version_group_id":"12","move_id":"237","pokemon_move_method_id":"4","level":"0","pokemon_id":"342"}{"order":"","version_group_id":"12","move_id":"240","pokemon_move_method_id":"4","level":"0","pokemon_id":"342"}{"order":"","version_group_id":"12","move_id":"249","pokemon_move_method_id":"4","level":"0","pokemon_id":"342"}{"order":"","version_group_id":"12","move_id":"258","pokemon_move_method_id":"4","level":"0","pokemon_id":"342"}{"order":"","version_group_id":"12","move_id":"263","pokemon_move_method_id":"4","level":"0","pokemon_id":"342"}{"order":"","version_group_id":"12","move_id":"269","pokemon_move_method_id":"1","level":"34","pokemon_id":"342"}{"order":"","version_group_id":"12","move_id":"269","pokemon_move_method_id":"4","level":"0","pokemon_id":"342"}{"order":"","version_group_id":"12","move_id":"280","pokemon_move_method_id":"4","level":"0","pokemon_id":"342"}{"order":"","version_group_id":"12","move_id":"282","pokemon_move_method_id":"1","level":"26","pokemon_id":"342"}{"order":"","version_group_id":"12","move_id":"290","pokemon_move_method_id":"4","level":"0","pokemon_id":"342"}{"order":"","version_group_id":"12","move_id":"291","pokemon_move_method_id":"4","level":"0","pokemon_id":"342"}{"order":"","version_group_id":"12","move_id":"317","pokemon_move_method_id":"4","level":"0","pokemon_id":"342"}{"order":"","version_group_id":"12","move_id":"332","pokemon_move_method_id":"4","level":"0","pokemon_id":"342"}{"order":"","version_group_id":"12","move_id":"352","pokemon_move_method_id":"4","level":"0","pokemon_id":"342"}{"order":"3","version_group_id":"13","move_id":"11","pokemon_move_method_id":"1","level":"1","pokemon_id":"342"}{"order":"","version_group_id":"13","move_id":"11","pokemon_move_method_id":"1","level":"10","pokemon_id":"342"}{"order":"","version_group_id":"13","move_id":"12","pokemon_move_method_id":"1","level":"52","pokemon_id":"342"}{"order":"","version_group_id":"13","move_id":"14","pokemon_move_method_id":"1","level":"44","pokemon_id":"342"}{"order":"","version_group_id":"13","move_id":"15","pokemon_move_method_id":"4","level":"0","pokemon_id":"342"}{"order":"","version_group_id":"13","move_id":"34","pokemon_move_method_id":"3","level":"0","pokemon_id":"342"}{"order":"","version_group_id":"13","move_id":"38","pokemon_move_method_id":"3","level":"0","pokemon_id":"342"}{"order":"4","version_group_id":"13","move_id":"43","pokemon_move_method_id":"1","level":"1","pokemon_id":"342"}{"order":"","version_group_id":"13","move_id":"43","pokemon_move_method_id":"1","level":"13","pokemon_id":"342"}{"order":"","version_group_id":"13","move_id":"57","pokemon_move_method_id":"4","level":"0","pokemon_id":"342"}{"order":"","version_group_id":"13","move_id":"58","pokemon_move_method_id":"4","level":"0","pokemon_id":"342"}{"order":"","version_group_id":"13","move_id":"59","pokemon_move_method_id":"4","level":"0","pokemon_id":"342"}{"order":"","version_group_id":"13","move_id":"61","pokemon_move_method_id":"1","level":"20","pokemon_id":"342"}{"order":"","version_group_id":"13","move_id":"63","pokemon_move_method_id":"4","level":"0","pokemon_id":"342"}{"order":"","version_group_id":"13","move_id":"70","pokemon_move_method_id":"4","level":"0","pokemon_id":"342"}{"order":"","version_group_id":"13","move_id":"91","pokemon_move_method_id":"4","level":"0","pokemon_id":"342"}{"order":"","version_group_id":"13","move_id":"92","pokemon_move_method_id":"4","level":"0","pokemon_id":"342"}{"order":"","version_group_id":"13","move_id":"102","pokemon_move_method_id":"3","level":"0","pokemon_id":"342"}{"order":"","version_group_id":"13","move_id":"104","pokemon_move_method_id":"4","level":"0","pokemon_id":"342"}{"order":"2","version_group_id":"13","move_id":"106","pokemon_move_method_id":"1","level":"1","pokemon_id":"342"}{"order":"","version_group_id":"13","move_id":"106","pokemon_move_method_id":"1","level":"7","pokemon_id":"342"}{"order":"","version_group_id":"13","move_id":"127","pokemon_move_method_id":"4","level":"0","pokemon_id":"342"}{"order":"1","version_group_id":"13","move_id":"145","pokemon_move_method_id":"1","level":"1","pokemon_id":"342"}{"order":"","version_group_id":"13","move_id":"152","pokemon_move_method_id":"1","level":"39","pokemon_id":"342"}{"order":"","version_group_id":"13","move_id":"156","pokemon_move_method_id":"4","level":"0","pokemon_id":"342"}{"order":"","version_group_id":"13","move_id":"164","pokemon_move_method_id":"3","level":"0","pokemon_id":"342"}{"order":"","version_group_id":"13","move_id":"182","pokemon_move_method_id":"1","level":"23","pokemon_id":"342"}{"order":"","version_group_id":"13","move_id":"182","pokemon_move_method_id":"4","level":"0","pokemon_id":"342"}{"order":"","version_group_id":"13","move_id":"188","pokemon_move_method_id":"4","level":"0","pokemon_id":"342"}{"order":"","version_group_id":"13","move_id":"196","pokemon_move_method_id":"3","level":"0","pokemon_id":"342"}{"order":"","version_group_id":"13","move_id":"207","pokemon_move_method_id":"3","level":"0","pokemon_id":"342"}{"order":"","version_group_id":"13","move_id":"213","pokemon_move_method_id":"4","level":"0","pokemon_id":"342"}{"order":"","version_group_id":"13","move_id":"216","pokemon_move_method_id":"4","level":"0","pokemon_id":"342"}{"order":"","version_group_id":"13","move_id":"218","pokemon_move_method_id":"4","level":"0","pokemon_id":"342"}{"order":"","version_group_id":"13","move_id":"237","pokemon_move_method_id":"4","level":"0","pokemon_id":"342"}{"order":"","version_group_id":"13","move_id":"240","pokemon_move_method_id":"4","level":"0","pokemon_id":"342"}{"order":"","version_group_id":"13","move_id":"249","pokemon_move_method_id":"4","level":"0","pokemon_id":"342"}{"order":"","version_group_id":"13","move_id":"258","pokemon_move_method_id":"4","level":"0","pokemon_id":"342"}{"order":"","version_group_id":"13","move_id":"263","pokemon_move_method_id":"4","level":"0","pokemon_id":"342"}{"order":"","version_group_id":"13","move_id":"269","pokemon_move_method_id":"1","level":"34","pokemon_id":"342"}{"order":"","version_group_id":"13","move_id":"269","pokemon_move_method_id":"4","level":"0","pokemon_id":"342"}{"order":"","version_group_id":"13","move_id":"280","pokemon_move_method_id":"4","level":"0","pokemon_id":"342"}{"order":"","version_group_id":"13","move_id":"282","pokemon_move_method_id":"1","level":"26","pokemon_id":"342"}{"order":"","version_group_id":"13","move_id":"290","pokemon_move_method_id":"4","level":"0","pokemon_id":"342"}{"order":"","version_group_id":"13","move_id":"291","pokemon_move_method_id":"4","level":"0","pokemon_id":"342"}{"order":"","version_group_id":"13","move_id":"317","pokemon_move_method_id":"4","level":"0","pokemon_id":"342"}{"order":"","version_group_id":"13","move_id":"332","pokemon_move_method_id":"4","level":"0","pokemon_id":"342"}{"order":"","version_group_id":"13","move_id":"352","pokemon_move_method_id":"4","level":"0","pokemon_id":"342"}{"order":"3","version_group_id":"14","move_id":"11","pokemon_move_method_id":"1","level":"1","pokemon_id":"342"}{"order":"","version_group_id":"14","move_id":"11","pokemon_move_method_id":"1","level":"10","pokemon_id":"342"}{"order":"","version_group_id":"14","move_id":"12","pokemon_move_method_id":"1","level":"65","pokemon_id":"342"}{"order":"","version_group_id":"14","move_id":"14","pokemon_move_method_id":"1","level":"52","pokemon_id":"342"}{"order":"","version_group_id":"14","move_id":"14","pokemon_move_method_id":"4","level":"0","pokemon_id":"342"}{"order":"","version_group_id":"14","move_id":"15","pokemon_move_method_id":"4","level":"0","pokemon_id":"342"}{"order":"4","version_group_id":"14","move_id":"43","pokemon_move_method_id":"1","level":"1","pokemon_id":"342"}{"order":"","version_group_id":"14","move_id":"43","pokemon_move_method_id":"1","level":"13","pokemon_id":"342"}{"order":"","version_group_id":"14","move_id":"57","pokemon_move_method_id":"4","level":"0","pokemon_id":"342"}{"order":"","version_group_id":"14","move_id":"58","pokemon_move_method_id":"4","level":"0","pokemon_id":"342"}{"order":"","version_group_id":"14","move_id":"59","pokemon_move_method_id":"4","level":"0","pokemon_id":"342"}{"order":"","version_group_id":"14","move_id":"61","pokemon_move_method_id":"1","level":"20","pokemon_id":"342"}{"order":"","version_group_id":"14","move_id":"63","pokemon_move_method_id":"4","level":"0","pokemon_id":"342"}{"order":"","version_group_id":"14","move_id":"70","pokemon_move_method_id":"4","level":"0","pokemon_id":"342"}{"order":"","version_group_id":"14","move_id":"91","pokemon_move_method_id":"4","level":"0","pokemon_id":"342"}{"order":"","version_group_id":"14","move_id":"92","pokemon_move_method_id":"4","level":"0","pokemon_id":"342"}{"order":"","version_group_id":"14","move_id":"104","pokemon_move_method_id":"4","level":"0","pokemon_id":"342"}{"order":"2","version_group_id":"14","move_id":"106","pokemon_move_method_id":"1","level":"1","pokemon_id":"342"}{"order":"","version_group_id":"14","move_id":"106","pokemon_move_method_id":"1","level":"7","pokemon_id":"342"}{"order":"","version_group_id":"14","move_id":"127","pokemon_move_method_id":"4","level":"0","pokemon_id":"342"}{"order":"","version_group_id":"14","move_id":"129","pokemon_move_method_id":"1","level":"30","pokemon_id":"342"}{"order":"1","version_group_id":"14","move_id":"145","pokemon_move_method_id":"1","level":"1","pokemon_id":"342"}{"order":"","version_group_id":"14","move_id":"152","pokemon_move_method_id":"1","level":"44","pokemon_id":"342"}{"order":"","version_group_id":"14","move_id":"156","pokemon_move_method_id":"4","level":"0","pokemon_id":"342"}{"order":"","version_group_id":"14","move_id":"157","pokemon_move_method_id":"4","level":"0","pokemon_id":"342"}{"order":"","version_group_id":"14","move_id":"164","pokemon_move_method_id":"4","level":"0","pokemon_id":"342"}{"order":"","version_group_id":"14","move_id":"173","pokemon_move_method_id":"3","level":"0","pokemon_id":"342"}{"order":"","version_group_id":"14","move_id":"180","pokemon_move_method_id":"3","level":"0","pokemon_id":"342"}{"order":"","version_group_id":"14","move_id":"182","pokemon_move_method_id":"1","level":"23","pokemon_id":"342"}{"order":"","version_group_id":"14","move_id":"182","pokemon_move_method_id":"4","level":"0","pokemon_id":"342"}{"order":"","version_group_id":"14","move_id":"188","pokemon_move_method_id":"4","level":"0","pokemon_id":"342"}{"order":"","version_group_id":"14","move_id":"196","pokemon_move_method_id":"3","level":"0","pokemon_id":"342"}{"order":"","version_group_id":"14","move_id":"206","pokemon_move_method_id":"4","level":"0","pokemon_id":"342"}{"order":"","version_group_id":"14","move_id":"207","pokemon_move_method_id":"4","level":"0","pokemon_id":"342"}{"order":"","version_group_id":"14","move_id":"213","pokemon_move_method_id":"4","level":"0","pokemon_id":"342"}{"order":"","version_group_id":"14","move_id":"214","pokemon_move_method_id":"3","level":"0","pokemon_id":"342"}{"order":"","version_group_id":"14","move_id":"216","pokemon_move_method_id":"4","level":"0","pokemon_id":"342"}{"order":"","version_group_id":"14","move_id":"218","pokemon_move_method_id":"4","level":"0","pokemon_id":"342"}{"order":"","version_group_id":"14","move_id":"237","pokemon_move_method_id":"4","level":"0","pokemon_id":"342"}{"order":"","version_group_id":"14","move_id":"240","pokemon_move_method_id":"4","level":"0","pokemon_id":"342"}{"order":"","version_group_id":"14","move_id":"242","pokemon_move_method_id":"1","level":"57","pokemon_id":"342"}{"order":"","version_group_id":"14","move_id":"249","pokemon_move_method_id":"4","level":"0","pokemon_id":"342"}{"order":"","version_group_id":"14","move_id":"258","pokemon_move_method_id":"4","level":"0","pokemon_id":"342"}{"order":"","version_group_id":"14","move_id":"263","pokemon_move_method_id":"4","level":"0","pokemon_id":"342"}{"order":"","version_group_id":"14","move_id":"269","pokemon_move_method_id":"1","level":"34","pokemon_id":"342"}{"order":"","version_group_id":"14","move_id":"269","pokemon_move_method_id":"4","level":"0","pokemon_id":"342"}{"order":"","version_group_id":"14","move_id":"276","pokemon_move_method_id":"3","level":"0","pokemon_id":"342"}{"order":"","version_group_id":"14","move_id":"280","pokemon_move_method_id":"4","level":"0","pokemon_id":"342"}{"order":"","version_group_id":"14","move_id":"282","pokemon_move_method_id":"1","level":"26","pokemon_id":"342"}{"order":"","version_group_id":"14","move_id":"282","pokemon_move_method_id":"3","level":"0","pokemon_id":"342"}{"order":"","version_group_id":"14","move_id":"283","pokemon_move_method_id":"3","level":"0","pokemon_id":"342"}{"order":"","version_group_id":"14","move_id":"291","pokemon_move_method_id":"4","level":"0","pokemon_id":"342"}{"order":"","version_group_id":"14","move_id":"317","pokemon_move_method_id":"4","level":"0","pokemon_id":"342"}{"order":"","version_group_id":"14","move_id":"332","pokemon_move_method_id":"4","level":"0","pokemon_id":"342"}{"order":"","version_group_id":"14","move_id":"334","pokemon_move_method_id":"3","level":"0","pokemon_id":"342"}{"order":"","version_group_id":"14","move_id":"371","pokemon_move_method_id":"4","level":"0","pokemon_id":"342"}{"order":"","version_group_id":"14","move_id":"374","pokemon_move_method_id":"4","level":"0","pokemon_id":"342"}{"order":"","version_group_id":"14","move_id":"399","pokemon_move_method_id":"3","level":"0","pokemon_id":"342"}{"order":"","version_group_id":"14","move_id":"400","pokemon_move_method_id":"1","level":"39","pokemon_id":"342"}{"order":"","version_group_id":"14","move_id":"404","pokemon_move_method_id":"4","level":"0","pokemon_id":"342"}{"order":"","version_group_id":"14","move_id":"416","pokemon_move_method_id":"4","level":"0","pokemon_id":"342"}{"order":"","version_group_id":"14","move_id":"468","pokemon_move_method_id":"4","level":"0","pokemon_id":"342"}{"order":"","version_group_id":"14","move_id":"482","pokemon_move_method_id":"4","level":"0","pokemon_id":"342"}{"order":"","version_group_id":"14","move_id":"496","pokemon_move_method_id":"4","level":"0","pokemon_id":"342"}{"order":"","version_group_id":"14","move_id":"503","pokemon_move_method_id":"4","level":"0","pokemon_id":"342"}{"order":"","version_group_id":"14","move_id":"514","pokemon_move_method_id":"4","level":"0","pokemon_id":"342"}{"order":"","version_group_id":"14","move_id":"555","pokemon_move_method_id":"4","level":"0","pokemon_id":"342"}{"order":"4","version_group_id":"15","move_id":"11","pokemon_move_method_id":"1","level":"1","pokemon_id":"342"}{"order":"","version_group_id":"15","move_id":"11","pokemon_move_method_id":"1","level":"10","pokemon_id":"342"}{"order":"1","version_group_id":"15","move_id":"12","pokemon_move_method_id":"1","level":"1","pokemon_id":"342"}{"order":"","version_group_id":"15","move_id":"12","pokemon_move_method_id":"1","level":"65","pokemon_id":"342"}{"order":"","version_group_id":"15","move_id":"14","pokemon_move_method_id":"1","level":"52","pokemon_id":"342"}{"order":"","version_group_id":"15","move_id":"14","pokemon_move_method_id":"4","level":"0","pokemon_id":"342"}{"order":"","version_group_id":"15","move_id":"15","pokemon_move_method_id":"4","level":"0","pokemon_id":"342"}{"order":"5","version_group_id":"15","move_id":"43","pokemon_move_method_id":"1","level":"1","pokemon_id":"342"}{"order":"","version_group_id":"15","move_id":"43","pokemon_move_method_id":"1","level":"13","pokemon_id":"342"}{"order":"","version_group_id":"15","move_id":"57","pokemon_move_method_id":"4","level":"0","pokemon_id":"342"}{"order":"","version_group_id":"15","move_id":"58","pokemon_move_method_id":"4","level":"0","pokemon_id":"342"}{"order":"","version_group_id":"15","move_id":"59","pokemon_move_method_id":"4","level":"0","pokemon_id":"342"}{"order":"","version_group_id":"15","move_id":"61","pokemon_move_method_id":"1","level":"20","pokemon_id":"342"}{"order":"","version_group_id":"15","move_id":"63","pokemon_move_method_id":"4","level":"0","pokemon_id":"342"}{"order":"","version_group_id":"15","move_id":"70","pokemon_move_method_id":"4","level":"0","pokemon_id":"342"}{"order":"","version_group_id":"15","move_id":"91","pokemon_move_method_id":"4","level":"0","pokemon_id":"342"}{"order":"","version_group_id":"15","move_id":"92","pokemon_move_method_id":"4","level":"0","pokemon_id":"342"}{"order":"","version_group_id":"15","move_id":"104","pokemon_move_method_id":"4","level":"0","pokemon_id":"342"}{"order":"3","version_group_id":"15","move_id":"106","pokemon_move_method_id":"1","level":"1","pokemon_id":"342"}{"order":"","version_group_id":"15","move_id":"106","pokemon_move_method_id":"1","level":"7","pokemon_id":"342"}{"order":"","version_group_id":"15","move_id":"127","pokemon_move_method_id":"4","level":"0","pokemon_id":"342"}{"order":"","version_group_id":"15","move_id":"129","pokemon_move_method_id":"1","level":"30","pokemon_id":"342"}{"order":"2","version_group_id":"15","move_id":"145","pokemon_move_method_id":"1","level":"1","pokemon_id":"342"}{"order":"","version_group_id":"15","move_id":"152","pokemon_move_method_id":"1","level":"44","pokemon_id":"342"}{"order":"","version_group_id":"15","move_id":"156","pokemon_move_method_id":"4","level":"0","pokemon_id":"342"}{"order":"","version_group_id":"15","move_id":"157","pokemon_move_method_id":"4","level":"0","pokemon_id":"342"}{"order":"","version_group_id":"15","move_id":"164","pokemon_move_method_id":"4","level":"0","pokemon_id":"342"}{"order":"","version_group_id":"15","move_id":"182","pokemon_move_method_id":"1","level":"23","pokemon_id":"342"}{"order":"","version_group_id":"15","move_id":"182","pokemon_move_method_id":"4","level":"0","pokemon_id":"342"}{"order":"","version_group_id":"15","move_id":"188","pokemon_move_method_id":"4","level":"0","pokemon_id":"342"}{"order":"","version_group_id":"15","move_id":"206","pokemon_move_method_id":"4","level":"0","pokemon_id":"342"}{"order":"","version_group_id":"15","move_id":"207","pokemon_move_method_id":"4","level":"0","pokemon_id":"342"}{"order":"","version_group_id":"15","move_id":"213","pokemon_move_method_id":"4","level":"0","pokemon_id":"342"}{"order":"","version_group_id":"15","move_id":"214","pokemon_move_method_id":"4","level":"0","pokemon_id":"342"}{"order":"","version_group_id":"15","move_id":"216","pokemon_move_method_id":"4","level":"0","pokemon_id":"342"}{"order":"","version_group_id":"15","move_id":"218","pokemon_move_method_id":"4","level":"0","pokemon_id":"342"}{"order":"","version_group_id":"15","move_id":"237","pokemon_move_method_id":"4","level":"0","pokemon_id":"342"}{"order":"","version_group_id":"15","move_id":"240","pokemon_move_method_id":"4","level":"0","pokemon_id":"342"}{"order":"","version_group_id":"15","move_id":"242","pokemon_move_method_id":"1","level":"57","pokemon_id":"342"}{"order":"","version_group_id":"15","move_id":"249","pokemon_move_method_id":"4","level":"0","pokemon_id":"342"}{"order":"","version_group_id":"15","move_id":"258","pokemon_move_method_id":"4","level":"0","pokemon_id":"342"}{"order":"","version_group_id":"15","move_id":"263","pokemon_move_method_id":"4","level":"0","pokemon_id":"342"}{"order":"","version_group_id":"15","move_id":"267","pokemon_move_method_id":"4","level":"0","pokemon_id":"342"}{"order":"","version_group_id":"15","move_id":"269","pokemon_move_method_id":"1","level":"34","pokemon_id":"342"}{"order":"","version_group_id":"15","move_id":"269","pokemon_move_method_id":"4","level":"0","pokemon_id":"342"}{"order":"","version_group_id":"15","move_id":"280","pokemon_move_method_id":"4","level":"0","pokemon_id":"342"}{"order":"","version_group_id":"15","move_id":"282","pokemon_move_method_id":"1","level":"26","pokemon_id":"342"}{"order":"","version_group_id":"15","move_id":"317","pokemon_move_method_id":"4","level":"0","pokemon_id":"342"}{"order":"","version_group_id":"15","move_id":"332","pokemon_move_method_id":"4","level":"0","pokemon_id":"342"}{"order":"","version_group_id":"15","move_id":"371","pokemon_move_method_id":"4","level":"0","pokemon_id":"342"}{"order":"","version_group_id":"15","move_id":"374","pokemon_move_method_id":"4","level":"0","pokemon_id":"342"}{"order":"","version_group_id":"15","move_id":"399","pokemon_move_method_id":"4","level":"0","pokemon_id":"342"}{"order":"","version_group_id":"15","move_id":"400","pokemon_move_method_id":"1","level":"39","pokemon_id":"342"}{"order":"","version_group_id":"15","move_id":"404","pokemon_move_method_id":"4","level":"0","pokemon_id":"342"}{"order":"","version_group_id":"15","move_id":"416","pokemon_move_method_id":"4","level":"0","pokemon_id":"342"}{"order":"","version_group_id":"15","move_id":"468","pokemon_move_method_id":"4","level":"0","pokemon_id":"342"}{"order":"","version_group_id":"15","move_id":"482","pokemon_move_method_id":"4","level":"0","pokemon_id":"342"}{"order":"","version_group_id":"15","move_id":"496","pokemon_move_method_id":"4","level":"0","pokemon_id":"342"}{"order":"","version_group_id":"15","move_id":"503","pokemon_move_method_id":"4","level":"0","pokemon_id":"342"}{"order":"","version_group_id":"15","move_id":"514","pokemon_move_method_id":"4","level":"0","pokemon_id":"342"}{"order":"","version_group_id":"15","move_id":"555","pokemon_move_method_id":"4","level":"0","pokemon_id":"342"}{"order":"","version_group_id":"15","move_id":"590","pokemon_move_method_id":"4","level":"0","pokemon_id":"342"}