{"order":"","version_group_id":"1","move_id":"32","pokemon_move_method_id":"4","level":"0","pokemon_id":"131"}{"order":"","version_group_id":"1","move_id":"34","pokemon_move_method_id":"1","level":"25","pokemon_id":"131"}{"order":"","version_group_id":"1","move_id":"34","pokemon_move_method_id":"4","level":"0","pokemon_id":"131"}{"order":"","version_group_id":"1","move_id":"36","pokemon_move_method_id":"4","level":"0","pokemon_id":"131"}{"order":"","version_group_id":"1","move_id":"38","pokemon_move_method_id":"4","level":"0","pokemon_id":"131"}{"order":"2","version_group_id":"1","move_id":"45","pokemon_move_method_id":"1","level":"1","pokemon_id":"131"}{"order":"","version_group_id":"1","move_id":"47","pokemon_move_method_id":"1","level":"16","pokemon_id":"131"}{"order":"","version_group_id":"1","move_id":"54","pokemon_move_method_id":"1","level":"20","pokemon_id":"131"}{"order":"1","version_group_id":"1","move_id":"55","pokemon_move_method_id":"1","level":"1","pokemon_id":"131"}{"order":"","version_group_id":"1","move_id":"55","pokemon_move_method_id":"4","level":"0","pokemon_id":"131"}{"order":"","version_group_id":"1","move_id":"56","pokemon_move_method_id":"1","level":"46","pokemon_id":"131"}{"order":"","version_group_id":"1","move_id":"57","pokemon_move_method_id":"4","level":"0","pokemon_id":"131"}{"order":"","version_group_id":"1","move_id":"58","pokemon_move_method_id":"1","level":"38","pokemon_id":"131"}{"order":"","version_group_id":"1","move_id":"58","pokemon_move_method_id":"4","level":"0","pokemon_id":"131"}{"order":"","version_group_id":"1","move_id":"59","pokemon_move_method_id":"4","level":"0","pokemon_id":"131"}{"order":"","version_group_id":"1","move_id":"61","pokemon_move_method_id":"4","level":"0","pokemon_id":"131"}{"order":"","version_group_id":"1","move_id":"63","pokemon_move_method_id":"4","level":"0","pokemon_id":"131"}{"order":"","version_group_id":"1","move_id":"70","pokemon_move_method_id":"4","level":"0","pokemon_id":"131"}{"order":"","version_group_id":"1","move_id":"76","pokemon_move_method_id":"4","level":"0","pokemon_id":"131"}{"order":"","version_group_id":"1","move_id":"82","pokemon_move_method_id":"4","level":"0","pokemon_id":"131"}{"order":"","version_group_id":"1","move_id":"85","pokemon_move_method_id":"4","level":"0","pokemon_id":"131"}{"order":"","version_group_id":"1","move_id":"87","pokemon_move_method_id":"4","level":"0","pokemon_id":"131"}{"order":"","version_group_id":"1","move_id":"92","pokemon_move_method_id":"4","level":"0","pokemon_id":"131"}{"order":"","version_group_id":"1","move_id":"94","pokemon_move_method_id":"4","level":"0","pokemon_id":"131"}{"order":"","version_group_id":"1","move_id":"99","pokemon_move_method_id":"4","level":"0","pokemon_id":"131"}{"order":"","version_group_id":"1","move_id":"102","pokemon_move_method_id":"4","level":"0","pokemon_id":"131"}{"order":"","version_group_id":"1","move_id":"104","pokemon_move_method_id":"4","level":"0","pokemon_id":"131"}{"order":"","version_group_id":"1","move_id":"109","pokemon_move_method_id":"1","level":"31","pokemon_id":"131"}{"order":"","version_group_id":"1","move_id":"115","pokemon_move_method_id":"4","level":"0","pokemon_id":"131"}{"order":"","version_group_id":"1","move_id":"117","pokemon_move_method_id":"4","level":"0","pokemon_id":"131"}{"order":"","version_group_id":"1","move_id":"130","pokemon_move_method_id":"4","level":"0","pokemon_id":"131"}{"order":"","version_group_id":"1","move_id":"149","pokemon_move_method_id":"4","level":"0","pokemon_id":"131"}{"order":"","version_group_id":"1","move_id":"156","pokemon_move_method_id":"4","level":"0","pokemon_id":"131"}{"order":"","version_group_id":"1","move_id":"164","pokemon_move_method_id":"4","level":"0","pokemon_id":"131"}{"order":"","version_group_id":"2","move_id":"32","pokemon_move_method_id":"4","level":"0","pokemon_id":"131"}{"order":"","version_group_id":"2","move_id":"34","pokemon_move_method_id":"1","level":"25","pokemon_id":"131"}{"order":"","version_group_id":"2","move_id":"34","pokemon_move_method_id":"4","level":"0","pokemon_id":"131"}{"order":"","version_group_id":"2","move_id":"36","pokemon_move_method_id":"4","level":"0","pokemon_id":"131"}{"order":"","version_group_id":"2","move_id":"38","pokemon_move_method_id":"4","level":"0","pokemon_id":"131"}{"order":"2","version_group_id":"2","move_id":"45","pokemon_move_method_id":"1","level":"1","pokemon_id":"131"}{"order":"","version_group_id":"2","move_id":"47","pokemon_move_method_id":"1","level":"16","pokemon_id":"131"}{"order":"","version_group_id":"2","move_id":"54","pokemon_move_method_id":"1","level":"20","pokemon_id":"131"}{"order":"1","version_group_id":"2","move_id":"55","pokemon_move_method_id":"1","level":"1","pokemon_id":"131"}{"order":"","version_group_id":"2","move_id":"55","pokemon_move_method_id":"4","level":"0","pokemon_id":"131"}{"order":"","version_group_id":"2","move_id":"56","pokemon_move_method_id":"1","level":"46","pokemon_id":"131"}{"order":"","version_group_id":"2","move_id":"57","pokemon_move_method_id":"4","level":"0","pokemon_id":"131"}{"order":"","version_group_id":"2","move_id":"58","pokemon_move_method_id":"1","level":"38","pokemon_id":"131"}{"order":"","version_group_id":"2","move_id":"58","pokemon_move_method_id":"4","level":"0","pokemon_id":"131"}{"order":"","version_group_id":"2","move_id":"59","pokemon_move_method_id":"4","level":"0","pokemon_id":"131"}{"order":"","version_group_id":"2","move_id":"61","pokemon_move_method_id":"4","level":"0","pokemon_id":"131"}{"order":"","version_group_id":"2","move_id":"63","pokemon_move_method_id":"4","level":"0","pokemon_id":"131"}{"order":"","version_group_id":"2","move_id":"70","pokemon_move_method_id":"4","level":"0","pokemon_id":"131"}{"order":"","version_group_id":"2","move_id":"76","pokemon_move_method_id":"4","level":"0","pokemon_id":"131"}{"order":"","version_group_id":"2","move_id":"82","pokemon_move_method_id":"4","level":"0","pokemon_id":"131"}{"order":"","version_group_id":"2","move_id":"85","pokemon_move_method_id":"4","level":"0","pokemon_id":"131"}{"order":"","version_group_id":"2","move_id":"87","pokemon_move_method_id":"4","level":"0","pokemon_id":"131"}{"order":"","version_group_id":"2","move_id":"92","pokemon_move_method_id":"4","level":"0","pokemon_id":"131"}{"order":"","version_group_id":"2","move_id":"94","pokemon_move_method_id":"4","level":"0","pokemon_id":"131"}{"order":"","version_group_id":"2","move_id":"99","pokemon_move_method_id":"4","level":"0","pokemon_id":"131"}{"order":"","version_group_id":"2","move_id":"102","pokemon_move_method_id":"4","level":"0","pokemon_id":"131"}{"order":"","version_group_id":"2","move_id":"104","pokemon_move_method_id":"4","level":"0","pokemon_id":"131"}{"order":"","version_group_id":"2","move_id":"109","pokemon_move_method_id":"1","level":"31","pokemon_id":"131"}{"order":"","version_group_id":"2","move_id":"115","pokemon_move_method_id":"4","level":"0","pokemon_id":"131"}{"order":"","version_group_id":"2","move_id":"117","pokemon_move_method_id":"4","level":"0","pokemon_id":"131"}{"order":"","version_group_id":"2","move_id":"130","pokemon_move_method_id":"4","level":"0","pokemon_id":"131"}{"order":"","version_group_id":"2","move_id":"149","pokemon_move_method_id":"4","level":"0","pokemon_id":"131"}{"order":"","version_group_id":"2","move_id":"156","pokemon_move_method_id":"4","level":"0","pokemon_id":"131"}{"order":"","version_group_id":"2","move_id":"164","pokemon_move_method_id":"4","level":"0","pokemon_id":"131"}{"order":"","version_group_id":"3","move_id":"29","pokemon_move_method_id":"4","level":"0","pokemon_id":"131"}{"order":"","version_group_id":"3","move_id":"34","pokemon_move_method_id":"1","level":"15","pokemon_id":"131"}{"order":"2","version_group_id":"3","move_id":"45","pokemon_move_method_id":"1","level":"1","pokemon_id":"131"}{"order":"3","version_group_id":"3","move_id":"47","pokemon_move_method_id":"1","level":"1","pokemon_id":"131"}{"order":"","version_group_id":"3","move_id":"54","pokemon_move_method_id":"1","level":"8","pokemon_id":"131"}{"order":"1","version_group_id":"3","move_id":"55","pokemon_move_method_id":"1","level":"1","pokemon_id":"131"}{"order":"","version_group_id":"3","move_id":"56","pokemon_move_method_id":"1","level":"57","pokemon_id":"131"}{"order":"","version_group_id":"3","move_id":"57","pokemon_move_method_id":"4","level":"0","pokemon_id":"131"}{"order":"","version_group_id":"3","move_id":"58","pokemon_move_method_id":"1","level":"36","pokemon_id":"131"}{"order":"","version_group_id":"3","move_id":"59","pokemon_move_method_id":"4","level":"0","pokemon_id":"131"}{"order":"","version_group_id":"3","move_id":"62","pokemon_move_method_id":"2","level":"0","pokemon_id":"131"}{"order":"","version_group_id":"3","move_id":"63","pokemon_move_method_id":"4","level":"0","pokemon_id":"131"}{"order":"","version_group_id":"3","move_id":"70","pokemon_move_method_id":"4","level":"0","pokemon_id":"131"}{"order":"","version_group_id":"3","move_id":"87","pokemon_move_method_id":"4","level":"0","pokemon_id":"131"}{"order":"","version_group_id":"3","move_id":"92","pokemon_move_method_id":"4","level":"0","pokemon_id":"131"}{"order":"","version_group_id":"3","move_id":"94","pokemon_move_method_id":"4","level":"0","pokemon_id":"131"}{"order":"","version_group_id":"3","move_id":"104","pokemon_move_method_id":"4","level":"0","pokemon_id":"131"}{"order":"","version_group_id":"3","move_id":"109","pokemon_move_method_id":"1","level":"22","pokemon_id":"131"}{"order":"","version_group_id":"3","move_id":"138","pokemon_move_method_id":"4","level":"0","pokemon_id":"131"}{"order":"","version_group_id":"3","move_id":"156","pokemon_move_method_id":"4","level":"0","pokemon_id":"131"}{"order":"","version_group_id":"3","move_id":"171","pokemon_move_method_id":"4","level":"0","pokemon_id":"131"}{"order":"","version_group_id":"3","move_id":"173","pokemon_move_method_id":"4","level":"0","pokemon_id":"131"}{"order":"","version_group_id":"3","move_id":"174","pokemon_move_method_id":"4","level":"0","pokemon_id":"131"}{"order":"","version_group_id":"3","move_id":"182","pokemon_move_method_id":"4","level":"0","pokemon_id":"131"}{"order":"","version_group_id":"3","move_id":"192","pokemon_move_method_id":"4","level":"0","pokemon_id":"131"}{"order":"","version_group_id":"3","move_id":"193","pokemon_move_method_id":"2","level":"0","pokemon_id":"131"}{"order":"","version_group_id":"3","move_id":"195","pokemon_move_method_id":"1","level":"29","pokemon_id":"131"}{"order":"","version_group_id":"3","move_id":"196","pokemon_move_method_id":"4","level":"0","pokemon_id":"131"}{"order":"","version_group_id":"3","move_id":"203","pokemon_move_method_id":"4","level":"0","pokemon_id":"131"}{"order":"","version_group_id":"3","move_id":"207","pokemon_move_method_id":"4","level":"0","pokemon_id":"131"}{"order":"","version_group_id":"3","move_id":"213","pokemon_move_method_id":"4","level":"0","pokemon_id":"131"}{"order":"","version_group_id":"3","move_id":"214","pokemon_move_method_id":"4","level":"0","pokemon_id":"131"}{"order":"","version_group_id":"3","move_id":"216","pokemon_move_method_id":"4","level":"0","pokemon_id":"131"}{"order":"","version_group_id":"3","move_id":"218","pokemon_move_method_id":"4","level":"0","pokemon_id":"131"}{"order":"","version_group_id":"3","move_id":"219","pokemon_move_method_id":"1","level":"50","pokemon_id":"131"}{"order":"","version_group_id":"3","move_id":"225","pokemon_move_method_id":"4","level":"0","pokemon_id":"131"}{"order":"","version_group_id":"3","move_id":"231","pokemon_move_method_id":"4","level":"0","pokemon_id":"131"}{"order":"","version_group_id":"3","move_id":"237","pokemon_move_method_id":"4","level":"0","pokemon_id":"131"}{"order":"","version_group_id":"3","move_id":"240","pokemon_move_method_id":"1","level":"43","pokemon_id":"131"}{"order":"","version_group_id":"3","move_id":"240","pokemon_move_method_id":"4","level":"0","pokemon_id":"131"}{"order":"","version_group_id":"3","move_id":"249","pokemon_move_method_id":"4","level":"0","pokemon_id":"131"}{"order":"","version_group_id":"3","move_id":"250","pokemon_move_method_id":"4","level":"0","pokemon_id":"131"}{"order":"","version_group_id":"4","move_id":"29","pokemon_move_method_id":"4","level":"0","pokemon_id":"131"}{"order":"","version_group_id":"4","move_id":"34","pokemon_move_method_id":"1","level":"15","pokemon_id":"131"}{"order":"2","version_group_id":"4","move_id":"45","pokemon_move_method_id":"1","level":"1","pokemon_id":"131"}{"order":"3","version_group_id":"4","move_id":"47","pokemon_move_method_id":"1","level":"1","pokemon_id":"131"}{"order":"","version_group_id":"4","move_id":"54","pokemon_move_method_id":"1","level":"8","pokemon_id":"131"}{"order":"1","version_group_id":"4","move_id":"55","pokemon_move_method_id":"1","level":"1","pokemon_id":"131"}{"order":"","version_group_id":"4","move_id":"56","pokemon_move_method_id":"1","level":"57","pokemon_id":"131"}{"order":"","version_group_id":"4","move_id":"57","pokemon_move_method_id":"4","level":"0","pokemon_id":"131"}{"order":"","version_group_id":"4","move_id":"58","pokemon_move_method_id":"1","level":"36","pokemon_id":"131"}{"order":"","version_group_id":"4","move_id":"58","pokemon_move_method_id":"3","level":"0","pokemon_id":"131"}{"order":"","version_group_id":"4","move_id":"59","pokemon_move_method_id":"4","level":"0","pokemon_id":"131"}{"order":"","version_group_id":"4","move_id":"62","pokemon_move_method_id":"2","level":"0","pokemon_id":"131"}{"order":"","version_group_id":"4","move_id":"63","pokemon_move_method_id":"4","level":"0","pokemon_id":"131"}{"order":"","version_group_id":"4","move_id":"70","pokemon_move_method_id":"4","level":"0","pokemon_id":"131"}{"order":"","version_group_id":"4","move_id":"85","pokemon_move_method_id":"3","level":"0","pokemon_id":"131"}{"order":"","version_group_id":"4","move_id":"87","pokemon_move_method_id":"4","level":"0","pokemon_id":"131"}{"order":"","version_group_id":"4","move_id":"92","pokemon_move_method_id":"4","level":"0","pokemon_id":"131"}{"order":"","version_group_id":"4","move_id":"94","pokemon_move_method_id":"4","level":"0","pokemon_id":"131"}{"order":"","version_group_id":"4","move_id":"104","pokemon_move_method_id":"4","level":"0","pokemon_id":"131"}{"order":"","version_group_id":"4","move_id":"109","pokemon_move_method_id":"1","level":"22","pokemon_id":"131"}{"order":"","version_group_id":"4","move_id":"138","pokemon_move_method_id":"4","level":"0","pokemon_id":"131"}{"order":"","version_group_id":"4","move_id":"156","pokemon_move_method_id":"4","level":"0","pokemon_id":"131"}{"order":"","version_group_id":"4","move_id":"171","pokemon_move_method_id":"4","level":"0","pokemon_id":"131"}{"order":"","version_group_id":"4","move_id":"173","pokemon_move_method_id":"4","level":"0","pokemon_id":"131"}{"order":"","version_group_id":"4","move_id":"174","pokemon_move_method_id":"4","level":"0","pokemon_id":"131"}{"order":"","version_group_id":"4","move_id":"182","pokemon_move_method_id":"4","level":"0","pokemon_id":"131"}{"order":"","version_group_id":"4","move_id":"192","pokemon_move_method_id":"4","level":"0","pokemon_id":"131"}{"order":"","version_group_id":"4","move_id":"193","pokemon_move_method_id":"2","level":"0","pokemon_id":"131"}{"order":"","version_group_id":"4","move_id":"195","pokemon_move_method_id":"1","level":"29","pokemon_id":"131"}{"order":"","version_group_id":"4","move_id":"196","pokemon_move_method_id":"4","level":"0","pokemon_id":"131"}{"order":"","version_group_id":"4","move_id":"203","pokemon_move_method_id":"4","level":"0","pokemon_id":"131"}{"order":"","version_group_id":"4","move_id":"207","pokemon_move_method_id":"4","level":"0","pokemon_id":"131"}{"order":"","version_group_id":"4","move_id":"213","pokemon_move_method_id":"4","level":"0","pokemon_id":"131"}{"order":"","version_group_id":"4","move_id":"214","pokemon_move_method_id":"4","level":"0","pokemon_id":"131"}{"order":"","version_group_id":"4","move_id":"216","pokemon_move_method_id":"4","level":"0","pokemon_id":"131"}{"order":"","version_group_id":"4","move_id":"218","pokemon_move_method_id":"4","level":"0","pokemon_id":"131"}{"order":"","version_group_id":"4","move_id":"219","pokemon_move_method_id":"1","level":"50","pokemon_id":"131"}{"order":"","version_group_id":"4","move_id":"225","pokemon_move_method_id":"4","level":"0","pokemon_id":"131"}{"order":"","version_group_id":"4","move_id":"231","pokemon_move_method_id":"4","level":"0","pokemon_id":"131"}{"order":"","version_group_id":"4","move_id":"237","pokemon_move_method_id":"4","level":"0","pokemon_id":"131"}{"order":"","version_group_id":"4","move_id":"240","pokemon_move_method_id":"1","level":"43","pokemon_id":"131"}{"order":"","version_group_id":"4","move_id":"240","pokemon_move_method_id":"4","level":"0","pokemon_id":"131"}{"order":"","version_group_id":"4","move_id":"249","pokemon_move_method_id":"4","level":"0","pokemon_id":"131"}{"order":"","version_group_id":"4","move_id":"250","pokemon_move_method_id":"4","level":"0","pokemon_id":"131"}{"order":"","version_group_id":"5","move_id":"32","pokemon_move_method_id":"2","level":"0","pokemon_id":"131"}{"order":"","version_group_id":"5","move_id":"34","pokemon_move_method_id":"1","level":"13","pokemon_id":"131"}{"order":"2","version_group_id":"5","move_id":"45","pokemon_move_method_id":"1","level":"1","pokemon_id":"131"}{"order":"","version_group_id":"5","move_id":"46","pokemon_move_method_id":"4","level":"0","pokemon_id":"131"}{"order":"3","version_group_id":"5","move_id":"47","pokemon_move_method_id":"1","level":"1","pokemon_id":"131"}{"order":"","version_group_id":"5","move_id":"54","pokemon_move_method_id":"1","level":"7","pokemon_id":"131"}{"order":"1","version_group_id":"5","move_id":"55","pokemon_move_method_id":"1","level":"1","pokemon_id":"131"}{"order":"","version_group_id":"5","move_id":"56","pokemon_move_method_id":"1","level":"49","pokemon_id":"131"}{"order":"","version_group_id":"5","move_id":"57","pokemon_move_method_id":"4","level":"0","pokemon_id":"131"}{"order":"","version_group_id":"5","move_id":"58","pokemon_move_method_id":"1","level":"31","pokemon_id":"131"}{"order":"","version_group_id":"5","move_id":"58","pokemon_move_method_id":"4","level":"0","pokemon_id":"131"}{"order":"","version_group_id":"5","move_id":"59","pokemon_move_method_id":"4","level":"0","pokemon_id":"131"}{"order":"","version_group_id":"5","move_id":"63","pokemon_move_method_id":"4","level":"0","pokemon_id":"131"}{"order":"","version_group_id":"5","move_id":"70","pokemon_move_method_id":"4","level":"0","pokemon_id":"131"}{"order":"","version_group_id":"5","move_id":"85","pokemon_move_method_id":"4","level":"0","pokemon_id":"131"}{"order":"","version_group_id":"5","move_id":"87","pokemon_move_method_id":"4","level":"0","pokemon_id":"131"}{"order":"","version_group_id":"5","move_id":"92","pokemon_move_method_id":"4","level":"0","pokemon_id":"131"}{"order":"","version_group_id":"5","move_id":"94","pokemon_move_method_id":"4","level":"0","pokemon_id":"131"}{"order":"","version_group_id":"5","move_id":"104","pokemon_move_method_id":"4","level":"0","pokemon_id":"131"}{"order":"","version_group_id":"5","move_id":"109","pokemon_move_method_id":"1","level":"19","pokemon_id":"131"}{"order":"","version_group_id":"5","move_id":"127","pokemon_move_method_id":"4","level":"0","pokemon_id":"131"}{"order":"","version_group_id":"5","move_id":"156","pokemon_move_method_id":"4","level":"0","pokemon_id":"131"}{"order":"","version_group_id":"5","move_id":"164","pokemon_move_method_id":"2","level":"0","pokemon_id":"131"}{"order":"","version_group_id":"5","move_id":"174","pokemon_move_method_id":"2","level":"0","pokemon_id":"131"}{"order":"","version_group_id":"5","move_id":"182","pokemon_move_method_id":"4","level":"0","pokemon_id":"131"}{"order":"","version_group_id":"5","move_id":"193","pokemon_move_method_id":"2","level":"0","pokemon_id":"131"}{"order":"","version_group_id":"5","move_id":"195","pokemon_move_method_id":"1","level":"25","pokemon_id":"131"}{"order":"","version_group_id":"5","move_id":"213","pokemon_move_method_id":"4","level":"0","pokemon_id":"131"}{"order":"","version_group_id":"5","move_id":"214","pokemon_move_method_id":"2","level":"0","pokemon_id":"131"}{"order":"","version_group_id":"5","move_id":"216","pokemon_move_method_id":"4","level":"0","pokemon_id":"131"}{"order":"","version_group_id":"5","move_id":"218","pokemon_move_method_id":"4","level":"0","pokemon_id":"131"}{"order":"","version_group_id":"5","move_id":"219","pokemon_move_method_id":"1","level":"43","pokemon_id":"131"}{"order":"","version_group_id":"5","move_id":"219","pokemon_move_method_id":"4","level":"0","pokemon_id":"131"}{"order":"","version_group_id":"5","move_id":"231","pokemon_move_method_id":"4","level":"0","pokemon_id":"131"}{"order":"","version_group_id":"5","move_id":"237","pokemon_move_method_id":"4","level":"0","pokemon_id":"131"}{"order":"","version_group_id":"5","move_id":"240","pokemon_move_method_id":"1","level":"37","pokemon_id":"131"}{"order":"","version_group_id":"5","move_id":"240","pokemon_move_method_id":"4","level":"0","pokemon_id":"131"}{"order":"","version_group_id":"5","move_id":"249","pokemon_move_method_id":"4","level":"0","pokemon_id":"131"}{"order":"","version_group_id":"5","move_id":"258","pokemon_move_method_id":"4","level":"0","pokemon_id":"131"}{"order":"","version_group_id":"5","move_id":"263","pokemon_move_method_id":"4","level":"0","pokemon_id":"131"}{"order":"","version_group_id":"5","move_id":"287","pokemon_move_method_id":"2","level":"0","pokemon_id":"131"}{"order":"","version_group_id":"5","move_id":"290","pokemon_move_method_id":"4","level":"0","pokemon_id":"131"}{"order":"","version_group_id":"5","move_id":"291","pokemon_move_method_id":"4","level":"0","pokemon_id":"131"}{"order":"","version_group_id":"5","move_id":"321","pokemon_move_method_id":"2","level":"0","pokemon_id":"131"}{"order":"","version_group_id":"5","move_id":"329","pokemon_move_method_id":"1","level":"55","pokemon_id":"131"}{"order":"","version_group_id":"5","move_id":"349","pokemon_move_method_id":"2","level":"0","pokemon_id":"131"}{"order":"","version_group_id":"5","move_id":"351","pokemon_move_method_id":"4","level":"0","pokemon_id":"131"}{"order":"","version_group_id":"5","move_id":"352","pokemon_move_method_id":"4","level":"0","pokemon_id":"131"}{"order":"","version_group_id":"6","move_id":"32","pokemon_move_method_id":"2","level":"0","pokemon_id":"131"}{"order":"","version_group_id":"6","move_id":"34","pokemon_move_method_id":"1","level":"13","pokemon_id":"131"}{"order":"","version_group_id":"6","move_id":"34","pokemon_move_method_id":"3","level":"0","pokemon_id":"131"}{"order":"","version_group_id":"6","move_id":"38","pokemon_move_method_id":"3","level":"0","pokemon_id":"131"}{"order":"2","version_group_id":"6","move_id":"45","pokemon_move_method_id":"1","level":"1","pokemon_id":"131"}{"order":"","version_group_id":"6","move_id":"46","pokemon_move_method_id":"4","level":"0","pokemon_id":"131"}{"order":"3","version_group_id":"6","move_id":"47","pokemon_move_method_id":"1","level":"1","pokemon_id":"131"}{"order":"","version_group_id":"6","move_id":"54","pokemon_move_method_id":"1","level":"7","pokemon_id":"131"}{"order":"1","version_group_id":"6","move_id":"55","pokemon_move_method_id":"1","level":"1","pokemon_id":"131"}{"order":"","version_group_id":"6","move_id":"56","pokemon_move_method_id":"1","level":"49","pokemon_id":"131"}{"order":"","version_group_id":"6","move_id":"57","pokemon_move_method_id":"4","level":"0","pokemon_id":"131"}{"order":"","version_group_id":"6","move_id":"58","pokemon_move_method_id":"1","level":"31","pokemon_id":"131"}{"order":"","version_group_id":"6","move_id":"58","pokemon_move_method_id":"4","level":"0","pokemon_id":"131"}{"order":"","version_group_id":"6","move_id":"59","pokemon_move_method_id":"4","level":"0","pokemon_id":"131"}{"order":"","version_group_id":"6","move_id":"63","pokemon_move_method_id":"4","level":"0","pokemon_id":"131"}{"order":"","version_group_id":"6","move_id":"70","pokemon_move_method_id":"4","level":"0","pokemon_id":"131"}{"order":"","version_group_id":"6","move_id":"85","pokemon_move_method_id":"4","level":"0","pokemon_id":"131"}{"order":"","version_group_id":"6","move_id":"87","pokemon_move_method_id":"4","level":"0","pokemon_id":"131"}{"order":"","version_group_id":"6","move_id":"92","pokemon_move_method_id":"4","level":"0","pokemon_id":"131"}{"order":"","version_group_id":"6","move_id":"94","pokemon_move_method_id":"4","level":"0","pokemon_id":"131"}{"order":"","version_group_id":"6","move_id":"102","pokemon_move_method_id":"3","level":"0","pokemon_id":"131"}{"order":"","version_group_id":"6","move_id":"104","pokemon_move_method_id":"4","level":"0","pokemon_id":"131"}{"order":"","version_group_id":"6","move_id":"109","pokemon_move_method_id":"1","level":"19","pokemon_id":"131"}{"order":"","version_group_id":"6","move_id":"127","pokemon_move_method_id":"4","level":"0","pokemon_id":"131"}{"order":"","version_group_id":"6","move_id":"138","pokemon_move_method_id":"3","level":"0","pokemon_id":"131"}{"order":"","version_group_id":"6","move_id":"156","pokemon_move_method_id":"4","level":"0","pokemon_id":"131"}{"order":"","version_group_id":"6","move_id":"164","pokemon_move_method_id":"2","level":"0","pokemon_id":"131"}{"order":"","version_group_id":"6","move_id":"164","pokemon_move_method_id":"3","level":"0","pokemon_id":"131"}{"order":"","version_group_id":"6","move_id":"173","pokemon_move_method_id":"3","level":"0","pokemon_id":"131"}{"order":"","version_group_id":"6","move_id":"174","pokemon_move_method_id":"2","level":"0","pokemon_id":"131"}{"order":"","version_group_id":"6","move_id":"182","pokemon_move_method_id":"4","level":"0","pokemon_id":"131"}{"order":"","version_group_id":"6","move_id":"193","pokemon_move_method_id":"2","level":"0","pokemon_id":"131"}{"order":"","version_group_id":"6","move_id":"195","pokemon_move_method_id":"1","level":"25","pokemon_id":"131"}{"order":"","version_group_id":"6","move_id":"196","pokemon_move_method_id":"3","level":"0","pokemon_id":"131"}{"order":"","version_group_id":"6","move_id":"203","pokemon_move_method_id":"3","level":"0","pokemon_id":"131"}{"order":"","version_group_id":"6","move_id":"207","pokemon_move_method_id":"3","level":"0","pokemon_id":"131"}{"order":"","version_group_id":"6","move_id":"213","pokemon_move_method_id":"4","level":"0","pokemon_id":"131"}{"order":"","version_group_id":"6","move_id":"214","pokemon_move_method_id":"2","level":"0","pokemon_id":"131"}{"order":"","version_group_id":"6","move_id":"214","pokemon_move_method_id":"3","level":"0","pokemon_id":"131"}{"order":"","version_group_id":"6","move_id":"216","pokemon_move_method_id":"4","level":"0","pokemon_id":"131"}{"order":"","version_group_id":"6","move_id":"218","pokemon_move_method_id":"4","level":"0","pokemon_id":"131"}{"order":"","version_group_id":"6","move_id":"219","pokemon_move_method_id":"1","level":"43","pokemon_id":"131"}{"order":"","version_group_id":"6","move_id":"219","pokemon_move_method_id":"4","level":"0","pokemon_id":"131"}{"order":"","version_group_id":"6","move_id":"231","pokemon_move_method_id":"4","level":"0","pokemon_id":"131"}{"order":"","version_group_id":"6","move_id":"237","pokemon_move_method_id":"4","level":"0","pokemon_id":"131"}{"order":"","version_group_id":"6","move_id":"240","pokemon_move_method_id":"1","level":"37","pokemon_id":"131"}{"order":"","version_group_id":"6","move_id":"240","pokemon_move_method_id":"4","level":"0","pokemon_id":"131"}{"order":"","version_group_id":"6","move_id":"249","pokemon_move_method_id":"4","level":"0","pokemon_id":"131"}{"order":"","version_group_id":"6","move_id":"258","pokemon_move_method_id":"4","level":"0","pokemon_id":"131"}{"order":"","version_group_id":"6","move_id":"263","pokemon_move_method_id":"4","level":"0","pokemon_id":"131"}{"order":"","version_group_id":"6","move_id":"287","pokemon_move_method_id":"2","level":"0","pokemon_id":"131"}{"order":"","version_group_id":"6","move_id":"290","pokemon_move_method_id":"4","level":"0","pokemon_id":"131"}{"order":"","version_group_id":"6","move_id":"291","pokemon_move_method_id":"4","level":"0","pokemon_id":"131"}{"order":"","version_group_id":"6","move_id":"321","pokemon_move_method_id":"2","level":"0","pokemon_id":"131"}{"order":"","version_group_id":"6","move_id":"329","pokemon_move_method_id":"1","level":"55","pokemon_id":"131"}{"order":"","version_group_id":"6","move_id":"349","pokemon_move_method_id":"2","level":"0","pokemon_id":"131"}{"order":"","version_group_id":"6","move_id":"351","pokemon_move_method_id":"4","level":"0","pokemon_id":"131"}{"order":"","version_group_id":"6","move_id":"352","pokemon_move_method_id":"4","level":"0","pokemon_id":"131"}{"order":"","version_group_id":"7","move_id":"32","pokemon_move_method_id":"2","level":"0","pokemon_id":"131"}{"order":"","version_group_id":"7","move_id":"34","pokemon_move_method_id":"1","level":"13","pokemon_id":"131"}{"order":"","version_group_id":"7","move_id":"34","pokemon_move_method_id":"3","level":"0","pokemon_id":"131"}{"order":"","version_group_id":"7","move_id":"38","pokemon_move_method_id":"3","level":"0","pokemon_id":"131"}{"order":"2","version_group_id":"7","move_id":"45","pokemon_move_method_id":"1","level":"1","pokemon_id":"131"}{"order":"","version_group_id":"7","move_id":"46","pokemon_move_method_id":"4","level":"0","pokemon_id":"131"}{"order":"3","version_group_id":"7","move_id":"47","pokemon_move_method_id":"1","level":"1","pokemon_id":"131"}{"order":"","version_group_id":"7","move_id":"54","pokemon_move_method_id":"1","level":"7","pokemon_id":"131"}{"order":"1","version_group_id":"7","move_id":"55","pokemon_move_method_id":"1","level":"1","pokemon_id":"131"}{"order":"","version_group_id":"7","move_id":"56","pokemon_move_method_id":"1","level":"49","pokemon_id":"131"}{"order":"","version_group_id":"7","move_id":"57","pokemon_move_method_id":"4","level":"0","pokemon_id":"131"}{"order":"","version_group_id":"7","move_id":"58","pokemon_move_method_id":"1","level":"31","pokemon_id":"131"}{"order":"","version_group_id":"7","move_id":"58","pokemon_move_method_id":"4","level":"0","pokemon_id":"131"}{"order":"","version_group_id":"7","move_id":"59","pokemon_move_method_id":"4","level":"0","pokemon_id":"131"}{"order":"","version_group_id":"7","move_id":"63","pokemon_move_method_id":"4","level":"0","pokemon_id":"131"}{"order":"","version_group_id":"7","move_id":"70","pokemon_move_method_id":"4","level":"0","pokemon_id":"131"}{"order":"","version_group_id":"7","move_id":"85","pokemon_move_method_id":"4","level":"0","pokemon_id":"131"}{"order":"","version_group_id":"7","move_id":"87","pokemon_move_method_id":"4","level":"0","pokemon_id":"131"}{"order":"","version_group_id":"7","move_id":"92","pokemon_move_method_id":"4","level":"0","pokemon_id":"131"}{"order":"","version_group_id":"7","move_id":"94","pokemon_move_method_id":"4","level":"0","pokemon_id":"131"}{"order":"","version_group_id":"7","move_id":"102","pokemon_move_method_id":"3","level":"0","pokemon_id":"131"}{"order":"","version_group_id":"7","move_id":"104","pokemon_move_method_id":"4","level":"0","pokemon_id":"131"}{"order":"","version_group_id":"7","move_id":"109","pokemon_move_method_id":"1","level":"19","pokemon_id":"131"}{"order":"","version_group_id":"7","move_id":"127","pokemon_move_method_id":"4","level":"0","pokemon_id":"131"}{"order":"","version_group_id":"7","move_id":"138","pokemon_move_method_id":"3","level":"0","pokemon_id":"131"}{"order":"","version_group_id":"7","move_id":"156","pokemon_move_method_id":"4","level":"0","pokemon_id":"131"}{"order":"","version_group_id":"7","move_id":"164","pokemon_move_method_id":"2","level":"0","pokemon_id":"131"}{"order":"","version_group_id":"7","move_id":"164","pokemon_move_method_id":"3","level":"0","pokemon_id":"131"}{"order":"","version_group_id":"7","move_id":"174","pokemon_move_method_id":"2","level":"0","pokemon_id":"131"}{"order":"","version_group_id":"7","move_id":"182","pokemon_move_method_id":"4","level":"0","pokemon_id":"131"}{"order":"","version_group_id":"7","move_id":"193","pokemon_move_method_id":"2","level":"0","pokemon_id":"131"}{"order":"","version_group_id":"7","move_id":"195","pokemon_move_method_id":"1","level":"25","pokemon_id":"131"}{"order":"","version_group_id":"7","move_id":"213","pokemon_move_method_id":"4","level":"0","pokemon_id":"131"}{"order":"","version_group_id":"7","move_id":"214","pokemon_move_method_id":"2","level":"0","pokemon_id":"131"}{"order":"","version_group_id":"7","move_id":"216","pokemon_move_method_id":"4","level":"0","pokemon_id":"131"}{"order":"","version_group_id":"7","move_id":"218","pokemon_move_method_id":"4","level":"0","pokemon_id":"131"}{"order":"","version_group_id":"7","move_id":"219","pokemon_move_method_id":"1","level":"43","pokemon_id":"131"}{"order":"","version_group_id":"7","move_id":"219","pokemon_move_method_id":"4","level":"0","pokemon_id":"131"}{"order":"","version_group_id":"7","move_id":"231","pokemon_move_method_id":"4","level":"0","pokemon_id":"131"}{"order":"","version_group_id":"7","move_id":"237","pokemon_move_method_id":"4","level":"0","pokemon_id":"131"}{"order":"","version_group_id":"7","move_id":"240","pokemon_move_method_id":"1","level":"37","pokemon_id":"131"}{"order":"","version_group_id":"7","move_id":"240","pokemon_move_method_id":"4","level":"0","pokemon_id":"131"}{"order":"","version_group_id":"7","move_id":"249","pokemon_move_method_id":"4","level":"0","pokemon_id":"131"}{"order":"","version_group_id":"7","move_id":"258","pokemon_move_method_id":"4","level":"0","pokemon_id":"131"}{"order":"","version_group_id":"7","move_id":"263","pokemon_move_method_id":"4","level":"0","pokemon_id":"131"}{"order":"","version_group_id":"7","move_id":"287","pokemon_move_method_id":"2","level":"0","pokemon_id":"131"}{"order":"","version_group_id":"7","move_id":"290","pokemon_move_method_id":"4","level":"0","pokemon_id":"131"}{"order":"","version_group_id":"7","move_id":"291","pokemon_move_method_id":"4","level":"0","pokemon_id":"131"}{"order":"","version_group_id":"7","move_id":"321","pokemon_move_method_id":"2","level":"0","pokemon_id":"131"}{"order":"","version_group_id":"7","move_id":"329","pokemon_move_method_id":"1","level":"55","pokemon_id":"131"}{"order":"","version_group_id":"7","move_id":"349","pokemon_move_method_id":"2","level":"0","pokemon_id":"131"}{"order":"","version_group_id":"7","move_id":"351","pokemon_move_method_id":"4","level":"0","pokemon_id":"131"}{"order":"","version_group_id":"7","move_id":"352","pokemon_move_method_id":"4","level":"0","pokemon_id":"131"}{"order":"","version_group_id":"8","move_id":"32","pokemon_move_method_id":"2","level":"0","pokemon_id":"131"}{"order":"","version_group_id":"8","move_id":"34","pokemon_move_method_id":"1","level":"18","pokemon_id":"131"}{"order":"2","version_group_id":"8","move_id":"45","pokemon_move_method_id":"1","level":"1","pokemon_id":"131"}{"order":"","version_group_id":"8","move_id":"46","pokemon_move_method_id":"4","level":"0","pokemon_id":"131"}{"order":"1","version_group_id":"8","move_id":"47","pokemon_move_method_id":"1","level":"1","pokemon_id":"131"}{"order":"","version_group_id":"8","move_id":"54","pokemon_move_method_id":"1","level":"4","pokemon_id":"131"}{"order":"3","version_group_id":"8","move_id":"55","pokemon_move_method_id":"1","level":"1","pokemon_id":"131"}{"order":"","version_group_id":"8","move_id":"56","pokemon_move_method_id":"1","level":"49","pokemon_id":"131"}{"order":"","version_group_id":"8","move_id":"57","pokemon_move_method_id":"4","level":"0","pokemon_id":"131"}{"order":"","version_group_id":"8","move_id":"58","pokemon_move_method_id":"1","level":"32","pokemon_id":"131"}{"order":"","version_group_id":"8","move_id":"58","pokemon_move_method_id":"4","level":"0","pokemon_id":"131"}{"order":"","version_group_id":"8","move_id":"59","pokemon_move_method_id":"4","level":"0","pokemon_id":"131"}{"order":"","version_group_id":"8","move_id":"63","pokemon_move_method_id":"4","level":"0","pokemon_id":"131"}{"order":"","version_group_id":"8","move_id":"70","pokemon_move_method_id":"4","level":"0","pokemon_id":"131"}{"order":"","version_group_id":"8","move_id":"85","pokemon_move_method_id":"4","level":"0","pokemon_id":"131"}{"order":"","version_group_id":"8","move_id":"87","pokemon_move_method_id":"4","level":"0","pokemon_id":"131"}{"order":"","version_group_id":"8","move_id":"90","pokemon_move_method_id":"2","level":"0","pokemon_id":"131"}{"order":"","version_group_id":"8","move_id":"92","pokemon_move_method_id":"4","level":"0","pokemon_id":"131"}{"order":"","version_group_id":"8","move_id":"94","pokemon_move_method_id":"4","level":"0","pokemon_id":"131"}{"order":"","version_group_id":"8","move_id":"104","pokemon_move_method_id":"4","level":"0","pokemon_id":"131"}{"order":"","version_group_id":"8","move_id":"109","pokemon_move_method_id":"1","level":"7","pokemon_id":"131"}{"order":"","version_group_id":"8","move_id":"127","pokemon_move_method_id":"4","level":"0","pokemon_id":"131"}{"order":"","version_group_id":"8","move_id":"138","pokemon_move_method_id":"4","level":"0","pokemon_id":"131"}{"order":"","version_group_id":"8","move_id":"156","pokemon_move_method_id":"4","level":"0","pokemon_id":"131"}{"order":"","version_group_id":"8","move_id":"164","pokemon_move_method_id":"2","level":"0","pokemon_id":"131"}{"order":"","version_group_id":"8","move_id":"164","pokemon_move_method_id":"4","level":"0","pokemon_id":"131"}{"order":"","version_group_id":"8","move_id":"174","pokemon_move_method_id":"2","level":"0","pokemon_id":"131"}{"order":"","version_group_id":"8","move_id":"182","pokemon_move_method_id":"4","level":"0","pokemon_id":"131"}{"order":"","version_group_id":"8","move_id":"193","pokemon_move_method_id":"2","level":"0","pokemon_id":"131"}{"order":"","version_group_id":"8","move_id":"195","pokemon_move_method_id":"1","level":"27","pokemon_id":"131"}{"order":"","version_group_id":"8","move_id":"203","pokemon_move_method_id":"4","level":"0","pokemon_id":"131"}{"order":"","version_group_id":"8","move_id":"207","pokemon_move_method_id":"4","level":"0","pokemon_id":"131"}{"order":"","version_group_id":"8","move_id":"213","pokemon_move_method_id":"4","level":"0","pokemon_id":"131"}{"order":"","version_group_id":"8","move_id":"214","pokemon_move_method_id":"2","level":"0","pokemon_id":"131"}{"order":"","version_group_id":"8","move_id":"214","pokemon_move_method_id":"4","level":"0","pokemon_id":"131"}{"order":"","version_group_id":"8","move_id":"216","pokemon_move_method_id":"4","level":"0","pokemon_id":"131"}{"order":"","version_group_id":"8","move_id":"218","pokemon_move_method_id":"4","level":"0","pokemon_id":"131"}{"order":"","version_group_id":"8","move_id":"219","pokemon_move_method_id":"1","level":"43","pokemon_id":"131"}{"order":"","version_group_id":"8","move_id":"219","pokemon_move_method_id":"4","level":"0","pokemon_id":"131"}{"order":"","version_group_id":"8","move_id":"231","pokemon_move_method_id":"4","level":"0","pokemon_id":"131"}{"order":"","version_group_id":"8","move_id":"237","pokemon_move_method_id":"4","level":"0","pokemon_id":"131"}{"order":"","version_group_id":"8","move_id":"240","pokemon_move_method_id":"1","level":"22","pokemon_id":"131"}{"order":"","version_group_id":"8","move_id":"240","pokemon_move_method_id":"4","level":"0","pokemon_id":"131"}{"order":"","version_group_id":"8","move_id":"246","pokemon_move_method_id":"2","level":"0","pokemon_id":"131"}{"order":"","version_group_id":"8","move_id":"249","pokemon_move_method_id":"4","level":"0","pokemon_id":"131"}{"order":"","version_group_id":"8","move_id":"250","pokemon_move_method_id":"2","level":"0","pokemon_id":"131"}{"order":"","version_group_id":"8","move_id":"258","pokemon_move_method_id":"4","level":"0","pokemon_id":"131"}{"order":"","version_group_id":"8","move_id":"263","pokemon_move_method_id":"4","level":"0","pokemon_id":"131"}{"order":"","version_group_id":"8","move_id":"287","pokemon_move_method_id":"2","level":"0","pokemon_id":"131"}{"order":"","version_group_id":"8","move_id":"290","pokemon_move_method_id":"4","level":"0","pokemon_id":"131"}{"order":"","version_group_id":"8","move_id":"321","pokemon_move_method_id":"2","level":"0","pokemon_id":"131"}{"order":"","version_group_id":"8","move_id":"329","pokemon_move_method_id":"1","level":"55","pokemon_id":"131"}{"order":"","version_group_id":"8","move_id":"349","pokemon_move_method_id":"2","level":"0","pokemon_id":"131"}{"order":"","version_group_id":"8","move_id":"351","pokemon_move_method_id":"4","level":"0","pokemon_id":"131"}{"order":"","version_group_id":"8","move_id":"352","pokemon_move_method_id":"1","level":"14","pokemon_id":"131"}{"order":"","version_group_id":"8","move_id":"352","pokemon_move_method_id":"4","level":"0","pokemon_id":"131"}{"order":"","version_group_id":"8","move_id":"362","pokemon_move_method_id":"1","level":"37","pokemon_id":"131"}{"order":"","version_group_id":"8","move_id":"362","pokemon_move_method_id":"4","level":"0","pokemon_id":"131"}{"order":"","version_group_id":"8","move_id":"363","pokemon_move_method_id":"4","level":"0","pokemon_id":"131"}{"order":"","version_group_id":"8","move_id":"406","pokemon_move_method_id":"4","level":"0","pokemon_id":"131"}{"order":"","version_group_id":"8","move_id":"416","pokemon_move_method_id":"4","level":"0","pokemon_id":"131"}{"order":"","version_group_id":"8","move_id":"419","pokemon_move_method_id":"4","level":"0","pokemon_id":"131"}{"order":"","version_group_id":"8","move_id":"420","pokemon_move_method_id":"1","level":"10","pokemon_id":"131"}{"order":"","version_group_id":"8","move_id":"445","pokemon_move_method_id":"4","level":"0","pokemon_id":"131"}{"order":"","version_group_id":"9","move_id":"32","pokemon_move_method_id":"2","level":"0","pokemon_id":"131"}{"order":"","version_group_id":"9","move_id":"34","pokemon_move_method_id":"1","level":"18","pokemon_id":"131"}{"order":"2","version_group_id":"9","move_id":"45","pokemon_move_method_id":"1","level":"1","pokemon_id":"131"}{"order":"","version_group_id":"9","move_id":"46","pokemon_move_method_id":"4","level":"0","pokemon_id":"131"}{"order":"1","version_group_id":"9","move_id":"47","pokemon_move_method_id":"1","level":"1","pokemon_id":"131"}{"order":"","version_group_id":"9","move_id":"54","pokemon_move_method_id":"1","level":"4","pokemon_id":"131"}{"order":"3","version_group_id":"9","move_id":"55","pokemon_move_method_id":"1","level":"1","pokemon_id":"131"}{"order":"","version_group_id":"9","move_id":"56","pokemon_move_method_id":"1","level":"49","pokemon_id":"131"}{"order":"","version_group_id":"9","move_id":"57","pokemon_move_method_id":"4","level":"0","pokemon_id":"131"}{"order":"","version_group_id":"9","move_id":"58","pokemon_move_method_id":"1","level":"32","pokemon_id":"131"}{"order":"","version_group_id":"9","move_id":"58","pokemon_move_method_id":"4","level":"0","pokemon_id":"131"}{"order":"","version_group_id":"9","move_id":"59","pokemon_move_method_id":"4","level":"0","pokemon_id":"131"}{"order":"","version_group_id":"9","move_id":"63","pokemon_move_method_id":"4","level":"0","pokemon_id":"131"}{"order":"","version_group_id":"9","move_id":"70","pokemon_move_method_id":"4","level":"0","pokemon_id":"131"}{"order":"","version_group_id":"9","move_id":"85","pokemon_move_method_id":"4","level":"0","pokemon_id":"131"}{"order":"","version_group_id":"9","move_id":"87","pokemon_move_method_id":"4","level":"0","pokemon_id":"131"}{"order":"","version_group_id":"9","move_id":"90","pokemon_move_method_id":"2","level":"0","pokemon_id":"131"}{"order":"","version_group_id":"9","move_id":"92","pokemon_move_method_id":"4","level":"0","pokemon_id":"131"}{"order":"","version_group_id":"9","move_id":"94","pokemon_move_method_id":"4","level":"0","pokemon_id":"131"}{"order":"","version_group_id":"9","move_id":"104","pokemon_move_method_id":"4","level":"0","pokemon_id":"131"}{"order":"","version_group_id":"9","move_id":"109","pokemon_move_method_id":"1","level":"7","pokemon_id":"131"}{"order":"","version_group_id":"9","move_id":"127","pokemon_move_method_id":"4","level":"0","pokemon_id":"131"}{"order":"","version_group_id":"9","move_id":"138","pokemon_move_method_id":"4","level":"0","pokemon_id":"131"}{"order":"","version_group_id":"9","move_id":"156","pokemon_move_method_id":"4","level":"0","pokemon_id":"131"}{"order":"","version_group_id":"9","move_id":"164","pokemon_move_method_id":"2","level":"0","pokemon_id":"131"}{"order":"","version_group_id":"9","move_id":"164","pokemon_move_method_id":"4","level":"0","pokemon_id":"131"}{"order":"","version_group_id":"9","move_id":"173","pokemon_move_method_id":"3","level":"0","pokemon_id":"131"}{"order":"","version_group_id":"9","move_id":"174","pokemon_move_method_id":"2","level":"0","pokemon_id":"131"}{"order":"","version_group_id":"9","move_id":"182","pokemon_move_method_id":"4","level":"0","pokemon_id":"131"}{"order":"","version_group_id":"9","move_id":"193","pokemon_move_method_id":"2","level":"0","pokemon_id":"131"}{"order":"","version_group_id":"9","move_id":"195","pokemon_move_method_id":"1","level":"27","pokemon_id":"131"}{"order":"","version_group_id":"9","move_id":"196","pokemon_move_method_id":"3","level":"0","pokemon_id":"131"}{"order":"","version_group_id":"9","move_id":"200","pokemon_move_method_id":"3","level":"0","pokemon_id":"131"}{"order":"","version_group_id":"9","move_id":"203","pokemon_move_method_id":"4","level":"0","pokemon_id":"131"}{"order":"","version_group_id":"9","move_id":"207","pokemon_move_method_id":"4","level":"0","pokemon_id":"131"}{"order":"","version_group_id":"9","move_id":"213","pokemon_move_method_id":"4","level":"0","pokemon_id":"131"}{"order":"","version_group_id":"9","move_id":"214","pokemon_move_method_id":"2","level":"0","pokemon_id":"131"}{"order":"","version_group_id":"9","move_id":"214","pokemon_move_method_id":"4","level":"0","pokemon_id":"131"}{"order":"","version_group_id":"9","move_id":"216","pokemon_move_method_id":"4","level":"0","pokemon_id":"131"}{"order":"","version_group_id":"9","move_id":"218","pokemon_move_method_id":"4","level":"0","pokemon_id":"131"}{"order":"","version_group_id":"9","move_id":"219","pokemon_move_method_id":"1","level":"43","pokemon_id":"131"}{"order":"","version_group_id":"9","move_id":"219","pokemon_move_method_id":"4","level":"0","pokemon_id":"131"}{"order":"","version_group_id":"9","move_id":"231","pokemon_move_method_id":"4","level":"0","pokemon_id":"131"}{"order":"","version_group_id":"9","move_id":"237","pokemon_move_method_id":"4","level":"0","pokemon_id":"131"}{"order":"","version_group_id":"9","move_id":"240","pokemon_move_method_id":"1","level":"22","pokemon_id":"131"}{"order":"","version_group_id":"9","move_id":"240","pokemon_move_method_id":"4","level":"0","pokemon_id":"131"}{"order":"","version_group_id":"9","move_id":"246","pokemon_move_method_id":"2","level":"0","pokemon_id":"131"}{"order":"","version_group_id":"9","move_id":"246","pokemon_move_method_id":"3","level":"0","pokemon_id":"131"}{"order":"","version_group_id":"9","move_id":"249","pokemon_move_method_id":"4","level":"0","pokemon_id":"131"}{"order":"","version_group_id":"9","move_id":"250","pokemon_move_method_id":"2","level":"0","pokemon_id":"131"}{"order":"","version_group_id":"9","move_id":"258","pokemon_move_method_id":"4","level":"0","pokemon_id":"131"}{"order":"","version_group_id":"9","move_id":"263","pokemon_move_method_id":"4","level":"0","pokemon_id":"131"}{"order":"","version_group_id":"9","move_id":"287","pokemon_move_method_id":"2","level":"0","pokemon_id":"131"}{"order":"","version_group_id":"9","move_id":"290","pokemon_move_method_id":"4","level":"0","pokemon_id":"131"}{"order":"","version_group_id":"9","move_id":"291","pokemon_move_method_id":"3","level":"0","pokemon_id":"131"}{"order":"","version_group_id":"9","move_id":"321","pokemon_move_method_id":"2","level":"0","pokemon_id":"131"}{"order":"","version_group_id":"9","move_id":"324","pokemon_move_method_id":"3","level":"0","pokemon_id":"131"}{"order":"","version_group_id":"9","move_id":"329","pokemon_move_method_id":"1","level":"55","pokemon_id":"131"}{"order":"","version_group_id":"9","move_id":"349","pokemon_move_method_id":"2","level":"0","pokemon_id":"131"}{"order":"","version_group_id":"9","move_id":"351","pokemon_move_method_id":"4","level":"0","pokemon_id":"131"}{"order":"","version_group_id":"9","move_id":"352","pokemon_move_method_id":"1","level":"14","pokemon_id":"131"}{"order":"","version_group_id":"9","move_id":"352","pokemon_move_method_id":"4","level":"0","pokemon_id":"131"}{"order":"","version_group_id":"9","move_id":"362","pokemon_move_method_id":"1","level":"37","pokemon_id":"131"}{"order":"","version_group_id":"9","move_id":"362","pokemon_move_method_id":"4","level":"0","pokemon_id":"131"}{"order":"","version_group_id":"9","move_id":"363","pokemon_move_method_id":"4","level":"0","pokemon_id":"131"}{"order":"","version_group_id":"9","move_id":"401","pokemon_move_method_id":"3","level":"0","pokemon_id":"131"}{"order":"","version_group_id":"9","move_id":"406","pokemon_move_method_id":"4","level":"0","pokemon_id":"131"}{"order":"","version_group_id":"9","move_id":"416","pokemon_move_method_id":"4","level":"0","pokemon_id":"131"}{"order":"","version_group_id":"9","move_id":"419","pokemon_move_method_id":"4","level":"0","pokemon_id":"131"}{"order":"","version_group_id":"9","move_id":"420","pokemon_move_method_id":"1","level":"10","pokemon_id":"131"}{"order":"","version_group_id":"9","move_id":"428","pokemon_move_method_id":"3","level":"0","pokemon_id":"131"}{"order":"","version_group_id":"9","move_id":"442","pokemon_move_method_id":"3","level":"0","pokemon_id":"131"}{"order":"","version_group_id":"9","move_id":"445","pokemon_move_method_id":"4","level":"0","pokemon_id":"131"}{"order":"","version_group_id":"10","move_id":"29","pokemon_move_method_id":"3","level":"0","pokemon_id":"131"}{"order":"","version_group_id":"10","move_id":"32","pokemon_move_method_id":"2","level":"0","pokemon_id":"131"}{"order":"","version_group_id":"10","move_id":"34","pokemon_move_method_id":"1","level":"18","pokemon_id":"131"}{"order":"2","version_group_id":"10","move_id":"45","pokemon_move_method_id":"1","level":"1","pokemon_id":"131"}{"order":"","version_group_id":"10","move_id":"46","pokemon_move_method_id":"4","level":"0","pokemon_id":"131"}{"order":"1","version_group_id":"10","move_id":"47","pokemon_move_method_id":"1","level":"1","pokemon_id":"131"}{"order":"","version_group_id":"10","move_id":"54","pokemon_move_method_id":"1","level":"4","pokemon_id":"131"}{"order":"3","version_group_id":"10","move_id":"55","pokemon_move_method_id":"1","level":"1","pokemon_id":"131"}{"order":"","version_group_id":"10","move_id":"56","pokemon_move_method_id":"1","level":"49","pokemon_id":"131"}{"order":"","version_group_id":"10","move_id":"57","pokemon_move_method_id":"4","level":"0","pokemon_id":"131"}{"order":"","version_group_id":"10","move_id":"58","pokemon_move_method_id":"1","level":"32","pokemon_id":"131"}{"order":"","version_group_id":"10","move_id":"58","pokemon_move_method_id":"4","level":"0","pokemon_id":"131"}{"order":"","version_group_id":"10","move_id":"59","pokemon_move_method_id":"4","level":"0","pokemon_id":"131"}{"order":"","version_group_id":"10","move_id":"63","pokemon_move_method_id":"4","level":"0","pokemon_id":"131"}{"order":"","version_group_id":"10","move_id":"70","pokemon_move_method_id":"4","level":"0","pokemon_id":"131"}{"order":"","version_group_id":"10","move_id":"85","pokemon_move_method_id":"4","level":"0","pokemon_id":"131"}{"order":"","version_group_id":"10","move_id":"87","pokemon_move_method_id":"4","level":"0","pokemon_id":"131"}{"order":"","version_group_id":"10","move_id":"90","pokemon_move_method_id":"2","level":"0","pokemon_id":"131"}{"order":"","version_group_id":"10","move_id":"92","pokemon_move_method_id":"4","level":"0","pokemon_id":"131"}{"order":"","version_group_id":"10","move_id":"94","pokemon_move_method_id":"4","level":"0","pokemon_id":"131"}{"order":"","version_group_id":"10","move_id":"104","pokemon_move_method_id":"4","level":"0","pokemon_id":"131"}{"order":"","version_group_id":"10","move_id":"109","pokemon_move_method_id":"1","level":"7","pokemon_id":"131"}{"order":"","version_group_id":"10","move_id":"127","pokemon_move_method_id":"4","level":"0","pokemon_id":"131"}{"order":"","version_group_id":"10","move_id":"138","pokemon_move_method_id":"4","level":"0","pokemon_id":"131"}{"order":"","version_group_id":"10","move_id":"156","pokemon_move_method_id":"4","level":"0","pokemon_id":"131"}{"order":"","version_group_id":"10","move_id":"164","pokemon_move_method_id":"2","level":"0","pokemon_id":"131"}{"order":"","version_group_id":"10","move_id":"164","pokemon_move_method_id":"4","level":"0","pokemon_id":"131"}{"order":"","version_group_id":"10","move_id":"173","pokemon_move_method_id":"3","level":"0","pokemon_id":"131"}{"order":"","version_group_id":"10","move_id":"174","pokemon_move_method_id":"2","level":"0","pokemon_id":"131"}{"order":"","version_group_id":"10","move_id":"182","pokemon_move_method_id":"4","level":"0","pokemon_id":"131"}{"order":"","version_group_id":"10","move_id":"193","pokemon_move_method_id":"2","level":"0","pokemon_id":"131"}{"order":"","version_group_id":"10","move_id":"195","pokemon_move_method_id":"1","level":"27","pokemon_id":"131"}{"order":"","version_group_id":"10","move_id":"196","pokemon_move_method_id":"3","level":"0","pokemon_id":"131"}{"order":"","version_group_id":"10","move_id":"200","pokemon_move_method_id":"3","level":"0","pokemon_id":"131"}{"order":"","version_group_id":"10","move_id":"203","pokemon_move_method_id":"4","level":"0","pokemon_id":"131"}{"order":"","version_group_id":"10","move_id":"207","pokemon_move_method_id":"4","level":"0","pokemon_id":"131"}{"order":"","version_group_id":"10","move_id":"213","pokemon_move_method_id":"4","level":"0","pokemon_id":"131"}{"order":"","version_group_id":"10","move_id":"214","pokemon_move_method_id":"2","level":"0","pokemon_id":"131"}{"order":"","version_group_id":"10","move_id":"214","pokemon_move_method_id":"4","level":"0","pokemon_id":"131"}{"order":"","version_group_id":"10","move_id":"215","pokemon_move_method_id":"3","level":"0","pokemon_id":"131"}{"order":"","version_group_id":"10","move_id":"216","pokemon_move_method_id":"4","level":"0","pokemon_id":"131"}{"order":"","version_group_id":"10","move_id":"218","pokemon_move_method_id":"4","level":"0","pokemon_id":"131"}{"order":"","version_group_id":"10","move_id":"219","pokemon_move_method_id":"1","level":"43","pokemon_id":"131"}{"order":"","version_group_id":"10","move_id":"219","pokemon_move_method_id":"4","level":"0","pokemon_id":"131"}{"order":"","version_group_id":"10","move_id":"231","pokemon_move_method_id":"4","level":"0","pokemon_id":"131"}{"order":"","version_group_id":"10","move_id":"237","pokemon_move_method_id":"4","level":"0","pokemon_id":"131"}{"order":"","version_group_id":"10","move_id":"240","pokemon_move_method_id":"1","level":"22","pokemon_id":"131"}{"order":"","version_group_id":"10","move_id":"240","pokemon_move_method_id":"4","level":"0","pokemon_id":"131"}{"order":"","version_group_id":"10","move_id":"246","pokemon_move_method_id":"2","level":"0","pokemon_id":"131"}{"order":"","version_group_id":"10","move_id":"246","pokemon_move_method_id":"3","level":"0","pokemon_id":"131"}{"order":"","version_group_id":"10","move_id":"249","pokemon_move_method_id":"4","level":"0","pokemon_id":"131"}{"order":"","version_group_id":"10","move_id":"250","pokemon_move_method_id":"2","level":"0","pokemon_id":"131"}{"order":"","version_group_id":"10","move_id":"250","pokemon_move_method_id":"4","level":"0","pokemon_id":"131"}{"order":"","version_group_id":"10","move_id":"258","pokemon_move_method_id":"4","level":"0","pokemon_id":"131"}{"order":"","version_group_id":"10","move_id":"263","pokemon_move_method_id":"4","level":"0","pokemon_id":"131"}{"order":"","version_group_id":"10","move_id":"287","pokemon_move_method_id":"2","level":"0","pokemon_id":"131"}{"order":"","version_group_id":"10","move_id":"290","pokemon_move_method_id":"4","level":"0","pokemon_id":"131"}{"order":"","version_group_id":"10","move_id":"291","pokemon_move_method_id":"3","level":"0","pokemon_id":"131"}{"order":"","version_group_id":"10","move_id":"321","pokemon_move_method_id":"2","level":"0","pokemon_id":"131"}{"order":"","version_group_id":"10","move_id":"324","pokemon_move_method_id":"3","level":"0","pokemon_id":"131"}{"order":"","version_group_id":"10","move_id":"329","pokemon_move_method_id":"1","level":"55","pokemon_id":"131"}{"order":"","version_group_id":"10","move_id":"335","pokemon_move_method_id":"3","level":"0","pokemon_id":"131"}{"order":"","version_group_id":"10","move_id":"349","pokemon_move_method_id":"2","level":"0","pokemon_id":"131"}{"order":"","version_group_id":"10","move_id":"351","pokemon_move_method_id":"4","level":"0","pokemon_id":"131"}{"order":"","version_group_id":"10","move_id":"352","pokemon_move_method_id":"1","level":"14","pokemon_id":"131"}{"order":"","version_group_id":"10","move_id":"352","pokemon_move_method_id":"4","level":"0","pokemon_id":"131"}{"order":"","version_group_id":"10","move_id":"362","pokemon_move_method_id":"1","level":"37","pokemon_id":"131"}{"order":"","version_group_id":"10","move_id":"362","pokemon_move_method_id":"4","level":"0","pokemon_id":"131"}{"order":"","version_group_id":"10","move_id":"363","pokemon_move_method_id":"4","level":"0","pokemon_id":"131"}{"order":"","version_group_id":"10","move_id":"401","pokemon_move_method_id":"3","level":"0","pokemon_id":"131"}{"order":"","version_group_id":"10","move_id":"406","pokemon_move_method_id":"4","level":"0","pokemon_id":"131"}{"order":"","version_group_id":"10","move_id":"416","pokemon_move_method_id":"4","level":"0","pokemon_id":"131"}{"order":"","version_group_id":"10","move_id":"419","pokemon_move_method_id":"4","level":"0","pokemon_id":"131"}{"order":"","version_group_id":"10","move_id":"420","pokemon_move_method_id":"1","level":"10","pokemon_id":"131"}{"order":"","version_group_id":"10","move_id":"428","pokemon_move_method_id":"3","level":"0","pokemon_id":"131"}{"order":"","version_group_id":"10","move_id":"442","pokemon_move_method_id":"3","level":"0","pokemon_id":"131"}{"order":"","version_group_id":"10","move_id":"445","pokemon_move_method_id":"4","level":"0","pokemon_id":"131"}{"order":"","version_group_id":"11","move_id":"32","pokemon_move_method_id":"2","level":"0","pokemon_id":"131"}{"order":"","version_group_id":"11","move_id":"34","pokemon_move_method_id":"1","level":"18","pokemon_id":"131"}{"order":"2","version_group_id":"11","move_id":"45","pokemon_move_method_id":"1","level":"1","pokemon_id":"131"}{"order":"","version_group_id":"11","move_id":"46","pokemon_move_method_id":"4","level":"0","pokemon_id":"131"}{"order":"1","version_group_id":"11","move_id":"47","pokemon_move_method_id":"1","level":"1","pokemon_id":"131"}{"order":"","version_group_id":"11","move_id":"54","pokemon_move_method_id":"1","level":"4","pokemon_id":"131"}{"order":"3","version_group_id":"11","move_id":"55","pokemon_move_method_id":"1","level":"1","pokemon_id":"131"}{"order":"","version_group_id":"11","move_id":"56","pokemon_move_method_id":"1","level":"49","pokemon_id":"131"}{"order":"","version_group_id":"11","move_id":"57","pokemon_move_method_id":"4","level":"0","pokemon_id":"131"}{"order":"","version_group_id":"11","move_id":"58","pokemon_move_method_id":"1","level":"32","pokemon_id":"131"}{"order":"","version_group_id":"11","move_id":"58","pokemon_move_method_id":"4","level":"0","pokemon_id":"131"}{"order":"","version_group_id":"11","move_id":"59","pokemon_move_method_id":"4","level":"0","pokemon_id":"131"}{"order":"","version_group_id":"11","move_id":"63","pokemon_move_method_id":"4","level":"0","pokemon_id":"131"}{"order":"","version_group_id":"11","move_id":"70","pokemon_move_method_id":"4","level":"0","pokemon_id":"131"}{"order":"","version_group_id":"11","move_id":"85","pokemon_move_method_id":"4","level":"0","pokemon_id":"131"}{"order":"","version_group_id":"11","move_id":"87","pokemon_move_method_id":"4","level":"0","pokemon_id":"131"}{"order":"","version_group_id":"11","move_id":"90","pokemon_move_method_id":"2","level":"0","pokemon_id":"131"}{"order":"","version_group_id":"11","move_id":"92","pokemon_move_method_id":"4","level":"0","pokemon_id":"131"}{"order":"","version_group_id":"11","move_id":"94","pokemon_move_method_id":"4","level":"0","pokemon_id":"131"}{"order":"","version_group_id":"11","move_id":"104","pokemon_move_method_id":"4","level":"0","pokemon_id":"131"}{"order":"","version_group_id":"11","move_id":"109","pokemon_move_method_id":"1","level":"7","pokemon_id":"131"}{"order":"","version_group_id":"11","move_id":"127","pokemon_move_method_id":"4","level":"0","pokemon_id":"131"}{"order":"","version_group_id":"11","move_id":"138","pokemon_move_method_id":"4","level":"0","pokemon_id":"131"}{"order":"","version_group_id":"11","move_id":"156","pokemon_move_method_id":"4","level":"0","pokemon_id":"131"}{"order":"","version_group_id":"11","move_id":"164","pokemon_move_method_id":"4","level":"0","pokemon_id":"131"}{"order":"","version_group_id":"11","move_id":"174","pokemon_move_method_id":"2","level":"0","pokemon_id":"131"}{"order":"","version_group_id":"11","move_id":"182","pokemon_move_method_id":"4","level":"0","pokemon_id":"131"}{"order":"","version_group_id":"11","move_id":"193","pokemon_move_method_id":"2","level":"0","pokemon_id":"131"}{"order":"","version_group_id":"11","move_id":"195","pokemon_move_method_id":"1","level":"27","pokemon_id":"131"}{"order":"","version_group_id":"11","move_id":"207","pokemon_move_method_id":"4","level":"0","pokemon_id":"131"}{"order":"","version_group_id":"11","move_id":"213","pokemon_move_method_id":"4","level":"0","pokemon_id":"131"}{"order":"","version_group_id":"11","move_id":"214","pokemon_move_method_id":"2","level":"0","pokemon_id":"131"}{"order":"","version_group_id":"11","move_id":"216","pokemon_move_method_id":"4","level":"0","pokemon_id":"131"}{"order":"","version_group_id":"11","move_id":"218","pokemon_move_method_id":"4","level":"0","pokemon_id":"131"}{"order":"","version_group_id":"11","move_id":"219","pokemon_move_method_id":"1","level":"43","pokemon_id":"131"}{"order":"","version_group_id":"11","move_id":"219","pokemon_move_method_id":"4","level":"0","pokemon_id":"131"}{"order":"","version_group_id":"11","move_id":"237","pokemon_move_method_id":"4","level":"0","pokemon_id":"131"}{"order":"","version_group_id":"11","move_id":"240","pokemon_move_method_id":"1","level":"22","pokemon_id":"131"}{"order":"","version_group_id":"11","move_id":"240","pokemon_move_method_id":"4","level":"0","pokemon_id":"131"}{"order":"","version_group_id":"11","move_id":"246","pokemon_move_method_id":"2","level":"0","pokemon_id":"131"}{"order":"","version_group_id":"11","move_id":"248","pokemon_move_method_id":"2","level":"0","pokemon_id":"131"}{"order":"","version_group_id":"11","move_id":"249","pokemon_move_method_id":"4","level":"0","pokemon_id":"131"}{"order":"","version_group_id":"11","move_id":"250","pokemon_move_method_id":"2","level":"0","pokemon_id":"131"}{"order":"","version_group_id":"11","move_id":"258","pokemon_move_method_id":"4","level":"0","pokemon_id":"131"}{"order":"","version_group_id":"11","move_id":"263","pokemon_move_method_id":"4","level":"0","pokemon_id":"131"}{"order":"","version_group_id":"11","move_id":"287","pokemon_move_method_id":"2","level":"0","pokemon_id":"131"}{"order":"","version_group_id":"11","move_id":"291","pokemon_move_method_id":"4","level":"0","pokemon_id":"131"}{"order":"","version_group_id":"11","move_id":"321","pokemon_move_method_id":"2","level":"0","pokemon_id":"131"}{"order":"","version_group_id":"11","move_id":"329","pokemon_move_method_id":"1","level":"55","pokemon_id":"131"}{"order":"","version_group_id":"11","move_id":"349","pokemon_move_method_id":"2","level":"0","pokemon_id":"131"}{"order":"","version_group_id":"11","move_id":"352","pokemon_move_method_id":"1","level":"14","pokemon_id":"131"}{"order":"","version_group_id":"11","move_id":"362","pokemon_move_method_id":"1","level":"37","pokemon_id":"131"}{"order":"","version_group_id":"11","move_id":"406","pokemon_move_method_id":"2","level":"0","pokemon_id":"131"}{"order":"","version_group_id":"11","move_id":"416","pokemon_move_method_id":"4","level":"0","pokemon_id":"131"}{"order":"","version_group_id":"11","move_id":"419","pokemon_move_method_id":"2","level":"0","pokemon_id":"131"}{"order":"","version_group_id":"11","move_id":"420","pokemon_move_method_id":"1","level":"10","pokemon_id":"131"}{"order":"","version_group_id":"11","move_id":"496","pokemon_move_method_id":"4","level":"0","pokemon_id":"131"}{"order":"","version_group_id":"11","move_id":"497","pokemon_move_method_id":"4","level":"0","pokemon_id":"131"}{"order":"","version_group_id":"11","move_id":"523","pokemon_move_method_id":"4","level":"0","pokemon_id":"131"}{"order":"","version_group_id":"11","move_id":"524","pokemon_move_method_id":"4","level":"0","pokemon_id":"131"}{"order":"","version_group_id":"12","move_id":"34","pokemon_move_method_id":"1","level":"13","pokemon_id":"131"}{"order":"2","version_group_id":"12","move_id":"45","pokemon_move_method_id":"1","level":"1","pokemon_id":"131"}{"order":"","version_group_id":"12","move_id":"46","pokemon_move_method_id":"4","level":"0","pokemon_id":"131"}{"order":"3","version_group_id":"12","move_id":"47","pokemon_move_method_id":"1","level":"1","pokemon_id":"131"}{"order":"","version_group_id":"12","move_id":"54","pokemon_move_method_id":"1","level":"7","pokemon_id":"131"}{"order":"1","version_group_id":"12","move_id":"55","pokemon_move_method_id":"1","level":"1","pokemon_id":"131"}{"order":"","version_group_id":"12","move_id":"56","pokemon_move_method_id":"1","level":"49","pokemon_id":"131"}{"order":"","version_group_id":"12","move_id":"57","pokemon_move_method_id":"4","level":"0","pokemon_id":"131"}{"order":"","version_group_id":"12","move_id":"58","pokemon_move_method_id":"1","level":"31","pokemon_id":"131"}{"order":"","version_group_id":"12","move_id":"58","pokemon_move_method_id":"4","level":"0","pokemon_id":"131"}{"order":"","version_group_id":"12","move_id":"59","pokemon_move_method_id":"4","level":"0","pokemon_id":"131"}{"order":"","version_group_id":"12","move_id":"63","pokemon_move_method_id":"4","level":"0","pokemon_id":"131"}{"order":"","version_group_id":"12","move_id":"70","pokemon_move_method_id":"4","level":"0","pokemon_id":"131"}{"order":"","version_group_id":"12","move_id":"85","pokemon_move_method_id":"4","level":"0","pokemon_id":"131"}{"order":"","version_group_id":"12","move_id":"87","pokemon_move_method_id":"4","level":"0","pokemon_id":"131"}{"order":"","version_group_id":"12","move_id":"92","pokemon_move_method_id":"4","level":"0","pokemon_id":"131"}{"order":"","version_group_id":"12","move_id":"94","pokemon_move_method_id":"4","level":"0","pokemon_id":"131"}{"order":"","version_group_id":"12","move_id":"104","pokemon_move_method_id":"4","level":"0","pokemon_id":"131"}{"order":"","version_group_id":"12","move_id":"109","pokemon_move_method_id":"1","level":"19","pokemon_id":"131"}{"order":"","version_group_id":"12","move_id":"127","pokemon_move_method_id":"4","level":"0","pokemon_id":"131"}{"order":"","version_group_id":"12","move_id":"156","pokemon_move_method_id":"4","level":"0","pokemon_id":"131"}{"order":"","version_group_id":"12","move_id":"182","pokemon_move_method_id":"4","level":"0","pokemon_id":"131"}{"order":"","version_group_id":"12","move_id":"195","pokemon_move_method_id":"1","level":"25","pokemon_id":"131"}{"order":"","version_group_id":"12","move_id":"213","pokemon_move_method_id":"4","level":"0","pokemon_id":"131"}{"order":"","version_group_id":"12","move_id":"216","pokemon_move_method_id":"4","level":"0","pokemon_id":"131"}{"order":"","version_group_id":"12","move_id":"218","pokemon_move_method_id":"4","level":"0","pokemon_id":"131"}{"order":"","version_group_id":"12","move_id":"219","pokemon_move_method_id":"1","level":"43","pokemon_id":"131"}{"order":"","version_group_id":"12","move_id":"219","pokemon_move_method_id":"4","level":"0","pokemon_id":"131"}{"order":"","version_group_id":"12","move_id":"231","pokemon_move_method_id":"4","level":"0","pokemon_id":"131"}{"order":"","version_group_id":"12","move_id":"237","pokemon_move_method_id":"4","level":"0","pokemon_id":"131"}{"order":"","version_group_id":"12","move_id":"240","pokemon_move_method_id":"1","level":"37","pokemon_id":"131"}{"order":"","version_group_id":"12","move_id":"240","pokemon_move_method_id":"4","level":"0","pokemon_id":"131"}{"order":"","version_group_id":"12","move_id":"249","pokemon_move_method_id":"4","level":"0","pokemon_id":"131"}{"order":"","version_group_id":"12","move_id":"258","pokemon_move_method_id":"4","level":"0","pokemon_id":"131"}{"order":"","version_group_id":"12","move_id":"263","pokemon_move_method_id":"4","level":"0","pokemon_id":"131"}{"order":"","version_group_id":"12","move_id":"290","pokemon_move_method_id":"4","level":"0","pokemon_id":"131"}{"order":"","version_group_id":"12","move_id":"291","pokemon_move_method_id":"4","level":"0","pokemon_id":"131"}{"order":"","version_group_id":"12","move_id":"329","pokemon_move_method_id":"1","level":"55","pokemon_id":"131"}{"order":"","version_group_id":"12","move_id":"351","pokemon_move_method_id":"4","level":"0","pokemon_id":"131"}{"order":"","version_group_id":"12","move_id":"352","pokemon_move_method_id":"4","level":"0","pokemon_id":"131"}{"order":"","version_group_id":"13","move_id":"34","pokemon_move_method_id":"1","level":"13","pokemon_id":"131"}{"order":"","version_group_id":"13","move_id":"34","pokemon_move_method_id":"3","level":"0","pokemon_id":"131"}{"order":"","version_group_id":"13","move_id":"38","pokemon_move_method_id":"3","level":"0","pokemon_id":"131"}{"order":"2","version_group_id":"13","move_id":"45","pokemon_move_method_id":"1","level":"1","pokemon_id":"131"}{"order":"","version_group_id":"13","move_id":"46","pokemon_move_method_id":"4","level":"0","pokemon_id":"131"}{"order":"3","version_group_id":"13","move_id":"47","pokemon_move_method_id":"1","level":"1","pokemon_id":"131"}{"order":"","version_group_id":"13","move_id":"54","pokemon_move_method_id":"1","level":"7","pokemon_id":"131"}{"order":"1","version_group_id":"13","move_id":"55","pokemon_move_method_id":"1","level":"1","pokemon_id":"131"}{"order":"","version_group_id":"13","move_id":"56","pokemon_move_method_id":"1","level":"49","pokemon_id":"131"}{"order":"","version_group_id":"13","move_id":"57","pokemon_move_method_id":"4","level":"0","pokemon_id":"131"}{"order":"","version_group_id":"13","move_id":"58","pokemon_move_method_id":"1","level":"31","pokemon_id":"131"}{"order":"","version_group_id":"13","move_id":"58","pokemon_move_method_id":"4","level":"0","pokemon_id":"131"}{"order":"","version_group_id":"13","move_id":"59","pokemon_move_method_id":"4","level":"0","pokemon_id":"131"}{"order":"","version_group_id":"13","move_id":"63","pokemon_move_method_id":"4","level":"0","pokemon_id":"131"}{"order":"","version_group_id":"13","move_id":"70","pokemon_move_method_id":"4","level":"0","pokemon_id":"131"}{"order":"","version_group_id":"13","move_id":"85","pokemon_move_method_id":"4","level":"0","pokemon_id":"131"}{"order":"","version_group_id":"13","move_id":"87","pokemon_move_method_id":"4","level":"0","pokemon_id":"131"}{"order":"","version_group_id":"13","move_id":"92","pokemon_move_method_id":"4","level":"0","pokemon_id":"131"}{"order":"","version_group_id":"13","move_id":"94","pokemon_move_method_id":"4","level":"0","pokemon_id":"131"}{"order":"","version_group_id":"13","move_id":"102","pokemon_move_method_id":"3","level":"0","pokemon_id":"131"}{"order":"","version_group_id":"13","move_id":"104","pokemon_move_method_id":"4","level":"0","pokemon_id":"131"}{"order":"","version_group_id":"13","move_id":"109","pokemon_move_method_id":"1","level":"19","pokemon_id":"131"}{"order":"","version_group_id":"13","move_id":"127","pokemon_move_method_id":"4","level":"0","pokemon_id":"131"}{"order":"","version_group_id":"13","move_id":"138","pokemon_move_method_id":"3","level":"0","pokemon_id":"131"}{"order":"","version_group_id":"13","move_id":"156","pokemon_move_method_id":"4","level":"0","pokemon_id":"131"}{"order":"","version_group_id":"13","move_id":"164","pokemon_move_method_id":"3","level":"0","pokemon_id":"131"}{"order":"","version_group_id":"13","move_id":"171","pokemon_move_method_id":"3","level":"0","pokemon_id":"131"}{"order":"","version_group_id":"13","move_id":"182","pokemon_move_method_id":"4","level":"0","pokemon_id":"131"}{"order":"","version_group_id":"13","move_id":"195","pokemon_move_method_id":"1","level":"25","pokemon_id":"131"}{"order":"","version_group_id":"13","move_id":"196","pokemon_move_method_id":"3","level":"0","pokemon_id":"131"}{"order":"","version_group_id":"13","move_id":"207","pokemon_move_method_id":"3","level":"0","pokemon_id":"131"}{"order":"","version_group_id":"13","move_id":"213","pokemon_move_method_id":"4","level":"0","pokemon_id":"131"}{"order":"","version_group_id":"13","move_id":"216","pokemon_move_method_id":"4","level":"0","pokemon_id":"131"}{"order":"","version_group_id":"13","move_id":"218","pokemon_move_method_id":"4","level":"0","pokemon_id":"131"}{"order":"","version_group_id":"13","move_id":"219","pokemon_move_method_id":"1","level":"43","pokemon_id":"131"}{"order":"","version_group_id":"13","move_id":"219","pokemon_move_method_id":"4","level":"0","pokemon_id":"131"}{"order":"","version_group_id":"13","move_id":"231","pokemon_move_method_id":"4","level":"0","pokemon_id":"131"}{"order":"","version_group_id":"13","move_id":"237","pokemon_move_method_id":"4","level":"0","pokemon_id":"131"}{"order":"","version_group_id":"13","move_id":"240","pokemon_move_method_id":"1","level":"37","pokemon_id":"131"}{"order":"","version_group_id":"13","move_id":"240","pokemon_move_method_id":"4","level":"0","pokemon_id":"131"}{"order":"","version_group_id":"13","move_id":"249","pokemon_move_method_id":"4","level":"0","pokemon_id":"131"}{"order":"","version_group_id":"13","move_id":"258","pokemon_move_method_id":"4","level":"0","pokemon_id":"131"}{"order":"","version_group_id":"13","move_id":"263","pokemon_move_method_id":"4","level":"0","pokemon_id":"131"}{"order":"","version_group_id":"13","move_id":"290","pokemon_move_method_id":"4","level":"0","pokemon_id":"131"}{"order":"","version_group_id":"13","move_id":"291","pokemon_move_method_id":"4","level":"0","pokemon_id":"131"}{"order":"","version_group_id":"13","move_id":"329","pokemon_move_method_id":"1","level":"55","pokemon_id":"131"}{"order":"","version_group_id":"13","move_id":"351","pokemon_move_method_id":"4","level":"0","pokemon_id":"131"}{"order":"","version_group_id":"13","move_id":"352","pokemon_move_method_id":"4","level":"0","pokemon_id":"131"}{"order":"","version_group_id":"14","move_id":"32","pokemon_move_method_id":"2","level":"0","pokemon_id":"131"}{"order":"","version_group_id":"14","move_id":"34","pokemon_move_method_id":"1","level":"18","pokemon_id":"131"}{"order":"2","version_group_id":"14","move_id":"45","pokemon_move_method_id":"1","level":"1","pokemon_id":"131"}{"order":"","version_group_id":"14","move_id":"46","pokemon_move_method_id":"4","level":"0","pokemon_id":"131"}{"order":"1","version_group_id":"14","move_id":"47","pokemon_move_method_id":"1","level":"1","pokemon_id":"131"}{"order":"","version_group_id":"14","move_id":"54","pokemon_move_method_id":"1","level":"4","pokemon_id":"131"}{"order":"3","version_group_id":"14","move_id":"55","pokemon_move_method_id":"1","level":"1","pokemon_id":"131"}{"order":"","version_group_id":"14","move_id":"56","pokemon_move_method_id":"1","level":"49","pokemon_id":"131"}{"order":"","version_group_id":"14","move_id":"57","pokemon_move_method_id":"4","level":"0","pokemon_id":"131"}{"order":"","version_group_id":"14","move_id":"58","pokemon_move_method_id":"1","level":"32","pokemon_id":"131"}{"order":"","version_group_id":"14","move_id":"58","pokemon_move_method_id":"4","level":"0","pokemon_id":"131"}{"order":"","version_group_id":"14","move_id":"59","pokemon_move_method_id":"4","level":"0","pokemon_id":"131"}{"order":"","version_group_id":"14","move_id":"63","pokemon_move_method_id":"4","level":"0","pokemon_id":"131"}{"order":"","version_group_id":"14","move_id":"70","pokemon_move_method_id":"4","level":"0","pokemon_id":"131"}{"order":"","version_group_id":"14","move_id":"85","pokemon_move_method_id":"4","level":"0","pokemon_id":"131"}{"order":"","version_group_id":"14","move_id":"87","pokemon_move_method_id":"4","level":"0","pokemon_id":"131"}{"order":"","version_group_id":"14","move_id":"90","pokemon_move_method_id":"2","level":"0","pokemon_id":"131"}{"order":"","version_group_id":"14","move_id":"92","pokemon_move_method_id":"4","level":"0","pokemon_id":"131"}{"order":"","version_group_id":"14","move_id":"94","pokemon_move_method_id":"4","level":"0","pokemon_id":"131"}{"order":"","version_group_id":"14","move_id":"104","pokemon_move_method_id":"4","level":"0","pokemon_id":"131"}{"order":"","version_group_id":"14","move_id":"109","pokemon_move_method_id":"1","level":"7","pokemon_id":"131"}{"order":"","version_group_id":"14","move_id":"127","pokemon_move_method_id":"4","level":"0","pokemon_id":"131"}{"order":"","version_group_id":"14","move_id":"138","pokemon_move_method_id":"4","level":"0","pokemon_id":"131"}{"order":"","version_group_id":"14","move_id":"156","pokemon_move_method_id":"4","level":"0","pokemon_id":"131"}{"order":"","version_group_id":"14","move_id":"164","pokemon_move_method_id":"4","level":"0","pokemon_id":"131"}{"order":"","version_group_id":"14","move_id":"173","pokemon_move_method_id":"3","level":"0","pokemon_id":"131"}{"order":"","version_group_id":"14","move_id":"174","pokemon_move_method_id":"2","level":"0","pokemon_id":"131"}{"order":"","version_group_id":"14","move_id":"182","pokemon_move_method_id":"4","level":"0","pokemon_id":"131"}{"order":"","version_group_id":"14","move_id":"193","pokemon_move_method_id":"2","level":"0","pokemon_id":"131"}{"order":"","version_group_id":"14","move_id":"195","pokemon_move_method_id":"1","level":"27","pokemon_id":"131"}{"order":"","version_group_id":"14","move_id":"196","pokemon_move_method_id":"3","level":"0","pokemon_id":"131"}{"order":"","version_group_id":"14","move_id":"200","pokemon_move_method_id":"3","level":"0","pokemon_id":"131"}{"order":"","version_group_id":"14","move_id":"207","pokemon_move_method_id":"4","level":"0","pokemon_id":"131"}{"order":"","version_group_id":"14","move_id":"213","pokemon_move_method_id":"4","level":"0","pokemon_id":"131"}{"order":"","version_group_id":"14","move_id":"214","pokemon_move_method_id":"2","level":"0","pokemon_id":"131"}{"order":"","version_group_id":"14","move_id":"214","pokemon_move_method_id":"3","level":"0","pokemon_id":"131"}{"order":"","version_group_id":"14","move_id":"215","pokemon_move_method_id":"3","level":"0","pokemon_id":"131"}{"order":"","version_group_id":"14","move_id":"216","pokemon_move_method_id":"4","level":"0","pokemon_id":"131"}{"order":"","version_group_id":"14","move_id":"218","pokemon_move_method_id":"4","level":"0","pokemon_id":"131"}{"order":"","version_group_id":"14","move_id":"219","pokemon_move_method_id":"1","level":"43","pokemon_id":"131"}{"order":"","version_group_id":"14","move_id":"219","pokemon_move_method_id":"4","level":"0","pokemon_id":"131"}{"order":"","version_group_id":"14","move_id":"231","pokemon_move_method_id":"3","level":"0","pokemon_id":"131"}{"order":"","version_group_id":"14","move_id":"237","pokemon_move_method_id":"4","level":"0","pokemon_id":"131"}{"order":"","version_group_id":"14","move_id":"240","pokemon_move_method_id":"1","level":"22","pokemon_id":"131"}{"order":"","version_group_id":"14","move_id":"240","pokemon_move_method_id":"4","level":"0","pokemon_id":"131"}{"order":"","version_group_id":"14","move_id":"246","pokemon_move_method_id":"2","level":"0","pokemon_id":"131"}{"order":"","version_group_id":"14","move_id":"248","pokemon_move_method_id":"2","level":"0","pokemon_id":"131"}{"order":"","version_group_id":"14","move_id":"249","pokemon_move_method_id":"4","level":"0","pokemon_id":"131"}{"order":"","version_group_id":"14","move_id":"250","pokemon_move_method_id":"2","level":"0","pokemon_id":"131"}{"order":"","version_group_id":"14","move_id":"258","pokemon_move_method_id":"4","level":"0","pokemon_id":"131"}{"order":"","version_group_id":"14","move_id":"263","pokemon_move_method_id":"4","level":"0","pokemon_id":"131"}{"order":"","version_group_id":"14","move_id":"287","pokemon_move_method_id":"2","level":"0","pokemon_id":"131"}{"order":"","version_group_id":"14","move_id":"291","pokemon_move_method_id":"4","level":"0","pokemon_id":"131"}{"order":"","version_group_id":"14","move_id":"304","pokemon_move_method_id":"3","level":"0","pokemon_id":"131"}{"order":"","version_group_id":"14","move_id":"321","pokemon_move_method_id":"2","level":"0","pokemon_id":"131"}{"order":"","version_group_id":"14","move_id":"324","pokemon_move_method_id":"3","level":"0","pokemon_id":"131"}{"order":"","version_group_id":"14","move_id":"329","pokemon_move_method_id":"1","level":"55","pokemon_id":"131"}{"order":"","version_group_id":"14","move_id":"335","pokemon_move_method_id":"3","level":"0","pokemon_id":"131"}{"order":"","version_group_id":"14","move_id":"349","pokemon_move_method_id":"2","level":"0","pokemon_id":"131"}{"order":"","version_group_id":"14","move_id":"352","pokemon_move_method_id":"1","level":"14","pokemon_id":"131"}{"order":"","version_group_id":"14","move_id":"362","pokemon_move_method_id":"1","level":"37","pokemon_id":"131"}{"order":"","version_group_id":"14","move_id":"401","pokemon_move_method_id":"3","level":"0","pokemon_id":"131"}{"order":"","version_group_id":"14","move_id":"406","pokemon_move_method_id":"2","level":"0","pokemon_id":"131"}{"order":"","version_group_id":"14","move_id":"406","pokemon_move_method_id":"3","level":"0","pokemon_id":"131"}{"order":"","version_group_id":"14","move_id":"416","pokemon_move_method_id":"4","level":"0","pokemon_id":"131"}{"order":"","version_group_id":"14","move_id":"419","pokemon_move_method_id":"2","level":"0","pokemon_id":"131"}{"order":"","version_group_id":"14","move_id":"420","pokemon_move_method_id":"1","level":"10","pokemon_id":"131"}{"order":"","version_group_id":"14","move_id":"428","pokemon_move_method_id":"3","level":"0","pokemon_id":"131"}{"order":"","version_group_id":"14","move_id":"442","pokemon_move_method_id":"3","level":"0","pokemon_id":"131"}{"order":"","version_group_id":"14","move_id":"496","pokemon_move_method_id":"4","level":"0","pokemon_id":"131"}{"order":"","version_group_id":"14","move_id":"497","pokemon_move_method_id":"4","level":"0","pokemon_id":"131"}{"order":"","version_group_id":"14","move_id":"523","pokemon_move_method_id":"4","level":"0","pokemon_id":"131"}{"order":"","version_group_id":"14","move_id":"524","pokemon_move_method_id":"4","level":"0","pokemon_id":"131"}{"order":"","version_group_id":"14","move_id":"529","pokemon_move_method_id":"3","level":"0","pokemon_id":"131"}{"order":"","version_group_id":"15","move_id":"32","pokemon_move_method_id":"2","level":"0","pokemon_id":"131"}{"order":"","version_group_id":"15","move_id":"34","pokemon_move_method_id":"1","level":"18","pokemon_id":"131"}{"order":"2","version_group_id":"15","move_id":"45","pokemon_move_method_id":"1","level":"1","pokemon_id":"131"}{"order":"","version_group_id":"15","move_id":"46","pokemon_move_method_id":"4","level":"0","pokemon_id":"131"}{"order":"1","version_group_id":"15","move_id":"47","pokemon_move_method_id":"1","level":"1","pokemon_id":"131"}{"order":"","version_group_id":"15","move_id":"54","pokemon_move_method_id":"1","level":"4","pokemon_id":"131"}{"order":"3","version_group_id":"15","move_id":"55","pokemon_move_method_id":"1","level":"1","pokemon_id":"131"}{"order":"","version_group_id":"15","move_id":"56","pokemon_move_method_id":"1","level":"47","pokemon_id":"131"}{"order":"","version_group_id":"15","move_id":"57","pokemon_move_method_id":"4","level":"0","pokemon_id":"131"}{"order":"","version_group_id":"15","move_id":"58","pokemon_move_method_id":"1","level":"32","pokemon_id":"131"}{"order":"","version_group_id":"15","move_id":"58","pokemon_move_method_id":"4","level":"0","pokemon_id":"131"}{"order":"","version_group_id":"15","move_id":"59","pokemon_move_method_id":"4","level":"0","pokemon_id":"131"}{"order":"","version_group_id":"15","move_id":"63","pokemon_move_method_id":"4","level":"0","pokemon_id":"131"}{"order":"","version_group_id":"15","move_id":"70","pokemon_move_method_id":"4","level":"0","pokemon_id":"131"}{"order":"","version_group_id":"15","move_id":"85","pokemon_move_method_id":"4","level":"0","pokemon_id":"131"}{"order":"","version_group_id":"15","move_id":"87","pokemon_move_method_id":"4","level":"0","pokemon_id":"131"}{"order":"","version_group_id":"15","move_id":"90","pokemon_move_method_id":"2","level":"0","pokemon_id":"131"}{"order":"","version_group_id":"15","move_id":"92","pokemon_move_method_id":"4","level":"0","pokemon_id":"131"}{"order":"","version_group_id":"15","move_id":"94","pokemon_move_method_id":"4","level":"0","pokemon_id":"131"}{"order":"","version_group_id":"15","move_id":"104","pokemon_move_method_id":"4","level":"0","pokemon_id":"131"}{"order":"","version_group_id":"15","move_id":"109","pokemon_move_method_id":"1","level":"7","pokemon_id":"131"}{"order":"","version_group_id":"15","move_id":"127","pokemon_move_method_id":"4","level":"0","pokemon_id":"131"}{"order":"","version_group_id":"15","move_id":"138","pokemon_move_method_id":"4","level":"0","pokemon_id":"131"}{"order":"","version_group_id":"15","move_id":"156","pokemon_move_method_id":"4","level":"0","pokemon_id":"131"}{"order":"","version_group_id":"15","move_id":"164","pokemon_move_method_id":"4","level":"0","pokemon_id":"131"}{"order":"","version_group_id":"15","move_id":"174","pokemon_move_method_id":"2","level":"0","pokemon_id":"131"}{"order":"","version_group_id":"15","move_id":"182","pokemon_move_method_id":"4","level":"0","pokemon_id":"131"}{"order":"","version_group_id":"15","move_id":"193","pokemon_move_method_id":"2","level":"0","pokemon_id":"131"}{"order":"","version_group_id":"15","move_id":"195","pokemon_move_method_id":"1","level":"27","pokemon_id":"131"}{"order":"","version_group_id":"15","move_id":"207","pokemon_move_method_id":"4","level":"0","pokemon_id":"131"}{"order":"","version_group_id":"15","move_id":"213","pokemon_move_method_id":"4","level":"0","pokemon_id":"131"}{"order":"","version_group_id":"15","move_id":"214","pokemon_move_method_id":"2","level":"0","pokemon_id":"131"}{"order":"","version_group_id":"15","move_id":"214","pokemon_move_method_id":"4","level":"0","pokemon_id":"131"}{"order":"","version_group_id":"15","move_id":"216","pokemon_move_method_id":"4","level":"0","pokemon_id":"131"}{"order":"","version_group_id":"15","move_id":"218","pokemon_move_method_id":"4","level":"0","pokemon_id":"131"}{"order":"","version_group_id":"15","move_id":"219","pokemon_move_method_id":"1","level":"43","pokemon_id":"131"}{"order":"","version_group_id":"15","move_id":"219","pokemon_move_method_id":"4","level":"0","pokemon_id":"131"}{"order":"","version_group_id":"15","move_id":"237","pokemon_move_method_id":"4","level":"0","pokemon_id":"131"}{"order":"","version_group_id":"15","move_id":"240","pokemon_move_method_id":"1","level":"22","pokemon_id":"131"}{"order":"","version_group_id":"15","move_id":"240","pokemon_move_method_id":"4","level":"0","pokemon_id":"131"}{"order":"","version_group_id":"15","move_id":"246","pokemon_move_method_id":"2","level":"0","pokemon_id":"131"}{"order":"","version_group_id":"15","move_id":"248","pokemon_move_method_id":"2","level":"0","pokemon_id":"131"}{"order":"","version_group_id":"15","move_id":"249","pokemon_move_method_id":"4","level":"0","pokemon_id":"131"}{"order":"","version_group_id":"15","move_id":"250","pokemon_move_method_id":"2","level":"0","pokemon_id":"131"}{"order":"","version_group_id":"15","move_id":"258","pokemon_move_method_id":"4","level":"0","pokemon_id":"131"}{"order":"","version_group_id":"15","move_id":"263","pokemon_move_method_id":"4","level":"0","pokemon_id":"131"}{"order":"","version_group_id":"15","move_id":"287","pokemon_move_method_id":"2","level":"0","pokemon_id":"131"}{"order":"","version_group_id":"15","move_id":"321","pokemon_move_method_id":"2","level":"0","pokemon_id":"131"}{"order":"","version_group_id":"15","move_id":"329","pokemon_move_method_id":"1","level":"50","pokemon_id":"131"}{"order":"","version_group_id":"15","move_id":"349","pokemon_move_method_id":"2","level":"0","pokemon_id":"131"}{"order":"","version_group_id":"15","move_id":"352","pokemon_move_method_id":"1","level":"14","pokemon_id":"131"}{"order":"","version_group_id":"15","move_id":"362","pokemon_move_method_id":"1","level":"37","pokemon_id":"131"}{"order":"","version_group_id":"15","move_id":"406","pokemon_move_method_id":"2","level":"0","pokemon_id":"131"}{"order":"","version_group_id":"15","move_id":"416","pokemon_move_method_id":"4","level":"0","pokemon_id":"131"}{"order":"","version_group_id":"15","move_id":"419","pokemon_move_method_id":"2","level":"0","pokemon_id":"131"}{"order":"","version_group_id":"15","move_id":"420","pokemon_move_method_id":"1","level":"10","pokemon_id":"131"}{"order":"","version_group_id":"15","move_id":"496","pokemon_move_method_id":"4","level":"0","pokemon_id":"131"}{"order":"","version_group_id":"15","move_id":"497","pokemon_move_method_id":"4","level":"0","pokemon_id":"131"}{"order":"","version_group_id":"15","move_id":"523","pokemon_move_method_id":"4","level":"0","pokemon_id":"131"}{"order":"","version_group_id":"15","move_id":"524","pokemon_move_method_id":"4","level":"0","pokemon_id":"131"}{"order":"","version_group_id":"15","move_id":"573","pokemon_move_method_id":"2","level":"0","pokemon_id":"131"}{"order":"","version_group_id":"15","move_id":"590","pokemon_move_method_id":"4","level":"0","pokemon_id":"131"}