{"order":"","version_group_id":"3","move_id":"34","pokemon_move_method_id":"1","level":"50","pokemon_id":"218"}{"order":"","version_group_id":"3","move_id":"52","pokemon_move_method_id":"1","level":"8","pokemon_id":"218"}{"order":"","version_group_id":"3","move_id":"53","pokemon_move_method_id":"1","level":"36","pokemon_id":"218"}{"order":"","version_group_id":"3","move_id":"88","pokemon_move_method_id":"1","level":"15","pokemon_id":"218"}{"order":"","version_group_id":"3","move_id":"92","pokemon_move_method_id":"4","level":"0","pokemon_id":"218"}{"order":"","version_group_id":"3","move_id":"104","pokemon_move_method_id":"4","level":"0","pokemon_id":"218"}{"order":"","version_group_id":"3","move_id":"106","pokemon_move_method_id":"1","level":"22","pokemon_id":"218"}{"order":"","version_group_id":"3","move_id":"111","pokemon_move_method_id":"4","level":"0","pokemon_id":"218"}{"order":"","version_group_id":"3","move_id":"123","pokemon_move_method_id":"1","level":"1","pokemon_id":"218"}{"order":"","version_group_id":"3","move_id":"126","pokemon_move_method_id":"4","level":"0","pokemon_id":"218"}{"order":"","version_group_id":"3","move_id":"133","pokemon_move_method_id":"1","level":"29","pokemon_id":"218"}{"order":"","version_group_id":"3","move_id":"151","pokemon_move_method_id":"2","level":"0","pokemon_id":"218"}{"order":"","version_group_id":"3","move_id":"156","pokemon_move_method_id":"4","level":"0","pokemon_id":"218"}{"order":"","version_group_id":"3","move_id":"157","pokemon_move_method_id":"1","level":"43","pokemon_id":"218"}{"order":"","version_group_id":"3","move_id":"173","pokemon_move_method_id":"4","level":"0","pokemon_id":"218"}{"order":"","version_group_id":"3","move_id":"174","pokemon_move_method_id":"4","level":"0","pokemon_id":"218"}{"order":"","version_group_id":"3","move_id":"182","pokemon_move_method_id":"4","level":"0","pokemon_id":"218"}{"order":"","version_group_id":"3","move_id":"189","pokemon_move_method_id":"4","level":"0","pokemon_id":"218"}{"order":"","version_group_id":"3","move_id":"203","pokemon_move_method_id":"4","level":"0","pokemon_id":"218"}{"order":"","version_group_id":"3","move_id":"205","pokemon_move_method_id":"4","level":"0","pokemon_id":"218"}{"order":"","version_group_id":"3","move_id":"207","pokemon_move_method_id":"4","level":"0","pokemon_id":"218"}{"order":"","version_group_id":"3","move_id":"213","pokemon_move_method_id":"4","level":"0","pokemon_id":"218"}{"order":"","version_group_id":"3","move_id":"214","pokemon_move_method_id":"4","level":"0","pokemon_id":"218"}{"order":"","version_group_id":"3","move_id":"216","pokemon_move_method_id":"4","level":"0","pokemon_id":"218"}{"order":"","version_group_id":"3","move_id":"218","pokemon_move_method_id":"4","level":"0","pokemon_id":"218"}{"order":"","version_group_id":"3","move_id":"237","pokemon_move_method_id":"4","level":"0","pokemon_id":"218"}{"order":"","version_group_id":"3","move_id":"241","pokemon_move_method_id":"4","level":"0","pokemon_id":"218"}{"order":"","version_group_id":"3","move_id":"249","pokemon_move_method_id":"4","level":"0","pokemon_id":"218"}{"order":"","version_group_id":"4","move_id":"34","pokemon_move_method_id":"1","level":"50","pokemon_id":"218"}{"order":"","version_group_id":"4","move_id":"52","pokemon_move_method_id":"1","level":"8","pokemon_id":"218"}{"order":"","version_group_id":"4","move_id":"53","pokemon_move_method_id":"1","level":"36","pokemon_id":"218"}{"order":"","version_group_id":"4","move_id":"53","pokemon_move_method_id":"3","level":"0","pokemon_id":"218"}{"order":"","version_group_id":"4","move_id":"88","pokemon_move_method_id":"1","level":"15","pokemon_id":"218"}{"order":"","version_group_id":"4","move_id":"92","pokemon_move_method_id":"4","level":"0","pokemon_id":"218"}{"order":"","version_group_id":"4","move_id":"104","pokemon_move_method_id":"4","level":"0","pokemon_id":"218"}{"order":"","version_group_id":"4","move_id":"106","pokemon_move_method_id":"1","level":"22","pokemon_id":"218"}{"order":"","version_group_id":"4","move_id":"111","pokemon_move_method_id":"4","level":"0","pokemon_id":"218"}{"order":"","version_group_id":"4","move_id":"123","pokemon_move_method_id":"1","level":"1","pokemon_id":"218"}{"order":"","version_group_id":"4","move_id":"126","pokemon_move_method_id":"4","level":"0","pokemon_id":"218"}{"order":"","version_group_id":"4","move_id":"133","pokemon_move_method_id":"1","level":"29","pokemon_id":"218"}{"order":"","version_group_id":"4","move_id":"151","pokemon_move_method_id":"2","level":"0","pokemon_id":"218"}{"order":"","version_group_id":"4","move_id":"156","pokemon_move_method_id":"4","level":"0","pokemon_id":"218"}{"order":"","version_group_id":"4","move_id":"157","pokemon_move_method_id":"1","level":"43","pokemon_id":"218"}{"order":"","version_group_id":"4","move_id":"173","pokemon_move_method_id":"4","level":"0","pokemon_id":"218"}{"order":"","version_group_id":"4","move_id":"174","pokemon_move_method_id":"4","level":"0","pokemon_id":"218"}{"order":"","version_group_id":"4","move_id":"182","pokemon_move_method_id":"4","level":"0","pokemon_id":"218"}{"order":"","version_group_id":"4","move_id":"189","pokemon_move_method_id":"4","level":"0","pokemon_id":"218"}{"order":"","version_group_id":"4","move_id":"203","pokemon_move_method_id":"4","level":"0","pokemon_id":"218"}{"order":"","version_group_id":"4","move_id":"205","pokemon_move_method_id":"4","level":"0","pokemon_id":"218"}{"order":"","version_group_id":"4","move_id":"207","pokemon_move_method_id":"4","level":"0","pokemon_id":"218"}{"order":"","version_group_id":"4","move_id":"213","pokemon_move_method_id":"4","level":"0","pokemon_id":"218"}{"order":"","version_group_id":"4","move_id":"214","pokemon_move_method_id":"4","level":"0","pokemon_id":"218"}{"order":"","version_group_id":"4","move_id":"216","pokemon_move_method_id":"4","level":"0","pokemon_id":"218"}{"order":"","version_group_id":"4","move_id":"218","pokemon_move_method_id":"4","level":"0","pokemon_id":"218"}{"order":"","version_group_id":"4","move_id":"237","pokemon_move_method_id":"4","level":"0","pokemon_id":"218"}{"order":"","version_group_id":"4","move_id":"241","pokemon_move_method_id":"4","level":"0","pokemon_id":"218"}{"order":"","version_group_id":"4","move_id":"249","pokemon_move_method_id":"4","level":"0","pokemon_id":"218"}{"order":"","version_group_id":"5","move_id":"34","pokemon_move_method_id":"1","level":"50","pokemon_id":"218"}{"order":"","version_group_id":"5","move_id":"52","pokemon_move_method_id":"1","level":"8","pokemon_id":"218"}{"order":"","version_group_id":"5","move_id":"53","pokemon_move_method_id":"1","level":"36","pokemon_id":"218"}{"order":"","version_group_id":"5","move_id":"53","pokemon_move_method_id":"4","level":"0","pokemon_id":"218"}{"order":"","version_group_id":"5","move_id":"88","pokemon_move_method_id":"1","level":"15","pokemon_id":"218"}{"order":"","version_group_id":"5","move_id":"92","pokemon_move_method_id":"4","level":"0","pokemon_id":"218"}{"order":"","version_group_id":"5","move_id":"104","pokemon_move_method_id":"4","level":"0","pokemon_id":"218"}{"order":"","version_group_id":"5","move_id":"106","pokemon_move_method_id":"1","level":"22","pokemon_id":"218"}{"order":"","version_group_id":"5","move_id":"113","pokemon_move_method_id":"4","level":"0","pokemon_id":"218"}{"order":"","version_group_id":"5","move_id":"115","pokemon_move_method_id":"4","level":"0","pokemon_id":"218"}{"order":"2","version_group_id":"5","move_id":"123","pokemon_move_method_id":"1","level":"1","pokemon_id":"218"}{"order":"","version_group_id":"5","move_id":"126","pokemon_move_method_id":"4","level":"0","pokemon_id":"218"}{"order":"","version_group_id":"5","move_id":"133","pokemon_move_method_id":"1","level":"29","pokemon_id":"218"}{"order":"","version_group_id":"5","move_id":"151","pokemon_move_method_id":"2","level":"0","pokemon_id":"218"}{"order":"","version_group_id":"5","move_id":"156","pokemon_move_method_id":"4","level":"0","pokemon_id":"218"}{"order":"","version_group_id":"5","move_id":"157","pokemon_move_method_id":"1","level":"43","pokemon_id":"218"}{"order":"","version_group_id":"5","move_id":"182","pokemon_move_method_id":"4","level":"0","pokemon_id":"218"}{"order":"","version_group_id":"5","move_id":"213","pokemon_move_method_id":"4","level":"0","pokemon_id":"218"}{"order":"","version_group_id":"5","move_id":"216","pokemon_move_method_id":"4","level":"0","pokemon_id":"218"}{"order":"","version_group_id":"5","move_id":"218","pokemon_move_method_id":"4","level":"0","pokemon_id":"218"}{"order":"","version_group_id":"5","move_id":"237","pokemon_move_method_id":"4","level":"0","pokemon_id":"218"}{"order":"","version_group_id":"5","move_id":"241","pokemon_move_method_id":"4","level":"0","pokemon_id":"218"}{"order":"","version_group_id":"5","move_id":"249","pokemon_move_method_id":"4","level":"0","pokemon_id":"218"}{"order":"","version_group_id":"5","move_id":"257","pokemon_move_method_id":"2","level":"0","pokemon_id":"218"}{"order":"","version_group_id":"5","move_id":"263","pokemon_move_method_id":"4","level":"0","pokemon_id":"218"}{"order":"1","version_group_id":"5","move_id":"281","pokemon_move_method_id":"1","level":"1","pokemon_id":"218"}{"order":"","version_group_id":"5","move_id":"290","pokemon_move_method_id":"4","level":"0","pokemon_id":"218"}{"order":"","version_group_id":"5","move_id":"315","pokemon_move_method_id":"4","level":"0","pokemon_id":"218"}{"order":"","version_group_id":"6","move_id":"34","pokemon_move_method_id":"1","level":"50","pokemon_id":"218"}{"order":"","version_group_id":"6","move_id":"34","pokemon_move_method_id":"3","level":"0","pokemon_id":"218"}{"order":"","version_group_id":"6","move_id":"38","pokemon_move_method_id":"3","level":"0","pokemon_id":"218"}{"order":"","version_group_id":"6","move_id":"52","pokemon_move_method_id":"1","level":"8","pokemon_id":"218"}{"order":"","version_group_id":"6","move_id":"53","pokemon_move_method_id":"1","level":"36","pokemon_id":"218"}{"order":"","version_group_id":"6","move_id":"53","pokemon_move_method_id":"4","level":"0","pokemon_id":"218"}{"order":"","version_group_id":"6","move_id":"88","pokemon_move_method_id":"1","level":"15","pokemon_id":"218"}{"order":"","version_group_id":"6","move_id":"92","pokemon_move_method_id":"4","level":"0","pokemon_id":"218"}{"order":"","version_group_id":"6","move_id":"102","pokemon_move_method_id":"3","level":"0","pokemon_id":"218"}{"order":"","version_group_id":"6","move_id":"104","pokemon_move_method_id":"4","level":"0","pokemon_id":"218"}{"order":"","version_group_id":"6","move_id":"106","pokemon_move_method_id":"1","level":"22","pokemon_id":"218"}{"order":"","version_group_id":"6","move_id":"111","pokemon_move_method_id":"3","level":"0","pokemon_id":"218"}{"order":"","version_group_id":"6","move_id":"113","pokemon_move_method_id":"4","level":"0","pokemon_id":"218"}{"order":"","version_group_id":"6","move_id":"115","pokemon_move_method_id":"4","level":"0","pokemon_id":"218"}{"order":"2","version_group_id":"6","move_id":"123","pokemon_move_method_id":"1","level":"1","pokemon_id":"218"}{"order":"","version_group_id":"6","move_id":"126","pokemon_move_method_id":"4","level":"0","pokemon_id":"218"}{"order":"","version_group_id":"6","move_id":"133","pokemon_move_method_id":"1","level":"29","pokemon_id":"218"}{"order":"","version_group_id":"6","move_id":"151","pokemon_move_method_id":"2","level":"0","pokemon_id":"218"}{"order":"","version_group_id":"6","move_id":"156","pokemon_move_method_id":"4","level":"0","pokemon_id":"218"}{"order":"","version_group_id":"6","move_id":"157","pokemon_move_method_id":"1","level":"43","pokemon_id":"218"}{"order":"","version_group_id":"6","move_id":"157","pokemon_move_method_id":"3","level":"0","pokemon_id":"218"}{"order":"","version_group_id":"6","move_id":"164","pokemon_move_method_id":"3","level":"0","pokemon_id":"218"}{"order":"","version_group_id":"6","move_id":"173","pokemon_move_method_id":"3","level":"0","pokemon_id":"218"}{"order":"","version_group_id":"6","move_id":"182","pokemon_move_method_id":"4","level":"0","pokemon_id":"218"}{"order":"","version_group_id":"6","move_id":"189","pokemon_move_method_id":"3","level":"0","pokemon_id":"218"}{"order":"","version_group_id":"6","move_id":"203","pokemon_move_method_id":"3","level":"0","pokemon_id":"218"}{"order":"","version_group_id":"6","move_id":"205","pokemon_move_method_id":"3","level":"0","pokemon_id":"218"}{"order":"","version_group_id":"6","move_id":"207","pokemon_move_method_id":"3","level":"0","pokemon_id":"218"}{"order":"","version_group_id":"6","move_id":"213","pokemon_move_method_id":"4","level":"0","pokemon_id":"218"}{"order":"","version_group_id":"6","move_id":"214","pokemon_move_method_id":"3","level":"0","pokemon_id":"218"}{"order":"","version_group_id":"6","move_id":"216","pokemon_move_method_id":"4","level":"0","pokemon_id":"218"}{"order":"","version_group_id":"6","move_id":"218","pokemon_move_method_id":"4","level":"0","pokemon_id":"218"}{"order":"","version_group_id":"6","move_id":"237","pokemon_move_method_id":"4","level":"0","pokemon_id":"218"}{"order":"","version_group_id":"6","move_id":"241","pokemon_move_method_id":"4","level":"0","pokemon_id":"218"}{"order":"","version_group_id":"6","move_id":"249","pokemon_move_method_id":"4","level":"0","pokemon_id":"218"}{"order":"","version_group_id":"6","move_id":"257","pokemon_move_method_id":"2","level":"0","pokemon_id":"218"}{"order":"","version_group_id":"6","move_id":"263","pokemon_move_method_id":"4","level":"0","pokemon_id":"218"}{"order":"1","version_group_id":"6","move_id":"281","pokemon_move_method_id":"1","level":"1","pokemon_id":"218"}{"order":"","version_group_id":"6","move_id":"290","pokemon_move_method_id":"4","level":"0","pokemon_id":"218"}{"order":"","version_group_id":"6","move_id":"315","pokemon_move_method_id":"4","level":"0","pokemon_id":"218"}{"order":"","version_group_id":"7","move_id":"34","pokemon_move_method_id":"1","level":"50","pokemon_id":"218"}{"order":"","version_group_id":"7","move_id":"34","pokemon_move_method_id":"3","level":"0","pokemon_id":"218"}{"order":"","version_group_id":"7","move_id":"38","pokemon_move_method_id":"3","level":"0","pokemon_id":"218"}{"order":"","version_group_id":"7","move_id":"52","pokemon_move_method_id":"1","level":"8","pokemon_id":"218"}{"order":"","version_group_id":"7","move_id":"53","pokemon_move_method_id":"1","level":"36","pokemon_id":"218"}{"order":"","version_group_id":"7","move_id":"53","pokemon_move_method_id":"4","level":"0","pokemon_id":"218"}{"order":"","version_group_id":"7","move_id":"88","pokemon_move_method_id":"1","level":"15","pokemon_id":"218"}{"order":"","version_group_id":"7","move_id":"92","pokemon_move_method_id":"4","level":"0","pokemon_id":"218"}{"order":"","version_group_id":"7","move_id":"102","pokemon_move_method_id":"3","level":"0","pokemon_id":"218"}{"order":"","version_group_id":"7","move_id":"104","pokemon_move_method_id":"4","level":"0","pokemon_id":"218"}{"order":"","version_group_id":"7","move_id":"106","pokemon_move_method_id":"1","level":"22","pokemon_id":"218"}{"order":"","version_group_id":"7","move_id":"113","pokemon_move_method_id":"4","level":"0","pokemon_id":"218"}{"order":"","version_group_id":"7","move_id":"115","pokemon_move_method_id":"4","level":"0","pokemon_id":"218"}{"order":"2","version_group_id":"7","move_id":"123","pokemon_move_method_id":"1","level":"1","pokemon_id":"218"}{"order":"","version_group_id":"7","move_id":"126","pokemon_move_method_id":"4","level":"0","pokemon_id":"218"}{"order":"","version_group_id":"7","move_id":"133","pokemon_move_method_id":"1","level":"29","pokemon_id":"218"}{"order":"","version_group_id":"7","move_id":"151","pokemon_move_method_id":"2","level":"0","pokemon_id":"218"}{"order":"","version_group_id":"7","move_id":"156","pokemon_move_method_id":"4","level":"0","pokemon_id":"218"}{"order":"","version_group_id":"7","move_id":"157","pokemon_move_method_id":"1","level":"43","pokemon_id":"218"}{"order":"","version_group_id":"7","move_id":"157","pokemon_move_method_id":"3","level":"0","pokemon_id":"218"}{"order":"","version_group_id":"7","move_id":"164","pokemon_move_method_id":"3","level":"0","pokemon_id":"218"}{"order":"","version_group_id":"7","move_id":"182","pokemon_move_method_id":"4","level":"0","pokemon_id":"218"}{"order":"","version_group_id":"7","move_id":"213","pokemon_move_method_id":"4","level":"0","pokemon_id":"218"}{"order":"","version_group_id":"7","move_id":"216","pokemon_move_method_id":"4","level":"0","pokemon_id":"218"}{"order":"","version_group_id":"7","move_id":"218","pokemon_move_method_id":"4","level":"0","pokemon_id":"218"}{"order":"","version_group_id":"7","move_id":"237","pokemon_move_method_id":"4","level":"0","pokemon_id":"218"}{"order":"","version_group_id":"7","move_id":"241","pokemon_move_method_id":"4","level":"0","pokemon_id":"218"}{"order":"","version_group_id":"7","move_id":"249","pokemon_move_method_id":"4","level":"0","pokemon_id":"218"}{"order":"","version_group_id":"7","move_id":"257","pokemon_move_method_id":"2","level":"0","pokemon_id":"218"}{"order":"","version_group_id":"7","move_id":"263","pokemon_move_method_id":"4","level":"0","pokemon_id":"218"}{"order":"1","version_group_id":"7","move_id":"281","pokemon_move_method_id":"1","level":"1","pokemon_id":"218"}{"order":"","version_group_id":"7","move_id":"290","pokemon_move_method_id":"4","level":"0","pokemon_id":"218"}{"order":"","version_group_id":"7","move_id":"315","pokemon_move_method_id":"4","level":"0","pokemon_id":"218"}{"order":"","version_group_id":"8","move_id":"34","pokemon_move_method_id":"1","level":"46","pokemon_id":"218"}{"order":"","version_group_id":"8","move_id":"52","pokemon_move_method_id":"1","level":"8","pokemon_id":"218"}{"order":"","version_group_id":"8","move_id":"53","pokemon_move_method_id":"1","level":"53","pokemon_id":"218"}{"order":"","version_group_id":"8","move_id":"53","pokemon_move_method_id":"4","level":"0","pokemon_id":"218"}{"order":"","version_group_id":"8","move_id":"88","pokemon_move_method_id":"1","level":"11","pokemon_id":"218"}{"order":"","version_group_id":"8","move_id":"92","pokemon_move_method_id":"4","level":"0","pokemon_id":"218"}{"order":"","version_group_id":"8","move_id":"104","pokemon_move_method_id":"4","level":"0","pokemon_id":"218"}{"order":"","version_group_id":"8","move_id":"105","pokemon_move_method_id":"1","level":"23","pokemon_id":"218"}{"order":"","version_group_id":"8","move_id":"106","pokemon_move_method_id":"1","level":"16","pokemon_id":"218"}{"order":"","version_group_id":"8","move_id":"108","pokemon_move_method_id":"2","level":"0","pokemon_id":"218"}{"order":"","version_group_id":"8","move_id":"113","pokemon_move_method_id":"4","level":"0","pokemon_id":"218"}{"order":"","version_group_id":"8","move_id":"115","pokemon_move_method_id":"4","level":"0","pokemon_id":"218"}{"order":"2","version_group_id":"8","move_id":"123","pokemon_move_method_id":"1","level":"1","pokemon_id":"218"}{"order":"","version_group_id":"8","move_id":"126","pokemon_move_method_id":"4","level":"0","pokemon_id":"218"}{"order":"","version_group_id":"8","move_id":"133","pokemon_move_method_id":"1","level":"31","pokemon_id":"218"}{"order":"","version_group_id":"8","move_id":"151","pokemon_move_method_id":"2","level":"0","pokemon_id":"218"}{"order":"","version_group_id":"8","move_id":"156","pokemon_move_method_id":"4","level":"0","pokemon_id":"218"}{"order":"","version_group_id":"8","move_id":"157","pokemon_move_method_id":"1","level":"41","pokemon_id":"218"}{"order":"","version_group_id":"8","move_id":"157","pokemon_move_method_id":"4","level":"0","pokemon_id":"218"}{"order":"","version_group_id":"8","move_id":"164","pokemon_move_method_id":"4","level":"0","pokemon_id":"218"}{"order":"","version_group_id":"8","move_id":"174","pokemon_move_method_id":"2","level":"0","pokemon_id":"218"}{"order":"","version_group_id":"8","move_id":"182","pokemon_move_method_id":"4","level":"0","pokemon_id":"218"}{"order":"","version_group_id":"8","move_id":"203","pokemon_move_method_id":"4","level":"0","pokemon_id":"218"}{"order":"","version_group_id":"8","move_id":"207","pokemon_move_method_id":"4","level":"0","pokemon_id":"218"}{"order":"","version_group_id":"8","move_id":"213","pokemon_move_method_id":"4","level":"0","pokemon_id":"218"}{"order":"","version_group_id":"8","move_id":"214","pokemon_move_method_id":"4","level":"0","pokemon_id":"218"}{"order":"","version_group_id":"8","move_id":"216","pokemon_move_method_id":"4","level":"0","pokemon_id":"218"}{"order":"","version_group_id":"8","move_id":"218","pokemon_move_method_id":"4","level":"0","pokemon_id":"218"}{"order":"","version_group_id":"8","move_id":"237","pokemon_move_method_id":"4","level":"0","pokemon_id":"218"}{"order":"","version_group_id":"8","move_id":"241","pokemon_move_method_id":"4","level":"0","pokemon_id":"218"}{"order":"","version_group_id":"8","move_id":"246","pokemon_move_method_id":"1","level":"26","pokemon_id":"218"}{"order":"","version_group_id":"8","move_id":"249","pokemon_move_method_id":"4","level":"0","pokemon_id":"218"}{"order":"","version_group_id":"8","move_id":"254","pokemon_move_method_id":"2","level":"0","pokemon_id":"218"}{"order":"","version_group_id":"8","move_id":"255","pokemon_move_method_id":"2","level":"0","pokemon_id":"218"}{"order":"","version_group_id":"8","move_id":"256","pokemon_move_method_id":"2","level":"0","pokemon_id":"218"}{"order":"","version_group_id":"8","move_id":"257","pokemon_move_method_id":"2","level":"0","pokemon_id":"218"}{"order":"","version_group_id":"8","move_id":"261","pokemon_move_method_id":"4","level":"0","pokemon_id":"218"}{"order":"","version_group_id":"8","move_id":"262","pokemon_move_method_id":"2","level":"0","pokemon_id":"218"}{"order":"","version_group_id":"8","move_id":"263","pokemon_move_method_id":"4","level":"0","pokemon_id":"218"}{"order":"1","version_group_id":"8","move_id":"281","pokemon_move_method_id":"1","level":"1","pokemon_id":"218"}{"order":"","version_group_id":"8","move_id":"290","pokemon_move_method_id":"4","level":"0","pokemon_id":"218"}{"order":"","version_group_id":"8","move_id":"315","pokemon_move_method_id":"4","level":"0","pokemon_id":"218"}{"order":"","version_group_id":"8","move_id":"317","pokemon_move_method_id":"4","level":"0","pokemon_id":"218"}{"order":"","version_group_id":"8","move_id":"363","pokemon_move_method_id":"4","level":"0","pokemon_id":"218"}{"order":"","version_group_id":"8","move_id":"414","pokemon_move_method_id":"1","level":"56","pokemon_id":"218"}{"order":"","version_group_id":"8","move_id":"436","pokemon_move_method_id":"1","level":"38","pokemon_id":"218"}{"order":"","version_group_id":"8","move_id":"445","pokemon_move_method_id":"4","level":"0","pokemon_id":"218"}{"order":"","version_group_id":"9","move_id":"34","pokemon_move_method_id":"1","level":"46","pokemon_id":"218"}{"order":"","version_group_id":"9","move_id":"52","pokemon_move_method_id":"1","level":"8","pokemon_id":"218"}{"order":"","version_group_id":"9","move_id":"53","pokemon_move_method_id":"1","level":"53","pokemon_id":"218"}{"order":"","version_group_id":"9","move_id":"53","pokemon_move_method_id":"4","level":"0","pokemon_id":"218"}{"order":"","version_group_id":"9","move_id":"88","pokemon_move_method_id":"1","level":"11","pokemon_id":"218"}{"order":"","version_group_id":"9","move_id":"92","pokemon_move_method_id":"4","level":"0","pokemon_id":"218"}{"order":"","version_group_id":"9","move_id":"104","pokemon_move_method_id":"4","level":"0","pokemon_id":"218"}{"order":"","version_group_id":"9","move_id":"105","pokemon_move_method_id":"1","level":"23","pokemon_id":"218"}{"order":"","version_group_id":"9","move_id":"106","pokemon_move_method_id":"1","level":"16","pokemon_id":"218"}{"order":"","version_group_id":"9","move_id":"108","pokemon_move_method_id":"2","level":"0","pokemon_id":"218"}{"order":"","version_group_id":"9","move_id":"113","pokemon_move_method_id":"4","level":"0","pokemon_id":"218"}{"order":"","version_group_id":"9","move_id":"115","pokemon_move_method_id":"4","level":"0","pokemon_id":"218"}{"order":"2","version_group_id":"9","move_id":"123","pokemon_move_method_id":"1","level":"1","pokemon_id":"218"}{"order":"","version_group_id":"9","move_id":"126","pokemon_move_method_id":"4","level":"0","pokemon_id":"218"}{"order":"","version_group_id":"9","move_id":"133","pokemon_move_method_id":"1","level":"31","pokemon_id":"218"}{"order":"","version_group_id":"9","move_id":"151","pokemon_move_method_id":"2","level":"0","pokemon_id":"218"}{"order":"","version_group_id":"9","move_id":"156","pokemon_move_method_id":"4","level":"0","pokemon_id":"218"}{"order":"","version_group_id":"9","move_id":"157","pokemon_move_method_id":"1","level":"41","pokemon_id":"218"}{"order":"","version_group_id":"9","move_id":"157","pokemon_move_method_id":"4","level":"0","pokemon_id":"218"}{"order":"","version_group_id":"9","move_id":"164","pokemon_move_method_id":"4","level":"0","pokemon_id":"218"}{"order":"","version_group_id":"9","move_id":"173","pokemon_move_method_id":"3","level":"0","pokemon_id":"218"}{"order":"","version_group_id":"9","move_id":"174","pokemon_move_method_id":"2","level":"0","pokemon_id":"218"}{"order":"","version_group_id":"9","move_id":"182","pokemon_move_method_id":"4","level":"0","pokemon_id":"218"}{"order":"","version_group_id":"9","move_id":"189","pokemon_move_method_id":"3","level":"0","pokemon_id":"218"}{"order":"","version_group_id":"9","move_id":"203","pokemon_move_method_id":"4","level":"0","pokemon_id":"218"}{"order":"","version_group_id":"9","move_id":"205","pokemon_move_method_id":"3","level":"0","pokemon_id":"218"}{"order":"","version_group_id":"9","move_id":"207","pokemon_move_method_id":"4","level":"0","pokemon_id":"218"}{"order":"","version_group_id":"9","move_id":"213","pokemon_move_method_id":"4","level":"0","pokemon_id":"218"}{"order":"","version_group_id":"9","move_id":"214","pokemon_move_method_id":"4","level":"0","pokemon_id":"218"}{"order":"","version_group_id":"9","move_id":"216","pokemon_move_method_id":"4","level":"0","pokemon_id":"218"}{"order":"","version_group_id":"9","move_id":"218","pokemon_move_method_id":"4","level":"0","pokemon_id":"218"}{"order":"","version_group_id":"9","move_id":"237","pokemon_move_method_id":"4","level":"0","pokemon_id":"218"}{"order":"","version_group_id":"9","move_id":"241","pokemon_move_method_id":"4","level":"0","pokemon_id":"218"}{"order":"","version_group_id":"9","move_id":"246","pokemon_move_method_id":"1","level":"26","pokemon_id":"218"}{"order":"","version_group_id":"9","move_id":"246","pokemon_move_method_id":"3","level":"0","pokemon_id":"218"}{"order":"","version_group_id":"9","move_id":"249","pokemon_move_method_id":"4","level":"0","pokemon_id":"218"}{"order":"","version_group_id":"9","move_id":"254","pokemon_move_method_id":"2","level":"0","pokemon_id":"218"}{"order":"","version_group_id":"9","move_id":"255","pokemon_move_method_id":"2","level":"0","pokemon_id":"218"}{"order":"","version_group_id":"9","move_id":"256","pokemon_move_method_id":"2","level":"0","pokemon_id":"218"}{"order":"","version_group_id":"9","move_id":"257","pokemon_move_method_id":"2","level":"0","pokemon_id":"218"}{"order":"","version_group_id":"9","move_id":"257","pokemon_move_method_id":"3","level":"0","pokemon_id":"218"}{"order":"","version_group_id":"9","move_id":"261","pokemon_move_method_id":"4","level":"0","pokemon_id":"218"}{"order":"","version_group_id":"9","move_id":"262","pokemon_move_method_id":"2","level":"0","pokemon_id":"218"}{"order":"","version_group_id":"9","move_id":"263","pokemon_move_method_id":"4","level":"0","pokemon_id":"218"}{"order":"1","version_group_id":"9","move_id":"281","pokemon_move_method_id":"1","level":"1","pokemon_id":"218"}{"order":"","version_group_id":"9","move_id":"290","pokemon_move_method_id":"4","level":"0","pokemon_id":"218"}{"order":"","version_group_id":"9","move_id":"315","pokemon_move_method_id":"4","level":"0","pokemon_id":"218"}{"order":"","version_group_id":"9","move_id":"317","pokemon_move_method_id":"4","level":"0","pokemon_id":"218"}{"order":"","version_group_id":"9","move_id":"334","pokemon_move_method_id":"3","level":"0","pokemon_id":"218"}{"order":"","version_group_id":"9","move_id":"363","pokemon_move_method_id":"4","level":"0","pokemon_id":"218"}{"order":"","version_group_id":"9","move_id":"414","pokemon_move_method_id":"1","level":"56","pokemon_id":"218"}{"order":"","version_group_id":"9","move_id":"414","pokemon_move_method_id":"3","level":"0","pokemon_id":"218"}{"order":"","version_group_id":"9","move_id":"436","pokemon_move_method_id":"1","level":"38","pokemon_id":"218"}{"order":"","version_group_id":"9","move_id":"445","pokemon_move_method_id":"4","level":"0","pokemon_id":"218"}{"order":"","version_group_id":"10","move_id":"34","pokemon_move_method_id":"1","level":"46","pokemon_id":"218"}{"order":"","version_group_id":"10","move_id":"52","pokemon_move_method_id":"1","level":"8","pokemon_id":"218"}{"order":"","version_group_id":"10","move_id":"53","pokemon_move_method_id":"1","level":"53","pokemon_id":"218"}{"order":"","version_group_id":"10","move_id":"53","pokemon_move_method_id":"4","level":"0","pokemon_id":"218"}{"order":"","version_group_id":"10","move_id":"88","pokemon_move_method_id":"1","level":"11","pokemon_id":"218"}{"order":"","version_group_id":"10","move_id":"92","pokemon_move_method_id":"4","level":"0","pokemon_id":"218"}{"order":"","version_group_id":"10","move_id":"104","pokemon_move_method_id":"4","level":"0","pokemon_id":"218"}{"order":"","version_group_id":"10","move_id":"105","pokemon_move_method_id":"1","level":"23","pokemon_id":"218"}{"order":"","version_group_id":"10","move_id":"106","pokemon_move_method_id":"1","level":"16","pokemon_id":"218"}{"order":"","version_group_id":"10","move_id":"108","pokemon_move_method_id":"2","level":"0","pokemon_id":"218"}{"order":"","version_group_id":"10","move_id":"113","pokemon_move_method_id":"4","level":"0","pokemon_id":"218"}{"order":"","version_group_id":"10","move_id":"115","pokemon_move_method_id":"4","level":"0","pokemon_id":"218"}{"order":"2","version_group_id":"10","move_id":"123","pokemon_move_method_id":"1","level":"1","pokemon_id":"218"}{"order":"","version_group_id":"10","move_id":"126","pokemon_move_method_id":"4","level":"0","pokemon_id":"218"}{"order":"","version_group_id":"10","move_id":"133","pokemon_move_method_id":"1","level":"31","pokemon_id":"218"}{"order":"","version_group_id":"10","move_id":"151","pokemon_move_method_id":"2","level":"0","pokemon_id":"218"}{"order":"","version_group_id":"10","move_id":"156","pokemon_move_method_id":"4","level":"0","pokemon_id":"218"}{"order":"","version_group_id":"10","move_id":"157","pokemon_move_method_id":"1","level":"41","pokemon_id":"218"}{"order":"","version_group_id":"10","move_id":"157","pokemon_move_method_id":"4","level":"0","pokemon_id":"218"}{"order":"","version_group_id":"10","move_id":"164","pokemon_move_method_id":"4","level":"0","pokemon_id":"218"}{"order":"","version_group_id":"10","move_id":"173","pokemon_move_method_id":"3","level":"0","pokemon_id":"218"}{"order":"","version_group_id":"10","move_id":"174","pokemon_move_method_id":"2","level":"0","pokemon_id":"218"}{"order":"","version_group_id":"10","move_id":"182","pokemon_move_method_id":"4","level":"0","pokemon_id":"218"}{"order":"","version_group_id":"10","move_id":"189","pokemon_move_method_id":"3","level":"0","pokemon_id":"218"}{"order":"","version_group_id":"10","move_id":"203","pokemon_move_method_id":"4","level":"0","pokemon_id":"218"}{"order":"","version_group_id":"10","move_id":"205","pokemon_move_method_id":"3","level":"0","pokemon_id":"218"}{"order":"","version_group_id":"10","move_id":"207","pokemon_move_method_id":"4","level":"0","pokemon_id":"218"}{"order":"","version_group_id":"10","move_id":"213","pokemon_move_method_id":"4","level":"0","pokemon_id":"218"}{"order":"","version_group_id":"10","move_id":"214","pokemon_move_method_id":"4","level":"0","pokemon_id":"218"}{"order":"","version_group_id":"10","move_id":"216","pokemon_move_method_id":"4","level":"0","pokemon_id":"218"}{"order":"","version_group_id":"10","move_id":"218","pokemon_move_method_id":"4","level":"0","pokemon_id":"218"}{"order":"","version_group_id":"10","move_id":"220","pokemon_move_method_id":"3","level":"0","pokemon_id":"218"}{"order":"","version_group_id":"10","move_id":"237","pokemon_move_method_id":"4","level":"0","pokemon_id":"218"}{"order":"","version_group_id":"10","move_id":"241","pokemon_move_method_id":"4","level":"0","pokemon_id":"218"}{"order":"","version_group_id":"10","move_id":"246","pokemon_move_method_id":"1","level":"26","pokemon_id":"218"}{"order":"","version_group_id":"10","move_id":"246","pokemon_move_method_id":"3","level":"0","pokemon_id":"218"}{"order":"","version_group_id":"10","move_id":"249","pokemon_move_method_id":"4","level":"0","pokemon_id":"218"}{"order":"","version_group_id":"10","move_id":"254","pokemon_move_method_id":"2","level":"0","pokemon_id":"218"}{"order":"","version_group_id":"10","move_id":"255","pokemon_move_method_id":"2","level":"0","pokemon_id":"218"}{"order":"","version_group_id":"10","move_id":"256","pokemon_move_method_id":"2","level":"0","pokemon_id":"218"}{"order":"","version_group_id":"10","move_id":"257","pokemon_move_method_id":"2","level":"0","pokemon_id":"218"}{"order":"","version_group_id":"10","move_id":"257","pokemon_move_method_id":"3","level":"0","pokemon_id":"218"}{"order":"","version_group_id":"10","move_id":"261","pokemon_move_method_id":"4","level":"0","pokemon_id":"218"}{"order":"","version_group_id":"10","move_id":"262","pokemon_move_method_id":"2","level":"0","pokemon_id":"218"}{"order":"","version_group_id":"10","move_id":"263","pokemon_move_method_id":"4","level":"0","pokemon_id":"218"}{"order":"1","version_group_id":"10","move_id":"281","pokemon_move_method_id":"1","level":"1","pokemon_id":"218"}{"order":"","version_group_id":"10","move_id":"290","pokemon_move_method_id":"4","level":"0","pokemon_id":"218"}{"order":"","version_group_id":"10","move_id":"315","pokemon_move_method_id":"4","level":"0","pokemon_id":"218"}{"order":"","version_group_id":"10","move_id":"317","pokemon_move_method_id":"4","level":"0","pokemon_id":"218"}{"order":"","version_group_id":"10","move_id":"334","pokemon_move_method_id":"3","level":"0","pokemon_id":"218"}{"order":"","version_group_id":"10","move_id":"363","pokemon_move_method_id":"4","level":"0","pokemon_id":"218"}{"order":"","version_group_id":"10","move_id":"414","pokemon_move_method_id":"1","level":"56","pokemon_id":"218"}{"order":"","version_group_id":"10","move_id":"414","pokemon_move_method_id":"3","level":"0","pokemon_id":"218"}{"order":"","version_group_id":"10","move_id":"436","pokemon_move_method_id":"1","level":"38","pokemon_id":"218"}{"order":"","version_group_id":"10","move_id":"445","pokemon_move_method_id":"4","level":"0","pokemon_id":"218"}{"order":"","version_group_id":"11","move_id":"34","pokemon_move_method_id":"1","level":"46","pokemon_id":"218"}{"order":"","version_group_id":"11","move_id":"52","pokemon_move_method_id":"1","level":"5","pokemon_id":"218"}{"order":"","version_group_id":"11","move_id":"53","pokemon_move_method_id":"1","level":"50","pokemon_id":"218"}{"order":"","version_group_id":"11","move_id":"53","pokemon_move_method_id":"4","level":"0","pokemon_id":"218"}{"order":"","version_group_id":"11","move_id":"88","pokemon_move_method_id":"1","level":"10","pokemon_id":"218"}{"order":"","version_group_id":"11","move_id":"92","pokemon_move_method_id":"4","level":"0","pokemon_id":"218"}{"order":"","version_group_id":"11","move_id":"104","pokemon_move_method_id":"4","level":"0","pokemon_id":"218"}{"order":"","version_group_id":"11","move_id":"105","pokemon_move_method_id":"1","level":"19","pokemon_id":"218"}{"order":"","version_group_id":"11","move_id":"106","pokemon_move_method_id":"1","level":"14","pokemon_id":"218"}{"order":"","version_group_id":"11","move_id":"108","pokemon_move_method_id":"2","level":"0","pokemon_id":"218"}{"order":"","version_group_id":"11","move_id":"113","pokemon_move_method_id":"4","level":"0","pokemon_id":"218"}{"order":"","version_group_id":"11","move_id":"115","pokemon_move_method_id":"4","level":"0","pokemon_id":"218"}{"order":"2","version_group_id":"11","move_id":"123","pokemon_move_method_id":"1","level":"1","pokemon_id":"218"}{"order":"","version_group_id":"11","move_id":"126","pokemon_move_method_id":"4","level":"0","pokemon_id":"218"}{"order":"","version_group_id":"11","move_id":"133","pokemon_move_method_id":"1","level":"32","pokemon_id":"218"}{"order":"","version_group_id":"11","move_id":"151","pokemon_move_method_id":"2","level":"0","pokemon_id":"218"}{"order":"","version_group_id":"11","move_id":"156","pokemon_move_method_id":"4","level":"0","pokemon_id":"218"}{"order":"","version_group_id":"11","move_id":"157","pokemon_move_method_id":"1","level":"41","pokemon_id":"218"}{"order":"","version_group_id":"11","move_id":"157","pokemon_move_method_id":"4","level":"0","pokemon_id":"218"}{"order":"","version_group_id":"11","move_id":"164","pokemon_move_method_id":"4","level":"0","pokemon_id":"218"}{"order":"","version_group_id":"11","move_id":"174","pokemon_move_method_id":"2","level":"0","pokemon_id":"218"}{"order":"","version_group_id":"11","move_id":"182","pokemon_move_method_id":"4","level":"0","pokemon_id":"218"}{"order":"","version_group_id":"11","move_id":"205","pokemon_move_method_id":"2","level":"0","pokemon_id":"218"}{"order":"","version_group_id":"11","move_id":"207","pokemon_move_method_id":"4","level":"0","pokemon_id":"218"}{"order":"","version_group_id":"11","move_id":"213","pokemon_move_method_id":"4","level":"0","pokemon_id":"218"}{"order":"","version_group_id":"11","move_id":"216","pokemon_move_method_id":"4","level":"0","pokemon_id":"218"}{"order":"","version_group_id":"11","move_id":"218","pokemon_move_method_id":"4","level":"0","pokemon_id":"218"}{"order":"","version_group_id":"11","move_id":"237","pokemon_move_method_id":"4","level":"0","pokemon_id":"218"}{"order":"","version_group_id":"11","move_id":"241","pokemon_move_method_id":"4","level":"0","pokemon_id":"218"}{"order":"","version_group_id":"11","move_id":"246","pokemon_move_method_id":"1","level":"28","pokemon_id":"218"}{"order":"","version_group_id":"11","move_id":"249","pokemon_move_method_id":"4","level":"0","pokemon_id":"218"}{"order":"","version_group_id":"11","move_id":"254","pokemon_move_method_id":"2","level":"0","pokemon_id":"218"}{"order":"","version_group_id":"11","move_id":"255","pokemon_move_method_id":"2","level":"0","pokemon_id":"218"}{"order":"","version_group_id":"11","move_id":"256","pokemon_move_method_id":"2","level":"0","pokemon_id":"218"}{"order":"","version_group_id":"11","move_id":"257","pokemon_move_method_id":"2","level":"0","pokemon_id":"218"}{"order":"","version_group_id":"11","move_id":"261","pokemon_move_method_id":"4","level":"0","pokemon_id":"218"}{"order":"","version_group_id":"11","move_id":"262","pokemon_move_method_id":"2","level":"0","pokemon_id":"218"}{"order":"","version_group_id":"11","move_id":"263","pokemon_move_method_id":"4","level":"0","pokemon_id":"218"}{"order":"1","version_group_id":"11","move_id":"281","pokemon_move_method_id":"1","level":"1","pokemon_id":"218"}{"order":"","version_group_id":"11","move_id":"315","pokemon_move_method_id":"4","level":"0","pokemon_id":"218"}{"order":"","version_group_id":"11","move_id":"317","pokemon_move_method_id":"4","level":"0","pokemon_id":"218"}{"order":"","version_group_id":"11","move_id":"414","pokemon_move_method_id":"1","level":"55","pokemon_id":"218"}{"order":"","version_group_id":"11","move_id":"414","pokemon_move_method_id":"2","level":"0","pokemon_id":"218"}{"order":"","version_group_id":"11","move_id":"436","pokemon_move_method_id":"1","level":"37","pokemon_id":"218"}{"order":"","version_group_id":"11","move_id":"481","pokemon_move_method_id":"1","level":"23","pokemon_id":"218"}{"order":"","version_group_id":"11","move_id":"488","pokemon_move_method_id":"4","level":"0","pokemon_id":"218"}{"order":"","version_group_id":"11","move_id":"496","pokemon_move_method_id":"4","level":"0","pokemon_id":"218"}{"order":"","version_group_id":"11","move_id":"510","pokemon_move_method_id":"4","level":"0","pokemon_id":"218"}{"order":"","version_group_id":"11","move_id":"517","pokemon_move_method_id":"2","level":"0","pokemon_id":"218"}{"order":"","version_group_id":"12","move_id":"34","pokemon_move_method_id":"1","level":"50","pokemon_id":"218"}{"order":"","version_group_id":"12","move_id":"52","pokemon_move_method_id":"1","level":"8","pokemon_id":"218"}{"order":"","version_group_id":"12","move_id":"53","pokemon_move_method_id":"1","level":"36","pokemon_id":"218"}{"order":"","version_group_id":"12","move_id":"53","pokemon_move_method_id":"4","level":"0","pokemon_id":"218"}{"order":"","version_group_id":"12","move_id":"88","pokemon_move_method_id":"1","level":"15","pokemon_id":"218"}{"order":"","version_group_id":"12","move_id":"92","pokemon_move_method_id":"4","level":"0","pokemon_id":"218"}{"order":"","version_group_id":"12","move_id":"104","pokemon_move_method_id":"4","level":"0","pokemon_id":"218"}{"order":"","version_group_id":"12","move_id":"106","pokemon_move_method_id":"1","level":"22","pokemon_id":"218"}{"order":"","version_group_id":"12","move_id":"113","pokemon_move_method_id":"4","level":"0","pokemon_id":"218"}{"order":"","version_group_id":"12","move_id":"115","pokemon_move_method_id":"4","level":"0","pokemon_id":"218"}{"order":"2","version_group_id":"12","move_id":"123","pokemon_move_method_id":"1","level":"1","pokemon_id":"218"}{"order":"","version_group_id":"12","move_id":"126","pokemon_move_method_id":"4","level":"0","pokemon_id":"218"}{"order":"","version_group_id":"12","move_id":"133","pokemon_move_method_id":"1","level":"29","pokemon_id":"218"}{"order":"","version_group_id":"12","move_id":"156","pokemon_move_method_id":"4","level":"0","pokemon_id":"218"}{"order":"","version_group_id":"12","move_id":"157","pokemon_move_method_id":"1","level":"43","pokemon_id":"218"}{"order":"","version_group_id":"12","move_id":"182","pokemon_move_method_id":"4","level":"0","pokemon_id":"218"}{"order":"","version_group_id":"12","move_id":"213","pokemon_move_method_id":"4","level":"0","pokemon_id":"218"}{"order":"","version_group_id":"12","move_id":"216","pokemon_move_method_id":"4","level":"0","pokemon_id":"218"}{"order":"","version_group_id":"12","move_id":"218","pokemon_move_method_id":"4","level":"0","pokemon_id":"218"}{"order":"","version_group_id":"12","move_id":"237","pokemon_move_method_id":"4","level":"0","pokemon_id":"218"}{"order":"","version_group_id":"12","move_id":"241","pokemon_move_method_id":"4","level":"0","pokemon_id":"218"}{"order":"","version_group_id":"12","move_id":"249","pokemon_move_method_id":"4","level":"0","pokemon_id":"218"}{"order":"","version_group_id":"12","move_id":"263","pokemon_move_method_id":"4","level":"0","pokemon_id":"218"}{"order":"1","version_group_id":"12","move_id":"281","pokemon_move_method_id":"1","level":"1","pokemon_id":"218"}{"order":"","version_group_id":"12","move_id":"290","pokemon_move_method_id":"4","level":"0","pokemon_id":"218"}{"order":"","version_group_id":"12","move_id":"315","pokemon_move_method_id":"4","level":"0","pokemon_id":"218"}{"order":"","version_group_id":"13","move_id":"34","pokemon_move_method_id":"1","level":"50","pokemon_id":"218"}{"order":"","version_group_id":"13","move_id":"34","pokemon_move_method_id":"3","level":"0","pokemon_id":"218"}{"order":"","version_group_id":"13","move_id":"38","pokemon_move_method_id":"3","level":"0","pokemon_id":"218"}{"order":"","version_group_id":"13","move_id":"52","pokemon_move_method_id":"1","level":"8","pokemon_id":"218"}{"order":"","version_group_id":"13","move_id":"53","pokemon_move_method_id":"1","level":"36","pokemon_id":"218"}{"order":"","version_group_id":"13","move_id":"53","pokemon_move_method_id":"4","level":"0","pokemon_id":"218"}{"order":"","version_group_id":"13","move_id":"88","pokemon_move_method_id":"1","level":"15","pokemon_id":"218"}{"order":"","version_group_id":"13","move_id":"92","pokemon_move_method_id":"4","level":"0","pokemon_id":"218"}{"order":"","version_group_id":"13","move_id":"102","pokemon_move_method_id":"3","level":"0","pokemon_id":"218"}{"order":"","version_group_id":"13","move_id":"104","pokemon_move_method_id":"4","level":"0","pokemon_id":"218"}{"order":"","version_group_id":"13","move_id":"106","pokemon_move_method_id":"1","level":"22","pokemon_id":"218"}{"order":"","version_group_id":"13","move_id":"113","pokemon_move_method_id":"4","level":"0","pokemon_id":"218"}{"order":"","version_group_id":"13","move_id":"115","pokemon_move_method_id":"4","level":"0","pokemon_id":"218"}{"order":"","version_group_id":"13","move_id":"120","pokemon_move_method_id":"3","level":"0","pokemon_id":"218"}{"order":"2","version_group_id":"13","move_id":"123","pokemon_move_method_id":"1","level":"1","pokemon_id":"218"}{"order":"","version_group_id":"13","move_id":"126","pokemon_move_method_id":"4","level":"0","pokemon_id":"218"}{"order":"","version_group_id":"13","move_id":"133","pokemon_move_method_id":"1","level":"29","pokemon_id":"218"}{"order":"","version_group_id":"13","move_id":"156","pokemon_move_method_id":"4","level":"0","pokemon_id":"218"}{"order":"","version_group_id":"13","move_id":"157","pokemon_move_method_id":"1","level":"43","pokemon_id":"218"}{"order":"","version_group_id":"13","move_id":"164","pokemon_move_method_id":"3","level":"0","pokemon_id":"218"}{"order":"","version_group_id":"13","move_id":"182","pokemon_move_method_id":"4","level":"0","pokemon_id":"218"}{"order":"","version_group_id":"13","move_id":"207","pokemon_move_method_id":"3","level":"0","pokemon_id":"218"}{"order":"","version_group_id":"13","move_id":"213","pokemon_move_method_id":"4","level":"0","pokemon_id":"218"}{"order":"","version_group_id":"13","move_id":"216","pokemon_move_method_id":"4","level":"0","pokemon_id":"218"}{"order":"","version_group_id":"13","move_id":"218","pokemon_move_method_id":"4","level":"0","pokemon_id":"218"}{"order":"","version_group_id":"13","move_id":"237","pokemon_move_method_id":"4","level":"0","pokemon_id":"218"}{"order":"","version_group_id":"13","move_id":"241","pokemon_move_method_id":"4","level":"0","pokemon_id":"218"}{"order":"","version_group_id":"13","move_id":"249","pokemon_move_method_id":"4","level":"0","pokemon_id":"218"}{"order":"","version_group_id":"13","move_id":"263","pokemon_move_method_id":"4","level":"0","pokemon_id":"218"}{"order":"1","version_group_id":"13","move_id":"281","pokemon_move_method_id":"1","level":"1","pokemon_id":"218"}{"order":"","version_group_id":"13","move_id":"290","pokemon_move_method_id":"4","level":"0","pokemon_id":"218"}{"order":"","version_group_id":"13","move_id":"315","pokemon_move_method_id":"4","level":"0","pokemon_id":"218"}{"order":"","version_group_id":"14","move_id":"34","pokemon_move_method_id":"1","level":"46","pokemon_id":"218"}{"order":"","version_group_id":"14","move_id":"52","pokemon_move_method_id":"1","level":"5","pokemon_id":"218"}{"order":"","version_group_id":"14","move_id":"53","pokemon_move_method_id":"1","level":"50","pokemon_id":"218"}{"order":"","version_group_id":"14","move_id":"53","pokemon_move_method_id":"4","level":"0","pokemon_id":"218"}{"order":"","version_group_id":"14","move_id":"88","pokemon_move_method_id":"1","level":"10","pokemon_id":"218"}{"order":"","version_group_id":"14","move_id":"92","pokemon_move_method_id":"4","level":"0","pokemon_id":"218"}{"order":"","version_group_id":"14","move_id":"104","pokemon_move_method_id":"4","level":"0","pokemon_id":"218"}{"order":"","version_group_id":"14","move_id":"105","pokemon_move_method_id":"1","level":"19","pokemon_id":"218"}{"order":"","version_group_id":"14","move_id":"106","pokemon_move_method_id":"1","level":"14","pokemon_id":"218"}{"order":"","version_group_id":"14","move_id":"108","pokemon_move_method_id":"2","level":"0","pokemon_id":"218"}{"order":"","version_group_id":"14","move_id":"113","pokemon_move_method_id":"4","level":"0","pokemon_id":"218"}{"order":"","version_group_id":"14","move_id":"115","pokemon_move_method_id":"4","level":"0","pokemon_id":"218"}{"order":"2","version_group_id":"14","move_id":"123","pokemon_move_method_id":"1","level":"1","pokemon_id":"218"}{"order":"","version_group_id":"14","move_id":"126","pokemon_move_method_id":"4","level":"0","pokemon_id":"218"}{"order":"","version_group_id":"14","move_id":"133","pokemon_move_method_id":"1","level":"32","pokemon_id":"218"}{"order":"","version_group_id":"14","move_id":"151","pokemon_move_method_id":"2","level":"0","pokemon_id":"218"}{"order":"","version_group_id":"14","move_id":"156","pokemon_move_method_id":"4","level":"0","pokemon_id":"218"}{"order":"","version_group_id":"14","move_id":"157","pokemon_move_method_id":"1","level":"41","pokemon_id":"218"}{"order":"","version_group_id":"14","move_id":"157","pokemon_move_method_id":"4","level":"0","pokemon_id":"218"}{"order":"","version_group_id":"14","move_id":"164","pokemon_move_method_id":"4","level":"0","pokemon_id":"218"}{"order":"","version_group_id":"14","move_id":"173","pokemon_move_method_id":"3","level":"0","pokemon_id":"218"}{"order":"","version_group_id":"14","move_id":"174","pokemon_move_method_id":"2","level":"0","pokemon_id":"218"}{"order":"","version_group_id":"14","move_id":"182","pokemon_move_method_id":"4","level":"0","pokemon_id":"218"}{"order":"","version_group_id":"14","move_id":"205","pokemon_move_method_id":"2","level":"0","pokemon_id":"218"}{"order":"","version_group_id":"14","move_id":"207","pokemon_move_method_id":"4","level":"0","pokemon_id":"218"}{"order":"","version_group_id":"14","move_id":"213","pokemon_move_method_id":"4","level":"0","pokemon_id":"218"}{"order":"","version_group_id":"14","move_id":"214","pokemon_move_method_id":"3","level":"0","pokemon_id":"218"}{"order":"","version_group_id":"14","move_id":"216","pokemon_move_method_id":"4","level":"0","pokemon_id":"218"}{"order":"","version_group_id":"14","move_id":"218","pokemon_move_method_id":"4","level":"0","pokemon_id":"218"}{"order":"","version_group_id":"14","move_id":"220","pokemon_move_method_id":"3","level":"0","pokemon_id":"218"}{"order":"","version_group_id":"14","move_id":"237","pokemon_move_method_id":"4","level":"0","pokemon_id":"218"}{"order":"","version_group_id":"14","move_id":"241","pokemon_move_method_id":"4","level":"0","pokemon_id":"218"}{"order":"","version_group_id":"14","move_id":"246","pokemon_move_method_id":"1","level":"28","pokemon_id":"218"}{"order":"","version_group_id":"14","move_id":"249","pokemon_move_method_id":"4","level":"0","pokemon_id":"218"}{"order":"","version_group_id":"14","move_id":"254","pokemon_move_method_id":"2","level":"0","pokemon_id":"218"}{"order":"","version_group_id":"14","move_id":"255","pokemon_move_method_id":"2","level":"0","pokemon_id":"218"}{"order":"","version_group_id":"14","move_id":"256","pokemon_move_method_id":"2","level":"0","pokemon_id":"218"}{"order":"","version_group_id":"14","move_id":"257","pokemon_move_method_id":"2","level":"0","pokemon_id":"218"}{"order":"","version_group_id":"14","move_id":"257","pokemon_move_method_id":"3","level":"0","pokemon_id":"218"}{"order":"","version_group_id":"14","move_id":"261","pokemon_move_method_id":"4","level":"0","pokemon_id":"218"}{"order":"","version_group_id":"14","move_id":"262","pokemon_move_method_id":"2","level":"0","pokemon_id":"218"}{"order":"","version_group_id":"14","move_id":"263","pokemon_move_method_id":"4","level":"0","pokemon_id":"218"}{"order":"1","version_group_id":"14","move_id":"281","pokemon_move_method_id":"1","level":"1","pokemon_id":"218"}{"order":"","version_group_id":"14","move_id":"315","pokemon_move_method_id":"4","level":"0","pokemon_id":"218"}{"order":"","version_group_id":"14","move_id":"317","pokemon_move_method_id":"4","level":"0","pokemon_id":"218"}{"order":"","version_group_id":"14","move_id":"334","pokemon_move_method_id":"3","level":"0","pokemon_id":"218"}{"order":"","version_group_id":"14","move_id":"414","pokemon_move_method_id":"1","level":"55","pokemon_id":"218"}{"order":"","version_group_id":"14","move_id":"414","pokemon_move_method_id":"2","level":"0","pokemon_id":"218"}{"order":"","version_group_id":"14","move_id":"414","pokemon_move_method_id":"3","level":"0","pokemon_id":"218"}{"order":"","version_group_id":"14","move_id":"436","pokemon_move_method_id":"1","level":"37","pokemon_id":"218"}{"order":"","version_group_id":"14","move_id":"481","pokemon_move_method_id":"1","level":"23","pokemon_id":"218"}{"order":"","version_group_id":"14","move_id":"488","pokemon_move_method_id":"4","level":"0","pokemon_id":"218"}{"order":"","version_group_id":"14","move_id":"495","pokemon_move_method_id":"3","level":"0","pokemon_id":"218"}{"order":"","version_group_id":"14","move_id":"496","pokemon_move_method_id":"4","level":"0","pokemon_id":"218"}{"order":"","version_group_id":"14","move_id":"510","pokemon_move_method_id":"4","level":"0","pokemon_id":"218"}{"order":"","version_group_id":"14","move_id":"517","pokemon_move_method_id":"2","level":"0","pokemon_id":"218"}{"order":"","version_group_id":"15","move_id":"34","pokemon_move_method_id":"1","level":"46","pokemon_id":"218"}{"order":"","version_group_id":"15","move_id":"52","pokemon_move_method_id":"1","level":"5","pokemon_id":"218"}{"order":"","version_group_id":"15","move_id":"53","pokemon_move_method_id":"1","level":"50","pokemon_id":"218"}{"order":"","version_group_id":"15","move_id":"53","pokemon_move_method_id":"4","level":"0","pokemon_id":"218"}{"order":"","version_group_id":"15","move_id":"88","pokemon_move_method_id":"1","level":"10","pokemon_id":"218"}{"order":"","version_group_id":"15","move_id":"92","pokemon_move_method_id":"4","level":"0","pokemon_id":"218"}{"order":"","version_group_id":"15","move_id":"104","pokemon_move_method_id":"4","level":"0","pokemon_id":"218"}{"order":"","version_group_id":"15","move_id":"105","pokemon_move_method_id":"1","level":"19","pokemon_id":"218"}{"order":"","version_group_id":"15","move_id":"106","pokemon_move_method_id":"1","level":"14","pokemon_id":"218"}{"order":"","version_group_id":"15","move_id":"108","pokemon_move_method_id":"2","level":"0","pokemon_id":"218"}{"order":"","version_group_id":"15","move_id":"113","pokemon_move_method_id":"4","level":"0","pokemon_id":"218"}{"order":"","version_group_id":"15","move_id":"115","pokemon_move_method_id":"4","level":"0","pokemon_id":"218"}{"order":"2","version_group_id":"15","move_id":"123","pokemon_move_method_id":"1","level":"1","pokemon_id":"218"}{"order":"","version_group_id":"15","move_id":"126","pokemon_move_method_id":"4","level":"0","pokemon_id":"218"}{"order":"","version_group_id":"15","move_id":"133","pokemon_move_method_id":"1","level":"32","pokemon_id":"218"}{"order":"","version_group_id":"15","move_id":"151","pokemon_move_method_id":"2","level":"0","pokemon_id":"218"}{"order":"","version_group_id":"15","move_id":"156","pokemon_move_method_id":"4","level":"0","pokemon_id":"218"}{"order":"","version_group_id":"15","move_id":"157","pokemon_move_method_id":"1","level":"41","pokemon_id":"218"}{"order":"","version_group_id":"15","move_id":"157","pokemon_move_method_id":"4","level":"0","pokemon_id":"218"}{"order":"","version_group_id":"15","move_id":"164","pokemon_move_method_id":"4","level":"0","pokemon_id":"218"}{"order":"","version_group_id":"15","move_id":"174","pokemon_move_method_id":"2","level":"0","pokemon_id":"218"}{"order":"","version_group_id":"15","move_id":"182","pokemon_move_method_id":"4","level":"0","pokemon_id":"218"}{"order":"","version_group_id":"15","move_id":"205","pokemon_move_method_id":"2","level":"0","pokemon_id":"218"}{"order":"","version_group_id":"15","move_id":"207","pokemon_move_method_id":"4","level":"0","pokemon_id":"218"}{"order":"","version_group_id":"15","move_id":"213","pokemon_move_method_id":"4","level":"0","pokemon_id":"218"}{"order":"","version_group_id":"15","move_id":"214","pokemon_move_method_id":"4","level":"0","pokemon_id":"218"}{"order":"","version_group_id":"15","move_id":"216","pokemon_move_method_id":"4","level":"0","pokemon_id":"218"}{"order":"","version_group_id":"15","move_id":"218","pokemon_move_method_id":"4","level":"0","pokemon_id":"218"}{"order":"","version_group_id":"15","move_id":"237","pokemon_move_method_id":"4","level":"0","pokemon_id":"218"}{"order":"","version_group_id":"15","move_id":"241","pokemon_move_method_id":"4","level":"0","pokemon_id":"218"}{"order":"","version_group_id":"15","move_id":"246","pokemon_move_method_id":"1","level":"28","pokemon_id":"218"}{"order":"","version_group_id":"15","move_id":"249","pokemon_move_method_id":"4","level":"0","pokemon_id":"218"}{"order":"","version_group_id":"15","move_id":"254","pokemon_move_method_id":"2","level":"0","pokemon_id":"218"}{"order":"","version_group_id":"15","move_id":"255","pokemon_move_method_id":"2","level":"0","pokemon_id":"218"}{"order":"","version_group_id":"15","move_id":"256","pokemon_move_method_id":"2","level":"0","pokemon_id":"218"}{"order":"","version_group_id":"15","move_id":"257","pokemon_move_method_id":"2","level":"0","pokemon_id":"218"}{"order":"","version_group_id":"15","move_id":"261","pokemon_move_method_id":"4","level":"0","pokemon_id":"218"}{"order":"","version_group_id":"15","move_id":"262","pokemon_move_method_id":"2","level":"0","pokemon_id":"218"}{"order":"","version_group_id":"15","move_id":"263","pokemon_move_method_id":"4","level":"0","pokemon_id":"218"}{"order":"","version_group_id":"15","move_id":"267","pokemon_move_method_id":"4","level":"0","pokemon_id":"218"}{"order":"1","version_group_id":"15","move_id":"281","pokemon_move_method_id":"1","level":"1","pokemon_id":"218"}{"order":"","version_group_id":"15","move_id":"315","pokemon_move_method_id":"4","level":"0","pokemon_id":"218"}{"order":"","version_group_id":"15","move_id":"317","pokemon_move_method_id":"4","level":"0","pokemon_id":"218"}{"order":"","version_group_id":"15","move_id":"414","pokemon_move_method_id":"1","level":"55","pokemon_id":"218"}{"order":"","version_group_id":"15","move_id":"414","pokemon_move_method_id":"2","level":"0","pokemon_id":"218"}{"order":"","version_group_id":"15","move_id":"436","pokemon_move_method_id":"1","level":"37","pokemon_id":"218"}{"order":"","version_group_id":"15","move_id":"481","pokemon_move_method_id":"1","level":"23","pokemon_id":"218"}{"order":"","version_group_id":"15","move_id":"488","pokemon_move_method_id":"4","level":"0","pokemon_id":"218"}{"order":"","version_group_id":"15","move_id":"496","pokemon_move_method_id":"4","level":"0","pokemon_id":"218"}{"order":"","version_group_id":"15","move_id":"510","pokemon_move_method_id":"4","level":"0","pokemon_id":"218"}{"order":"","version_group_id":"15","move_id":"517","pokemon_move_method_id":"2","level":"0","pokemon_id":"218"}{"order":"","version_group_id":"15","move_id":"590","pokemon_move_method_id":"4","level":"0","pokemon_id":"218"}{"order":"","version_group_id":"15","move_id":"611","pokemon_move_method_id":"4","level":"0","pokemon_id":"218"}