{"order":"5","version_group_id":"15","move_id":"45","pokemon_move_method_id":"1","level":"1","pokemon_id":"10051"}{"order":"","version_group_id":"15","move_id":"63","pokemon_move_method_id":"4","level":"0","pokemon_id":"10051"}{"order":"","version_group_id":"15","move_id":"85","pokemon_move_method_id":"4","level":"0","pokemon_id":"10051"}{"order":"","version_group_id":"15","move_id":"86","pokemon_move_method_id":"4","level":"0","pokemon_id":"10051"}{"order":"","version_group_id":"15","move_id":"92","pokemon_move_method_id":"4","level":"0","pokemon_id":"10051"}{"order":"6","version_group_id":"15","move_id":"93","pokemon_move_method_id":"1","level":"1","pokemon_id":"10051"}{"order":"","version_group_id":"15","move_id":"93","pokemon_move_method_id":"1","level":"6","pokemon_id":"10051"}{"order":"","version_group_id":"15","move_id":"94","pokemon_move_method_id":"1","level":"40","pokemon_id":"10051"}{"order":"","version_group_id":"15","move_id":"94","pokemon_move_method_id":"4","level":"0","pokemon_id":"10051"}{"order":"","version_group_id":"15","move_id":"95","pokemon_move_method_id":"1","level":"65","pokemon_id":"10051"}{"order":"8","version_group_id":"15","move_id":"100","pokemon_move_method_id":"1","level":"1","pokemon_id":"10051"}{"order":"","version_group_id":"15","move_id":"100","pokemon_move_method_id":"1","level":"12","pokemon_id":"10051"}{"order":"7","version_group_id":"15","move_id":"104","pokemon_move_method_id":"1","level":"1","pokemon_id":"10051"}{"order":"","version_group_id":"15","move_id":"104","pokemon_move_method_id":"1","level":"10","pokemon_id":"10051"}{"order":"","version_group_id":"15","move_id":"104","pokemon_move_method_id":"4","level":"0","pokemon_id":"10051"}{"order":"","version_group_id":"15","move_id":"113","pokemon_move_method_id":"4","level":"0","pokemon_id":"10051"}{"order":"","version_group_id":"15","move_id":"115","pokemon_move_method_id":"4","level":"0","pokemon_id":"10051"}{"order":"","version_group_id":"15","move_id":"138","pokemon_move_method_id":"1","level":"73","pokemon_id":"10051"}{"order":"","version_group_id":"15","move_id":"138","pokemon_move_method_id":"4","level":"0","pokemon_id":"10051"}{"order":"","version_group_id":"15","move_id":"148","pokemon_move_method_id":"4","level":"0","pokemon_id":"10051"}{"order":"","version_group_id":"15","move_id":"156","pokemon_move_method_id":"4","level":"0","pokemon_id":"10051"}{"order":"","version_group_id":"15","move_id":"164","pokemon_move_method_id":"4","level":"0","pokemon_id":"10051"}{"order":"","version_group_id":"15","move_id":"168","pokemon_move_method_id":"4","level":"0","pokemon_id":"10051"}{"order":"","version_group_id":"15","move_id":"182","pokemon_move_method_id":"4","level":"0","pokemon_id":"10051"}{"order":"","version_group_id":"15","move_id":"207","pokemon_move_method_id":"4","level":"0","pokemon_id":"10051"}{"order":"","version_group_id":"15","move_id":"213","pokemon_move_method_id":"4","level":"0","pokemon_id":"10051"}{"order":"","version_group_id":"15","move_id":"214","pokemon_move_method_id":"4","level":"0","pokemon_id":"10051"}{"order":"","version_group_id":"15","move_id":"216","pokemon_move_method_id":"4","level":"0","pokemon_id":"10051"}{"order":"","version_group_id":"15","move_id":"218","pokemon_move_method_id":"4","level":"0","pokemon_id":"10051"}{"order":"","version_group_id":"15","move_id":"219","pokemon_move_method_id":"4","level":"0","pokemon_id":"10051"}{"order":"","version_group_id":"15","move_id":"237","pokemon_move_method_id":"4","level":"0","pokemon_id":"10051"}{"order":"","version_group_id":"15","move_id":"240","pokemon_move_method_id":"4","level":"0","pokemon_id":"10051"}{"order":"","version_group_id":"15","move_id":"241","pokemon_move_method_id":"4","level":"0","pokemon_id":"10051"}{"order":"","version_group_id":"15","move_id":"244","pokemon_move_method_id":"4","level":"0","pokemon_id":"10051"}{"order":"","version_group_id":"15","move_id":"247","pokemon_move_method_id":"4","level":"0","pokemon_id":"10051"}{"order":"","version_group_id":"15","move_id":"248","pokemon_move_method_id":"1","level":"53","pokemon_id":"10051"}{"order":"","version_group_id":"15","move_id":"259","pokemon_move_method_id":"4","level":"0","pokemon_id":"10051"}{"order":"","version_group_id":"15","move_id":"261","pokemon_move_method_id":"4","level":"0","pokemon_id":"10051"}{"order":"","version_group_id":"15","move_id":"263","pokemon_move_method_id":"4","level":"0","pokemon_id":"10051"}{"order":"","version_group_id":"15","move_id":"269","pokemon_move_method_id":"4","level":"0","pokemon_id":"10051"}{"order":"","version_group_id":"15","move_id":"273","pokemon_move_method_id":"1","level":"17","pokemon_id":"10051"}{"order":"","version_group_id":"15","move_id":"286","pokemon_move_method_id":"1","level":"45","pokemon_id":"10051"}{"order":"","version_group_id":"15","move_id":"345","pokemon_move_method_id":"1","level":"22","pokemon_id":"10051"}{"order":"","version_group_id":"15","move_id":"347","pokemon_move_method_id":"1","level":"33","pokemon_id":"10051"}{"order":"","version_group_id":"15","move_id":"347","pokemon_move_method_id":"4","level":"0","pokemon_id":"10051"}{"order":"4","version_group_id":"15","move_id":"361","pokemon_move_method_id":"1","level":"1","pokemon_id":"10051"}{"order":"","version_group_id":"15","move_id":"374","pokemon_move_method_id":"4","level":"0","pokemon_id":"10051"}{"order":"","version_group_id":"15","move_id":"411","pokemon_move_method_id":"4","level":"0","pokemon_id":"10051"}{"order":"","version_group_id":"15","move_id":"412","pokemon_move_method_id":"4","level":"0","pokemon_id":"10051"}{"order":"","version_group_id":"15","move_id":"416","pokemon_move_method_id":"4","level":"0","pokemon_id":"10051"}{"order":"","version_group_id":"15","move_id":"433","pokemon_move_method_id":"4","level":"0","pokemon_id":"10051"}{"order":"","version_group_id":"15","move_id":"445","pokemon_move_method_id":"1","level":"60","pokemon_id":"10051"}{"order":"","version_group_id":"15","move_id":"447","pokemon_move_method_id":"4","level":"0","pokemon_id":"10051"}{"order":"","version_group_id":"15","move_id":"451","pokemon_move_method_id":"4","level":"0","pokemon_id":"10051"}{"order":"","version_group_id":"15","move_id":"473","pokemon_move_method_id":"4","level":"0","pokemon_id":"10051"}{"order":"","version_group_id":"15","move_id":"496","pokemon_move_method_id":"4","level":"0","pokemon_id":"10051"}{"order":"","version_group_id":"15","move_id":"497","pokemon_move_method_id":"4","level":"0","pokemon_id":"10051"}{"order":"2","version_group_id":"15","move_id":"500","pokemon_move_method_id":"1","level":"1","pokemon_id":"10051"}{"order":"","version_group_id":"15","move_id":"500","pokemon_move_method_id":"1","level":"80","pokemon_id":"10051"}{"order":"","version_group_id":"15","move_id":"505","pokemon_move_method_id":"1","level":"25","pokemon_id":"10051"}{"order":"3","version_group_id":"15","move_id":"581","pokemon_move_method_id":"1","level":"1","pokemon_id":"10051"}{"order":"1","version_group_id":"15","move_id":"585","pokemon_move_method_id":"1","level":"1","pokemon_id":"10051"}{"order":"","version_group_id":"15","move_id":"585","pokemon_move_method_id":"1","level":"85","pokemon_id":"10051"}{"order":"","version_group_id":"15","move_id":"590","pokemon_move_method_id":"4","level":"0","pokemon_id":"10051"}{"order":"","version_group_id":"15","move_id":"605","pokemon_move_method_id":"4","level":"0","pokemon_id":"10051"}