{"order":"1","version_group_id":"1","move_id":"33","pokemon_move_method_id":"1","level":"1","pokemon_id":"10"}{"order":"2","version_group_id":"1","move_id":"81","pokemon_move_method_id":"1","level":"1","pokemon_id":"10"}{"order":"1","version_group_id":"2","move_id":"33","pokemon_move_method_id":"1","level":"1","pokemon_id":"10"}{"order":"2","version_group_id":"2","move_id":"81","pokemon_move_method_id":"1","level":"1","pokemon_id":"10"}{"order":"1","version_group_id":"3","move_id":"33","pokemon_move_method_id":"1","level":"1","pokemon_id":"10"}{"order":"2","version_group_id":"3","move_id":"81","pokemon_move_method_id":"1","level":"1","pokemon_id":"10"}{"order":"1","version_group_id":"4","move_id":"33","pokemon_move_method_id":"1","level":"1","pokemon_id":"10"}{"order":"2","version_group_id":"4","move_id":"81","pokemon_move_method_id":"1","level":"1","pokemon_id":"10"}{"order":"1","version_group_id":"5","move_id":"33","pokemon_move_method_id":"1","level":"1","pokemon_id":"10"}{"order":"2","version_group_id":"5","move_id":"81","pokemon_move_method_id":"1","level":"1","pokemon_id":"10"}{"order":"1","version_group_id":"6","move_id":"33","pokemon_move_method_id":"1","level":"1","pokemon_id":"10"}{"order":"2","version_group_id":"6","move_id":"81","pokemon_move_method_id":"1","level":"1","pokemon_id":"10"}{"order":"1","version_group_id":"7","move_id":"33","pokemon_move_method_id":"1","level":"1","pokemon_id":"10"}{"order":"2","version_group_id":"7","move_id":"81","pokemon_move_method_id":"1","level":"1","pokemon_id":"10"}{"order":"1","version_group_id":"8","move_id":"33","pokemon_move_method_id":"1","level":"1","pokemon_id":"10"}{"order":"2","version_group_id":"8","move_id":"81","pokemon_move_method_id":"1","level":"1","pokemon_id":"10"}{"order":"1","version_group_id":"9","move_id":"33","pokemon_move_method_id":"1","level":"1","pokemon_id":"10"}{"order":"2","version_group_id":"9","move_id":"81","pokemon_move_method_id":"1","level":"1","pokemon_id":"10"}{"order":"","version_group_id":"9","move_id":"173","pokemon_move_method_id":"3","level":"0","pokemon_id":"10"}{"order":"","version_group_id":"9","move_id":"450","pokemon_move_method_id":"1","level":"15","pokemon_id":"10"}{"order":"1","version_group_id":"10","move_id":"33","pokemon_move_method_id":"1","level":"1","pokemon_id":"10"}{"order":"2","version_group_id":"10","move_id":"81","pokemon_move_method_id":"1","level":"1","pokemon_id":"10"}{"order":"","version_group_id":"10","move_id":"81","pokemon_move_method_id":"3","level":"0","pokemon_id":"10"}{"order":"","version_group_id":"10","move_id":"173","pokemon_move_method_id":"3","level":"0","pokemon_id":"10"}{"order":"","version_group_id":"10","move_id":"450","pokemon_move_method_id":"1","level":"15","pokemon_id":"10"}{"order":"","version_group_id":"10","move_id":"450","pokemon_move_method_id":"3","level":"0","pokemon_id":"10"}{"order":"1","version_group_id":"11","move_id":"33","pokemon_move_method_id":"1","level":"1","pokemon_id":"10"}{"order":"2","version_group_id":"11","move_id":"81","pokemon_move_method_id":"1","level":"1","pokemon_id":"10"}{"order":"","version_group_id":"11","move_id":"450","pokemon_move_method_id":"1","level":"15","pokemon_id":"10"}{"order":"1","version_group_id":"12","move_id":"33","pokemon_move_method_id":"1","level":"1","pokemon_id":"10"}{"order":"2","version_group_id":"12","move_id":"81","pokemon_move_method_id":"1","level":"1","pokemon_id":"10"}{"order":"1","version_group_id":"13","move_id":"33","pokemon_move_method_id":"1","level":"1","pokemon_id":"10"}{"order":"2","version_group_id":"13","move_id":"81","pokemon_move_method_id":"1","level":"1","pokemon_id":"10"}{"order":"1","version_group_id":"14","move_id":"33","pokemon_move_method_id":"1","level":"1","pokemon_id":"10"}{"order":"2","version_group_id":"14","move_id":"81","pokemon_move_method_id":"1","level":"1","pokemon_id":"10"}{"order":"","version_group_id":"14","move_id":"173","pokemon_move_method_id":"3","level":"0","pokemon_id":"10"}{"order":"","version_group_id":"14","move_id":"450","pokemon_move_method_id":"1","level":"15","pokemon_id":"10"}{"order":"","version_group_id":"14","move_id":"450","pokemon_move_method_id":"3","level":"0","pokemon_id":"10"}{"order":"","version_group_id":"14","move_id":"527","pokemon_move_method_id":"3","level":"0","pokemon_id":"10"}{"order":"1","version_group_id":"15","move_id":"33","pokemon_move_method_id":"1","level":"1","pokemon_id":"10"}{"order":"2","version_group_id":"15","move_id":"81","pokemon_move_method_id":"1","level":"1","pokemon_id":"10"}{"order":"","version_group_id":"15","move_id":"450","pokemon_move_method_id":"1","level":"15","pokemon_id":"10"}{"order":"1","version_group_id":"1","move_id":"33","pokemon_move_method_id":"1","level":"1","pokemon_id":"10"}{"order":"2","version_group_id":"1","move_id":"81","pokemon_move_method_id":"1","level":"1","pokemon_id":"10"}{"order":"1","version_group_id":"2","move_id":"33","pokemon_move_method_id":"1","level":"1","pokemon_id":"10"}{"order":"2","version_group_id":"2","move_id":"81","pokemon_move_method_id":"1","level":"1","pokemon_id":"10"}{"order":"1","version_group_id":"3","move_id":"33","pokemon_move_method_id":"1","level":"1","pokemon_id":"10"}{"order":"2","version_group_id":"3","move_id":"81","pokemon_move_method_id":"1","level":"1","pokemon_id":"10"}{"order":"1","version_group_id":"4","move_id":"33","pokemon_move_method_id":"1","level":"1","pokemon_id":"10"}{"order":"2","version_group_id":"4","move_id":"81","pokemon_move_method_id":"1","level":"1","pokemon_id":"10"}{"order":"1","version_group_id":"5","move_id":"33","pokemon_move_method_id":"1","level":"1","pokemon_id":"10"}{"order":"2","version_group_id":"5","move_id":"81","pokemon_move_method_id":"1","level":"1","pokemon_id":"10"}{"order":"1","version_group_id":"6","move_id":"33","pokemon_move_method_id":"1","level":"1","pokemon_id":"10"}{"order":"2","version_group_id":"6","move_id":"81","pokemon_move_method_id":"1","level":"1","pokemon_id":"10"}{"order":"1","version_group_id":"7","move_id":"33","pokemon_move_method_id":"1","level":"1","pokemon_id":"10"}{"order":"2","version_group_id":"7","move_id":"81","pokemon_move_method_id":"1","level":"1","pokemon_id":"10"}{"order":"1","version_group_id":"8","move_id":"33","pokemon_move_method_id":"1","level":"1","pokemon_id":"10"}{"order":"2","version_group_id":"8","move_id":"81","pokemon_move_method_id":"1","level":"1","pokemon_id":"10"}{"order":"1","version_group_id":"9","move_id":"33","pokemon_move_method_id":"1","level":"1","pokemon_id":"10"}{"order":"2","version_group_id":"9","move_id":"81","pokemon_move_method_id":"1","level":"1","pokemon_id":"10"}{"order":"","version_group_id":"9","move_id":"173","pokemon_move_method_id":"3","level":"0","pokemon_id":"10"}{"order":"","version_group_id":"9","move_id":"450","pokemon_move_method_id":"1","level":"15","pokemon_id":"10"}{"order":"1","version_group_id":"10","move_id":"33","pokemon_move_method_id":"1","level":"1","pokemon_id":"10"}{"order":"2","version_group_id":"10","move_id":"81","pokemon_move_method_id":"1","level":"1","pokemon_id":"10"}{"order":"","version_group_id":"10","move_id":"81","pokemon_move_method_id":"3","level":"0","pokemon_id":"10"}{"order":"","version_group_id":"10","move_id":"173","pokemon_move_method_id":"3","level":"0","pokemon_id":"10"}{"order":"","version_group_id":"10","move_id":"450","pokemon_move_method_id":"1","level":"15","pokemon_id":"10"}{"order":"","version_group_id":"10","move_id":"450","pokemon_move_method_id":"3","level":"0","pokemon_id":"10"}{"order":"1","version_group_id":"11","move_id":"33","pokemon_move_method_id":"1","level":"1","pokemon_id":"10"}{"order":"2","version_group_id":"11","move_id":"81","pokemon_move_method_id":"1","level":"1","pokemon_id":"10"}{"order":"","version_group_id":"11","move_id":"450","pokemon_move_method_id":"1","level":"15","pokemon_id":"10"}{"order":"1","version_group_id":"12","move_id":"33","pokemon_move_method_id":"1","level":"1","pokemon_id":"10"}{"order":"2","version_group_id":"12","move_id":"81","pokemon_move_method_id":"1","level":"1","pokemon_id":"10"}{"order":"1","version_group_id":"13","move_id":"33","pokemon_move_method_id":"1","level":"1","pokemon_id":"10"}{"order":"2","version_group_id":"13","move_id":"81","pokemon_move_method_id":"1","level":"1","pokemon_id":"10"}{"order":"1","version_group_id":"14","move_id":"33","pokemon_move_method_id":"1","level":"1","pokemon_id":"10"}{"order":"2","version_group_id":"14","move_id":"81","pokemon_move_method_id":"1","level":"1","pokemon_id":"10"}{"order":"","version_group_id":"14","move_id":"173","pokemon_move_method_id":"3","level":"0","pokemon_id":"10"}{"order":"","version_group_id":"14","move_id":"450","pokemon_move_method_id":"1","level":"15","pokemon_id":"10"}{"order":"","version_group_id":"14","move_id":"450","pokemon_move_method_id":"3","level":"0","pokemon_id":"10"}{"order":"","version_group_id":"14","move_id":"527","pokemon_move_method_id":"3","level":"0","pokemon_id":"10"}{"order":"1","version_group_id":"15","move_id":"33","pokemon_move_method_id":"1","level":"1","pokemon_id":"10"}{"order":"2","version_group_id":"15","move_id":"81","pokemon_move_method_id":"1","level":"1","pokemon_id":"10"}{"order":"","version_group_id":"15","move_id":"450","pokemon_move_method_id":"1","level":"15","pokemon_id":"10"}{"order":"1","version_group_id":"1","move_id":"33","pokemon_move_method_id":"1","level":"1","pokemon_id":"10"}{"order":"2","version_group_id":"1","move_id":"81","pokemon_move_method_id":"1","level":"1","pokemon_id":"10"}{"order":"1","version_group_id":"2","move_id":"33","pokemon_move_method_id":"1","level":"1","pokemon_id":"10"}{"order":"2","version_group_id":"2","move_id":"81","pokemon_move_method_id":"1","level":"1","pokemon_id":"10"}{"order":"1","version_group_id":"3","move_id":"33","pokemon_move_method_id":"1","level":"1","pokemon_id":"10"}{"order":"2","version_group_id":"3","move_id":"81","pokemon_move_method_id":"1","level":"1","pokemon_id":"10"}{"order":"1","version_group_id":"4","move_id":"33","pokemon_move_method_id":"1","level":"1","pokemon_id":"10"}{"order":"2","version_group_id":"4","move_id":"81","pokemon_move_method_id":"1","level":"1","pokemon_id":"10"}{"order":"1","version_group_id":"5","move_id":"33","pokemon_move_method_id":"1","level":"1","pokemon_id":"10"}{"order":"2","version_group_id":"5","move_id":"81","pokemon_move_method_id":"1","level":"1","pokemon_id":"10"}{"order":"1","version_group_id":"6","move_id":"33","pokemon_move_method_id":"1","level":"1","pokemon_id":"10"}{"order":"2","version_group_id":"6","move_id":"81","pokemon_move_method_id":"1","level":"1","pokemon_id":"10"}{"order":"1","version_group_id":"7","move_id":"33","pokemon_move_method_id":"1","level":"1","pokemon_id":"10"}{"order":"2","version_group_id":"7","move_id":"81","pokemon_move_method_id":"1","level":"1","pokemon_id":"10"}{"order":"1","version_group_id":"8","move_id":"33","pokemon_move_method_id":"1","level":"1","pokemon_id":"10"}{"order":"2","version_group_id":"8","move_id":"81","pokemon_move_method_id":"1","level":"1","pokemon_id":"10"}{"order":"1","version_group_id":"9","move_id":"33","pokemon_move_method_id":"1","level":"1","pokemon_id":"10"}{"order":"2","version_group_id":"9","move_id":"81","pokemon_move_method_id":"1","level":"1","pokemon_id":"10"}{"order":"","version_group_id":"9","move_id":"173","pokemon_move_method_id":"3","level":"0","pokemon_id":"10"}{"order":"","version_group_id":"9","move_id":"450","pokemon_move_method_id":"1","level":"15","pokemon_id":"10"}{"order":"1","version_group_id":"10","move_id":"33","pokemon_move_method_id":"1","level":"1","pokemon_id":"10"}{"order":"2","version_group_id":"10","move_id":"81","pokemon_move_method_id":"1","level":"1","pokemon_id":"10"}{"order":"","version_group_id":"10","move_id":"81","pokemon_move_method_id":"3","level":"0","pokemon_id":"10"}{"order":"","version_group_id":"10","move_id":"173","pokemon_move_method_id":"3","level":"0","pokemon_id":"10"}{"order":"","version_group_id":"10","move_id":"450","pokemon_move_method_id":"1","level":"15","pokemon_id":"10"}{"order":"","version_group_id":"10","move_id":"450","pokemon_move_method_id":"3","level":"0","pokemon_id":"10"}{"order":"1","version_group_id":"11","move_id":"33","pokemon_move_method_id":"1","level":"1","pokemon_id":"10"}{"order":"2","version_group_id":"11","move_id":"81","pokemon_move_method_id":"1","level":"1","pokemon_id":"10"}{"order":"","version_group_id":"11","move_id":"450","pokemon_move_method_id":"1","level":"15","pokemon_id":"10"}{"order":"1","version_group_id":"12","move_id":"33","pokemon_move_method_id":"1","level":"1","pokemon_id":"10"}{"order":"2","version_group_id":"12","move_id":"81","pokemon_move_method_id":"1","level":"1","pokemon_id":"10"}{"order":"1","version_group_id":"13","move_id":"33","pokemon_move_method_id":"1","level":"1","pokemon_id":"10"}{"order":"2","version_group_id":"13","move_id":"81","pokemon_move_method_id":"1","level":"1","pokemon_id":"10"}{"order":"1","version_group_id":"14","move_id":"33","pokemon_move_method_id":"1","level":"1","pokemon_id":"10"}{"order":"2","version_group_id":"14","move_id":"81","pokemon_move_method_id":"1","level":"1","pokemon_id":"10"}{"order":"","version_group_id":"14","move_id":"173","pokemon_move_method_id":"3","level":"0","pokemon_id":"10"}{"order":"","version_group_id":"14","move_id":"450","pokemon_move_method_id":"1","level":"15","pokemon_id":"10"}{"order":"","version_group_id":"14","move_id":"450","pokemon_move_method_id":"3","level":"0","pokemon_id":"10"}{"order":"","version_group_id":"14","move_id":"527","pokemon_move_method_id":"3","level":"0","pokemon_id":"10"}{"order":"1","version_group_id":"15","move_id":"33","pokemon_move_method_id":"1","level":"1","pokemon_id":"10"}{"order":"2","version_group_id":"15","move_id":"81","pokemon_move_method_id":"1","level":"1","pokemon_id":"10"}{"order":"","version_group_id":"15","move_id":"450","pokemon_move_method_id":"1","level":"15","pokemon_id":"10"}{"order":"1","version_group_id":"1","move_id":"33","pokemon_move_method_id":"1","level":"1","pokemon_id":"10"}{"order":"2","version_group_id":"1","move_id":"81","pokemon_move_method_id":"1","level":"1","pokemon_id":"10"}{"order":"1","version_group_id":"2","move_id":"33","pokemon_move_method_id":"1","level":"1","pokemon_id":"10"}{"order":"2","version_group_id":"2","move_id":"81","pokemon_move_method_id":"1","level":"1","pokemon_id":"10"}{"order":"1","version_group_id":"3","move_id":"33","pokemon_move_method_id":"1","level":"1","pokemon_id":"10"}{"order":"2","version_group_id":"3","move_id":"81","pokemon_move_method_id":"1","level":"1","pokemon_id":"10"}{"order":"1","version_group_id":"4","move_id":"33","pokemon_move_method_id":"1","level":"1","pokemon_id":"10"}{"order":"2","version_group_id":"4","move_id":"81","pokemon_move_method_id":"1","level":"1","pokemon_id":"10"}{"order":"1","version_group_id":"5","move_id":"33","pokemon_move_method_id":"1","level":"1","pokemon_id":"10"}{"order":"2","version_group_id":"5","move_id":"81","pokemon_move_method_id":"1","level":"1","pokemon_id":"10"}{"order":"1","version_group_id":"6","move_id":"33","pokemon_move_method_id":"1","level":"1","pokemon_id":"10"}{"order":"2","version_group_id":"6","move_id":"81","pokemon_move_method_id":"1","level":"1","pokemon_id":"10"}{"order":"1","version_group_id":"7","move_id":"33","pokemon_move_method_id":"1","level":"1","pokemon_id":"10"}{"order":"2","version_group_id":"7","move_id":"81","pokemon_move_method_id":"1","level":"1","pokemon_id":"10"}{"order":"1","version_group_id":"8","move_id":"33","pokemon_move_method_id":"1","level":"1","pokemon_id":"10"}{"order":"2","version_group_id":"8","move_id":"81","pokemon_move_method_id":"1","level":"1","pokemon_id":"10"}{"order":"1","version_group_id":"9","move_id":"33","pokemon_move_method_id":"1","level":"1","pokemon_id":"10"}{"order":"2","version_group_id":"9","move_id":"81","pokemon_move_method_id":"1","level":"1","pokemon_id":"10"}{"order":"","version_group_id":"9","move_id":"173","pokemon_move_method_id":"3","level":"0","pokemon_id":"10"}{"order":"","version_group_id":"9","move_id":"450","pokemon_move_method_id":"1","level":"15","pokemon_id":"10"}{"order":"1","version_group_id":"10","move_id":"33","pokemon_move_method_id":"1","level":"1","pokemon_id":"10"}{"order":"2","version_group_id":"10","move_id":"81","pokemon_move_method_id":"1","level":"1","pokemon_id":"10"}{"order":"","version_group_id":"10","move_id":"81","pokemon_move_method_id":"3","level":"0","pokemon_id":"10"}{"order":"","version_group_id":"10","move_id":"173","pokemon_move_method_id":"3","level":"0","pokemon_id":"10"}{"order":"","version_group_id":"10","move_id":"450","pokemon_move_method_id":"1","level":"15","pokemon_id":"10"}{"order":"","version_group_id":"10","move_id":"450","pokemon_move_method_id":"3","level":"0","pokemon_id":"10"}{"order":"1","version_group_id":"11","move_id":"33","pokemon_move_method_id":"1","level":"1","pokemon_id":"10"}{"order":"2","version_group_id":"11","move_id":"81","pokemon_move_method_id":"1","level":"1","pokemon_id":"10"}{"order":"","version_group_id":"11","move_id":"450","pokemon_move_method_id":"1","level":"15","pokemon_id":"10"}{"order":"1","version_group_id":"12","move_id":"33","pokemon_move_method_id":"1","level":"1","pokemon_id":"10"}{"order":"2","version_group_id":"12","move_id":"81","pokemon_move_method_id":"1","level":"1","pokemon_id":"10"}{"order":"1","version_group_id":"13","move_id":"33","pokemon_move_method_id":"1","level":"1","pokemon_id":"10"}{"order":"2","version_group_id":"13","move_id":"81","pokemon_move_method_id":"1","level":"1","pokemon_id":"10"}{"order":"1","version_group_id":"14","move_id":"33","pokemon_move_method_id":"1","level":"1","pokemon_id":"10"}{"order":"2","version_group_id":"14","move_id":"81","pokemon_move_method_id":"1","level":"1","pokemon_id":"10"}{"order":"","version_group_id":"14","move_id":"173","pokemon_move_method_id":"3","level":"0","pokemon_id":"10"}{"order":"","version_group_id":"14","move_id":"450","pokemon_move_method_id":"1","level":"15","pokemon_id":"10"}{"order":"","version_group_id":"14","move_id":"450","pokemon_move_method_id":"3","level":"0","pokemon_id":"10"}{"order":"","version_group_id":"14","move_id":"527","pokemon_move_method_id":"3","level":"0","pokemon_id":"10"}{"order":"1","version_group_id":"15","move_id":"33","pokemon_move_method_id":"1","level":"1","pokemon_id":"10"}{"order":"2","version_group_id":"15","move_id":"81","pokemon_move_method_id":"1","level":"1","pokemon_id":"10"}{"order":"","version_group_id":"15","move_id":"450","pokemon_move_method_id":"1","level":"15","pokemon_id":"10"}{"order":"1","version_group_id":"1","move_id":"33","pokemon_move_method_id":"1","level":"1","pokemon_id":"10"}{"order":"2","version_group_id":"1","move_id":"81","pokemon_move_method_id":"1","level":"1","pokemon_id":"10"}{"order":"1","version_group_id":"2","move_id":"33","pokemon_move_method_id":"1","level":"1","pokemon_id":"10"}{"order":"2","version_group_id":"2","move_id":"81","pokemon_move_method_id":"1","level":"1","pokemon_id":"10"}{"order":"1","version_group_id":"3","move_id":"33","pokemon_move_method_id":"1","level":"1","pokemon_id":"10"}{"order":"2","version_group_id":"3","move_id":"81","pokemon_move_method_id":"1","level":"1","pokemon_id":"10"}{"order":"1","version_group_id":"4","move_id":"33","pokemon_move_method_id":"1","level":"1","pokemon_id":"10"}{"order":"2","version_group_id":"4","move_id":"81","pokemon_move_method_id":"1","level":"1","pokemon_id":"10"}{"order":"1","version_group_id":"5","move_id":"33","pokemon_move_method_id":"1","level":"1","pokemon_id":"10"}{"order":"2","version_group_id":"5","move_id":"81","pokemon_move_method_id":"1","level":"1","pokemon_id":"10"}{"order":"1","version_group_id":"6","move_id":"33","pokemon_move_method_id":"1","level":"1","pokemon_id":"10"}{"order":"2","version_group_id":"6","move_id":"81","pokemon_move_method_id":"1","level":"1","pokemon_id":"10"}{"order":"1","version_group_id":"7","move_id":"33","pokemon_move_method_id":"1","level":"1","pokemon_id":"10"}{"order":"2","version_group_id":"7","move_id":"81","pokemon_move_method_id":"1","level":"1","pokemon_id":"10"}{"order":"1","version_group_id":"8","move_id":"33","pokemon_move_method_id":"1","level":"1","pokemon_id":"10"}{"order":"2","version_group_id":"8","move_id":"81","pokemon_move_method_id":"1","level":"1","pokemon_id":"10"}{"order":"1","version_group_id":"9","move_id":"33","pokemon_move_method_id":"1","level":"1","pokemon_id":"10"}{"order":"2","version_group_id":"9","move_id":"81","pokemon_move_method_id":"1","level":"1","pokemon_id":"10"}{"order":"","version_group_id":"9","move_id":"173","pokemon_move_method_id":"3","level":"0","pokemon_id":"10"}{"order":"","version_group_id":"9","move_id":"450","pokemon_move_method_id":"1","level":"15","pokemon_id":"10"}{"order":"1","version_group_id":"10","move_id":"33","pokemon_move_method_id":"1","level":"1","pokemon_id":"10"}{"order":"2","version_group_id":"10","move_id":"81","pokemon_move_method_id":"1","level":"1","pokemon_id":"10"}{"order":"","version_group_id":"10","move_id":"81","pokemon_move_method_id":"3","level":"0","pokemon_id":"10"}{"order":"","version_group_id":"10","move_id":"173","pokemon_move_method_id":"3","level":"0","pokemon_id":"10"}{"order":"","version_group_id":"10","move_id":"450","pokemon_move_method_id":"1","level":"15","pokemon_id":"10"}{"order":"","version_group_id":"10","move_id":"450","pokemon_move_method_id":"3","level":"0","pokemon_id":"10"}{"order":"1","version_group_id":"11","move_id":"33","pokemon_move_method_id":"1","level":"1","pokemon_id":"10"}{"order":"2","version_group_id":"11","move_id":"81","pokemon_move_method_id":"1","level":"1","pokemon_id":"10"}{"order":"","version_group_id":"11","move_id":"450","pokemon_move_method_id":"1","level":"15","pokemon_id":"10"}{"order":"1","version_group_id":"12","move_id":"33","pokemon_move_method_id":"1","level":"1","pokemon_id":"10"}{"order":"2","version_group_id":"12","move_id":"81","pokemon_move_method_id":"1","level":"1","pokemon_id":"10"}{"order":"1","version_group_id":"13","move_id":"33","pokemon_move_method_id":"1","level":"1","pokemon_id":"10"}{"order":"2","version_group_id":"13","move_id":"81","pokemon_move_method_id":"1","level":"1","pokemon_id":"10"}{"order":"1","version_group_id":"14","move_id":"33","pokemon_move_method_id":"1","level":"1","pokemon_id":"10"}{"order":"2","version_group_id":"14","move_id":"81","pokemon_move_method_id":"1","level":"1","pokemon_id":"10"}{"order":"","version_group_id":"14","move_id":"173","pokemon_move_method_id":"3","level":"0","pokemon_id":"10"}{"order":"","version_group_id":"14","move_id":"450","pokemon_move_method_id":"1","level":"15","pokemon_id":"10"}{"order":"","version_group_id":"14","move_id":"450","pokemon_move_method_id":"3","level":"0","pokemon_id":"10"}{"order":"","version_group_id":"14","move_id":"527","pokemon_move_method_id":"3","level":"0","pokemon_id":"10"}{"order":"1","version_group_id":"15","move_id":"33","pokemon_move_method_id":"1","level":"1","pokemon_id":"10"}{"order":"2","version_group_id":"15","move_id":"81","pokemon_move_method_id":"1","level":"1","pokemon_id":"10"}{"order":"","version_group_id":"15","move_id":"450","pokemon_move_method_id":"1","level":"15","pokemon_id":"10"}