{"order":"","version_group_id":"5","move_id":"37","pokemon_move_method_id":"2","level":"0","pokemon_id":"339"}{"order":"","version_group_id":"5","move_id":"55","pokemon_move_method_id":"1","level":"11","pokemon_id":"339"}{"order":"","version_group_id":"5","move_id":"57","pokemon_move_method_id":"4","level":"0","pokemon_id":"339"}{"order":"","version_group_id":"5","move_id":"58","pokemon_move_method_id":"4","level":"0","pokemon_id":"339"}{"order":"","version_group_id":"5","move_id":"59","pokemon_move_method_id":"4","level":"0","pokemon_id":"339"}{"order":"","version_group_id":"5","move_id":"89","pokemon_move_method_id":"1","level":"31","pokemon_id":"339"}{"order":"","version_group_id":"5","move_id":"89","pokemon_move_method_id":"4","level":"0","pokemon_id":"339"}{"order":"","version_group_id":"5","move_id":"90","pokemon_move_method_id":"1","level":"41","pokemon_id":"339"}{"order":"","version_group_id":"5","move_id":"92","pokemon_move_method_id":"4","level":"0","pokemon_id":"339"}{"order":"","version_group_id":"5","move_id":"104","pokemon_move_method_id":"4","level":"0","pokemon_id":"339"}{"order":"","version_group_id":"5","move_id":"127","pokemon_move_method_id":"4","level":"0","pokemon_id":"339"}{"order":"","version_group_id":"5","move_id":"133","pokemon_move_method_id":"1","level":"21","pokemon_id":"339"}{"order":"","version_group_id":"5","move_id":"156","pokemon_move_method_id":"1","level":"26","pokemon_id":"339"}{"order":"","version_group_id":"5","move_id":"156","pokemon_move_method_id":"4","level":"0","pokemon_id":"339"}{"order":"3","version_group_id":"5","move_id":"173","pokemon_move_method_id":"1","level":"26","pokemon_id":"339"}{"order":"","version_group_id":"5","move_id":"182","pokemon_move_method_id":"4","level":"0","pokemon_id":"339"}{"order":"","version_group_id":"5","move_id":"189","pokemon_move_method_id":"1","level":"1","pokemon_id":"339"}{"order":"","version_group_id":"5","move_id":"201","pokemon_move_method_id":"4","level":"0","pokemon_id":"339"}{"order":"","version_group_id":"5","move_id":"209","pokemon_move_method_id":"2","level":"0","pokemon_id":"339"}{"order":"","version_group_id":"5","move_id":"213","pokemon_move_method_id":"4","level":"0","pokemon_id":"339"}{"order":"","version_group_id":"5","move_id":"216","pokemon_move_method_id":"4","level":"0","pokemon_id":"339"}{"order":"","version_group_id":"5","move_id":"218","pokemon_move_method_id":"4","level":"0","pokemon_id":"339"}{"order":"","version_group_id":"5","move_id":"222","pokemon_move_method_id":"1","level":"16","pokemon_id":"339"}{"order":"","version_group_id":"5","move_id":"237","pokemon_move_method_id":"4","level":"0","pokemon_id":"339"}{"order":"","version_group_id":"5","move_id":"240","pokemon_move_method_id":"4","level":"0","pokemon_id":"339"}{"order":"","version_group_id":"5","move_id":"248","pokemon_move_method_id":"1","level":"36","pokemon_id":"339"}{"order":"","version_group_id":"5","move_id":"250","pokemon_move_method_id":"2","level":"0","pokemon_id":"339"}{"order":"","version_group_id":"5","move_id":"258","pokemon_move_method_id":"4","level":"0","pokemon_id":"339"}{"order":"","version_group_id":"5","move_id":"263","pokemon_move_method_id":"4","level":"0","pokemon_id":"339"}{"order":"","version_group_id":"5","move_id":"290","pokemon_move_method_id":"4","level":"0","pokemon_id":"339"}{"order":"","version_group_id":"5","move_id":"291","pokemon_move_method_id":"4","level":"0","pokemon_id":"339"}{"order":"1","version_group_id":"5","move_id":"300","pokemon_move_method_id":"1","level":"6","pokemon_id":"339"}{"order":"","version_group_id":"5","move_id":"317","pokemon_move_method_id":"4","level":"0","pokemon_id":"339"}{"order":"2","version_group_id":"5","move_id":"346","pokemon_move_method_id":"1","level":"6","pokemon_id":"339"}{"order":"","version_group_id":"5","move_id":"352","pokemon_move_method_id":"4","level":"0","pokemon_id":"339"}{"order":"","version_group_id":"6","move_id":"37","pokemon_move_method_id":"2","level":"0","pokemon_id":"339"}{"order":"","version_group_id":"6","move_id":"38","pokemon_move_method_id":"3","level":"0","pokemon_id":"339"}{"order":"","version_group_id":"6","move_id":"55","pokemon_move_method_id":"1","level":"11","pokemon_id":"339"}{"order":"","version_group_id":"6","move_id":"57","pokemon_move_method_id":"4","level":"0","pokemon_id":"339"}{"order":"","version_group_id":"6","move_id":"58","pokemon_move_method_id":"4","level":"0","pokemon_id":"339"}{"order":"","version_group_id":"6","move_id":"59","pokemon_move_method_id":"4","level":"0","pokemon_id":"339"}{"order":"","version_group_id":"6","move_id":"89","pokemon_move_method_id":"1","level":"31","pokemon_id":"339"}{"order":"","version_group_id":"6","move_id":"89","pokemon_move_method_id":"4","level":"0","pokemon_id":"339"}{"order":"","version_group_id":"6","move_id":"90","pokemon_move_method_id":"1","level":"41","pokemon_id":"339"}{"order":"","version_group_id":"6","move_id":"92","pokemon_move_method_id":"4","level":"0","pokemon_id":"339"}{"order":"","version_group_id":"6","move_id":"102","pokemon_move_method_id":"3","level":"0","pokemon_id":"339"}{"order":"","version_group_id":"6","move_id":"104","pokemon_move_method_id":"4","level":"0","pokemon_id":"339"}{"order":"","version_group_id":"6","move_id":"127","pokemon_move_method_id":"4","level":"0","pokemon_id":"339"}{"order":"","version_group_id":"6","move_id":"133","pokemon_move_method_id":"1","level":"21","pokemon_id":"339"}{"order":"","version_group_id":"6","move_id":"156","pokemon_move_method_id":"1","level":"26","pokemon_id":"339"}{"order":"","version_group_id":"6","move_id":"156","pokemon_move_method_id":"4","level":"0","pokemon_id":"339"}{"order":"","version_group_id":"6","move_id":"164","pokemon_move_method_id":"3","level":"0","pokemon_id":"339"}{"order":"3","version_group_id":"6","move_id":"173","pokemon_move_method_id":"1","level":"26","pokemon_id":"339"}{"order":"","version_group_id":"6","move_id":"173","pokemon_move_method_id":"3","level":"0","pokemon_id":"339"}{"order":"","version_group_id":"6","move_id":"182","pokemon_move_method_id":"4","level":"0","pokemon_id":"339"}{"order":"","version_group_id":"6","move_id":"189","pokemon_move_method_id":"1","level":"1","pokemon_id":"339"}{"order":"","version_group_id":"6","move_id":"189","pokemon_move_method_id":"3","level":"0","pokemon_id":"339"}{"order":"","version_group_id":"6","move_id":"196","pokemon_move_method_id":"3","level":"0","pokemon_id":"339"}{"order":"","version_group_id":"6","move_id":"201","pokemon_move_method_id":"4","level":"0","pokemon_id":"339"}{"order":"","version_group_id":"6","move_id":"203","pokemon_move_method_id":"3","level":"0","pokemon_id":"339"}{"order":"","version_group_id":"6","move_id":"207","pokemon_move_method_id":"3","level":"0","pokemon_id":"339"}{"order":"","version_group_id":"6","move_id":"209","pokemon_move_method_id":"2","level":"0","pokemon_id":"339"}{"order":"","version_group_id":"6","move_id":"213","pokemon_move_method_id":"4","level":"0","pokemon_id":"339"}{"order":"","version_group_id":"6","move_id":"214","pokemon_move_method_id":"3","level":"0","pokemon_id":"339"}{"order":"","version_group_id":"6","move_id":"216","pokemon_move_method_id":"4","level":"0","pokemon_id":"339"}{"order":"","version_group_id":"6","move_id":"218","pokemon_move_method_id":"4","level":"0","pokemon_id":"339"}{"order":"","version_group_id":"6","move_id":"222","pokemon_move_method_id":"1","level":"16","pokemon_id":"339"}{"order":"","version_group_id":"6","move_id":"237","pokemon_move_method_id":"4","level":"0","pokemon_id":"339"}{"order":"","version_group_id":"6","move_id":"240","pokemon_move_method_id":"4","level":"0","pokemon_id":"339"}{"order":"","version_group_id":"6","move_id":"248","pokemon_move_method_id":"1","level":"36","pokemon_id":"339"}{"order":"","version_group_id":"6","move_id":"250","pokemon_move_method_id":"2","level":"0","pokemon_id":"339"}{"order":"","version_group_id":"6","move_id":"258","pokemon_move_method_id":"4","level":"0","pokemon_id":"339"}{"order":"","version_group_id":"6","move_id":"263","pokemon_move_method_id":"4","level":"0","pokemon_id":"339"}{"order":"","version_group_id":"6","move_id":"290","pokemon_move_method_id":"4","level":"0","pokemon_id":"339"}{"order":"","version_group_id":"6","move_id":"291","pokemon_move_method_id":"4","level":"0","pokemon_id":"339"}{"order":"1","version_group_id":"6","move_id":"300","pokemon_move_method_id":"1","level":"6","pokemon_id":"339"}{"order":"","version_group_id":"6","move_id":"317","pokemon_move_method_id":"4","level":"0","pokemon_id":"339"}{"order":"2","version_group_id":"6","move_id":"346","pokemon_move_method_id":"1","level":"6","pokemon_id":"339"}{"order":"","version_group_id":"6","move_id":"352","pokemon_move_method_id":"4","level":"0","pokemon_id":"339"}{"order":"","version_group_id":"7","move_id":"37","pokemon_move_method_id":"2","level":"0","pokemon_id":"339"}{"order":"","version_group_id":"7","move_id":"38","pokemon_move_method_id":"3","level":"0","pokemon_id":"339"}{"order":"","version_group_id":"7","move_id":"55","pokemon_move_method_id":"1","level":"11","pokemon_id":"339"}{"order":"","version_group_id":"7","move_id":"57","pokemon_move_method_id":"4","level":"0","pokemon_id":"339"}{"order":"","version_group_id":"7","move_id":"58","pokemon_move_method_id":"4","level":"0","pokemon_id":"339"}{"order":"","version_group_id":"7","move_id":"59","pokemon_move_method_id":"4","level":"0","pokemon_id":"339"}{"order":"","version_group_id":"7","move_id":"89","pokemon_move_method_id":"1","level":"31","pokemon_id":"339"}{"order":"","version_group_id":"7","move_id":"89","pokemon_move_method_id":"4","level":"0","pokemon_id":"339"}{"order":"","version_group_id":"7","move_id":"90","pokemon_move_method_id":"1","level":"41","pokemon_id":"339"}{"order":"","version_group_id":"7","move_id":"92","pokemon_move_method_id":"4","level":"0","pokemon_id":"339"}{"order":"","version_group_id":"7","move_id":"102","pokemon_move_method_id":"3","level":"0","pokemon_id":"339"}{"order":"","version_group_id":"7","move_id":"104","pokemon_move_method_id":"4","level":"0","pokemon_id":"339"}{"order":"","version_group_id":"7","move_id":"127","pokemon_move_method_id":"4","level":"0","pokemon_id":"339"}{"order":"","version_group_id":"7","move_id":"133","pokemon_move_method_id":"1","level":"21","pokemon_id":"339"}{"order":"","version_group_id":"7","move_id":"156","pokemon_move_method_id":"1","level":"26","pokemon_id":"339"}{"order":"","version_group_id":"7","move_id":"156","pokemon_move_method_id":"4","level":"0","pokemon_id":"339"}{"order":"","version_group_id":"7","move_id":"164","pokemon_move_method_id":"3","level":"0","pokemon_id":"339"}{"order":"3","version_group_id":"7","move_id":"173","pokemon_move_method_id":"1","level":"26","pokemon_id":"339"}{"order":"","version_group_id":"7","move_id":"182","pokemon_move_method_id":"4","level":"0","pokemon_id":"339"}{"order":"","version_group_id":"7","move_id":"189","pokemon_move_method_id":"1","level":"1","pokemon_id":"339"}{"order":"","version_group_id":"7","move_id":"201","pokemon_move_method_id":"4","level":"0","pokemon_id":"339"}{"order":"","version_group_id":"7","move_id":"209","pokemon_move_method_id":"2","level":"0","pokemon_id":"339"}{"order":"","version_group_id":"7","move_id":"213","pokemon_move_method_id":"4","level":"0","pokemon_id":"339"}{"order":"","version_group_id":"7","move_id":"216","pokemon_move_method_id":"4","level":"0","pokemon_id":"339"}{"order":"","version_group_id":"7","move_id":"218","pokemon_move_method_id":"4","level":"0","pokemon_id":"339"}{"order":"","version_group_id":"7","move_id":"222","pokemon_move_method_id":"1","level":"16","pokemon_id":"339"}{"order":"","version_group_id":"7","move_id":"237","pokemon_move_method_id":"4","level":"0","pokemon_id":"339"}{"order":"","version_group_id":"7","move_id":"240","pokemon_move_method_id":"4","level":"0","pokemon_id":"339"}{"order":"","version_group_id":"7","move_id":"248","pokemon_move_method_id":"1","level":"36","pokemon_id":"339"}{"order":"","version_group_id":"7","move_id":"250","pokemon_move_method_id":"2","level":"0","pokemon_id":"339"}{"order":"","version_group_id":"7","move_id":"258","pokemon_move_method_id":"4","level":"0","pokemon_id":"339"}{"order":"","version_group_id":"7","move_id":"263","pokemon_move_method_id":"4","level":"0","pokemon_id":"339"}{"order":"","version_group_id":"7","move_id":"290","pokemon_move_method_id":"4","level":"0","pokemon_id":"339"}{"order":"","version_group_id":"7","move_id":"291","pokemon_move_method_id":"4","level":"0","pokemon_id":"339"}{"order":"1","version_group_id":"7","move_id":"300","pokemon_move_method_id":"1","level":"6","pokemon_id":"339"}{"order":"","version_group_id":"7","move_id":"317","pokemon_move_method_id":"4","level":"0","pokemon_id":"339"}{"order":"2","version_group_id":"7","move_id":"346","pokemon_move_method_id":"1","level":"6","pokemon_id":"339"}{"order":"","version_group_id":"7","move_id":"352","pokemon_move_method_id":"4","level":"0","pokemon_id":"339"}{"order":"","version_group_id":"8","move_id":"36","pokemon_move_method_id":"2","level":"0","pokemon_id":"339"}{"order":"","version_group_id":"8","move_id":"37","pokemon_move_method_id":"2","level":"0","pokemon_id":"339"}{"order":"","version_group_id":"8","move_id":"55","pokemon_move_method_id":"1","level":"10","pokemon_id":"339"}{"order":"","version_group_id":"8","move_id":"56","pokemon_move_method_id":"2","level":"0","pokemon_id":"339"}{"order":"","version_group_id":"8","move_id":"57","pokemon_move_method_id":"4","level":"0","pokemon_id":"339"}{"order":"","version_group_id":"8","move_id":"58","pokemon_move_method_id":"4","level":"0","pokemon_id":"339"}{"order":"","version_group_id":"8","move_id":"59","pokemon_move_method_id":"4","level":"0","pokemon_id":"339"}{"order":"","version_group_id":"8","move_id":"89","pokemon_move_method_id":"1","level":"39","pokemon_id":"339"}{"order":"","version_group_id":"8","move_id":"89","pokemon_move_method_id":"4","level":"0","pokemon_id":"339"}{"order":"","version_group_id":"8","move_id":"90","pokemon_move_method_id":"1","level":"47","pokemon_id":"339"}{"order":"","version_group_id":"8","move_id":"92","pokemon_move_method_id":"4","level":"0","pokemon_id":"339"}{"order":"","version_group_id":"8","move_id":"104","pokemon_move_method_id":"4","level":"0","pokemon_id":"339"}{"order":"","version_group_id":"8","move_id":"127","pokemon_move_method_id":"4","level":"0","pokemon_id":"339"}{"order":"","version_group_id":"8","move_id":"133","pokemon_move_method_id":"1","level":"18","pokemon_id":"339"}{"order":"1","version_group_id":"8","move_id":"156","pokemon_move_method_id":"1","level":"31","pokemon_id":"339"}{"order":"","version_group_id":"8","move_id":"156","pokemon_move_method_id":"4","level":"0","pokemon_id":"339"}{"order":"","version_group_id":"8","move_id":"164","pokemon_move_method_id":"4","level":"0","pokemon_id":"339"}{"order":"2","version_group_id":"8","move_id":"173","pokemon_move_method_id":"1","level":"31","pokemon_id":"339"}{"order":"","version_group_id":"8","move_id":"175","pokemon_move_method_id":"2","level":"0","pokemon_id":"339"}{"order":"","version_group_id":"8","move_id":"182","pokemon_move_method_id":"4","level":"0","pokemon_id":"339"}{"order":"","version_group_id":"8","move_id":"189","pokemon_move_method_id":"1","level":"1","pokemon_id":"339"}{"order":"","version_group_id":"8","move_id":"201","pokemon_move_method_id":"4","level":"0","pokemon_id":"339"}{"order":"","version_group_id":"8","move_id":"203","pokemon_move_method_id":"4","level":"0","pokemon_id":"339"}{"order":"","version_group_id":"8","move_id":"207","pokemon_move_method_id":"4","level":"0","pokemon_id":"339"}{"order":"","version_group_id":"8","move_id":"209","pokemon_move_method_id":"2","level":"0","pokemon_id":"339"}{"order":"","version_group_id":"8","move_id":"213","pokemon_move_method_id":"4","level":"0","pokemon_id":"339"}{"order":"","version_group_id":"8","move_id":"214","pokemon_move_method_id":"4","level":"0","pokemon_id":"339"}{"order":"","version_group_id":"8","move_id":"216","pokemon_move_method_id":"4","level":"0","pokemon_id":"339"}{"order":"","version_group_id":"8","move_id":"218","pokemon_move_method_id":"4","level":"0","pokemon_id":"339"}{"order":"","version_group_id":"8","move_id":"222","pokemon_move_method_id":"1","level":"26","pokemon_id":"339"}{"order":"","version_group_id":"8","move_id":"237","pokemon_move_method_id":"4","level":"0","pokemon_id":"339"}{"order":"","version_group_id":"8","move_id":"240","pokemon_move_method_id":"4","level":"0","pokemon_id":"339"}{"order":"","version_group_id":"8","move_id":"248","pokemon_move_method_id":"1","level":"43","pokemon_id":"339"}{"order":"","version_group_id":"8","move_id":"250","pokemon_move_method_id":"2","level":"0","pokemon_id":"339"}{"order":"","version_group_id":"8","move_id":"258","pokemon_move_method_id":"4","level":"0","pokemon_id":"339"}{"order":"","version_group_id":"8","move_id":"263","pokemon_move_method_id":"4","level":"0","pokemon_id":"339"}{"order":"","version_group_id":"8","move_id":"290","pokemon_move_method_id":"4","level":"0","pokemon_id":"339"}{"order":"1","version_group_id":"8","move_id":"300","pokemon_move_method_id":"1","level":"6","pokemon_id":"339"}{"order":"","version_group_id":"8","move_id":"317","pokemon_move_method_id":"4","level":"0","pokemon_id":"339"}{"order":"2","version_group_id":"8","move_id":"346","pokemon_move_method_id":"1","level":"6","pokemon_id":"339"}{"order":"","version_group_id":"8","move_id":"352","pokemon_move_method_id":"1","level":"22","pokemon_id":"339"}{"order":"","version_group_id":"8","move_id":"352","pokemon_move_method_id":"4","level":"0","pokemon_id":"339"}{"order":"","version_group_id":"8","move_id":"363","pokemon_move_method_id":"4","level":"0","pokemon_id":"339"}{"order":"","version_group_id":"8","move_id":"401","pokemon_move_method_id":"1","level":"35","pokemon_id":"339"}{"order":"","version_group_id":"8","move_id":"426","pokemon_move_method_id":"1","level":"14","pokemon_id":"339"}{"order":"","version_group_id":"8","move_id":"445","pokemon_move_method_id":"4","level":"0","pokemon_id":"339"}{"order":"","version_group_id":"9","move_id":"36","pokemon_move_method_id":"2","level":"0","pokemon_id":"339"}{"order":"","version_group_id":"9","move_id":"37","pokemon_move_method_id":"2","level":"0","pokemon_id":"339"}{"order":"","version_group_id":"9","move_id":"55","pokemon_move_method_id":"1","level":"10","pokemon_id":"339"}{"order":"","version_group_id":"9","move_id":"56","pokemon_move_method_id":"2","level":"0","pokemon_id":"339"}{"order":"","version_group_id":"9","move_id":"57","pokemon_move_method_id":"4","level":"0","pokemon_id":"339"}{"order":"","version_group_id":"9","move_id":"58","pokemon_move_method_id":"4","level":"0","pokemon_id":"339"}{"order":"","version_group_id":"9","move_id":"59","pokemon_move_method_id":"4","level":"0","pokemon_id":"339"}{"order":"","version_group_id":"9","move_id":"89","pokemon_move_method_id":"1","level":"39","pokemon_id":"339"}{"order":"","version_group_id":"9","move_id":"89","pokemon_move_method_id":"4","level":"0","pokemon_id":"339"}{"order":"","version_group_id":"9","move_id":"90","pokemon_move_method_id":"1","level":"47","pokemon_id":"339"}{"order":"","version_group_id":"9","move_id":"92","pokemon_move_method_id":"4","level":"0","pokemon_id":"339"}{"order":"","version_group_id":"9","move_id":"104","pokemon_move_method_id":"4","level":"0","pokemon_id":"339"}{"order":"","version_group_id":"9","move_id":"127","pokemon_move_method_id":"4","level":"0","pokemon_id":"339"}{"order":"","version_group_id":"9","move_id":"133","pokemon_move_method_id":"1","level":"18","pokemon_id":"339"}{"order":"1","version_group_id":"9","move_id":"156","pokemon_move_method_id":"1","level":"31","pokemon_id":"339"}{"order":"","version_group_id":"9","move_id":"156","pokemon_move_method_id":"4","level":"0","pokemon_id":"339"}{"order":"","version_group_id":"9","move_id":"164","pokemon_move_method_id":"4","level":"0","pokemon_id":"339"}{"order":"2","version_group_id":"9","move_id":"173","pokemon_move_method_id":"1","level":"31","pokemon_id":"339"}{"order":"","version_group_id":"9","move_id":"173","pokemon_move_method_id":"3","level":"0","pokemon_id":"339"}{"order":"","version_group_id":"9","move_id":"175","pokemon_move_method_id":"2","level":"0","pokemon_id":"339"}{"order":"","version_group_id":"9","move_id":"182","pokemon_move_method_id":"4","level":"0","pokemon_id":"339"}{"order":"","version_group_id":"9","move_id":"189","pokemon_move_method_id":"1","level":"1","pokemon_id":"339"}{"order":"","version_group_id":"9","move_id":"189","pokemon_move_method_id":"3","level":"0","pokemon_id":"339"}{"order":"","version_group_id":"9","move_id":"196","pokemon_move_method_id":"3","level":"0","pokemon_id":"339"}{"order":"","version_group_id":"9","move_id":"201","pokemon_move_method_id":"4","level":"0","pokemon_id":"339"}{"order":"","version_group_id":"9","move_id":"203","pokemon_move_method_id":"4","level":"0","pokemon_id":"339"}{"order":"","version_group_id":"9","move_id":"207","pokemon_move_method_id":"4","level":"0","pokemon_id":"339"}{"order":"","version_group_id":"9","move_id":"209","pokemon_move_method_id":"2","level":"0","pokemon_id":"339"}{"order":"","version_group_id":"9","move_id":"213","pokemon_move_method_id":"4","level":"0","pokemon_id":"339"}{"order":"","version_group_id":"9","move_id":"214","pokemon_move_method_id":"4","level":"0","pokemon_id":"339"}{"order":"","version_group_id":"9","move_id":"216","pokemon_move_method_id":"4","level":"0","pokemon_id":"339"}{"order":"","version_group_id":"9","move_id":"218","pokemon_move_method_id":"4","level":"0","pokemon_id":"339"}{"order":"","version_group_id":"9","move_id":"222","pokemon_move_method_id":"1","level":"26","pokemon_id":"339"}{"order":"","version_group_id":"9","move_id":"237","pokemon_move_method_id":"4","level":"0","pokemon_id":"339"}{"order":"","version_group_id":"9","move_id":"240","pokemon_move_method_id":"4","level":"0","pokemon_id":"339"}{"order":"","version_group_id":"9","move_id":"248","pokemon_move_method_id":"1","level":"43","pokemon_id":"339"}{"order":"","version_group_id":"9","move_id":"250","pokemon_move_method_id":"2","level":"0","pokemon_id":"339"}{"order":"","version_group_id":"9","move_id":"258","pokemon_move_method_id":"4","level":"0","pokemon_id":"339"}{"order":"","version_group_id":"9","move_id":"263","pokemon_move_method_id":"4","level":"0","pokemon_id":"339"}{"order":"","version_group_id":"9","move_id":"290","pokemon_move_method_id":"4","level":"0","pokemon_id":"339"}{"order":"","version_group_id":"9","move_id":"291","pokemon_move_method_id":"3","level":"0","pokemon_id":"339"}{"order":"1","version_group_id":"9","move_id":"300","pokemon_move_method_id":"1","level":"6","pokemon_id":"339"}{"order":"","version_group_id":"9","move_id":"317","pokemon_move_method_id":"4","level":"0","pokemon_id":"339"}{"order":"","version_group_id":"9","move_id":"340","pokemon_move_method_id":"3","level":"0","pokemon_id":"339"}{"order":"2","version_group_id":"9","move_id":"346","pokemon_move_method_id":"1","level":"6","pokemon_id":"339"}{"order":"","version_group_id":"9","move_id":"352","pokemon_move_method_id":"1","level":"22","pokemon_id":"339"}{"order":"","version_group_id":"9","move_id":"352","pokemon_move_method_id":"4","level":"0","pokemon_id":"339"}{"order":"","version_group_id":"9","move_id":"363","pokemon_move_method_id":"4","level":"0","pokemon_id":"339"}{"order":"","version_group_id":"9","move_id":"401","pokemon_move_method_id":"1","level":"35","pokemon_id":"339"}{"order":"","version_group_id":"9","move_id":"401","pokemon_move_method_id":"3","level":"0","pokemon_id":"339"}{"order":"","version_group_id":"9","move_id":"414","pokemon_move_method_id":"3","level":"0","pokemon_id":"339"}{"order":"","version_group_id":"9","move_id":"426","pokemon_move_method_id":"1","level":"14","pokemon_id":"339"}{"order":"","version_group_id":"9","move_id":"445","pokemon_move_method_id":"4","level":"0","pokemon_id":"339"}{"order":"","version_group_id":"10","move_id":"29","pokemon_move_method_id":"3","level":"0","pokemon_id":"339"}{"order":"","version_group_id":"10","move_id":"36","pokemon_move_method_id":"2","level":"0","pokemon_id":"339"}{"order":"","version_group_id":"10","move_id":"37","pokemon_move_method_id":"2","level":"0","pokemon_id":"339"}{"order":"","version_group_id":"10","move_id":"55","pokemon_move_method_id":"1","level":"10","pokemon_id":"339"}{"order":"","version_group_id":"10","move_id":"56","pokemon_move_method_id":"2","level":"0","pokemon_id":"339"}{"order":"","version_group_id":"10","move_id":"57","pokemon_move_method_id":"4","level":"0","pokemon_id":"339"}{"order":"","version_group_id":"10","move_id":"58","pokemon_move_method_id":"4","level":"0","pokemon_id":"339"}{"order":"","version_group_id":"10","move_id":"59","pokemon_move_method_id":"4","level":"0","pokemon_id":"339"}{"order":"","version_group_id":"10","move_id":"89","pokemon_move_method_id":"1","level":"39","pokemon_id":"339"}{"order":"","version_group_id":"10","move_id":"89","pokemon_move_method_id":"4","level":"0","pokemon_id":"339"}{"order":"","version_group_id":"10","move_id":"90","pokemon_move_method_id":"1","level":"47","pokemon_id":"339"}{"order":"","version_group_id":"10","move_id":"92","pokemon_move_method_id":"4","level":"0","pokemon_id":"339"}{"order":"","version_group_id":"10","move_id":"104","pokemon_move_method_id":"4","level":"0","pokemon_id":"339"}{"order":"","version_group_id":"10","move_id":"127","pokemon_move_method_id":"4","level":"0","pokemon_id":"339"}{"order":"","version_group_id":"10","move_id":"133","pokemon_move_method_id":"1","level":"18","pokemon_id":"339"}{"order":"1","version_group_id":"10","move_id":"156","pokemon_move_method_id":"1","level":"31","pokemon_id":"339"}{"order":"","version_group_id":"10","move_id":"156","pokemon_move_method_id":"4","level":"0","pokemon_id":"339"}{"order":"","version_group_id":"10","move_id":"164","pokemon_move_method_id":"4","level":"0","pokemon_id":"339"}{"order":"2","version_group_id":"10","move_id":"173","pokemon_move_method_id":"1","level":"31","pokemon_id":"339"}{"order":"","version_group_id":"10","move_id":"173","pokemon_move_method_id":"3","level":"0","pokemon_id":"339"}{"order":"","version_group_id":"10","move_id":"175","pokemon_move_method_id":"2","level":"0","pokemon_id":"339"}{"order":"","version_group_id":"10","move_id":"182","pokemon_move_method_id":"4","level":"0","pokemon_id":"339"}{"order":"","version_group_id":"10","move_id":"189","pokemon_move_method_id":"1","level":"1","pokemon_id":"339"}{"order":"","version_group_id":"10","move_id":"189","pokemon_move_method_id":"3","level":"0","pokemon_id":"339"}{"order":"","version_group_id":"10","move_id":"196","pokemon_move_method_id":"3","level":"0","pokemon_id":"339"}{"order":"","version_group_id":"10","move_id":"201","pokemon_move_method_id":"4","level":"0","pokemon_id":"339"}{"order":"","version_group_id":"10","move_id":"203","pokemon_move_method_id":"4","level":"0","pokemon_id":"339"}{"order":"","version_group_id":"10","move_id":"207","pokemon_move_method_id":"4","level":"0","pokemon_id":"339"}{"order":"","version_group_id":"10","move_id":"209","pokemon_move_method_id":"2","level":"0","pokemon_id":"339"}{"order":"","version_group_id":"10","move_id":"213","pokemon_move_method_id":"4","level":"0","pokemon_id":"339"}{"order":"","version_group_id":"10","move_id":"214","pokemon_move_method_id":"4","level":"0","pokemon_id":"339"}{"order":"","version_group_id":"10","move_id":"216","pokemon_move_method_id":"4","level":"0","pokemon_id":"339"}{"order":"","version_group_id":"10","move_id":"218","pokemon_move_method_id":"4","level":"0","pokemon_id":"339"}{"order":"","version_group_id":"10","move_id":"222","pokemon_move_method_id":"1","level":"26","pokemon_id":"339"}{"order":"","version_group_id":"10","move_id":"237","pokemon_move_method_id":"4","level":"0","pokemon_id":"339"}{"order":"","version_group_id":"10","move_id":"240","pokemon_move_method_id":"4","level":"0","pokemon_id":"339"}{"order":"","version_group_id":"10","move_id":"248","pokemon_move_method_id":"1","level":"43","pokemon_id":"339"}{"order":"","version_group_id":"10","move_id":"250","pokemon_move_method_id":"2","level":"0","pokemon_id":"339"}{"order":"","version_group_id":"10","move_id":"250","pokemon_move_method_id":"4","level":"0","pokemon_id":"339"}{"order":"","version_group_id":"10","move_id":"258","pokemon_move_method_id":"4","level":"0","pokemon_id":"339"}{"order":"","version_group_id":"10","move_id":"263","pokemon_move_method_id":"4","level":"0","pokemon_id":"339"}{"order":"","version_group_id":"10","move_id":"290","pokemon_move_method_id":"4","level":"0","pokemon_id":"339"}{"order":"","version_group_id":"10","move_id":"291","pokemon_move_method_id":"3","level":"0","pokemon_id":"339"}{"order":"1","version_group_id":"10","move_id":"300","pokemon_move_method_id":"1","level":"6","pokemon_id":"339"}{"order":"","version_group_id":"10","move_id":"317","pokemon_move_method_id":"4","level":"0","pokemon_id":"339"}{"order":"","version_group_id":"10","move_id":"340","pokemon_move_method_id":"3","level":"0","pokemon_id":"339"}{"order":"2","version_group_id":"10","move_id":"346","pokemon_move_method_id":"1","level":"6","pokemon_id":"339"}{"order":"","version_group_id":"10","move_id":"349","pokemon_move_method_id":"2","level":"0","pokemon_id":"339"}{"order":"","version_group_id":"10","move_id":"352","pokemon_move_method_id":"1","level":"22","pokemon_id":"339"}{"order":"","version_group_id":"10","move_id":"352","pokemon_move_method_id":"4","level":"0","pokemon_id":"339"}{"order":"","version_group_id":"10","move_id":"363","pokemon_move_method_id":"4","level":"0","pokemon_id":"339"}{"order":"","version_group_id":"10","move_id":"401","pokemon_move_method_id":"1","level":"35","pokemon_id":"339"}{"order":"","version_group_id":"10","move_id":"401","pokemon_move_method_id":"3","level":"0","pokemon_id":"339"}{"order":"","version_group_id":"10","move_id":"414","pokemon_move_method_id":"3","level":"0","pokemon_id":"339"}{"order":"","version_group_id":"10","move_id":"426","pokemon_move_method_id":"1","level":"14","pokemon_id":"339"}{"order":"","version_group_id":"10","move_id":"445","pokemon_move_method_id":"4","level":"0","pokemon_id":"339"}{"order":"","version_group_id":"11","move_id":"36","pokemon_move_method_id":"2","level":"0","pokemon_id":"339"}{"order":"","version_group_id":"11","move_id":"37","pokemon_move_method_id":"2","level":"0","pokemon_id":"339"}{"order":"","version_group_id":"11","move_id":"55","pokemon_move_method_id":"1","level":"10","pokemon_id":"339"}{"order":"","version_group_id":"11","move_id":"56","pokemon_move_method_id":"2","level":"0","pokemon_id":"339"}{"order":"","version_group_id":"11","move_id":"57","pokemon_move_method_id":"4","level":"0","pokemon_id":"339"}{"order":"","version_group_id":"11","move_id":"58","pokemon_move_method_id":"4","level":"0","pokemon_id":"339"}{"order":"","version_group_id":"11","move_id":"59","pokemon_move_method_id":"4","level":"0","pokemon_id":"339"}{"order":"","version_group_id":"11","move_id":"89","pokemon_move_method_id":"1","level":"39","pokemon_id":"339"}{"order":"","version_group_id":"11","move_id":"89","pokemon_move_method_id":"4","level":"0","pokemon_id":"339"}{"order":"","version_group_id":"11","move_id":"90","pokemon_move_method_id":"1","level":"47","pokemon_id":"339"}{"order":"","version_group_id":"11","move_id":"92","pokemon_move_method_id":"4","level":"0","pokemon_id":"339"}{"order":"","version_group_id":"11","move_id":"104","pokemon_move_method_id":"4","level":"0","pokemon_id":"339"}{"order":"","version_group_id":"11","move_id":"127","pokemon_move_method_id":"4","level":"0","pokemon_id":"339"}{"order":"","version_group_id":"11","move_id":"133","pokemon_move_method_id":"1","level":"18","pokemon_id":"339"}{"order":"1","version_group_id":"11","move_id":"156","pokemon_move_method_id":"1","level":"31","pokemon_id":"339"}{"order":"","version_group_id":"11","move_id":"156","pokemon_move_method_id":"4","level":"0","pokemon_id":"339"}{"order":"","version_group_id":"11","move_id":"164","pokemon_move_method_id":"4","level":"0","pokemon_id":"339"}{"order":"2","version_group_id":"11","move_id":"173","pokemon_move_method_id":"1","level":"31","pokemon_id":"339"}{"order":"","version_group_id":"11","move_id":"175","pokemon_move_method_id":"2","level":"0","pokemon_id":"339"}{"order":"","version_group_id":"11","move_id":"182","pokemon_move_method_id":"4","level":"0","pokemon_id":"339"}{"order":"","version_group_id":"11","move_id":"189","pokemon_move_method_id":"1","level":"1","pokemon_id":"339"}{"order":"","version_group_id":"11","move_id":"201","pokemon_move_method_id":"4","level":"0","pokemon_id":"339"}{"order":"","version_group_id":"11","move_id":"207","pokemon_move_method_id":"4","level":"0","pokemon_id":"339"}{"order":"","version_group_id":"11","move_id":"209","pokemon_move_method_id":"2","level":"0","pokemon_id":"339"}{"order":"","version_group_id":"11","move_id":"213","pokemon_move_method_id":"4","level":"0","pokemon_id":"339"}{"order":"","version_group_id":"11","move_id":"216","pokemon_move_method_id":"4","level":"0","pokemon_id":"339"}{"order":"","version_group_id":"11","move_id":"218","pokemon_move_method_id":"4","level":"0","pokemon_id":"339"}{"order":"","version_group_id":"11","move_id":"222","pokemon_move_method_id":"1","level":"26","pokemon_id":"339"}{"order":"","version_group_id":"11","move_id":"237","pokemon_move_method_id":"4","level":"0","pokemon_id":"339"}{"order":"","version_group_id":"11","move_id":"240","pokemon_move_method_id":"4","level":"0","pokemon_id":"339"}{"order":"","version_group_id":"11","move_id":"248","pokemon_move_method_id":"1","level":"43","pokemon_id":"339"}{"order":"","version_group_id":"11","move_id":"250","pokemon_move_method_id":"2","level":"0","pokemon_id":"339"}{"order":"","version_group_id":"11","move_id":"258","pokemon_move_method_id":"4","level":"0","pokemon_id":"339"}{"order":"","version_group_id":"11","move_id":"263","pokemon_move_method_id":"4","level":"0","pokemon_id":"339"}{"order":"","version_group_id":"11","move_id":"291","pokemon_move_method_id":"4","level":"0","pokemon_id":"339"}{"order":"1","version_group_id":"11","move_id":"300","pokemon_move_method_id":"1","level":"6","pokemon_id":"339"}{"order":"","version_group_id":"11","move_id":"317","pokemon_move_method_id":"4","level":"0","pokemon_id":"339"}{"order":"","version_group_id":"11","move_id":"330","pokemon_move_method_id":"2","level":"0","pokemon_id":"339"}{"order":"","version_group_id":"11","move_id":"341","pokemon_move_method_id":"2","level":"0","pokemon_id":"339"}{"order":"2","version_group_id":"11","move_id":"346","pokemon_move_method_id":"1","level":"6","pokemon_id":"339"}{"order":"","version_group_id":"11","move_id":"349","pokemon_move_method_id":"2","level":"0","pokemon_id":"339"}{"order":"","version_group_id":"11","move_id":"352","pokemon_move_method_id":"1","level":"22","pokemon_id":"339"}{"order":"","version_group_id":"11","move_id":"401","pokemon_move_method_id":"1","level":"35","pokemon_id":"339"}{"order":"","version_group_id":"11","move_id":"414","pokemon_move_method_id":"2","level":"0","pokemon_id":"339"}{"order":"","version_group_id":"11","move_id":"426","pokemon_move_method_id":"1","level":"14","pokemon_id":"339"}{"order":"","version_group_id":"11","move_id":"496","pokemon_move_method_id":"4","level":"0","pokemon_id":"339"}{"order":"","version_group_id":"11","move_id":"503","pokemon_move_method_id":"4","level":"0","pokemon_id":"339"}{"order":"","version_group_id":"11","move_id":"523","pokemon_move_method_id":"4","level":"0","pokemon_id":"339"}{"order":"","version_group_id":"12","move_id":"55","pokemon_move_method_id":"1","level":"11","pokemon_id":"339"}{"order":"","version_group_id":"12","move_id":"57","pokemon_move_method_id":"4","level":"0","pokemon_id":"339"}{"order":"","version_group_id":"12","move_id":"58","pokemon_move_method_id":"4","level":"0","pokemon_id":"339"}{"order":"","version_group_id":"12","move_id":"59","pokemon_move_method_id":"4","level":"0","pokemon_id":"339"}{"order":"","version_group_id":"12","move_id":"89","pokemon_move_method_id":"1","level":"31","pokemon_id":"339"}{"order":"","version_group_id":"12","move_id":"89","pokemon_move_method_id":"4","level":"0","pokemon_id":"339"}{"order":"","version_group_id":"12","move_id":"90","pokemon_move_method_id":"1","level":"41","pokemon_id":"339"}{"order":"","version_group_id":"12","move_id":"92","pokemon_move_method_id":"4","level":"0","pokemon_id":"339"}{"order":"","version_group_id":"12","move_id":"104","pokemon_move_method_id":"4","level":"0","pokemon_id":"339"}{"order":"","version_group_id":"12","move_id":"127","pokemon_move_method_id":"4","level":"0","pokemon_id":"339"}{"order":"","version_group_id":"12","move_id":"133","pokemon_move_method_id":"1","level":"21","pokemon_id":"339"}{"order":"","version_group_id":"12","move_id":"156","pokemon_move_method_id":"1","level":"26","pokemon_id":"339"}{"order":"","version_group_id":"12","move_id":"156","pokemon_move_method_id":"4","level":"0","pokemon_id":"339"}{"order":"3","version_group_id":"12","move_id":"173","pokemon_move_method_id":"1","level":"26","pokemon_id":"339"}{"order":"","version_group_id":"12","move_id":"182","pokemon_move_method_id":"4","level":"0","pokemon_id":"339"}{"order":"","version_group_id":"12","move_id":"189","pokemon_move_method_id":"1","level":"1","pokemon_id":"339"}{"order":"","version_group_id":"12","move_id":"201","pokemon_move_method_id":"4","level":"0","pokemon_id":"339"}{"order":"","version_group_id":"12","move_id":"213","pokemon_move_method_id":"4","level":"0","pokemon_id":"339"}{"order":"","version_group_id":"12","move_id":"216","pokemon_move_method_id":"4","level":"0","pokemon_id":"339"}{"order":"","version_group_id":"12","move_id":"218","pokemon_move_method_id":"4","level":"0","pokemon_id":"339"}{"order":"","version_group_id":"12","move_id":"222","pokemon_move_method_id":"1","level":"16","pokemon_id":"339"}{"order":"","version_group_id":"12","move_id":"237","pokemon_move_method_id":"4","level":"0","pokemon_id":"339"}{"order":"","version_group_id":"12","move_id":"240","pokemon_move_method_id":"4","level":"0","pokemon_id":"339"}{"order":"","version_group_id":"12","move_id":"248","pokemon_move_method_id":"1","level":"36","pokemon_id":"339"}{"order":"","version_group_id":"12","move_id":"258","pokemon_move_method_id":"4","level":"0","pokemon_id":"339"}{"order":"","version_group_id":"12","move_id":"263","pokemon_move_method_id":"4","level":"0","pokemon_id":"339"}{"order":"","version_group_id":"12","move_id":"290","pokemon_move_method_id":"4","level":"0","pokemon_id":"339"}{"order":"","version_group_id":"12","move_id":"291","pokemon_move_method_id":"4","level":"0","pokemon_id":"339"}{"order":"1","version_group_id":"12","move_id":"300","pokemon_move_method_id":"1","level":"6","pokemon_id":"339"}{"order":"","version_group_id":"12","move_id":"317","pokemon_move_method_id":"4","level":"0","pokemon_id":"339"}{"order":"2","version_group_id":"12","move_id":"346","pokemon_move_method_id":"1","level":"6","pokemon_id":"339"}{"order":"","version_group_id":"12","move_id":"352","pokemon_move_method_id":"4","level":"0","pokemon_id":"339"}{"order":"","version_group_id":"13","move_id":"38","pokemon_move_method_id":"3","level":"0","pokemon_id":"339"}{"order":"","version_group_id":"13","move_id":"55","pokemon_move_method_id":"1","level":"11","pokemon_id":"339"}{"order":"","version_group_id":"13","move_id":"57","pokemon_move_method_id":"4","level":"0","pokemon_id":"339"}{"order":"","version_group_id":"13","move_id":"58","pokemon_move_method_id":"4","level":"0","pokemon_id":"339"}{"order":"","version_group_id":"13","move_id":"59","pokemon_move_method_id":"4","level":"0","pokemon_id":"339"}{"order":"","version_group_id":"13","move_id":"89","pokemon_move_method_id":"1","level":"31","pokemon_id":"339"}{"order":"","version_group_id":"13","move_id":"89","pokemon_move_method_id":"4","level":"0","pokemon_id":"339"}{"order":"","version_group_id":"13","move_id":"90","pokemon_move_method_id":"1","level":"41","pokemon_id":"339"}{"order":"","version_group_id":"13","move_id":"92","pokemon_move_method_id":"4","level":"0","pokemon_id":"339"}{"order":"","version_group_id":"13","move_id":"102","pokemon_move_method_id":"3","level":"0","pokemon_id":"339"}{"order":"","version_group_id":"13","move_id":"104","pokemon_move_method_id":"4","level":"0","pokemon_id":"339"}{"order":"","version_group_id":"13","move_id":"127","pokemon_move_method_id":"4","level":"0","pokemon_id":"339"}{"order":"","version_group_id":"13","move_id":"133","pokemon_move_method_id":"1","level":"21","pokemon_id":"339"}{"order":"","version_group_id":"13","move_id":"156","pokemon_move_method_id":"1","level":"26","pokemon_id":"339"}{"order":"","version_group_id":"13","move_id":"156","pokemon_move_method_id":"4","level":"0","pokemon_id":"339"}{"order":"","version_group_id":"13","move_id":"164","pokemon_move_method_id":"3","level":"0","pokemon_id":"339"}{"order":"3","version_group_id":"13","move_id":"173","pokemon_move_method_id":"1","level":"26","pokemon_id":"339"}{"order":"","version_group_id":"13","move_id":"182","pokemon_move_method_id":"4","level":"0","pokemon_id":"339"}{"order":"","version_group_id":"13","move_id":"189","pokemon_move_method_id":"1","level":"1","pokemon_id":"339"}{"order":"","version_group_id":"13","move_id":"196","pokemon_move_method_id":"3","level":"0","pokemon_id":"339"}{"order":"","version_group_id":"13","move_id":"201","pokemon_move_method_id":"4","level":"0","pokemon_id":"339"}{"order":"","version_group_id":"13","move_id":"207","pokemon_move_method_id":"3","level":"0","pokemon_id":"339"}{"order":"","version_group_id":"13","move_id":"213","pokemon_move_method_id":"4","level":"0","pokemon_id":"339"}{"order":"","version_group_id":"13","move_id":"216","pokemon_move_method_id":"4","level":"0","pokemon_id":"339"}{"order":"","version_group_id":"13","move_id":"218","pokemon_move_method_id":"4","level":"0","pokemon_id":"339"}{"order":"","version_group_id":"13","move_id":"222","pokemon_move_method_id":"1","level":"16","pokemon_id":"339"}{"order":"","version_group_id":"13","move_id":"237","pokemon_move_method_id":"4","level":"0","pokemon_id":"339"}{"order":"","version_group_id":"13","move_id":"240","pokemon_move_method_id":"4","level":"0","pokemon_id":"339"}{"order":"","version_group_id":"13","move_id":"248","pokemon_move_method_id":"1","level":"36","pokemon_id":"339"}{"order":"","version_group_id":"13","move_id":"258","pokemon_move_method_id":"4","level":"0","pokemon_id":"339"}{"order":"","version_group_id":"13","move_id":"263","pokemon_move_method_id":"4","level":"0","pokemon_id":"339"}{"order":"","version_group_id":"13","move_id":"290","pokemon_move_method_id":"4","level":"0","pokemon_id":"339"}{"order":"","version_group_id":"13","move_id":"291","pokemon_move_method_id":"4","level":"0","pokemon_id":"339"}{"order":"1","version_group_id":"13","move_id":"300","pokemon_move_method_id":"1","level":"6","pokemon_id":"339"}{"order":"","version_group_id":"13","move_id":"317","pokemon_move_method_id":"4","level":"0","pokemon_id":"339"}{"order":"2","version_group_id":"13","move_id":"346","pokemon_move_method_id":"1","level":"6","pokemon_id":"339"}{"order":"","version_group_id":"13","move_id":"352","pokemon_move_method_id":"4","level":"0","pokemon_id":"339"}{"order":"","version_group_id":"14","move_id":"36","pokemon_move_method_id":"2","level":"0","pokemon_id":"339"}{"order":"","version_group_id":"14","move_id":"37","pokemon_move_method_id":"2","level":"0","pokemon_id":"339"}{"order":"","version_group_id":"14","move_id":"55","pokemon_move_method_id":"1","level":"10","pokemon_id":"339"}{"order":"","version_group_id":"14","move_id":"56","pokemon_move_method_id":"2","level":"0","pokemon_id":"339"}{"order":"","version_group_id":"14","move_id":"57","pokemon_move_method_id":"4","level":"0","pokemon_id":"339"}{"order":"","version_group_id":"14","move_id":"58","pokemon_move_method_id":"4","level":"0","pokemon_id":"339"}{"order":"","version_group_id":"14","move_id":"59","pokemon_move_method_id":"4","level":"0","pokemon_id":"339"}{"order":"","version_group_id":"14","move_id":"89","pokemon_move_method_id":"1","level":"39","pokemon_id":"339"}{"order":"","version_group_id":"14","move_id":"89","pokemon_move_method_id":"4","level":"0","pokemon_id":"339"}{"order":"","version_group_id":"14","move_id":"90","pokemon_move_method_id":"1","level":"47","pokemon_id":"339"}{"order":"","version_group_id":"14","move_id":"92","pokemon_move_method_id":"4","level":"0","pokemon_id":"339"}{"order":"","version_group_id":"14","move_id":"104","pokemon_move_method_id":"4","level":"0","pokemon_id":"339"}{"order":"","version_group_id":"14","move_id":"127","pokemon_move_method_id":"4","level":"0","pokemon_id":"339"}{"order":"","version_group_id":"14","move_id":"133","pokemon_move_method_id":"1","level":"18","pokemon_id":"339"}{"order":"1","version_group_id":"14","move_id":"156","pokemon_move_method_id":"1","level":"31","pokemon_id":"339"}{"order":"","version_group_id":"14","move_id":"156","pokemon_move_method_id":"4","level":"0","pokemon_id":"339"}{"order":"","version_group_id":"14","move_id":"164","pokemon_move_method_id":"4","level":"0","pokemon_id":"339"}{"order":"2","version_group_id":"14","move_id":"173","pokemon_move_method_id":"1","level":"31","pokemon_id":"339"}{"order":"","version_group_id":"14","move_id":"173","pokemon_move_method_id":"3","level":"0","pokemon_id":"339"}{"order":"","version_group_id":"14","move_id":"175","pokemon_move_method_id":"2","level":"0","pokemon_id":"339"}{"order":"","version_group_id":"14","move_id":"182","pokemon_move_method_id":"4","level":"0","pokemon_id":"339"}{"order":"","version_group_id":"14","move_id":"189","pokemon_move_method_id":"1","level":"1","pokemon_id":"339"}{"order":"","version_group_id":"14","move_id":"196","pokemon_move_method_id":"3","level":"0","pokemon_id":"339"}{"order":"","version_group_id":"14","move_id":"201","pokemon_move_method_id":"4","level":"0","pokemon_id":"339"}{"order":"","version_group_id":"14","move_id":"207","pokemon_move_method_id":"4","level":"0","pokemon_id":"339"}{"order":"","version_group_id":"14","move_id":"209","pokemon_move_method_id":"2","level":"0","pokemon_id":"339"}{"order":"","version_group_id":"14","move_id":"213","pokemon_move_method_id":"4","level":"0","pokemon_id":"339"}{"order":"","version_group_id":"14","move_id":"214","pokemon_move_method_id":"3","level":"0","pokemon_id":"339"}{"order":"","version_group_id":"14","move_id":"216","pokemon_move_method_id":"4","level":"0","pokemon_id":"339"}{"order":"","version_group_id":"14","move_id":"218","pokemon_move_method_id":"4","level":"0","pokemon_id":"339"}{"order":"","version_group_id":"14","move_id":"222","pokemon_move_method_id":"1","level":"26","pokemon_id":"339"}{"order":"","version_group_id":"14","move_id":"237","pokemon_move_method_id":"4","level":"0","pokemon_id":"339"}{"order":"","version_group_id":"14","move_id":"240","pokemon_move_method_id":"4","level":"0","pokemon_id":"339"}{"order":"","version_group_id":"14","move_id":"248","pokemon_move_method_id":"1","level":"43","pokemon_id":"339"}{"order":"","version_group_id":"14","move_id":"250","pokemon_move_method_id":"2","level":"0","pokemon_id":"339"}{"order":"","version_group_id":"14","move_id":"258","pokemon_move_method_id":"4","level":"0","pokemon_id":"339"}{"order":"","version_group_id":"14","move_id":"263","pokemon_move_method_id":"4","level":"0","pokemon_id":"339"}{"order":"","version_group_id":"14","move_id":"291","pokemon_move_method_id":"4","level":"0","pokemon_id":"339"}{"order":"1","version_group_id":"14","move_id":"300","pokemon_move_method_id":"1","level":"6","pokemon_id":"339"}{"order":"","version_group_id":"14","move_id":"317","pokemon_move_method_id":"4","level":"0","pokemon_id":"339"}{"order":"","version_group_id":"14","move_id":"330","pokemon_move_method_id":"2","level":"0","pokemon_id":"339"}{"order":"","version_group_id":"14","move_id":"340","pokemon_move_method_id":"3","level":"0","pokemon_id":"339"}{"order":"","version_group_id":"14","move_id":"341","pokemon_move_method_id":"2","level":"0","pokemon_id":"339"}{"order":"2","version_group_id":"14","move_id":"346","pokemon_move_method_id":"1","level":"6","pokemon_id":"339"}{"order":"","version_group_id":"14","move_id":"349","pokemon_move_method_id":"2","level":"0","pokemon_id":"339"}{"order":"","version_group_id":"14","move_id":"352","pokemon_move_method_id":"1","level":"22","pokemon_id":"339"}{"order":"","version_group_id":"14","move_id":"401","pokemon_move_method_id":"1","level":"35","pokemon_id":"339"}{"order":"","version_group_id":"14","move_id":"401","pokemon_move_method_id":"3","level":"0","pokemon_id":"339"}{"order":"","version_group_id":"14","move_id":"414","pokemon_move_method_id":"2","level":"0","pokemon_id":"339"}{"order":"","version_group_id":"14","move_id":"414","pokemon_move_method_id":"3","level":"0","pokemon_id":"339"}{"order":"","version_group_id":"14","move_id":"426","pokemon_move_method_id":"1","level":"14","pokemon_id":"339"}{"order":"","version_group_id":"14","move_id":"496","pokemon_move_method_id":"4","level":"0","pokemon_id":"339"}{"order":"","version_group_id":"14","move_id":"503","pokemon_move_method_id":"4","level":"0","pokemon_id":"339"}{"order":"","version_group_id":"14","move_id":"523","pokemon_move_method_id":"4","level":"0","pokemon_id":"339"}{"order":"","version_group_id":"15","move_id":"36","pokemon_move_method_id":"2","level":"0","pokemon_id":"339"}{"order":"","version_group_id":"15","move_id":"37","pokemon_move_method_id":"2","level":"0","pokemon_id":"339"}{"order":"","version_group_id":"15","move_id":"55","pokemon_move_method_id":"1","level":"10","pokemon_id":"339"}{"order":"","version_group_id":"15","move_id":"56","pokemon_move_method_id":"2","level":"0","pokemon_id":"339"}{"order":"","version_group_id":"15","move_id":"57","pokemon_move_method_id":"4","level":"0","pokemon_id":"339"}{"order":"","version_group_id":"15","move_id":"58","pokemon_move_method_id":"4","level":"0","pokemon_id":"339"}{"order":"","version_group_id":"15","move_id":"59","pokemon_move_method_id":"4","level":"0","pokemon_id":"339"}{"order":"","version_group_id":"15","move_id":"89","pokemon_move_method_id":"1","level":"39","pokemon_id":"339"}{"order":"","version_group_id":"15","move_id":"89","pokemon_move_method_id":"4","level":"0","pokemon_id":"339"}{"order":"","version_group_id":"15","move_id":"90","pokemon_move_method_id":"1","level":"47","pokemon_id":"339"}{"order":"","version_group_id":"15","move_id":"92","pokemon_move_method_id":"4","level":"0","pokemon_id":"339"}{"order":"","version_group_id":"15","move_id":"104","pokemon_move_method_id":"4","level":"0","pokemon_id":"339"}{"order":"","version_group_id":"15","move_id":"127","pokemon_move_method_id":"4","level":"0","pokemon_id":"339"}{"order":"","version_group_id":"15","move_id":"133","pokemon_move_method_id":"1","level":"18","pokemon_id":"339"}{"order":"1","version_group_id":"15","move_id":"156","pokemon_move_method_id":"1","level":"31","pokemon_id":"339"}{"order":"","version_group_id":"15","move_id":"156","pokemon_move_method_id":"4","level":"0","pokemon_id":"339"}{"order":"","version_group_id":"15","move_id":"164","pokemon_move_method_id":"4","level":"0","pokemon_id":"339"}{"order":"2","version_group_id":"15","move_id":"173","pokemon_move_method_id":"1","level":"31","pokemon_id":"339"}{"order":"","version_group_id":"15","move_id":"175","pokemon_move_method_id":"2","level":"0","pokemon_id":"339"}{"order":"","version_group_id":"15","move_id":"182","pokemon_move_method_id":"4","level":"0","pokemon_id":"339"}{"order":"","version_group_id":"15","move_id":"189","pokemon_move_method_id":"1","level":"1","pokemon_id":"339"}{"order":"","version_group_id":"15","move_id":"201","pokemon_move_method_id":"4","level":"0","pokemon_id":"339"}{"order":"","version_group_id":"15","move_id":"207","pokemon_move_method_id":"4","level":"0","pokemon_id":"339"}{"order":"","version_group_id":"15","move_id":"209","pokemon_move_method_id":"2","level":"0","pokemon_id":"339"}{"order":"","version_group_id":"15","move_id":"213","pokemon_move_method_id":"4","level":"0","pokemon_id":"339"}{"order":"","version_group_id":"15","move_id":"214","pokemon_move_method_id":"4","level":"0","pokemon_id":"339"}{"order":"","version_group_id":"15","move_id":"216","pokemon_move_method_id":"4","level":"0","pokemon_id":"339"}{"order":"","version_group_id":"15","move_id":"218","pokemon_move_method_id":"4","level":"0","pokemon_id":"339"}{"order":"","version_group_id":"15","move_id":"222","pokemon_move_method_id":"1","level":"26","pokemon_id":"339"}{"order":"","version_group_id":"15","move_id":"237","pokemon_move_method_id":"4","level":"0","pokemon_id":"339"}{"order":"","version_group_id":"15","move_id":"240","pokemon_move_method_id":"4","level":"0","pokemon_id":"339"}{"order":"","version_group_id":"15","move_id":"248","pokemon_move_method_id":"1","level":"43","pokemon_id":"339"}{"order":"","version_group_id":"15","move_id":"250","pokemon_move_method_id":"2","level":"0","pokemon_id":"339"}{"order":"","version_group_id":"15","move_id":"258","pokemon_move_method_id":"4","level":"0","pokemon_id":"339"}{"order":"","version_group_id":"15","move_id":"263","pokemon_move_method_id":"4","level":"0","pokemon_id":"339"}{"order":"1","version_group_id":"15","move_id":"300","pokemon_move_method_id":"1","level":"6","pokemon_id":"339"}{"order":"","version_group_id":"15","move_id":"317","pokemon_move_method_id":"4","level":"0","pokemon_id":"339"}{"order":"","version_group_id":"15","move_id":"330","pokemon_move_method_id":"2","level":"0","pokemon_id":"339"}{"order":"","version_group_id":"15","move_id":"341","pokemon_move_method_id":"2","level":"0","pokemon_id":"339"}{"order":"2","version_group_id":"15","move_id":"346","pokemon_move_method_id":"1","level":"6","pokemon_id":"339"}{"order":"","version_group_id":"15","move_id":"349","pokemon_move_method_id":"2","level":"0","pokemon_id":"339"}{"order":"","version_group_id":"15","move_id":"352","pokemon_move_method_id":"1","level":"22","pokemon_id":"339"}{"order":"","version_group_id":"15","move_id":"401","pokemon_move_method_id":"1","level":"35","pokemon_id":"339"}{"order":"","version_group_id":"15","move_id":"414","pokemon_move_method_id":"2","level":"0","pokemon_id":"339"}{"order":"","version_group_id":"15","move_id":"426","pokemon_move_method_id":"1","level":"14","pokemon_id":"339"}{"order":"","version_group_id":"15","move_id":"496","pokemon_move_method_id":"4","level":"0","pokemon_id":"339"}{"order":"","version_group_id":"15","move_id":"503","pokemon_move_method_id":"4","level":"0","pokemon_id":"339"}{"order":"","version_group_id":"15","move_id":"523","pokemon_move_method_id":"4","level":"0","pokemon_id":"339"}{"order":"","version_group_id":"15","move_id":"590","pokemon_move_method_id":"4","level":"0","pokemon_id":"339"}