{"order":"","version_group_id":"5","move_id":"19","pokemon_move_method_id":"4","level":"0","pokemon_id":"329"}{"order":"2","version_group_id":"5","move_id":"28","pokemon_move_method_id":"1","level":"1","pokemon_id":"329"}{"order":"","version_group_id":"5","move_id":"28","pokemon_move_method_id":"1","level":"9","pokemon_id":"329"}{"order":"1","version_group_id":"5","move_id":"44","pokemon_move_method_id":"1","level":"1","pokemon_id":"329"}{"order":"","version_group_id":"5","move_id":"63","pokemon_move_method_id":"1","level":"57","pokemon_id":"329"}{"order":"","version_group_id":"5","move_id":"63","pokemon_move_method_id":"4","level":"0","pokemon_id":"329"}{"order":"","version_group_id":"5","move_id":"70","pokemon_move_method_id":"4","level":"0","pokemon_id":"329"}{"order":"","version_group_id":"5","move_id":"76","pokemon_move_method_id":"4","level":"0","pokemon_id":"329"}{"order":"","version_group_id":"5","move_id":"89","pokemon_move_method_id":"4","level":"0","pokemon_id":"329"}{"order":"","version_group_id":"5","move_id":"91","pokemon_move_method_id":"4","level":"0","pokemon_id":"329"}{"order":"","version_group_id":"5","move_id":"92","pokemon_move_method_id":"4","level":"0","pokemon_id":"329"}{"order":"","version_group_id":"5","move_id":"103","pokemon_move_method_id":"1","level":"41","pokemon_id":"329"}{"order":"","version_group_id":"5","move_id":"104","pokemon_move_method_id":"4","level":"0","pokemon_id":"329"}{"order":"","version_group_id":"5","move_id":"156","pokemon_move_method_id":"4","level":"0","pokemon_id":"329"}{"order":"","version_group_id":"5","move_id":"182","pokemon_move_method_id":"4","level":"0","pokemon_id":"329"}{"order":"3","version_group_id":"5","move_id":"185","pokemon_move_method_id":"1","level":"1","pokemon_id":"329"}{"order":"","version_group_id":"5","move_id":"185","pokemon_move_method_id":"1","level":"17","pokemon_id":"329"}{"order":"","version_group_id":"5","move_id":"201","pokemon_move_method_id":"1","level":"49","pokemon_id":"329"}{"order":"","version_group_id":"5","move_id":"201","pokemon_move_method_id":"4","level":"0","pokemon_id":"329"}{"order":"","version_group_id":"5","move_id":"202","pokemon_move_method_id":"4","level":"0","pokemon_id":"329"}{"order":"","version_group_id":"5","move_id":"211","pokemon_move_method_id":"4","level":"0","pokemon_id":"329"}{"order":"","version_group_id":"5","move_id":"213","pokemon_move_method_id":"4","level":"0","pokemon_id":"329"}{"order":"","version_group_id":"5","move_id":"216","pokemon_move_method_id":"4","level":"0","pokemon_id":"329"}{"order":"","version_group_id":"5","move_id":"218","pokemon_move_method_id":"4","level":"0","pokemon_id":"329"}{"order":"","version_group_id":"5","move_id":"225","pokemon_move_method_id":"1","level":"35","pokemon_id":"329"}{"order":"","version_group_id":"5","move_id":"237","pokemon_move_method_id":"4","level":"0","pokemon_id":"329"}{"order":"","version_group_id":"5","move_id":"241","pokemon_move_method_id":"4","level":"0","pokemon_id":"329"}{"order":"","version_group_id":"5","move_id":"242","pokemon_move_method_id":"1","level":"33","pokemon_id":"329"}{"order":"","version_group_id":"5","move_id":"249","pokemon_move_method_id":"4","level":"0","pokemon_id":"329"}{"order":"","version_group_id":"5","move_id":"263","pokemon_move_method_id":"4","level":"0","pokemon_id":"329"}{"order":"","version_group_id":"5","move_id":"290","pokemon_move_method_id":"4","level":"0","pokemon_id":"329"}{"order":"","version_group_id":"5","move_id":"317","pokemon_move_method_id":"4","level":"0","pokemon_id":"329"}{"order":"4","version_group_id":"5","move_id":"328","pokemon_move_method_id":"1","level":"1","pokemon_id":"329"}{"order":"","version_group_id":"5","move_id":"328","pokemon_move_method_id":"1","level":"25","pokemon_id":"329"}{"order":"","version_group_id":"6","move_id":"19","pokemon_move_method_id":"4","level":"0","pokemon_id":"329"}{"order":"2","version_group_id":"6","move_id":"28","pokemon_move_method_id":"1","level":"1","pokemon_id":"329"}{"order":"","version_group_id":"6","move_id":"28","pokemon_move_method_id":"1","level":"9","pokemon_id":"329"}{"order":"","version_group_id":"6","move_id":"34","pokemon_move_method_id":"3","level":"0","pokemon_id":"329"}{"order":"","version_group_id":"6","move_id":"38","pokemon_move_method_id":"3","level":"0","pokemon_id":"329"}{"order":"1","version_group_id":"6","move_id":"44","pokemon_move_method_id":"1","level":"1","pokemon_id":"329"}{"order":"","version_group_id":"6","move_id":"63","pokemon_move_method_id":"1","level":"57","pokemon_id":"329"}{"order":"","version_group_id":"6","move_id":"63","pokemon_move_method_id":"4","level":"0","pokemon_id":"329"}{"order":"","version_group_id":"6","move_id":"70","pokemon_move_method_id":"4","level":"0","pokemon_id":"329"}{"order":"","version_group_id":"6","move_id":"76","pokemon_move_method_id":"4","level":"0","pokemon_id":"329"}{"order":"","version_group_id":"6","move_id":"89","pokemon_move_method_id":"4","level":"0","pokemon_id":"329"}{"order":"","version_group_id":"6","move_id":"91","pokemon_move_method_id":"4","level":"0","pokemon_id":"329"}{"order":"","version_group_id":"6","move_id":"92","pokemon_move_method_id":"4","level":"0","pokemon_id":"329"}{"order":"","version_group_id":"6","move_id":"102","pokemon_move_method_id":"3","level":"0","pokemon_id":"329"}{"order":"","version_group_id":"6","move_id":"103","pokemon_move_method_id":"1","level":"41","pokemon_id":"329"}{"order":"","version_group_id":"6","move_id":"104","pokemon_move_method_id":"4","level":"0","pokemon_id":"329"}{"order":"","version_group_id":"6","move_id":"129","pokemon_move_method_id":"3","level":"0","pokemon_id":"329"}{"order":"","version_group_id":"6","move_id":"156","pokemon_move_method_id":"4","level":"0","pokemon_id":"329"}{"order":"","version_group_id":"6","move_id":"157","pokemon_move_method_id":"3","level":"0","pokemon_id":"329"}{"order":"","version_group_id":"6","move_id":"164","pokemon_move_method_id":"3","level":"0","pokemon_id":"329"}{"order":"","version_group_id":"6","move_id":"173","pokemon_move_method_id":"3","level":"0","pokemon_id":"329"}{"order":"","version_group_id":"6","move_id":"182","pokemon_move_method_id":"4","level":"0","pokemon_id":"329"}{"order":"3","version_group_id":"6","move_id":"185","pokemon_move_method_id":"1","level":"1","pokemon_id":"329"}{"order":"","version_group_id":"6","move_id":"185","pokemon_move_method_id":"1","level":"17","pokemon_id":"329"}{"order":"","version_group_id":"6","move_id":"189","pokemon_move_method_id":"3","level":"0","pokemon_id":"329"}{"order":"","version_group_id":"6","move_id":"201","pokemon_move_method_id":"1","level":"49","pokemon_id":"329"}{"order":"","version_group_id":"6","move_id":"201","pokemon_move_method_id":"4","level":"0","pokemon_id":"329"}{"order":"","version_group_id":"6","move_id":"202","pokemon_move_method_id":"4","level":"0","pokemon_id":"329"}{"order":"","version_group_id":"6","move_id":"203","pokemon_move_method_id":"3","level":"0","pokemon_id":"329"}{"order":"","version_group_id":"6","move_id":"207","pokemon_move_method_id":"3","level":"0","pokemon_id":"329"}{"order":"","version_group_id":"6","move_id":"211","pokemon_move_method_id":"4","level":"0","pokemon_id":"329"}{"order":"","version_group_id":"6","move_id":"213","pokemon_move_method_id":"4","level":"0","pokemon_id":"329"}{"order":"","version_group_id":"6","move_id":"214","pokemon_move_method_id":"3","level":"0","pokemon_id":"329"}{"order":"","version_group_id":"6","move_id":"216","pokemon_move_method_id":"4","level":"0","pokemon_id":"329"}{"order":"","version_group_id":"6","move_id":"218","pokemon_move_method_id":"4","level":"0","pokemon_id":"329"}{"order":"","version_group_id":"6","move_id":"225","pokemon_move_method_id":"1","level":"35","pokemon_id":"329"}{"order":"","version_group_id":"6","move_id":"237","pokemon_move_method_id":"4","level":"0","pokemon_id":"329"}{"order":"","version_group_id":"6","move_id":"241","pokemon_move_method_id":"4","level":"0","pokemon_id":"329"}{"order":"","version_group_id":"6","move_id":"242","pokemon_move_method_id":"1","level":"33","pokemon_id":"329"}{"order":"","version_group_id":"6","move_id":"249","pokemon_move_method_id":"4","level":"0","pokemon_id":"329"}{"order":"","version_group_id":"6","move_id":"263","pokemon_move_method_id":"4","level":"0","pokemon_id":"329"}{"order":"","version_group_id":"6","move_id":"290","pokemon_move_method_id":"4","level":"0","pokemon_id":"329"}{"order":"","version_group_id":"6","move_id":"317","pokemon_move_method_id":"4","level":"0","pokemon_id":"329"}{"order":"4","version_group_id":"6","move_id":"328","pokemon_move_method_id":"1","level":"1","pokemon_id":"329"}{"order":"","version_group_id":"6","move_id":"328","pokemon_move_method_id":"1","level":"25","pokemon_id":"329"}{"order":"","version_group_id":"7","move_id":"19","pokemon_move_method_id":"4","level":"0","pokemon_id":"329"}{"order":"2","version_group_id":"7","move_id":"28","pokemon_move_method_id":"1","level":"1","pokemon_id":"329"}{"order":"","version_group_id":"7","move_id":"28","pokemon_move_method_id":"1","level":"9","pokemon_id":"329"}{"order":"","version_group_id":"7","move_id":"34","pokemon_move_method_id":"3","level":"0","pokemon_id":"329"}{"order":"","version_group_id":"7","move_id":"38","pokemon_move_method_id":"3","level":"0","pokemon_id":"329"}{"order":"1","version_group_id":"7","move_id":"44","pokemon_move_method_id":"1","level":"1","pokemon_id":"329"}{"order":"","version_group_id":"7","move_id":"63","pokemon_move_method_id":"1","level":"57","pokemon_id":"329"}{"order":"","version_group_id":"7","move_id":"63","pokemon_move_method_id":"4","level":"0","pokemon_id":"329"}{"order":"","version_group_id":"7","move_id":"70","pokemon_move_method_id":"4","level":"0","pokemon_id":"329"}{"order":"","version_group_id":"7","move_id":"76","pokemon_move_method_id":"4","level":"0","pokemon_id":"329"}{"order":"","version_group_id":"7","move_id":"89","pokemon_move_method_id":"4","level":"0","pokemon_id":"329"}{"order":"","version_group_id":"7","move_id":"91","pokemon_move_method_id":"4","level":"0","pokemon_id":"329"}{"order":"","version_group_id":"7","move_id":"92","pokemon_move_method_id":"4","level":"0","pokemon_id":"329"}{"order":"","version_group_id":"7","move_id":"102","pokemon_move_method_id":"3","level":"0","pokemon_id":"329"}{"order":"","version_group_id":"7","move_id":"103","pokemon_move_method_id":"1","level":"41","pokemon_id":"329"}{"order":"","version_group_id":"7","move_id":"104","pokemon_move_method_id":"4","level":"0","pokemon_id":"329"}{"order":"","version_group_id":"7","move_id":"156","pokemon_move_method_id":"4","level":"0","pokemon_id":"329"}{"order":"","version_group_id":"7","move_id":"157","pokemon_move_method_id":"3","level":"0","pokemon_id":"329"}{"order":"","version_group_id":"7","move_id":"164","pokemon_move_method_id":"3","level":"0","pokemon_id":"329"}{"order":"","version_group_id":"7","move_id":"182","pokemon_move_method_id":"4","level":"0","pokemon_id":"329"}{"order":"3","version_group_id":"7","move_id":"185","pokemon_move_method_id":"1","level":"1","pokemon_id":"329"}{"order":"","version_group_id":"7","move_id":"185","pokemon_move_method_id":"1","level":"17","pokemon_id":"329"}{"order":"","version_group_id":"7","move_id":"201","pokemon_move_method_id":"1","level":"49","pokemon_id":"329"}{"order":"","version_group_id":"7","move_id":"201","pokemon_move_method_id":"4","level":"0","pokemon_id":"329"}{"order":"","version_group_id":"7","move_id":"202","pokemon_move_method_id":"4","level":"0","pokemon_id":"329"}{"order":"","version_group_id":"7","move_id":"211","pokemon_move_method_id":"4","level":"0","pokemon_id":"329"}{"order":"","version_group_id":"7","move_id":"213","pokemon_move_method_id":"4","level":"0","pokemon_id":"329"}{"order":"","version_group_id":"7","move_id":"216","pokemon_move_method_id":"4","level":"0","pokemon_id":"329"}{"order":"","version_group_id":"7","move_id":"218","pokemon_move_method_id":"4","level":"0","pokemon_id":"329"}{"order":"","version_group_id":"7","move_id":"225","pokemon_move_method_id":"1","level":"35","pokemon_id":"329"}{"order":"","version_group_id":"7","move_id":"237","pokemon_move_method_id":"4","level":"0","pokemon_id":"329"}{"order":"","version_group_id":"7","move_id":"241","pokemon_move_method_id":"4","level":"0","pokemon_id":"329"}{"order":"","version_group_id":"7","move_id":"242","pokemon_move_method_id":"1","level":"33","pokemon_id":"329"}{"order":"","version_group_id":"7","move_id":"249","pokemon_move_method_id":"4","level":"0","pokemon_id":"329"}{"order":"","version_group_id":"7","move_id":"263","pokemon_move_method_id":"4","level":"0","pokemon_id":"329"}{"order":"","version_group_id":"7","move_id":"290","pokemon_move_method_id":"4","level":"0","pokemon_id":"329"}{"order":"","version_group_id":"7","move_id":"317","pokemon_move_method_id":"4","level":"0","pokemon_id":"329"}{"order":"4","version_group_id":"7","move_id":"328","pokemon_move_method_id":"1","level":"1","pokemon_id":"329"}{"order":"","version_group_id":"7","move_id":"328","pokemon_move_method_id":"1","level":"25","pokemon_id":"329"}{"order":"","version_group_id":"8","move_id":"19","pokemon_move_method_id":"4","level":"0","pokemon_id":"329"}{"order":"2","version_group_id":"8","move_id":"28","pokemon_move_method_id":"1","level":"1","pokemon_id":"329"}{"order":"","version_group_id":"8","move_id":"28","pokemon_move_method_id":"1","level":"9","pokemon_id":"329"}{"order":"","version_group_id":"8","move_id":"48","pokemon_move_method_id":"1","level":"33","pokemon_id":"329"}{"order":"1","version_group_id":"8","move_id":"49","pokemon_move_method_id":"1","level":"1","pokemon_id":"329"}{"order":"","version_group_id":"8","move_id":"63","pokemon_move_method_id":"1","level":"57","pokemon_id":"329"}{"order":"","version_group_id":"8","move_id":"63","pokemon_move_method_id":"4","level":"0","pokemon_id":"329"}{"order":"","version_group_id":"8","move_id":"70","pokemon_move_method_id":"4","level":"0","pokemon_id":"329"}{"order":"","version_group_id":"8","move_id":"76","pokemon_move_method_id":"4","level":"0","pokemon_id":"329"}{"order":"","version_group_id":"8","move_id":"89","pokemon_move_method_id":"4","level":"0","pokemon_id":"329"}{"order":"","version_group_id":"8","move_id":"91","pokemon_move_method_id":"4","level":"0","pokemon_id":"329"}{"order":"","version_group_id":"8","move_id":"92","pokemon_move_method_id":"4","level":"0","pokemon_id":"329"}{"order":"","version_group_id":"8","move_id":"103","pokemon_move_method_id":"1","level":"41","pokemon_id":"329"}{"order":"","version_group_id":"8","move_id":"104","pokemon_move_method_id":"4","level":"0","pokemon_id":"329"}{"order":"","version_group_id":"8","move_id":"156","pokemon_move_method_id":"4","level":"0","pokemon_id":"329"}{"order":"","version_group_id":"8","move_id":"157","pokemon_move_method_id":"4","level":"0","pokemon_id":"329"}{"order":"","version_group_id":"8","move_id":"164","pokemon_move_method_id":"4","level":"0","pokemon_id":"329"}{"order":"","version_group_id":"8","move_id":"182","pokemon_move_method_id":"4","level":"0","pokemon_id":"329"}{"order":"3","version_group_id":"8","move_id":"185","pokemon_move_method_id":"1","level":"1","pokemon_id":"329"}{"order":"","version_group_id":"8","move_id":"185","pokemon_move_method_id":"1","level":"17","pokemon_id":"329"}{"order":"","version_group_id":"8","move_id":"201","pokemon_move_method_id":"1","level":"49","pokemon_id":"329"}{"order":"","version_group_id":"8","move_id":"201","pokemon_move_method_id":"4","level":"0","pokemon_id":"329"}{"order":"","version_group_id":"8","move_id":"202","pokemon_move_method_id":"4","level":"0","pokemon_id":"329"}{"order":"","version_group_id":"8","move_id":"203","pokemon_move_method_id":"4","level":"0","pokemon_id":"329"}{"order":"","version_group_id":"8","move_id":"207","pokemon_move_method_id":"4","level":"0","pokemon_id":"329"}{"order":"","version_group_id":"8","move_id":"211","pokemon_move_method_id":"4","level":"0","pokemon_id":"329"}{"order":"","version_group_id":"8","move_id":"213","pokemon_move_method_id":"4","level":"0","pokemon_id":"329"}{"order":"","version_group_id":"8","move_id":"214","pokemon_move_method_id":"4","level":"0","pokemon_id":"329"}{"order":"","version_group_id":"8","move_id":"216","pokemon_move_method_id":"4","level":"0","pokemon_id":"329"}{"order":"","version_group_id":"8","move_id":"218","pokemon_move_method_id":"4","level":"0","pokemon_id":"329"}{"order":"","version_group_id":"8","move_id":"225","pokemon_move_method_id":"1","level":"35","pokemon_id":"329"}{"order":"","version_group_id":"8","move_id":"237","pokemon_move_method_id":"4","level":"0","pokemon_id":"329"}{"order":"","version_group_id":"8","move_id":"241","pokemon_move_method_id":"4","level":"0","pokemon_id":"329"}{"order":"","version_group_id":"8","move_id":"249","pokemon_move_method_id":"4","level":"0","pokemon_id":"329"}{"order":"","version_group_id":"8","move_id":"263","pokemon_move_method_id":"4","level":"0","pokemon_id":"329"}{"order":"","version_group_id":"8","move_id":"290","pokemon_move_method_id":"4","level":"0","pokemon_id":"329"}{"order":"","version_group_id":"8","move_id":"317","pokemon_move_method_id":"4","level":"0","pokemon_id":"329"}{"order":"","version_group_id":"8","move_id":"318","pokemon_move_method_id":"4","level":"0","pokemon_id":"329"}{"order":"4","version_group_id":"8","move_id":"328","pokemon_move_method_id":"1","level":"1","pokemon_id":"329"}{"order":"","version_group_id":"8","move_id":"328","pokemon_move_method_id":"1","level":"25","pokemon_id":"329"}{"order":"","version_group_id":"8","move_id":"355","pokemon_move_method_id":"4","level":"0","pokemon_id":"329"}{"order":"","version_group_id":"8","move_id":"363","pokemon_move_method_id":"4","level":"0","pokemon_id":"329"}{"order":"","version_group_id":"8","move_id":"369","pokemon_move_method_id":"4","level":"0","pokemon_id":"329"}{"order":"","version_group_id":"8","move_id":"406","pokemon_move_method_id":"4","level":"0","pokemon_id":"329"}{"order":"","version_group_id":"8","move_id":"432","pokemon_move_method_id":"4","level":"0","pokemon_id":"329"}{"order":"","version_group_id":"8","move_id":"434","pokemon_move_method_id":"3","level":"0","pokemon_id":"329"}{"order":"","version_group_id":"8","move_id":"445","pokemon_move_method_id":"4","level":"0","pokemon_id":"329"}{"order":"","version_group_id":"9","move_id":"19","pokemon_move_method_id":"4","level":"0","pokemon_id":"329"}{"order":"2","version_group_id":"9","move_id":"28","pokemon_move_method_id":"1","level":"1","pokemon_id":"329"}{"order":"","version_group_id":"9","move_id":"28","pokemon_move_method_id":"1","level":"9","pokemon_id":"329"}{"order":"","version_group_id":"9","move_id":"48","pokemon_move_method_id":"1","level":"33","pokemon_id":"329"}{"order":"1","version_group_id":"9","move_id":"49","pokemon_move_method_id":"1","level":"1","pokemon_id":"329"}{"order":"","version_group_id":"9","move_id":"63","pokemon_move_method_id":"1","level":"57","pokemon_id":"329"}{"order":"","version_group_id":"9","move_id":"63","pokemon_move_method_id":"4","level":"0","pokemon_id":"329"}{"order":"","version_group_id":"9","move_id":"70","pokemon_move_method_id":"4","level":"0","pokemon_id":"329"}{"order":"","version_group_id":"9","move_id":"76","pokemon_move_method_id":"4","level":"0","pokemon_id":"329"}{"order":"","version_group_id":"9","move_id":"89","pokemon_move_method_id":"4","level":"0","pokemon_id":"329"}{"order":"","version_group_id":"9","move_id":"91","pokemon_move_method_id":"4","level":"0","pokemon_id":"329"}{"order":"","version_group_id":"9","move_id":"92","pokemon_move_method_id":"4","level":"0","pokemon_id":"329"}{"order":"","version_group_id":"9","move_id":"103","pokemon_move_method_id":"1","level":"41","pokemon_id":"329"}{"order":"","version_group_id":"9","move_id":"104","pokemon_move_method_id":"4","level":"0","pokemon_id":"329"}{"order":"","version_group_id":"9","move_id":"129","pokemon_move_method_id":"3","level":"0","pokemon_id":"329"}{"order":"","version_group_id":"9","move_id":"156","pokemon_move_method_id":"4","level":"0","pokemon_id":"329"}{"order":"","version_group_id":"9","move_id":"157","pokemon_move_method_id":"4","level":"0","pokemon_id":"329"}{"order":"","version_group_id":"9","move_id":"164","pokemon_move_method_id":"4","level":"0","pokemon_id":"329"}{"order":"","version_group_id":"9","move_id":"173","pokemon_move_method_id":"3","level":"0","pokemon_id":"329"}{"order":"","version_group_id":"9","move_id":"182","pokemon_move_method_id":"4","level":"0","pokemon_id":"329"}{"order":"3","version_group_id":"9","move_id":"185","pokemon_move_method_id":"1","level":"1","pokemon_id":"329"}{"order":"","version_group_id":"9","move_id":"185","pokemon_move_method_id":"1","level":"17","pokemon_id":"329"}{"order":"","version_group_id":"9","move_id":"189","pokemon_move_method_id":"3","level":"0","pokemon_id":"329"}{"order":"","version_group_id":"9","move_id":"200","pokemon_move_method_id":"3","level":"0","pokemon_id":"329"}{"order":"","version_group_id":"9","move_id":"201","pokemon_move_method_id":"1","level":"49","pokemon_id":"329"}{"order":"","version_group_id":"9","move_id":"201","pokemon_move_method_id":"4","level":"0","pokemon_id":"329"}{"order":"","version_group_id":"9","move_id":"202","pokemon_move_method_id":"4","level":"0","pokemon_id":"329"}{"order":"","version_group_id":"9","move_id":"203","pokemon_move_method_id":"4","level":"0","pokemon_id":"329"}{"order":"","version_group_id":"9","move_id":"207","pokemon_move_method_id":"4","level":"0","pokemon_id":"329"}{"order":"","version_group_id":"9","move_id":"210","pokemon_move_method_id":"3","level":"0","pokemon_id":"329"}{"order":"","version_group_id":"9","move_id":"211","pokemon_move_method_id":"4","level":"0","pokemon_id":"329"}{"order":"","version_group_id":"9","move_id":"213","pokemon_move_method_id":"4","level":"0","pokemon_id":"329"}{"order":"","version_group_id":"9","move_id":"214","pokemon_move_method_id":"4","level":"0","pokemon_id":"329"}{"order":"","version_group_id":"9","move_id":"216","pokemon_move_method_id":"4","level":"0","pokemon_id":"329"}{"order":"","version_group_id":"9","move_id":"218","pokemon_move_method_id":"4","level":"0","pokemon_id":"329"}{"order":"","version_group_id":"9","move_id":"225","pokemon_move_method_id":"1","level":"35","pokemon_id":"329"}{"order":"","version_group_id":"9","move_id":"237","pokemon_move_method_id":"4","level":"0","pokemon_id":"329"}{"order":"","version_group_id":"9","move_id":"239","pokemon_move_method_id":"3","level":"0","pokemon_id":"329"}{"order":"","version_group_id":"9","move_id":"241","pokemon_move_method_id":"4","level":"0","pokemon_id":"329"}{"order":"","version_group_id":"9","move_id":"249","pokemon_move_method_id":"4","level":"0","pokemon_id":"329"}{"order":"","version_group_id":"9","move_id":"257","pokemon_move_method_id":"3","level":"0","pokemon_id":"329"}{"order":"","version_group_id":"9","move_id":"263","pokemon_move_method_id":"4","level":"0","pokemon_id":"329"}{"order":"","version_group_id":"9","move_id":"290","pokemon_move_method_id":"4","level":"0","pokemon_id":"329"}{"order":"","version_group_id":"9","move_id":"314","pokemon_move_method_id":"3","level":"0","pokemon_id":"329"}{"order":"","version_group_id":"9","move_id":"317","pokemon_move_method_id":"4","level":"0","pokemon_id":"329"}{"order":"","version_group_id":"9","move_id":"318","pokemon_move_method_id":"4","level":"0","pokemon_id":"329"}{"order":"4","version_group_id":"9","move_id":"328","pokemon_move_method_id":"1","level":"1","pokemon_id":"329"}{"order":"","version_group_id":"9","move_id":"328","pokemon_move_method_id":"1","level":"25","pokemon_id":"329"}{"order":"","version_group_id":"9","move_id":"355","pokemon_move_method_id":"4","level":"0","pokemon_id":"329"}{"order":"","version_group_id":"9","move_id":"363","pokemon_move_method_id":"4","level":"0","pokemon_id":"329"}{"order":"","version_group_id":"9","move_id":"369","pokemon_move_method_id":"4","level":"0","pokemon_id":"329"}{"order":"","version_group_id":"9","move_id":"406","pokemon_move_method_id":"4","level":"0","pokemon_id":"329"}{"order":"","version_group_id":"9","move_id":"414","pokemon_move_method_id":"3","level":"0","pokemon_id":"329"}{"order":"","version_group_id":"9","move_id":"432","pokemon_move_method_id":"4","level":"0","pokemon_id":"329"}{"order":"","version_group_id":"9","move_id":"434","pokemon_move_method_id":"3","level":"0","pokemon_id":"329"}{"order":"","version_group_id":"9","move_id":"445","pokemon_move_method_id":"4","level":"0","pokemon_id":"329"}{"order":"","version_group_id":"9","move_id":"466","pokemon_move_method_id":"3","level":"0","pokemon_id":"329"}{"order":"","version_group_id":"10","move_id":"19","pokemon_move_method_id":"4","level":"0","pokemon_id":"329"}{"order":"2","version_group_id":"10","move_id":"28","pokemon_move_method_id":"1","level":"1","pokemon_id":"329"}{"order":"","version_group_id":"10","move_id":"28","pokemon_move_method_id":"1","level":"9","pokemon_id":"329"}{"order":"","version_group_id":"10","move_id":"29","pokemon_move_method_id":"3","level":"0","pokemon_id":"329"}{"order":"","version_group_id":"10","move_id":"48","pokemon_move_method_id":"1","level":"33","pokemon_id":"329"}{"order":"1","version_group_id":"10","move_id":"49","pokemon_move_method_id":"1","level":"1","pokemon_id":"329"}{"order":"","version_group_id":"10","move_id":"63","pokemon_move_method_id":"1","level":"57","pokemon_id":"329"}{"order":"","version_group_id":"10","move_id":"63","pokemon_move_method_id":"4","level":"0","pokemon_id":"329"}{"order":"","version_group_id":"10","move_id":"70","pokemon_move_method_id":"4","level":"0","pokemon_id":"329"}{"order":"","version_group_id":"10","move_id":"76","pokemon_move_method_id":"4","level":"0","pokemon_id":"329"}{"order":"","version_group_id":"10","move_id":"89","pokemon_move_method_id":"4","level":"0","pokemon_id":"329"}{"order":"","version_group_id":"10","move_id":"91","pokemon_move_method_id":"4","level":"0","pokemon_id":"329"}{"order":"","version_group_id":"10","move_id":"92","pokemon_move_method_id":"4","level":"0","pokemon_id":"329"}{"order":"","version_group_id":"10","move_id":"103","pokemon_move_method_id":"1","level":"41","pokemon_id":"329"}{"order":"","version_group_id":"10","move_id":"104","pokemon_move_method_id":"4","level":"0","pokemon_id":"329"}{"order":"","version_group_id":"10","move_id":"129","pokemon_move_method_id":"3","level":"0","pokemon_id":"329"}{"order":"","version_group_id":"10","move_id":"156","pokemon_move_method_id":"4","level":"0","pokemon_id":"329"}{"order":"","version_group_id":"10","move_id":"157","pokemon_move_method_id":"4","level":"0","pokemon_id":"329"}{"order":"","version_group_id":"10","move_id":"164","pokemon_move_method_id":"4","level":"0","pokemon_id":"329"}{"order":"","version_group_id":"10","move_id":"173","pokemon_move_method_id":"3","level":"0","pokemon_id":"329"}{"order":"","version_group_id":"10","move_id":"182","pokemon_move_method_id":"4","level":"0","pokemon_id":"329"}{"order":"3","version_group_id":"10","move_id":"185","pokemon_move_method_id":"1","level":"1","pokemon_id":"329"}{"order":"","version_group_id":"10","move_id":"185","pokemon_move_method_id":"1","level":"17","pokemon_id":"329"}{"order":"","version_group_id":"10","move_id":"189","pokemon_move_method_id":"3","level":"0","pokemon_id":"329"}{"order":"","version_group_id":"10","move_id":"200","pokemon_move_method_id":"3","level":"0","pokemon_id":"329"}{"order":"","version_group_id":"10","move_id":"201","pokemon_move_method_id":"1","level":"49","pokemon_id":"329"}{"order":"","version_group_id":"10","move_id":"201","pokemon_move_method_id":"4","level":"0","pokemon_id":"329"}{"order":"","version_group_id":"10","move_id":"202","pokemon_move_method_id":"4","level":"0","pokemon_id":"329"}{"order":"","version_group_id":"10","move_id":"203","pokemon_move_method_id":"4","level":"0","pokemon_id":"329"}{"order":"","version_group_id":"10","move_id":"207","pokemon_move_method_id":"4","level":"0","pokemon_id":"329"}{"order":"","version_group_id":"10","move_id":"210","pokemon_move_method_id":"3","level":"0","pokemon_id":"329"}{"order":"","version_group_id":"10","move_id":"211","pokemon_move_method_id":"4","level":"0","pokemon_id":"329"}{"order":"","version_group_id":"10","move_id":"213","pokemon_move_method_id":"4","level":"0","pokemon_id":"329"}{"order":"","version_group_id":"10","move_id":"214","pokemon_move_method_id":"4","level":"0","pokemon_id":"329"}{"order":"","version_group_id":"10","move_id":"216","pokemon_move_method_id":"4","level":"0","pokemon_id":"329"}{"order":"","version_group_id":"10","move_id":"218","pokemon_move_method_id":"4","level":"0","pokemon_id":"329"}{"order":"","version_group_id":"10","move_id":"225","pokemon_move_method_id":"1","level":"35","pokemon_id":"329"}{"order":"","version_group_id":"10","move_id":"237","pokemon_move_method_id":"4","level":"0","pokemon_id":"329"}{"order":"","version_group_id":"10","move_id":"239","pokemon_move_method_id":"3","level":"0","pokemon_id":"329"}{"order":"","version_group_id":"10","move_id":"241","pokemon_move_method_id":"4","level":"0","pokemon_id":"329"}{"order":"","version_group_id":"10","move_id":"249","pokemon_move_method_id":"4","level":"0","pokemon_id":"329"}{"order":"","version_group_id":"10","move_id":"257","pokemon_move_method_id":"3","level":"0","pokemon_id":"329"}{"order":"","version_group_id":"10","move_id":"263","pokemon_move_method_id":"4","level":"0","pokemon_id":"329"}{"order":"","version_group_id":"10","move_id":"290","pokemon_move_method_id":"4","level":"0","pokemon_id":"329"}{"order":"","version_group_id":"10","move_id":"314","pokemon_move_method_id":"3","level":"0","pokemon_id":"329"}{"order":"","version_group_id":"10","move_id":"317","pokemon_move_method_id":"4","level":"0","pokemon_id":"329"}{"order":"","version_group_id":"10","move_id":"318","pokemon_move_method_id":"4","level":"0","pokemon_id":"329"}{"order":"4","version_group_id":"10","move_id":"328","pokemon_move_method_id":"1","level":"1","pokemon_id":"329"}{"order":"","version_group_id":"10","move_id":"328","pokemon_move_method_id":"1","level":"25","pokemon_id":"329"}{"order":"","version_group_id":"10","move_id":"355","pokemon_move_method_id":"4","level":"0","pokemon_id":"329"}{"order":"","version_group_id":"10","move_id":"363","pokemon_move_method_id":"4","level":"0","pokemon_id":"329"}{"order":"","version_group_id":"10","move_id":"366","pokemon_move_method_id":"3","level":"0","pokemon_id":"329"}{"order":"","version_group_id":"10","move_id":"369","pokemon_move_method_id":"4","level":"0","pokemon_id":"329"}{"order":"","version_group_id":"10","move_id":"406","pokemon_move_method_id":"4","level":"0","pokemon_id":"329"}{"order":"","version_group_id":"10","move_id":"414","pokemon_move_method_id":"3","level":"0","pokemon_id":"329"}{"order":"","version_group_id":"10","move_id":"434","pokemon_move_method_id":"3","level":"0","pokemon_id":"329"}{"order":"","version_group_id":"10","move_id":"445","pokemon_move_method_id":"4","level":"0","pokemon_id":"329"}{"order":"","version_group_id":"10","move_id":"450","pokemon_move_method_id":"3","level":"0","pokemon_id":"329"}{"order":"","version_group_id":"10","move_id":"466","pokemon_move_method_id":"3","level":"0","pokemon_id":"329"}{"order":"","version_group_id":"11","move_id":"19","pokemon_move_method_id":"4","level":"0","pokemon_id":"329"}{"order":"2","version_group_id":"11","move_id":"28","pokemon_move_method_id":"1","level":"1","pokemon_id":"329"}{"order":"","version_group_id":"11","move_id":"28","pokemon_move_method_id":"1","level":"9","pokemon_id":"329"}{"order":"","version_group_id":"11","move_id":"48","pokemon_move_method_id":"1","level":"33","pokemon_id":"329"}{"order":"1","version_group_id":"11","move_id":"49","pokemon_move_method_id":"1","level":"1","pokemon_id":"329"}{"order":"","version_group_id":"11","move_id":"63","pokemon_move_method_id":"1","level":"57","pokemon_id":"329"}{"order":"","version_group_id":"11","move_id":"63","pokemon_move_method_id":"4","level":"0","pokemon_id":"329"}{"order":"","version_group_id":"11","move_id":"70","pokemon_move_method_id":"4","level":"0","pokemon_id":"329"}{"order":"","version_group_id":"11","move_id":"76","pokemon_move_method_id":"4","level":"0","pokemon_id":"329"}{"order":"","version_group_id":"11","move_id":"89","pokemon_move_method_id":"4","level":"0","pokemon_id":"329"}{"order":"","version_group_id":"11","move_id":"91","pokemon_move_method_id":"4","level":"0","pokemon_id":"329"}{"order":"","version_group_id":"11","move_id":"92","pokemon_move_method_id":"4","level":"0","pokemon_id":"329"}{"order":"","version_group_id":"11","move_id":"103","pokemon_move_method_id":"1","level":"41","pokemon_id":"329"}{"order":"","version_group_id":"11","move_id":"104","pokemon_move_method_id":"4","level":"0","pokemon_id":"329"}{"order":"","version_group_id":"11","move_id":"156","pokemon_move_method_id":"4","level":"0","pokemon_id":"329"}{"order":"","version_group_id":"11","move_id":"157","pokemon_move_method_id":"4","level":"0","pokemon_id":"329"}{"order":"","version_group_id":"11","move_id":"164","pokemon_move_method_id":"4","level":"0","pokemon_id":"329"}{"order":"","version_group_id":"11","move_id":"182","pokemon_move_method_id":"4","level":"0","pokemon_id":"329"}{"order":"3","version_group_id":"11","move_id":"185","pokemon_move_method_id":"1","level":"1","pokemon_id":"329"}{"order":"","version_group_id":"11","move_id":"185","pokemon_move_method_id":"1","level":"17","pokemon_id":"329"}{"order":"","version_group_id":"11","move_id":"201","pokemon_move_method_id":"1","level":"49","pokemon_id":"329"}{"order":"","version_group_id":"11","move_id":"201","pokemon_move_method_id":"4","level":"0","pokemon_id":"329"}{"order":"","version_group_id":"11","move_id":"207","pokemon_move_method_id":"4","level":"0","pokemon_id":"329"}{"order":"","version_group_id":"11","move_id":"213","pokemon_move_method_id":"4","level":"0","pokemon_id":"329"}{"order":"","version_group_id":"11","move_id":"216","pokemon_move_method_id":"4","level":"0","pokemon_id":"329"}{"order":"","version_group_id":"11","move_id":"218","pokemon_move_method_id":"4","level":"0","pokemon_id":"329"}{"order":"","version_group_id":"11","move_id":"225","pokemon_move_method_id":"1","level":"35","pokemon_id":"329"}{"order":"","version_group_id":"11","move_id":"237","pokemon_move_method_id":"4","level":"0","pokemon_id":"329"}{"order":"","version_group_id":"11","move_id":"241","pokemon_move_method_id":"4","level":"0","pokemon_id":"329"}{"order":"","version_group_id":"11","move_id":"249","pokemon_move_method_id":"4","level":"0","pokemon_id":"329"}{"order":"","version_group_id":"11","move_id":"263","pokemon_move_method_id":"4","level":"0","pokemon_id":"329"}{"order":"","version_group_id":"11","move_id":"317","pokemon_move_method_id":"4","level":"0","pokemon_id":"329"}{"order":"4","version_group_id":"11","move_id":"328","pokemon_move_method_id":"1","level":"1","pokemon_id":"329"}{"order":"","version_group_id":"11","move_id":"328","pokemon_move_method_id":"1","level":"25","pokemon_id":"329"}{"order":"","version_group_id":"11","move_id":"369","pokemon_move_method_id":"4","level":"0","pokemon_id":"329"}{"order":"","version_group_id":"11","move_id":"434","pokemon_move_method_id":"3","level":"0","pokemon_id":"329"}{"order":"","version_group_id":"11","move_id":"496","pokemon_move_method_id":"4","level":"0","pokemon_id":"329"}{"order":"","version_group_id":"11","move_id":"522","pokemon_move_method_id":"4","level":"0","pokemon_id":"329"}{"order":"","version_group_id":"11","move_id":"523","pokemon_move_method_id":"4","level":"0","pokemon_id":"329"}{"order":"","version_group_id":"12","move_id":"19","pokemon_move_method_id":"4","level":"0","pokemon_id":"329"}{"order":"2","version_group_id":"12","move_id":"28","pokemon_move_method_id":"1","level":"1","pokemon_id":"329"}{"order":"","version_group_id":"12","move_id":"28","pokemon_move_method_id":"1","level":"9","pokemon_id":"329"}{"order":"1","version_group_id":"12","move_id":"44","pokemon_move_method_id":"1","level":"1","pokemon_id":"329"}{"order":"","version_group_id":"12","move_id":"63","pokemon_move_method_id":"1","level":"57","pokemon_id":"329"}{"order":"","version_group_id":"12","move_id":"63","pokemon_move_method_id":"4","level":"0","pokemon_id":"329"}{"order":"","version_group_id":"12","move_id":"70","pokemon_move_method_id":"4","level":"0","pokemon_id":"329"}{"order":"","version_group_id":"12","move_id":"76","pokemon_move_method_id":"4","level":"0","pokemon_id":"329"}{"order":"","version_group_id":"12","move_id":"89","pokemon_move_method_id":"4","level":"0","pokemon_id":"329"}{"order":"","version_group_id":"12","move_id":"91","pokemon_move_method_id":"4","level":"0","pokemon_id":"329"}{"order":"","version_group_id":"12","move_id":"92","pokemon_move_method_id":"4","level":"0","pokemon_id":"329"}{"order":"","version_group_id":"12","move_id":"103","pokemon_move_method_id":"1","level":"41","pokemon_id":"329"}{"order":"","version_group_id":"12","move_id":"104","pokemon_move_method_id":"4","level":"0","pokemon_id":"329"}{"order":"","version_group_id":"12","move_id":"156","pokemon_move_method_id":"4","level":"0","pokemon_id":"329"}{"order":"","version_group_id":"12","move_id":"182","pokemon_move_method_id":"4","level":"0","pokemon_id":"329"}{"order":"3","version_group_id":"12","move_id":"185","pokemon_move_method_id":"1","level":"1","pokemon_id":"329"}{"order":"","version_group_id":"12","move_id":"185","pokemon_move_method_id":"1","level":"17","pokemon_id":"329"}{"order":"","version_group_id":"12","move_id":"201","pokemon_move_method_id":"1","level":"49","pokemon_id":"329"}{"order":"","version_group_id":"12","move_id":"201","pokemon_move_method_id":"4","level":"0","pokemon_id":"329"}{"order":"","version_group_id":"12","move_id":"202","pokemon_move_method_id":"4","level":"0","pokemon_id":"329"}{"order":"","version_group_id":"12","move_id":"211","pokemon_move_method_id":"4","level":"0","pokemon_id":"329"}{"order":"","version_group_id":"12","move_id":"213","pokemon_move_method_id":"4","level":"0","pokemon_id":"329"}{"order":"","version_group_id":"12","move_id":"216","pokemon_move_method_id":"4","level":"0","pokemon_id":"329"}{"order":"","version_group_id":"12","move_id":"218","pokemon_move_method_id":"4","level":"0","pokemon_id":"329"}{"order":"","version_group_id":"12","move_id":"225","pokemon_move_method_id":"1","level":"35","pokemon_id":"329"}{"order":"","version_group_id":"12","move_id":"237","pokemon_move_method_id":"4","level":"0","pokemon_id":"329"}{"order":"","version_group_id":"12","move_id":"241","pokemon_move_method_id":"4","level":"0","pokemon_id":"329"}{"order":"","version_group_id":"12","move_id":"242","pokemon_move_method_id":"1","level":"33","pokemon_id":"329"}{"order":"","version_group_id":"12","move_id":"249","pokemon_move_method_id":"4","level":"0","pokemon_id":"329"}{"order":"","version_group_id":"12","move_id":"263","pokemon_move_method_id":"4","level":"0","pokemon_id":"329"}{"order":"","version_group_id":"12","move_id":"290","pokemon_move_method_id":"4","level":"0","pokemon_id":"329"}{"order":"","version_group_id":"12","move_id":"317","pokemon_move_method_id":"4","level":"0","pokemon_id":"329"}{"order":"4","version_group_id":"12","move_id":"328","pokemon_move_method_id":"1","level":"1","pokemon_id":"329"}{"order":"","version_group_id":"12","move_id":"328","pokemon_move_method_id":"1","level":"25","pokemon_id":"329"}{"order":"","version_group_id":"13","move_id":"19","pokemon_move_method_id":"4","level":"0","pokemon_id":"329"}{"order":"2","version_group_id":"13","move_id":"28","pokemon_move_method_id":"1","level":"1","pokemon_id":"329"}{"order":"","version_group_id":"13","move_id":"28","pokemon_move_method_id":"1","level":"9","pokemon_id":"329"}{"order":"","version_group_id":"13","move_id":"34","pokemon_move_method_id":"3","level":"0","pokemon_id":"329"}{"order":"","version_group_id":"13","move_id":"38","pokemon_move_method_id":"3","level":"0","pokemon_id":"329"}{"order":"1","version_group_id":"13","move_id":"44","pokemon_move_method_id":"1","level":"1","pokemon_id":"329"}{"order":"","version_group_id":"13","move_id":"63","pokemon_move_method_id":"1","level":"57","pokemon_id":"329"}{"order":"","version_group_id":"13","move_id":"63","pokemon_move_method_id":"4","level":"0","pokemon_id":"329"}{"order":"","version_group_id":"13","move_id":"70","pokemon_move_method_id":"4","level":"0","pokemon_id":"329"}{"order":"","version_group_id":"13","move_id":"76","pokemon_move_method_id":"4","level":"0","pokemon_id":"329"}{"order":"","version_group_id":"13","move_id":"89","pokemon_move_method_id":"4","level":"0","pokemon_id":"329"}{"order":"","version_group_id":"13","move_id":"91","pokemon_move_method_id":"4","level":"0","pokemon_id":"329"}{"order":"","version_group_id":"13","move_id":"92","pokemon_move_method_id":"4","level":"0","pokemon_id":"329"}{"order":"","version_group_id":"13","move_id":"102","pokemon_move_method_id":"3","level":"0","pokemon_id":"329"}{"order":"","version_group_id":"13","move_id":"103","pokemon_move_method_id":"1","level":"41","pokemon_id":"329"}{"order":"","version_group_id":"13","move_id":"104","pokemon_move_method_id":"4","level":"0","pokemon_id":"329"}{"order":"","version_group_id":"13","move_id":"156","pokemon_move_method_id":"4","level":"0","pokemon_id":"329"}{"order":"","version_group_id":"13","move_id":"164","pokemon_move_method_id":"3","level":"0","pokemon_id":"329"}{"order":"","version_group_id":"13","move_id":"182","pokemon_move_method_id":"4","level":"0","pokemon_id":"329"}{"order":"3","version_group_id":"13","move_id":"185","pokemon_move_method_id":"1","level":"1","pokemon_id":"329"}{"order":"","version_group_id":"13","move_id":"185","pokemon_move_method_id":"1","level":"17","pokemon_id":"329"}{"order":"","version_group_id":"13","move_id":"201","pokemon_move_method_id":"1","level":"49","pokemon_id":"329"}{"order":"","version_group_id":"13","move_id":"201","pokemon_move_method_id":"4","level":"0","pokemon_id":"329"}{"order":"","version_group_id":"13","move_id":"202","pokemon_move_method_id":"4","level":"0","pokemon_id":"329"}{"order":"","version_group_id":"13","move_id":"207","pokemon_move_method_id":"3","level":"0","pokemon_id":"329"}{"order":"","version_group_id":"13","move_id":"211","pokemon_move_method_id":"4","level":"0","pokemon_id":"329"}{"order":"","version_group_id":"13","move_id":"213","pokemon_move_method_id":"4","level":"0","pokemon_id":"329"}{"order":"","version_group_id":"13","move_id":"216","pokemon_move_method_id":"4","level":"0","pokemon_id":"329"}{"order":"","version_group_id":"13","move_id":"218","pokemon_move_method_id":"4","level":"0","pokemon_id":"329"}{"order":"","version_group_id":"13","move_id":"225","pokemon_move_method_id":"1","level":"35","pokemon_id":"329"}{"order":"","version_group_id":"13","move_id":"237","pokemon_move_method_id":"4","level":"0","pokemon_id":"329"}{"order":"","version_group_id":"13","move_id":"241","pokemon_move_method_id":"4","level":"0","pokemon_id":"329"}{"order":"","version_group_id":"13","move_id":"242","pokemon_move_method_id":"1","level":"33","pokemon_id":"329"}{"order":"","version_group_id":"13","move_id":"249","pokemon_move_method_id":"4","level":"0","pokemon_id":"329"}{"order":"","version_group_id":"13","move_id":"263","pokemon_move_method_id":"4","level":"0","pokemon_id":"329"}{"order":"","version_group_id":"13","move_id":"290","pokemon_move_method_id":"4","level":"0","pokemon_id":"329"}{"order":"","version_group_id":"13","move_id":"317","pokemon_move_method_id":"4","level":"0","pokemon_id":"329"}{"order":"4","version_group_id":"13","move_id":"328","pokemon_move_method_id":"1","level":"1","pokemon_id":"329"}{"order":"","version_group_id":"13","move_id":"328","pokemon_move_method_id":"1","level":"25","pokemon_id":"329"}{"order":"","version_group_id":"14","move_id":"19","pokemon_move_method_id":"4","level":"0","pokemon_id":"329"}{"order":"2","version_group_id":"14","move_id":"28","pokemon_move_method_id":"1","level":"1","pokemon_id":"329"}{"order":"","version_group_id":"14","move_id":"28","pokemon_move_method_id":"1","level":"4","pokemon_id":"329"}{"order":"","version_group_id":"14","move_id":"48","pokemon_move_method_id":"1","level":"29","pokemon_id":"329"}{"order":"1","version_group_id":"14","move_id":"49","pokemon_move_method_id":"1","level":"1","pokemon_id":"329"}{"order":"","version_group_id":"14","move_id":"63","pokemon_move_method_id":"1","level":"49","pokemon_id":"329"}{"order":"","version_group_id":"14","move_id":"63","pokemon_move_method_id":"4","level":"0","pokemon_id":"329"}{"order":"","version_group_id":"14","move_id":"70","pokemon_move_method_id":"4","level":"0","pokemon_id":"329"}{"order":"","version_group_id":"14","move_id":"76","pokemon_move_method_id":"4","level":"0","pokemon_id":"329"}{"order":"","version_group_id":"14","move_id":"89","pokemon_move_method_id":"4","level":"0","pokemon_id":"329"}{"order":"","version_group_id":"14","move_id":"91","pokemon_move_method_id":"4","level":"0","pokemon_id":"329"}{"order":"","version_group_id":"14","move_id":"92","pokemon_move_method_id":"4","level":"0","pokemon_id":"329"}{"order":"","version_group_id":"14","move_id":"103","pokemon_move_method_id":"1","level":"34","pokemon_id":"329"}{"order":"","version_group_id":"14","move_id":"104","pokemon_move_method_id":"4","level":"0","pokemon_id":"329"}{"order":"","version_group_id":"14","move_id":"117","pokemon_move_method_id":"1","level":"17","pokemon_id":"329"}{"order":"","version_group_id":"14","move_id":"156","pokemon_move_method_id":"4","level":"0","pokemon_id":"329"}{"order":"","version_group_id":"14","move_id":"157","pokemon_move_method_id":"1","level":"25","pokemon_id":"329"}{"order":"","version_group_id":"14","move_id":"157","pokemon_move_method_id":"4","level":"0","pokemon_id":"329"}{"order":"","version_group_id":"14","move_id":"164","pokemon_move_method_id":"4","level":"0","pokemon_id":"329"}{"order":"","version_group_id":"14","move_id":"173","pokemon_move_method_id":"3","level":"0","pokemon_id":"329"}{"order":"","version_group_id":"14","move_id":"182","pokemon_move_method_id":"4","level":"0","pokemon_id":"329"}{"order":"3","version_group_id":"14","move_id":"185","pokemon_move_method_id":"1","level":"1","pokemon_id":"329"}{"order":"","version_group_id":"14","move_id":"185","pokemon_move_method_id":"1","level":"7","pokemon_id":"329"}{"order":"","version_group_id":"14","move_id":"189","pokemon_move_method_id":"1","level":"13","pokemon_id":"329"}{"order":"","version_group_id":"14","move_id":"200","pokemon_move_method_id":"3","level":"0","pokemon_id":"329"}{"order":"","version_group_id":"14","move_id":"201","pokemon_move_method_id":"1","level":"44","pokemon_id":"329"}{"order":"","version_group_id":"14","move_id":"201","pokemon_move_method_id":"4","level":"0","pokemon_id":"329"}{"order":"","version_group_id":"14","move_id":"202","pokemon_move_method_id":"3","level":"0","pokemon_id":"329"}{"order":"","version_group_id":"14","move_id":"207","pokemon_move_method_id":"4","level":"0","pokemon_id":"329"}{"order":"","version_group_id":"14","move_id":"213","pokemon_move_method_id":"4","level":"0","pokemon_id":"329"}{"order":"","version_group_id":"14","move_id":"214","pokemon_move_method_id":"3","level":"0","pokemon_id":"329"}{"order":"","version_group_id":"14","move_id":"216","pokemon_move_method_id":"4","level":"0","pokemon_id":"329"}{"order":"","version_group_id":"14","move_id":"218","pokemon_move_method_id":"4","level":"0","pokemon_id":"329"}{"order":"","version_group_id":"14","move_id":"225","pokemon_move_method_id":"1","level":"35","pokemon_id":"329"}{"order":"","version_group_id":"14","move_id":"237","pokemon_move_method_id":"4","level":"0","pokemon_id":"329"}{"order":"","version_group_id":"14","move_id":"241","pokemon_move_method_id":"4","level":"0","pokemon_id":"329"}{"order":"","version_group_id":"14","move_id":"249","pokemon_move_method_id":"4","level":"0","pokemon_id":"329"}{"order":"","version_group_id":"14","move_id":"257","pokemon_move_method_id":"3","level":"0","pokemon_id":"329"}{"order":"","version_group_id":"14","move_id":"263","pokemon_move_method_id":"4","level":"0","pokemon_id":"329"}{"order":"","version_group_id":"14","move_id":"276","pokemon_move_method_id":"3","level":"0","pokemon_id":"329"}{"order":"","version_group_id":"14","move_id":"317","pokemon_move_method_id":"4","level":"0","pokemon_id":"329"}{"order":"","version_group_id":"14","move_id":"324","pokemon_move_method_id":"3","level":"0","pokemon_id":"329"}{"order":"4","version_group_id":"14","move_id":"328","pokemon_move_method_id":"1","level":"1","pokemon_id":"329"}{"order":"","version_group_id":"14","move_id":"328","pokemon_move_method_id":"1","level":"10","pokemon_id":"329"}{"order":"","version_group_id":"14","move_id":"355","pokemon_move_method_id":"3","level":"0","pokemon_id":"329"}{"order":"","version_group_id":"14","move_id":"366","pokemon_move_method_id":"3","level":"0","pokemon_id":"329"}{"order":"","version_group_id":"14","move_id":"369","pokemon_move_method_id":"4","level":"0","pokemon_id":"329"}{"order":"","version_group_id":"14","move_id":"406","pokemon_move_method_id":"3","level":"0","pokemon_id":"329"}{"order":"","version_group_id":"14","move_id":"414","pokemon_move_method_id":"1","level":"39","pokemon_id":"329"}{"order":"","version_group_id":"14","move_id":"414","pokemon_move_method_id":"3","level":"0","pokemon_id":"329"}{"order":"","version_group_id":"14","move_id":"434","pokemon_move_method_id":"3","level":"0","pokemon_id":"329"}{"order":"","version_group_id":"14","move_id":"450","pokemon_move_method_id":"3","level":"0","pokemon_id":"329"}{"order":"","version_group_id":"14","move_id":"496","pokemon_move_method_id":"4","level":"0","pokemon_id":"329"}{"order":"","version_group_id":"14","move_id":"522","pokemon_move_method_id":"4","level":"0","pokemon_id":"329"}{"order":"","version_group_id":"14","move_id":"523","pokemon_move_method_id":"1","level":"21","pokemon_id":"329"}{"order":"","version_group_id":"14","move_id":"523","pokemon_move_method_id":"4","level":"0","pokemon_id":"329"}{"order":"","version_group_id":"15","move_id":"19","pokemon_move_method_id":"4","level":"0","pokemon_id":"329"}{"order":"2","version_group_id":"15","move_id":"28","pokemon_move_method_id":"1","level":"1","pokemon_id":"329"}{"order":"","version_group_id":"15","move_id":"28","pokemon_move_method_id":"1","level":"4","pokemon_id":"329"}{"order":"","version_group_id":"15","move_id":"48","pokemon_move_method_id":"1","level":"29","pokemon_id":"329"}{"order":"1","version_group_id":"15","move_id":"49","pokemon_move_method_id":"1","level":"1","pokemon_id":"329"}{"order":"","version_group_id":"15","move_id":"63","pokemon_move_method_id":"1","level":"49","pokemon_id":"329"}{"order":"","version_group_id":"15","move_id":"63","pokemon_move_method_id":"4","level":"0","pokemon_id":"329"}{"order":"","version_group_id":"15","move_id":"70","pokemon_move_method_id":"4","level":"0","pokemon_id":"329"}{"order":"","version_group_id":"15","move_id":"76","pokemon_move_method_id":"4","level":"0","pokemon_id":"329"}{"order":"","version_group_id":"15","move_id":"89","pokemon_move_method_id":"4","level":"0","pokemon_id":"329"}{"order":"","version_group_id":"15","move_id":"91","pokemon_move_method_id":"4","level":"0","pokemon_id":"329"}{"order":"","version_group_id":"15","move_id":"92","pokemon_move_method_id":"4","level":"0","pokemon_id":"329"}{"order":"","version_group_id":"15","move_id":"103","pokemon_move_method_id":"1","level":"34","pokemon_id":"329"}{"order":"","version_group_id":"15","move_id":"104","pokemon_move_method_id":"4","level":"0","pokemon_id":"329"}{"order":"","version_group_id":"15","move_id":"117","pokemon_move_method_id":"1","level":"17","pokemon_id":"329"}{"order":"","version_group_id":"15","move_id":"156","pokemon_move_method_id":"4","level":"0","pokemon_id":"329"}{"order":"","version_group_id":"15","move_id":"157","pokemon_move_method_id":"1","level":"25","pokemon_id":"329"}{"order":"","version_group_id":"15","move_id":"157","pokemon_move_method_id":"4","level":"0","pokemon_id":"329"}{"order":"","version_group_id":"15","move_id":"164","pokemon_move_method_id":"4","level":"0","pokemon_id":"329"}{"order":"","version_group_id":"15","move_id":"182","pokemon_move_method_id":"4","level":"0","pokemon_id":"329"}{"order":"3","version_group_id":"15","move_id":"185","pokemon_move_method_id":"1","level":"1","pokemon_id":"329"}{"order":"","version_group_id":"15","move_id":"185","pokemon_move_method_id":"1","level":"7","pokemon_id":"329"}{"order":"","version_group_id":"15","move_id":"189","pokemon_move_method_id":"1","level":"13","pokemon_id":"329"}{"order":"","version_group_id":"15","move_id":"201","pokemon_move_method_id":"1","level":"44","pokemon_id":"329"}{"order":"","version_group_id":"15","move_id":"201","pokemon_move_method_id":"4","level":"0","pokemon_id":"329"}{"order":"","version_group_id":"15","move_id":"207","pokemon_move_method_id":"4","level":"0","pokemon_id":"329"}{"order":"","version_group_id":"15","move_id":"211","pokemon_move_method_id":"4","level":"0","pokemon_id":"329"}{"order":"","version_group_id":"15","move_id":"213","pokemon_move_method_id":"4","level":"0","pokemon_id":"329"}{"order":"","version_group_id":"15","move_id":"214","pokemon_move_method_id":"4","level":"0","pokemon_id":"329"}{"order":"","version_group_id":"15","move_id":"216","pokemon_move_method_id":"4","level":"0","pokemon_id":"329"}{"order":"","version_group_id":"15","move_id":"218","pokemon_move_method_id":"4","level":"0","pokemon_id":"329"}{"order":"","version_group_id":"15","move_id":"225","pokemon_move_method_id":"1","level":"35","pokemon_id":"329"}{"order":"","version_group_id":"15","move_id":"237","pokemon_move_method_id":"4","level":"0","pokemon_id":"329"}{"order":"","version_group_id":"15","move_id":"241","pokemon_move_method_id":"4","level":"0","pokemon_id":"329"}{"order":"","version_group_id":"15","move_id":"249","pokemon_move_method_id":"4","level":"0","pokemon_id":"329"}{"order":"","version_group_id":"15","move_id":"263","pokemon_move_method_id":"4","level":"0","pokemon_id":"329"}{"order":"","version_group_id":"15","move_id":"317","pokemon_move_method_id":"4","level":"0","pokemon_id":"329"}{"order":"4","version_group_id":"15","move_id":"328","pokemon_move_method_id":"1","level":"1","pokemon_id":"329"}{"order":"","version_group_id":"15","move_id":"328","pokemon_move_method_id":"1","level":"10","pokemon_id":"329"}{"order":"","version_group_id":"15","move_id":"355","pokemon_move_method_id":"4","level":"0","pokemon_id":"329"}{"order":"","version_group_id":"15","move_id":"369","pokemon_move_method_id":"4","level":"0","pokemon_id":"329"}{"order":"","version_group_id":"15","move_id":"414","pokemon_move_method_id":"1","level":"39","pokemon_id":"329"}{"order":"","version_group_id":"15","move_id":"434","pokemon_move_method_id":"3","level":"0","pokemon_id":"329"}{"order":"","version_group_id":"15","move_id":"496","pokemon_move_method_id":"4","level":"0","pokemon_id":"329"}{"order":"","version_group_id":"15","move_id":"522","pokemon_move_method_id":"4","level":"0","pokemon_id":"329"}{"order":"","version_group_id":"15","move_id":"523","pokemon_move_method_id":"1","level":"21","pokemon_id":"329"}{"order":"","version_group_id":"15","move_id":"523","pokemon_move_method_id":"4","level":"0","pokemon_id":"329"}{"order":"","version_group_id":"15","move_id":"590","pokemon_move_method_id":"4","level":"0","pokemon_id":"329"}