{"order":"","version_group_id":"3","move_id":"15","pokemon_move_method_id":"4","level":"0","pokemon_id":"197"}{"order":"","version_group_id":"3","move_id":"28","pokemon_move_method_id":"1","level":"8","pokemon_id":"197"}{"order":"","version_group_id":"3","move_id":"29","pokemon_move_method_id":"4","level":"0","pokemon_id":"197"}{"order":"1","version_group_id":"3","move_id":"33","pokemon_move_method_id":"1","level":"1","pokemon_id":"197"}{"order":"2","version_group_id":"3","move_id":"39","pokemon_move_method_id":"1","level":"1","pokemon_id":"197"}{"order":"","version_group_id":"3","move_id":"63","pokemon_move_method_id":"4","level":"0","pokemon_id":"197"}{"order":"","version_group_id":"3","move_id":"92","pokemon_move_method_id":"4","level":"0","pokemon_id":"197"}{"order":"","version_group_id":"3","move_id":"94","pokemon_move_method_id":"4","level":"0","pokemon_id":"197"}{"order":"","version_group_id":"3","move_id":"98","pokemon_move_method_id":"1","level":"23","pokemon_id":"197"}{"order":"","version_group_id":"3","move_id":"103","pokemon_move_method_id":"1","level":"47","pokemon_id":"197"}{"order":"","version_group_id":"3","move_id":"104","pokemon_move_method_id":"4","level":"0","pokemon_id":"197"}{"order":"","version_group_id":"3","move_id":"109","pokemon_move_method_id":"1","level":"30","pokemon_id":"197"}{"order":"","version_group_id":"3","move_id":"129","pokemon_move_method_id":"4","level":"0","pokemon_id":"197"}{"order":"","version_group_id":"3","move_id":"138","pokemon_move_method_id":"4","level":"0","pokemon_id":"197"}{"order":"","version_group_id":"3","move_id":"148","pokemon_move_method_id":"4","level":"0","pokemon_id":"197"}{"order":"","version_group_id":"3","move_id":"156","pokemon_move_method_id":"4","level":"0","pokemon_id":"197"}{"order":"","version_group_id":"3","move_id":"171","pokemon_move_method_id":"4","level":"0","pokemon_id":"197"}{"order":"","version_group_id":"3","move_id":"173","pokemon_move_method_id":"4","level":"0","pokemon_id":"197"}{"order":"","version_group_id":"3","move_id":"174","pokemon_move_method_id":"4","level":"0","pokemon_id":"197"}{"order":"","version_group_id":"3","move_id":"182","pokemon_move_method_id":"4","level":"0","pokemon_id":"197"}{"order":"","version_group_id":"3","move_id":"185","pokemon_move_method_id":"1","level":"36","pokemon_id":"197"}{"order":"","version_group_id":"3","move_id":"189","pokemon_move_method_id":"4","level":"0","pokemon_id":"197"}{"order":"","version_group_id":"3","move_id":"192","pokemon_move_method_id":"4","level":"0","pokemon_id":"197"}{"order":"","version_group_id":"3","move_id":"197","pokemon_move_method_id":"4","level":"0","pokemon_id":"197"}{"order":"","version_group_id":"3","move_id":"203","pokemon_move_method_id":"4","level":"0","pokemon_id":"197"}{"order":"","version_group_id":"3","move_id":"207","pokemon_move_method_id":"4","level":"0","pokemon_id":"197"}{"order":"","version_group_id":"3","move_id":"212","pokemon_move_method_id":"1","level":"42","pokemon_id":"197"}{"order":"","version_group_id":"3","move_id":"213","pokemon_move_method_id":"4","level":"0","pokemon_id":"197"}{"order":"","version_group_id":"3","move_id":"214","pokemon_move_method_id":"4","level":"0","pokemon_id":"197"}{"order":"","version_group_id":"3","move_id":"216","pokemon_move_method_id":"4","level":"0","pokemon_id":"197"}{"order":"","version_group_id":"3","move_id":"218","pokemon_move_method_id":"4","level":"0","pokemon_id":"197"}{"order":"","version_group_id":"3","move_id":"228","pokemon_move_method_id":"1","level":"16","pokemon_id":"197"}{"order":"","version_group_id":"3","move_id":"231","pokemon_move_method_id":"4","level":"0","pokemon_id":"197"}{"order":"","version_group_id":"3","move_id":"236","pokemon_move_method_id":"1","level":"52","pokemon_id":"197"}{"order":"","version_group_id":"3","move_id":"237","pokemon_move_method_id":"4","level":"0","pokemon_id":"197"}{"order":"","version_group_id":"3","move_id":"240","pokemon_move_method_id":"4","level":"0","pokemon_id":"197"}{"order":"","version_group_id":"3","move_id":"241","pokemon_move_method_id":"4","level":"0","pokemon_id":"197"}{"order":"","version_group_id":"3","move_id":"244","pokemon_move_method_id":"4","level":"0","pokemon_id":"197"}{"order":"","version_group_id":"3","move_id":"247","pokemon_move_method_id":"4","level":"0","pokemon_id":"197"}{"order":"","version_group_id":"4","move_id":"15","pokemon_move_method_id":"4","level":"0","pokemon_id":"197"}{"order":"","version_group_id":"4","move_id":"28","pokemon_move_method_id":"1","level":"8","pokemon_id":"197"}{"order":"","version_group_id":"4","move_id":"29","pokemon_move_method_id":"4","level":"0","pokemon_id":"197"}{"order":"1","version_group_id":"4","move_id":"33","pokemon_move_method_id":"1","level":"1","pokemon_id":"197"}{"order":"2","version_group_id":"4","move_id":"39","pokemon_move_method_id":"1","level":"1","pokemon_id":"197"}{"order":"","version_group_id":"4","move_id":"63","pokemon_move_method_id":"4","level":"0","pokemon_id":"197"}{"order":"","version_group_id":"4","move_id":"92","pokemon_move_method_id":"4","level":"0","pokemon_id":"197"}{"order":"","version_group_id":"4","move_id":"94","pokemon_move_method_id":"4","level":"0","pokemon_id":"197"}{"order":"","version_group_id":"4","move_id":"98","pokemon_move_method_id":"1","level":"23","pokemon_id":"197"}{"order":"","version_group_id":"4","move_id":"103","pokemon_move_method_id":"1","level":"47","pokemon_id":"197"}{"order":"","version_group_id":"4","move_id":"104","pokemon_move_method_id":"4","level":"0","pokemon_id":"197"}{"order":"","version_group_id":"4","move_id":"109","pokemon_move_method_id":"1","level":"30","pokemon_id":"197"}{"order":"","version_group_id":"4","move_id":"129","pokemon_move_method_id":"4","level":"0","pokemon_id":"197"}{"order":"","version_group_id":"4","move_id":"138","pokemon_move_method_id":"4","level":"0","pokemon_id":"197"}{"order":"","version_group_id":"4","move_id":"148","pokemon_move_method_id":"4","level":"0","pokemon_id":"197"}{"order":"","version_group_id":"4","move_id":"156","pokemon_move_method_id":"4","level":"0","pokemon_id":"197"}{"order":"","version_group_id":"4","move_id":"171","pokemon_move_method_id":"4","level":"0","pokemon_id":"197"}{"order":"","version_group_id":"4","move_id":"173","pokemon_move_method_id":"4","level":"0","pokemon_id":"197"}{"order":"","version_group_id":"4","move_id":"174","pokemon_move_method_id":"4","level":"0","pokemon_id":"197"}{"order":"","version_group_id":"4","move_id":"182","pokemon_move_method_id":"4","level":"0","pokemon_id":"197"}{"order":"","version_group_id":"4","move_id":"185","pokemon_move_method_id":"1","level":"36","pokemon_id":"197"}{"order":"","version_group_id":"4","move_id":"189","pokemon_move_method_id":"4","level":"0","pokemon_id":"197"}{"order":"","version_group_id":"4","move_id":"192","pokemon_move_method_id":"4","level":"0","pokemon_id":"197"}{"order":"","version_group_id":"4","move_id":"197","pokemon_move_method_id":"4","level":"0","pokemon_id":"197"}{"order":"","version_group_id":"4","move_id":"203","pokemon_move_method_id":"4","level":"0","pokemon_id":"197"}{"order":"","version_group_id":"4","move_id":"207","pokemon_move_method_id":"4","level":"0","pokemon_id":"197"}{"order":"","version_group_id":"4","move_id":"212","pokemon_move_method_id":"1","level":"42","pokemon_id":"197"}{"order":"","version_group_id":"4","move_id":"213","pokemon_move_method_id":"4","level":"0","pokemon_id":"197"}{"order":"","version_group_id":"4","move_id":"214","pokemon_move_method_id":"4","level":"0","pokemon_id":"197"}{"order":"","version_group_id":"4","move_id":"216","pokemon_move_method_id":"4","level":"0","pokemon_id":"197"}{"order":"","version_group_id":"4","move_id":"218","pokemon_move_method_id":"4","level":"0","pokemon_id":"197"}{"order":"","version_group_id":"4","move_id":"228","pokemon_move_method_id":"1","level":"16","pokemon_id":"197"}{"order":"","version_group_id":"4","move_id":"231","pokemon_move_method_id":"4","level":"0","pokemon_id":"197"}{"order":"","version_group_id":"4","move_id":"236","pokemon_move_method_id":"1","level":"52","pokemon_id":"197"}{"order":"","version_group_id":"4","move_id":"237","pokemon_move_method_id":"4","level":"0","pokemon_id":"197"}{"order":"","version_group_id":"4","move_id":"240","pokemon_move_method_id":"4","level":"0","pokemon_id":"197"}{"order":"","version_group_id":"4","move_id":"241","pokemon_move_method_id":"4","level":"0","pokemon_id":"197"}{"order":"","version_group_id":"4","move_id":"244","pokemon_move_method_id":"4","level":"0","pokemon_id":"197"}{"order":"","version_group_id":"4","move_id":"247","pokemon_move_method_id":"4","level":"0","pokemon_id":"197"}{"order":"","version_group_id":"5","move_id":"15","pokemon_move_method_id":"4","level":"0","pokemon_id":"197"}{"order":"","version_group_id":"5","move_id":"28","pokemon_move_method_id":"1","level":"8","pokemon_id":"197"}{"order":"1","version_group_id":"5","move_id":"33","pokemon_move_method_id":"1","level":"1","pokemon_id":"197"}{"order":"2","version_group_id":"5","move_id":"39","pokemon_move_method_id":"1","level":"1","pokemon_id":"197"}{"order":"","version_group_id":"5","move_id":"63","pokemon_move_method_id":"4","level":"0","pokemon_id":"197"}{"order":"","version_group_id":"5","move_id":"91","pokemon_move_method_id":"4","level":"0","pokemon_id":"197"}{"order":"","version_group_id":"5","move_id":"92","pokemon_move_method_id":"4","level":"0","pokemon_id":"197"}{"order":"","version_group_id":"5","move_id":"94","pokemon_move_method_id":"4","level":"0","pokemon_id":"197"}{"order":"","version_group_id":"5","move_id":"98","pokemon_move_method_id":"1","level":"23","pokemon_id":"197"}{"order":"","version_group_id":"5","move_id":"103","pokemon_move_method_id":"1","level":"47","pokemon_id":"197"}{"order":"","version_group_id":"5","move_id":"104","pokemon_move_method_id":"4","level":"0","pokemon_id":"197"}{"order":"","version_group_id":"5","move_id":"109","pokemon_move_method_id":"1","level":"30","pokemon_id":"197"}{"order":"","version_group_id":"5","move_id":"148","pokemon_move_method_id":"4","level":"0","pokemon_id":"197"}{"order":"","version_group_id":"5","move_id":"156","pokemon_move_method_id":"4","level":"0","pokemon_id":"197"}{"order":"","version_group_id":"5","move_id":"182","pokemon_move_method_id":"4","level":"0","pokemon_id":"197"}{"order":"","version_group_id":"5","move_id":"185","pokemon_move_method_id":"1","level":"36","pokemon_id":"197"}{"order":"","version_group_id":"5","move_id":"212","pokemon_move_method_id":"1","level":"42","pokemon_id":"197"}{"order":"","version_group_id":"5","move_id":"213","pokemon_move_method_id":"4","level":"0","pokemon_id":"197"}{"order":"","version_group_id":"5","move_id":"216","pokemon_move_method_id":"4","level":"0","pokemon_id":"197"}{"order":"","version_group_id":"5","move_id":"218","pokemon_move_method_id":"4","level":"0","pokemon_id":"197"}{"order":"","version_group_id":"5","move_id":"228","pokemon_move_method_id":"1","level":"16","pokemon_id":"197"}{"order":"","version_group_id":"5","move_id":"231","pokemon_move_method_id":"4","level":"0","pokemon_id":"197"}{"order":"","version_group_id":"5","move_id":"236","pokemon_move_method_id":"1","level":"52","pokemon_id":"197"}{"order":"","version_group_id":"5","move_id":"237","pokemon_move_method_id":"4","level":"0","pokemon_id":"197"}{"order":"","version_group_id":"5","move_id":"240","pokemon_move_method_id":"4","level":"0","pokemon_id":"197"}{"order":"","version_group_id":"5","move_id":"241","pokemon_move_method_id":"4","level":"0","pokemon_id":"197"}{"order":"","version_group_id":"5","move_id":"247","pokemon_move_method_id":"4","level":"0","pokemon_id":"197"}{"order":"","version_group_id":"5","move_id":"259","pokemon_move_method_id":"4","level":"0","pokemon_id":"197"}{"order":"","version_group_id":"5","move_id":"263","pokemon_move_method_id":"4","level":"0","pokemon_id":"197"}{"order":"","version_group_id":"5","move_id":"269","pokemon_move_method_id":"4","level":"0","pokemon_id":"197"}{"order":"3","version_group_id":"5","move_id":"270","pokemon_move_method_id":"1","level":"1","pokemon_id":"197"}{"order":"","version_group_id":"5","move_id":"289","pokemon_move_method_id":"4","level":"0","pokemon_id":"197"}{"order":"","version_group_id":"5","move_id":"290","pokemon_move_method_id":"4","level":"0","pokemon_id":"197"}{"order":"","version_group_id":"6","move_id":"15","pokemon_move_method_id":"4","level":"0","pokemon_id":"197"}{"order":"","version_group_id":"6","move_id":"28","pokemon_move_method_id":"1","level":"8","pokemon_id":"197"}{"order":"1","version_group_id":"6","move_id":"33","pokemon_move_method_id":"1","level":"1","pokemon_id":"197"}{"order":"","version_group_id":"6","move_id":"34","pokemon_move_method_id":"3","level":"0","pokemon_id":"197"}{"order":"","version_group_id":"6","move_id":"38","pokemon_move_method_id":"3","level":"0","pokemon_id":"197"}{"order":"2","version_group_id":"6","move_id":"39","pokemon_move_method_id":"1","level":"1","pokemon_id":"197"}{"order":"","version_group_id":"6","move_id":"63","pokemon_move_method_id":"4","level":"0","pokemon_id":"197"}{"order":"","version_group_id":"6","move_id":"91","pokemon_move_method_id":"4","level":"0","pokemon_id":"197"}{"order":"","version_group_id":"6","move_id":"92","pokemon_move_method_id":"4","level":"0","pokemon_id":"197"}{"order":"","version_group_id":"6","move_id":"94","pokemon_move_method_id":"4","level":"0","pokemon_id":"197"}{"order":"","version_group_id":"6","move_id":"98","pokemon_move_method_id":"1","level":"23","pokemon_id":"197"}{"order":"","version_group_id":"6","move_id":"102","pokemon_move_method_id":"3","level":"0","pokemon_id":"197"}{"order":"","version_group_id":"6","move_id":"103","pokemon_move_method_id":"1","level":"47","pokemon_id":"197"}{"order":"","version_group_id":"6","move_id":"104","pokemon_move_method_id":"4","level":"0","pokemon_id":"197"}{"order":"","version_group_id":"6","move_id":"109","pokemon_move_method_id":"1","level":"30","pokemon_id":"197"}{"order":"","version_group_id":"6","move_id":"129","pokemon_move_method_id":"3","level":"0","pokemon_id":"197"}{"order":"","version_group_id":"6","move_id":"138","pokemon_move_method_id":"3","level":"0","pokemon_id":"197"}{"order":"","version_group_id":"6","move_id":"148","pokemon_move_method_id":"4","level":"0","pokemon_id":"197"}{"order":"","version_group_id":"6","move_id":"156","pokemon_move_method_id":"4","level":"0","pokemon_id":"197"}{"order":"","version_group_id":"6","move_id":"164","pokemon_move_method_id":"3","level":"0","pokemon_id":"197"}{"order":"","version_group_id":"6","move_id":"173","pokemon_move_method_id":"3","level":"0","pokemon_id":"197"}{"order":"","version_group_id":"6","move_id":"182","pokemon_move_method_id":"4","level":"0","pokemon_id":"197"}{"order":"","version_group_id":"6","move_id":"185","pokemon_move_method_id":"1","level":"36","pokemon_id":"197"}{"order":"","version_group_id":"6","move_id":"189","pokemon_move_method_id":"3","level":"0","pokemon_id":"197"}{"order":"","version_group_id":"6","move_id":"203","pokemon_move_method_id":"3","level":"0","pokemon_id":"197"}{"order":"","version_group_id":"6","move_id":"207","pokemon_move_method_id":"3","level":"0","pokemon_id":"197"}{"order":"","version_group_id":"6","move_id":"212","pokemon_move_method_id":"1","level":"42","pokemon_id":"197"}{"order":"","version_group_id":"6","move_id":"213","pokemon_move_method_id":"4","level":"0","pokemon_id":"197"}{"order":"","version_group_id":"6","move_id":"214","pokemon_move_method_id":"3","level":"0","pokemon_id":"197"}{"order":"","version_group_id":"6","move_id":"216","pokemon_move_method_id":"4","level":"0","pokemon_id":"197"}{"order":"","version_group_id":"6","move_id":"218","pokemon_move_method_id":"4","level":"0","pokemon_id":"197"}{"order":"","version_group_id":"6","move_id":"228","pokemon_move_method_id":"1","level":"16","pokemon_id":"197"}{"order":"","version_group_id":"6","move_id":"231","pokemon_move_method_id":"4","level":"0","pokemon_id":"197"}{"order":"","version_group_id":"6","move_id":"236","pokemon_move_method_id":"1","level":"52","pokemon_id":"197"}{"order":"","version_group_id":"6","move_id":"237","pokemon_move_method_id":"4","level":"0","pokemon_id":"197"}{"order":"","version_group_id":"6","move_id":"240","pokemon_move_method_id":"4","level":"0","pokemon_id":"197"}{"order":"","version_group_id":"6","move_id":"241","pokemon_move_method_id":"4","level":"0","pokemon_id":"197"}{"order":"","version_group_id":"6","move_id":"244","pokemon_move_method_id":"3","level":"0","pokemon_id":"197"}{"order":"","version_group_id":"6","move_id":"247","pokemon_move_method_id":"4","level":"0","pokemon_id":"197"}{"order":"","version_group_id":"6","move_id":"259","pokemon_move_method_id":"4","level":"0","pokemon_id":"197"}{"order":"","version_group_id":"6","move_id":"263","pokemon_move_method_id":"4","level":"0","pokemon_id":"197"}{"order":"","version_group_id":"6","move_id":"269","pokemon_move_method_id":"4","level":"0","pokemon_id":"197"}{"order":"3","version_group_id":"6","move_id":"270","pokemon_move_method_id":"1","level":"1","pokemon_id":"197"}{"order":"","version_group_id":"6","move_id":"289","pokemon_move_method_id":"4","level":"0","pokemon_id":"197"}{"order":"","version_group_id":"6","move_id":"290","pokemon_move_method_id":"4","level":"0","pokemon_id":"197"}{"order":"","version_group_id":"7","move_id":"15","pokemon_move_method_id":"4","level":"0","pokemon_id":"197"}{"order":"","version_group_id":"7","move_id":"28","pokemon_move_method_id":"1","level":"8","pokemon_id":"197"}{"order":"1","version_group_id":"7","move_id":"33","pokemon_move_method_id":"1","level":"1","pokemon_id":"197"}{"order":"","version_group_id":"7","move_id":"34","pokemon_move_method_id":"3","level":"0","pokemon_id":"197"}{"order":"","version_group_id":"7","move_id":"38","pokemon_move_method_id":"3","level":"0","pokemon_id":"197"}{"order":"2","version_group_id":"7","move_id":"39","pokemon_move_method_id":"1","level":"1","pokemon_id":"197"}{"order":"","version_group_id":"7","move_id":"63","pokemon_move_method_id":"4","level":"0","pokemon_id":"197"}{"order":"","version_group_id":"7","move_id":"91","pokemon_move_method_id":"4","level":"0","pokemon_id":"197"}{"order":"","version_group_id":"7","move_id":"92","pokemon_move_method_id":"4","level":"0","pokemon_id":"197"}{"order":"","version_group_id":"7","move_id":"94","pokemon_move_method_id":"4","level":"0","pokemon_id":"197"}{"order":"","version_group_id":"7","move_id":"98","pokemon_move_method_id":"1","level":"23","pokemon_id":"197"}{"order":"","version_group_id":"7","move_id":"102","pokemon_move_method_id":"3","level":"0","pokemon_id":"197"}{"order":"","version_group_id":"7","move_id":"103","pokemon_move_method_id":"1","level":"47","pokemon_id":"197"}{"order":"","version_group_id":"7","move_id":"104","pokemon_move_method_id":"4","level":"0","pokemon_id":"197"}{"order":"","version_group_id":"7","move_id":"109","pokemon_move_method_id":"1","level":"30","pokemon_id":"197"}{"order":"","version_group_id":"7","move_id":"138","pokemon_move_method_id":"3","level":"0","pokemon_id":"197"}{"order":"","version_group_id":"7","move_id":"148","pokemon_move_method_id":"4","level":"0","pokemon_id":"197"}{"order":"","version_group_id":"7","move_id":"156","pokemon_move_method_id":"4","level":"0","pokemon_id":"197"}{"order":"","version_group_id":"7","move_id":"164","pokemon_move_method_id":"3","level":"0","pokemon_id":"197"}{"order":"","version_group_id":"7","move_id":"182","pokemon_move_method_id":"4","level":"0","pokemon_id":"197"}{"order":"","version_group_id":"7","move_id":"185","pokemon_move_method_id":"1","level":"36","pokemon_id":"197"}{"order":"","version_group_id":"7","move_id":"212","pokemon_move_method_id":"1","level":"42","pokemon_id":"197"}{"order":"","version_group_id":"7","move_id":"213","pokemon_move_method_id":"4","level":"0","pokemon_id":"197"}{"order":"","version_group_id":"7","move_id":"216","pokemon_move_method_id":"4","level":"0","pokemon_id":"197"}{"order":"","version_group_id":"7","move_id":"218","pokemon_move_method_id":"4","level":"0","pokemon_id":"197"}{"order":"","version_group_id":"7","move_id":"228","pokemon_move_method_id":"1","level":"16","pokemon_id":"197"}{"order":"","version_group_id":"7","move_id":"231","pokemon_move_method_id":"4","level":"0","pokemon_id":"197"}{"order":"","version_group_id":"7","move_id":"236","pokemon_move_method_id":"1","level":"52","pokemon_id":"197"}{"order":"","version_group_id":"7","move_id":"237","pokemon_move_method_id":"4","level":"0","pokemon_id":"197"}{"order":"","version_group_id":"7","move_id":"240","pokemon_move_method_id":"4","level":"0","pokemon_id":"197"}{"order":"","version_group_id":"7","move_id":"241","pokemon_move_method_id":"4","level":"0","pokemon_id":"197"}{"order":"","version_group_id":"7","move_id":"247","pokemon_move_method_id":"4","level":"0","pokemon_id":"197"}{"order":"","version_group_id":"7","move_id":"259","pokemon_move_method_id":"4","level":"0","pokemon_id":"197"}{"order":"","version_group_id":"7","move_id":"263","pokemon_move_method_id":"4","level":"0","pokemon_id":"197"}{"order":"","version_group_id":"7","move_id":"269","pokemon_move_method_id":"4","level":"0","pokemon_id":"197"}{"order":"3","version_group_id":"7","move_id":"270","pokemon_move_method_id":"1","level":"1","pokemon_id":"197"}{"order":"","version_group_id":"7","move_id":"289","pokemon_move_method_id":"4","level":"0","pokemon_id":"197"}{"order":"","version_group_id":"7","move_id":"290","pokemon_move_method_id":"4","level":"0","pokemon_id":"197"}{"order":"","version_group_id":"8","move_id":"15","pokemon_move_method_id":"4","level":"0","pokemon_id":"197"}{"order":"","version_group_id":"8","move_id":"28","pokemon_move_method_id":"1","level":"8","pokemon_id":"197"}{"order":"1","version_group_id":"8","move_id":"33","pokemon_move_method_id":"1","level":"1","pokemon_id":"197"}{"order":"2","version_group_id":"8","move_id":"39","pokemon_move_method_id":"1","level":"1","pokemon_id":"197"}{"order":"","version_group_id":"8","move_id":"63","pokemon_move_method_id":"4","level":"0","pokemon_id":"197"}{"order":"","version_group_id":"8","move_id":"91","pokemon_move_method_id":"4","level":"0","pokemon_id":"197"}{"order":"","version_group_id":"8","move_id":"92","pokemon_move_method_id":"4","level":"0","pokemon_id":"197"}{"order":"","version_group_id":"8","move_id":"94","pokemon_move_method_id":"4","level":"0","pokemon_id":"197"}{"order":"","version_group_id":"8","move_id":"98","pokemon_move_method_id":"1","level":"22","pokemon_id":"197"}{"order":"","version_group_id":"8","move_id":"103","pokemon_move_method_id":"1","level":"64","pokemon_id":"197"}{"order":"","version_group_id":"8","move_id":"104","pokemon_move_method_id":"4","level":"0","pokemon_id":"197"}{"order":"","version_group_id":"8","move_id":"109","pokemon_move_method_id":"1","level":"29","pokemon_id":"197"}{"order":"","version_group_id":"8","move_id":"138","pokemon_move_method_id":"4","level":"0","pokemon_id":"197"}{"order":"","version_group_id":"8","move_id":"148","pokemon_move_method_id":"4","level":"0","pokemon_id":"197"}{"order":"","version_group_id":"8","move_id":"156","pokemon_move_method_id":"4","level":"0","pokemon_id":"197"}{"order":"","version_group_id":"8","move_id":"164","pokemon_move_method_id":"4","level":"0","pokemon_id":"197"}{"order":"","version_group_id":"8","move_id":"182","pokemon_move_method_id":"4","level":"0","pokemon_id":"197"}{"order":"","version_group_id":"8","move_id":"185","pokemon_move_method_id":"1","level":"36","pokemon_id":"197"}{"order":"","version_group_id":"8","move_id":"203","pokemon_move_method_id":"4","level":"0","pokemon_id":"197"}{"order":"","version_group_id":"8","move_id":"207","pokemon_move_method_id":"4","level":"0","pokemon_id":"197"}{"order":"","version_group_id":"8","move_id":"212","pokemon_move_method_id":"1","level":"57","pokemon_id":"197"}{"order":"","version_group_id":"8","move_id":"213","pokemon_move_method_id":"4","level":"0","pokemon_id":"197"}{"order":"","version_group_id":"8","move_id":"214","pokemon_move_method_id":"4","level":"0","pokemon_id":"197"}{"order":"","version_group_id":"8","move_id":"216","pokemon_move_method_id":"4","level":"0","pokemon_id":"197"}{"order":"","version_group_id":"8","move_id":"218","pokemon_move_method_id":"4","level":"0","pokemon_id":"197"}{"order":"","version_group_id":"8","move_id":"228","pokemon_move_method_id":"1","level":"15","pokemon_id":"197"}{"order":"","version_group_id":"8","move_id":"231","pokemon_move_method_id":"4","level":"0","pokemon_id":"197"}{"order":"","version_group_id":"8","move_id":"236","pokemon_move_method_id":"1","level":"71","pokemon_id":"197"}{"order":"","version_group_id":"8","move_id":"237","pokemon_move_method_id":"4","level":"0","pokemon_id":"197"}{"order":"","version_group_id":"8","move_id":"240","pokemon_move_method_id":"4","level":"0","pokemon_id":"197"}{"order":"","version_group_id":"8","move_id":"241","pokemon_move_method_id":"4","level":"0","pokemon_id":"197"}{"order":"","version_group_id":"8","move_id":"244","pokemon_move_method_id":"4","level":"0","pokemon_id":"197"}{"order":"","version_group_id":"8","move_id":"247","pokemon_move_method_id":"4","level":"0","pokemon_id":"197"}{"order":"","version_group_id":"8","move_id":"259","pokemon_move_method_id":"4","level":"0","pokemon_id":"197"}{"order":"","version_group_id":"8","move_id":"263","pokemon_move_method_id":"4","level":"0","pokemon_id":"197"}{"order":"","version_group_id":"8","move_id":"269","pokemon_move_method_id":"4","level":"0","pokemon_id":"197"}{"order":"3","version_group_id":"8","move_id":"270","pokemon_move_method_id":"1","level":"1","pokemon_id":"197"}{"order":"","version_group_id":"8","move_id":"289","pokemon_move_method_id":"4","level":"0","pokemon_id":"197"}{"order":"","version_group_id":"8","move_id":"290","pokemon_move_method_id":"4","level":"0","pokemon_id":"197"}{"order":"","version_group_id":"8","move_id":"363","pokemon_move_method_id":"4","level":"0","pokemon_id":"197"}{"order":"","version_group_id":"8","move_id":"371","pokemon_move_method_id":"4","level":"0","pokemon_id":"197"}{"order":"","version_group_id":"8","move_id":"372","pokemon_move_method_id":"1","level":"43","pokemon_id":"197"}{"order":"","version_group_id":"8","move_id":"387","pokemon_move_method_id":"1","level":"50","pokemon_id":"197"}{"order":"","version_group_id":"8","move_id":"399","pokemon_move_method_id":"4","level":"0","pokemon_id":"197"}{"order":"","version_group_id":"8","move_id":"416","pokemon_move_method_id":"4","level":"0","pokemon_id":"197"}{"order":"","version_group_id":"8","move_id":"445","pokemon_move_method_id":"4","level":"0","pokemon_id":"197"}{"order":"","version_group_id":"9","move_id":"15","pokemon_move_method_id":"4","level":"0","pokemon_id":"197"}{"order":"","version_group_id":"9","move_id":"28","pokemon_move_method_id":"1","level":"8","pokemon_id":"197"}{"order":"2","version_group_id":"9","move_id":"33","pokemon_move_method_id":"1","level":"1","pokemon_id":"197"}{"order":"1","version_group_id":"9","move_id":"39","pokemon_move_method_id":"1","level":"1","pokemon_id":"197"}{"order":"","version_group_id":"9","move_id":"63","pokemon_move_method_id":"4","level":"0","pokemon_id":"197"}{"order":"","version_group_id":"9","move_id":"91","pokemon_move_method_id":"4","level":"0","pokemon_id":"197"}{"order":"","version_group_id":"9","move_id":"92","pokemon_move_method_id":"4","level":"0","pokemon_id":"197"}{"order":"","version_group_id":"9","move_id":"94","pokemon_move_method_id":"4","level":"0","pokemon_id":"197"}{"order":"","version_group_id":"9","move_id":"98","pokemon_move_method_id":"1","level":"22","pokemon_id":"197"}{"order":"","version_group_id":"9","move_id":"103","pokemon_move_method_id":"1","level":"64","pokemon_id":"197"}{"order":"","version_group_id":"9","move_id":"104","pokemon_move_method_id":"4","level":"0","pokemon_id":"197"}{"order":"","version_group_id":"9","move_id":"109","pokemon_move_method_id":"1","level":"29","pokemon_id":"197"}{"order":"","version_group_id":"9","move_id":"129","pokemon_move_method_id":"3","level":"0","pokemon_id":"197"}{"order":"","version_group_id":"9","move_id":"138","pokemon_move_method_id":"4","level":"0","pokemon_id":"197"}{"order":"","version_group_id":"9","move_id":"148","pokemon_move_method_id":"4","level":"0","pokemon_id":"197"}{"order":"","version_group_id":"9","move_id":"156","pokemon_move_method_id":"4","level":"0","pokemon_id":"197"}{"order":"","version_group_id":"9","move_id":"164","pokemon_move_method_id":"4","level":"0","pokemon_id":"197"}{"order":"","version_group_id":"9","move_id":"173","pokemon_move_method_id":"3","level":"0","pokemon_id":"197"}{"order":"","version_group_id":"9","move_id":"180","pokemon_move_method_id":"3","level":"0","pokemon_id":"197"}{"order":"","version_group_id":"9","move_id":"182","pokemon_move_method_id":"4","level":"0","pokemon_id":"197"}{"order":"","version_group_id":"9","move_id":"185","pokemon_move_method_id":"1","level":"36","pokemon_id":"197"}{"order":"","version_group_id":"9","move_id":"189","pokemon_move_method_id":"3","level":"0","pokemon_id":"197"}{"order":"","version_group_id":"9","move_id":"203","pokemon_move_method_id":"4","level":"0","pokemon_id":"197"}{"order":"","version_group_id":"9","move_id":"207","pokemon_move_method_id":"4","level":"0","pokemon_id":"197"}{"order":"","version_group_id":"9","move_id":"212","pokemon_move_method_id":"1","level":"57","pokemon_id":"197"}{"order":"","version_group_id":"9","move_id":"213","pokemon_move_method_id":"4","level":"0","pokemon_id":"197"}{"order":"","version_group_id":"9","move_id":"214","pokemon_move_method_id":"4","level":"0","pokemon_id":"197"}{"order":"","version_group_id":"9","move_id":"216","pokemon_move_method_id":"4","level":"0","pokemon_id":"197"}{"order":"","version_group_id":"9","move_id":"218","pokemon_move_method_id":"4","level":"0","pokemon_id":"197"}{"order":"","version_group_id":"9","move_id":"228","pokemon_move_method_id":"1","level":"15","pokemon_id":"197"}{"order":"","version_group_id":"9","move_id":"231","pokemon_move_method_id":"4","level":"0","pokemon_id":"197"}{"order":"","version_group_id":"9","move_id":"236","pokemon_move_method_id":"1","level":"71","pokemon_id":"197"}{"order":"","version_group_id":"9","move_id":"237","pokemon_move_method_id":"4","level":"0","pokemon_id":"197"}{"order":"","version_group_id":"9","move_id":"240","pokemon_move_method_id":"4","level":"0","pokemon_id":"197"}{"order":"","version_group_id":"9","move_id":"241","pokemon_move_method_id":"4","level":"0","pokemon_id":"197"}{"order":"","version_group_id":"9","move_id":"244","pokemon_move_method_id":"4","level":"0","pokemon_id":"197"}{"order":"","version_group_id":"9","move_id":"247","pokemon_move_method_id":"4","level":"0","pokemon_id":"197"}{"order":"","version_group_id":"9","move_id":"259","pokemon_move_method_id":"4","level":"0","pokemon_id":"197"}{"order":"","version_group_id":"9","move_id":"263","pokemon_move_method_id":"4","level":"0","pokemon_id":"197"}{"order":"","version_group_id":"9","move_id":"269","pokemon_move_method_id":"4","level":"0","pokemon_id":"197"}{"order":"3","version_group_id":"9","move_id":"270","pokemon_move_method_id":"1","level":"1","pokemon_id":"197"}{"order":"","version_group_id":"9","move_id":"270","pokemon_move_method_id":"3","level":"0","pokemon_id":"197"}{"order":"","version_group_id":"9","move_id":"289","pokemon_move_method_id":"4","level":"0","pokemon_id":"197"}{"order":"","version_group_id":"9","move_id":"290","pokemon_move_method_id":"4","level":"0","pokemon_id":"197"}{"order":"","version_group_id":"9","move_id":"363","pokemon_move_method_id":"4","level":"0","pokemon_id":"197"}{"order":"","version_group_id":"9","move_id":"371","pokemon_move_method_id":"4","level":"0","pokemon_id":"197"}{"order":"","version_group_id":"9","move_id":"372","pokemon_move_method_id":"1","level":"43","pokemon_id":"197"}{"order":"","version_group_id":"9","move_id":"385","pokemon_move_method_id":"1","level":"78","pokemon_id":"197"}{"order":"","version_group_id":"9","move_id":"387","pokemon_move_method_id":"1","level":"50","pokemon_id":"197"}{"order":"","version_group_id":"9","move_id":"387","pokemon_move_method_id":"3","level":"0","pokemon_id":"197"}{"order":"","version_group_id":"9","move_id":"389","pokemon_move_method_id":"3","level":"0","pokemon_id":"197"}{"order":"","version_group_id":"9","move_id":"399","pokemon_move_method_id":"4","level":"0","pokemon_id":"197"}{"order":"","version_group_id":"9","move_id":"416","pokemon_move_method_id":"4","level":"0","pokemon_id":"197"}{"order":"","version_group_id":"9","move_id":"445","pokemon_move_method_id":"4","level":"0","pokemon_id":"197"}{"order":"","version_group_id":"10","move_id":"15","pokemon_move_method_id":"4","level":"0","pokemon_id":"197"}{"order":"","version_group_id":"10","move_id":"28","pokemon_move_method_id":"1","level":"8","pokemon_id":"197"}{"order":"","version_group_id":"10","move_id":"29","pokemon_move_method_id":"3","level":"0","pokemon_id":"197"}{"order":"2","version_group_id":"10","move_id":"33","pokemon_move_method_id":"1","level":"1","pokemon_id":"197"}{"order":"1","version_group_id":"10","move_id":"39","pokemon_move_method_id":"1","level":"1","pokemon_id":"197"}{"order":"","version_group_id":"10","move_id":"63","pokemon_move_method_id":"4","level":"0","pokemon_id":"197"}{"order":"","version_group_id":"10","move_id":"91","pokemon_move_method_id":"4","level":"0","pokemon_id":"197"}{"order":"","version_group_id":"10","move_id":"92","pokemon_move_method_id":"4","level":"0","pokemon_id":"197"}{"order":"","version_group_id":"10","move_id":"94","pokemon_move_method_id":"4","level":"0","pokemon_id":"197"}{"order":"","version_group_id":"10","move_id":"98","pokemon_move_method_id":"1","level":"22","pokemon_id":"197"}{"order":"","version_group_id":"10","move_id":"103","pokemon_move_method_id":"1","level":"64","pokemon_id":"197"}{"order":"","version_group_id":"10","move_id":"104","pokemon_move_method_id":"4","level":"0","pokemon_id":"197"}{"order":"","version_group_id":"10","move_id":"109","pokemon_move_method_id":"1","level":"29","pokemon_id":"197"}{"order":"","version_group_id":"10","move_id":"129","pokemon_move_method_id":"3","level":"0","pokemon_id":"197"}{"order":"","version_group_id":"10","move_id":"138","pokemon_move_method_id":"4","level":"0","pokemon_id":"197"}{"order":"","version_group_id":"10","move_id":"148","pokemon_move_method_id":"4","level":"0","pokemon_id":"197"}{"order":"","version_group_id":"10","move_id":"156","pokemon_move_method_id":"4","level":"0","pokemon_id":"197"}{"order":"","version_group_id":"10","move_id":"164","pokemon_move_method_id":"4","level":"0","pokemon_id":"197"}{"order":"","version_group_id":"10","move_id":"173","pokemon_move_method_id":"3","level":"0","pokemon_id":"197"}{"order":"","version_group_id":"10","move_id":"180","pokemon_move_method_id":"3","level":"0","pokemon_id":"197"}{"order":"","version_group_id":"10","move_id":"182","pokemon_move_method_id":"4","level":"0","pokemon_id":"197"}{"order":"","version_group_id":"10","move_id":"185","pokemon_move_method_id":"1","level":"36","pokemon_id":"197"}{"order":"","version_group_id":"10","move_id":"189","pokemon_move_method_id":"3","level":"0","pokemon_id":"197"}{"order":"","version_group_id":"10","move_id":"203","pokemon_move_method_id":"4","level":"0","pokemon_id":"197"}{"order":"","version_group_id":"10","move_id":"207","pokemon_move_method_id":"4","level":"0","pokemon_id":"197"}{"order":"","version_group_id":"10","move_id":"212","pokemon_move_method_id":"1","level":"57","pokemon_id":"197"}{"order":"","version_group_id":"10","move_id":"213","pokemon_move_method_id":"4","level":"0","pokemon_id":"197"}{"order":"","version_group_id":"10","move_id":"214","pokemon_move_method_id":"4","level":"0","pokemon_id":"197"}{"order":"","version_group_id":"10","move_id":"215","pokemon_move_method_id":"3","level":"0","pokemon_id":"197"}{"order":"","version_group_id":"10","move_id":"216","pokemon_move_method_id":"4","level":"0","pokemon_id":"197"}{"order":"","version_group_id":"10","move_id":"218","pokemon_move_method_id":"4","level":"0","pokemon_id":"197"}{"order":"","version_group_id":"10","move_id":"228","pokemon_move_method_id":"1","level":"15","pokemon_id":"197"}{"order":"","version_group_id":"10","move_id":"231","pokemon_move_method_id":"4","level":"0","pokemon_id":"197"}{"order":"","version_group_id":"10","move_id":"236","pokemon_move_method_id":"1","level":"71","pokemon_id":"197"}{"order":"","version_group_id":"10","move_id":"237","pokemon_move_method_id":"4","level":"0","pokemon_id":"197"}{"order":"","version_group_id":"10","move_id":"240","pokemon_move_method_id":"4","level":"0","pokemon_id":"197"}{"order":"","version_group_id":"10","move_id":"241","pokemon_move_method_id":"4","level":"0","pokemon_id":"197"}{"order":"","version_group_id":"10","move_id":"244","pokemon_move_method_id":"4","level":"0","pokemon_id":"197"}{"order":"","version_group_id":"10","move_id":"247","pokemon_move_method_id":"4","level":"0","pokemon_id":"197"}{"order":"","version_group_id":"10","move_id":"259","pokemon_move_method_id":"4","level":"0","pokemon_id":"197"}{"order":"","version_group_id":"10","move_id":"263","pokemon_move_method_id":"4","level":"0","pokemon_id":"197"}{"order":"","version_group_id":"10","move_id":"269","pokemon_move_method_id":"4","level":"0","pokemon_id":"197"}{"order":"3","version_group_id":"10","move_id":"270","pokemon_move_method_id":"1","level":"1","pokemon_id":"197"}{"order":"","version_group_id":"10","move_id":"270","pokemon_move_method_id":"3","level":"0","pokemon_id":"197"}{"order":"","version_group_id":"10","move_id":"289","pokemon_move_method_id":"4","level":"0","pokemon_id":"197"}{"order":"","version_group_id":"10","move_id":"290","pokemon_move_method_id":"4","level":"0","pokemon_id":"197"}{"order":"","version_group_id":"10","move_id":"363","pokemon_move_method_id":"4","level":"0","pokemon_id":"197"}{"order":"","version_group_id":"10","move_id":"371","pokemon_move_method_id":"4","level":"0","pokemon_id":"197"}{"order":"","version_group_id":"10","move_id":"372","pokemon_move_method_id":"1","level":"43","pokemon_id":"197"}{"order":"","version_group_id":"10","move_id":"385","pokemon_move_method_id":"1","level":"78","pokemon_id":"197"}{"order":"","version_group_id":"10","move_id":"387","pokemon_move_method_id":"1","level":"50","pokemon_id":"197"}{"order":"","version_group_id":"10","move_id":"387","pokemon_move_method_id":"3","level":"0","pokemon_id":"197"}{"order":"","version_group_id":"10","move_id":"389","pokemon_move_method_id":"3","level":"0","pokemon_id":"197"}{"order":"","version_group_id":"10","move_id":"399","pokemon_move_method_id":"4","level":"0","pokemon_id":"197"}{"order":"","version_group_id":"10","move_id":"416","pokemon_move_method_id":"4","level":"0","pokemon_id":"197"}{"order":"","version_group_id":"10","move_id":"445","pokemon_move_method_id":"4","level":"0","pokemon_id":"197"}{"order":"","version_group_id":"11","move_id":"15","pokemon_move_method_id":"4","level":"0","pokemon_id":"197"}{"order":"","version_group_id":"11","move_id":"28","pokemon_move_method_id":"1","level":"8","pokemon_id":"197"}{"order":"2","version_group_id":"11","move_id":"33","pokemon_move_method_id":"1","level":"1","pokemon_id":"197"}{"order":"1","version_group_id":"11","move_id":"39","pokemon_move_method_id":"1","level":"1","pokemon_id":"197"}{"order":"","version_group_id":"11","move_id":"63","pokemon_move_method_id":"4","level":"0","pokemon_id":"197"}{"order":"","version_group_id":"11","move_id":"91","pokemon_move_method_id":"4","level":"0","pokemon_id":"197"}{"order":"","version_group_id":"11","move_id":"92","pokemon_move_method_id":"4","level":"0","pokemon_id":"197"}{"order":"","version_group_id":"11","move_id":"94","pokemon_move_method_id":"4","level":"0","pokemon_id":"197"}{"order":"","version_group_id":"11","move_id":"98","pokemon_move_method_id":"1","level":"22","pokemon_id":"197"}{"order":"","version_group_id":"11","move_id":"103","pokemon_move_method_id":"1","level":"64","pokemon_id":"197"}{"order":"","version_group_id":"11","move_id":"104","pokemon_move_method_id":"4","level":"0","pokemon_id":"197"}{"order":"","version_group_id":"11","move_id":"109","pokemon_move_method_id":"1","level":"29","pokemon_id":"197"}{"order":"","version_group_id":"11","move_id":"138","pokemon_move_method_id":"4","level":"0","pokemon_id":"197"}{"order":"","version_group_id":"11","move_id":"148","pokemon_move_method_id":"4","level":"0","pokemon_id":"197"}{"order":"","version_group_id":"11","move_id":"156","pokemon_move_method_id":"4","level":"0","pokemon_id":"197"}{"order":"","version_group_id":"11","move_id":"164","pokemon_move_method_id":"4","level":"0","pokemon_id":"197"}{"order":"","version_group_id":"11","move_id":"182","pokemon_move_method_id":"4","level":"0","pokemon_id":"197"}{"order":"","version_group_id":"11","move_id":"185","pokemon_move_method_id":"1","level":"36","pokemon_id":"197"}{"order":"","version_group_id":"11","move_id":"207","pokemon_move_method_id":"4","level":"0","pokemon_id":"197"}{"order":"","version_group_id":"11","move_id":"212","pokemon_move_method_id":"1","level":"57","pokemon_id":"197"}{"order":"","version_group_id":"11","move_id":"213","pokemon_move_method_id":"4","level":"0","pokemon_id":"197"}{"order":"","version_group_id":"11","move_id":"216","pokemon_move_method_id":"4","level":"0","pokemon_id":"197"}{"order":"","version_group_id":"11","move_id":"218","pokemon_move_method_id":"4","level":"0","pokemon_id":"197"}{"order":"","version_group_id":"11","move_id":"228","pokemon_move_method_id":"1","level":"15","pokemon_id":"197"}{"order":"","version_group_id":"11","move_id":"236","pokemon_move_method_id":"1","level":"71","pokemon_id":"197"}{"order":"","version_group_id":"11","move_id":"237","pokemon_move_method_id":"4","level":"0","pokemon_id":"197"}{"order":"","version_group_id":"11","move_id":"240","pokemon_move_method_id":"4","level":"0","pokemon_id":"197"}{"order":"","version_group_id":"11","move_id":"241","pokemon_move_method_id":"4","level":"0","pokemon_id":"197"}{"order":"","version_group_id":"11","move_id":"244","pokemon_move_method_id":"4","level":"0","pokemon_id":"197"}{"order":"","version_group_id":"11","move_id":"247","pokemon_move_method_id":"4","level":"0","pokemon_id":"197"}{"order":"","version_group_id":"11","move_id":"259","pokemon_move_method_id":"4","level":"0","pokemon_id":"197"}{"order":"","version_group_id":"11","move_id":"263","pokemon_move_method_id":"4","level":"0","pokemon_id":"197"}{"order":"","version_group_id":"11","move_id":"269","pokemon_move_method_id":"4","level":"0","pokemon_id":"197"}{"order":"3","version_group_id":"11","move_id":"270","pokemon_move_method_id":"1","level":"1","pokemon_id":"197"}{"order":"","version_group_id":"11","move_id":"371","pokemon_move_method_id":"4","level":"0","pokemon_id":"197"}{"order":"","version_group_id":"11","move_id":"372","pokemon_move_method_id":"1","level":"43","pokemon_id":"197"}{"order":"","version_group_id":"11","move_id":"385","pokemon_move_method_id":"1","level":"78","pokemon_id":"197"}{"order":"","version_group_id":"11","move_id":"387","pokemon_move_method_id":"1","level":"50","pokemon_id":"197"}{"order":"","version_group_id":"11","move_id":"416","pokemon_move_method_id":"4","level":"0","pokemon_id":"197"}{"order":"","version_group_id":"11","move_id":"496","pokemon_move_method_id":"4","level":"0","pokemon_id":"197"}{"order":"","version_group_id":"11","move_id":"497","pokemon_move_method_id":"4","level":"0","pokemon_id":"197"}{"order":"","version_group_id":"11","move_id":"514","pokemon_move_method_id":"4","level":"0","pokemon_id":"197"}{"order":"","version_group_id":"11","move_id":"526","pokemon_move_method_id":"4","level":"0","pokemon_id":"197"}{"order":"","version_group_id":"11","move_id":"555","pokemon_move_method_id":"4","level":"0","pokemon_id":"197"}{"order":"","version_group_id":"12","move_id":"15","pokemon_move_method_id":"4","level":"0","pokemon_id":"197"}{"order":"","version_group_id":"12","move_id":"28","pokemon_move_method_id":"1","level":"8","pokemon_id":"197"}{"order":"1","version_group_id":"12","move_id":"33","pokemon_move_method_id":"1","level":"1","pokemon_id":"197"}{"order":"2","version_group_id":"12","move_id":"39","pokemon_move_method_id":"1","level":"1","pokemon_id":"197"}{"order":"","version_group_id":"12","move_id":"63","pokemon_move_method_id":"4","level":"0","pokemon_id":"197"}{"order":"","version_group_id":"12","move_id":"91","pokemon_move_method_id":"4","level":"0","pokemon_id":"197"}{"order":"","version_group_id":"12","move_id":"92","pokemon_move_method_id":"4","level":"0","pokemon_id":"197"}{"order":"","version_group_id":"12","move_id":"94","pokemon_move_method_id":"4","level":"0","pokemon_id":"197"}{"order":"","version_group_id":"12","move_id":"98","pokemon_move_method_id":"1","level":"23","pokemon_id":"197"}{"order":"","version_group_id":"12","move_id":"103","pokemon_move_method_id":"1","level":"47","pokemon_id":"197"}{"order":"","version_group_id":"12","move_id":"104","pokemon_move_method_id":"4","level":"0","pokemon_id":"197"}{"order":"","version_group_id":"12","move_id":"109","pokemon_move_method_id":"1","level":"30","pokemon_id":"197"}{"order":"","version_group_id":"12","move_id":"148","pokemon_move_method_id":"4","level":"0","pokemon_id":"197"}{"order":"","version_group_id":"12","move_id":"156","pokemon_move_method_id":"4","level":"0","pokemon_id":"197"}{"order":"","version_group_id":"12","move_id":"182","pokemon_move_method_id":"4","level":"0","pokemon_id":"197"}{"order":"","version_group_id":"12","move_id":"185","pokemon_move_method_id":"1","level":"36","pokemon_id":"197"}{"order":"","version_group_id":"12","move_id":"212","pokemon_move_method_id":"1","level":"42","pokemon_id":"197"}{"order":"","version_group_id":"12","move_id":"213","pokemon_move_method_id":"4","level":"0","pokemon_id":"197"}{"order":"","version_group_id":"12","move_id":"216","pokemon_move_method_id":"4","level":"0","pokemon_id":"197"}{"order":"","version_group_id":"12","move_id":"218","pokemon_move_method_id":"4","level":"0","pokemon_id":"197"}{"order":"","version_group_id":"12","move_id":"228","pokemon_move_method_id":"1","level":"16","pokemon_id":"197"}{"order":"","version_group_id":"12","move_id":"231","pokemon_move_method_id":"4","level":"0","pokemon_id":"197"}{"order":"","version_group_id":"12","move_id":"236","pokemon_move_method_id":"1","level":"52","pokemon_id":"197"}{"order":"","version_group_id":"12","move_id":"237","pokemon_move_method_id":"4","level":"0","pokemon_id":"197"}{"order":"","version_group_id":"12","move_id":"240","pokemon_move_method_id":"4","level":"0","pokemon_id":"197"}{"order":"","version_group_id":"12","move_id":"241","pokemon_move_method_id":"4","level":"0","pokemon_id":"197"}{"order":"","version_group_id":"12","move_id":"247","pokemon_move_method_id":"4","level":"0","pokemon_id":"197"}{"order":"","version_group_id":"12","move_id":"259","pokemon_move_method_id":"4","level":"0","pokemon_id":"197"}{"order":"","version_group_id":"12","move_id":"263","pokemon_move_method_id":"4","level":"0","pokemon_id":"197"}{"order":"","version_group_id":"12","move_id":"269","pokemon_move_method_id":"4","level":"0","pokemon_id":"197"}{"order":"3","version_group_id":"12","move_id":"270","pokemon_move_method_id":"1","level":"1","pokemon_id":"197"}{"order":"","version_group_id":"12","move_id":"289","pokemon_move_method_id":"4","level":"0","pokemon_id":"197"}{"order":"","version_group_id":"12","move_id":"290","pokemon_move_method_id":"4","level":"0","pokemon_id":"197"}{"order":"","version_group_id":"13","move_id":"15","pokemon_move_method_id":"4","level":"0","pokemon_id":"197"}{"order":"","version_group_id":"13","move_id":"28","pokemon_move_method_id":"1","level":"8","pokemon_id":"197"}{"order":"1","version_group_id":"13","move_id":"33","pokemon_move_method_id":"1","level":"1","pokemon_id":"197"}{"order":"","version_group_id":"13","move_id":"34","pokemon_move_method_id":"3","level":"0","pokemon_id":"197"}{"order":"","version_group_id":"13","move_id":"38","pokemon_move_method_id":"3","level":"0","pokemon_id":"197"}{"order":"2","version_group_id":"13","move_id":"39","pokemon_move_method_id":"1","level":"1","pokemon_id":"197"}{"order":"","version_group_id":"13","move_id":"63","pokemon_move_method_id":"4","level":"0","pokemon_id":"197"}{"order":"","version_group_id":"13","move_id":"91","pokemon_move_method_id":"4","level":"0","pokemon_id":"197"}{"order":"","version_group_id":"13","move_id":"92","pokemon_move_method_id":"4","level":"0","pokemon_id":"197"}{"order":"","version_group_id":"13","move_id":"94","pokemon_move_method_id":"4","level":"0","pokemon_id":"197"}{"order":"","version_group_id":"13","move_id":"98","pokemon_move_method_id":"1","level":"23","pokemon_id":"197"}{"order":"","version_group_id":"13","move_id":"102","pokemon_move_method_id":"3","level":"0","pokemon_id":"197"}{"order":"","version_group_id":"13","move_id":"103","pokemon_move_method_id":"1","level":"47","pokemon_id":"197"}{"order":"","version_group_id":"13","move_id":"104","pokemon_move_method_id":"4","level":"0","pokemon_id":"197"}{"order":"","version_group_id":"13","move_id":"109","pokemon_move_method_id":"1","level":"30","pokemon_id":"197"}{"order":"","version_group_id":"13","move_id":"138","pokemon_move_method_id":"3","level":"0","pokemon_id":"197"}{"order":"","version_group_id":"13","move_id":"148","pokemon_move_method_id":"4","level":"0","pokemon_id":"197"}{"order":"","version_group_id":"13","move_id":"156","pokemon_move_method_id":"4","level":"0","pokemon_id":"197"}{"order":"","version_group_id":"13","move_id":"164","pokemon_move_method_id":"3","level":"0","pokemon_id":"197"}{"order":"","version_group_id":"13","move_id":"171","pokemon_move_method_id":"3","level":"0","pokemon_id":"197"}{"order":"","version_group_id":"13","move_id":"182","pokemon_move_method_id":"4","level":"0","pokemon_id":"197"}{"order":"","version_group_id":"13","move_id":"185","pokemon_move_method_id":"1","level":"36","pokemon_id":"197"}{"order":"","version_group_id":"13","move_id":"207","pokemon_move_method_id":"3","level":"0","pokemon_id":"197"}{"order":"","version_group_id":"13","move_id":"212","pokemon_move_method_id":"1","level":"42","pokemon_id":"197"}{"order":"","version_group_id":"13","move_id":"213","pokemon_move_method_id":"4","level":"0","pokemon_id":"197"}{"order":"","version_group_id":"13","move_id":"216","pokemon_move_method_id":"4","level":"0","pokemon_id":"197"}{"order":"","version_group_id":"13","move_id":"218","pokemon_move_method_id":"4","level":"0","pokemon_id":"197"}{"order":"","version_group_id":"13","move_id":"228","pokemon_move_method_id":"1","level":"16","pokemon_id":"197"}{"order":"","version_group_id":"13","move_id":"231","pokemon_move_method_id":"4","level":"0","pokemon_id":"197"}{"order":"","version_group_id":"13","move_id":"236","pokemon_move_method_id":"1","level":"52","pokemon_id":"197"}{"order":"","version_group_id":"13","move_id":"237","pokemon_move_method_id":"4","level":"0","pokemon_id":"197"}{"order":"","version_group_id":"13","move_id":"240","pokemon_move_method_id":"4","level":"0","pokemon_id":"197"}{"order":"","version_group_id":"13","move_id":"241","pokemon_move_method_id":"4","level":"0","pokemon_id":"197"}{"order":"","version_group_id":"13","move_id":"247","pokemon_move_method_id":"4","level":"0","pokemon_id":"197"}{"order":"","version_group_id":"13","move_id":"259","pokemon_move_method_id":"4","level":"0","pokemon_id":"197"}{"order":"","version_group_id":"13","move_id":"263","pokemon_move_method_id":"4","level":"0","pokemon_id":"197"}{"order":"","version_group_id":"13","move_id":"269","pokemon_move_method_id":"4","level":"0","pokemon_id":"197"}{"order":"3","version_group_id":"13","move_id":"270","pokemon_move_method_id":"1","level":"1","pokemon_id":"197"}{"order":"","version_group_id":"13","move_id":"289","pokemon_move_method_id":"4","level":"0","pokemon_id":"197"}{"order":"","version_group_id":"13","move_id":"290","pokemon_move_method_id":"4","level":"0","pokemon_id":"197"}{"order":"","version_group_id":"14","move_id":"15","pokemon_move_method_id":"4","level":"0","pokemon_id":"197"}{"order":"","version_group_id":"14","move_id":"28","pokemon_move_method_id":"1","level":"5","pokemon_id":"197"}{"order":"2","version_group_id":"14","move_id":"33","pokemon_move_method_id":"1","level":"1","pokemon_id":"197"}{"order":"3","version_group_id":"14","move_id":"39","pokemon_move_method_id":"1","level":"1","pokemon_id":"197"}{"order":"","version_group_id":"14","move_id":"63","pokemon_move_method_id":"4","level":"0","pokemon_id":"197"}{"order":"","version_group_id":"14","move_id":"91","pokemon_move_method_id":"4","level":"0","pokemon_id":"197"}{"order":"","version_group_id":"14","move_id":"92","pokemon_move_method_id":"4","level":"0","pokemon_id":"197"}{"order":"","version_group_id":"14","move_id":"94","pokemon_move_method_id":"4","level":"0","pokemon_id":"197"}{"order":"","version_group_id":"14","move_id":"98","pokemon_move_method_id":"1","level":"13","pokemon_id":"197"}{"order":"","version_group_id":"14","move_id":"103","pokemon_move_method_id":"1","level":"29","pokemon_id":"197"}{"order":"","version_group_id":"14","move_id":"104","pokemon_move_method_id":"4","level":"0","pokemon_id":"197"}{"order":"","version_group_id":"14","move_id":"109","pokemon_move_method_id":"1","level":"17","pokemon_id":"197"}{"order":"","version_group_id":"14","move_id":"138","pokemon_move_method_id":"4","level":"0","pokemon_id":"197"}{"order":"","version_group_id":"14","move_id":"148","pokemon_move_method_id":"4","level":"0","pokemon_id":"197"}{"order":"","version_group_id":"14","move_id":"156","pokemon_move_method_id":"4","level":"0","pokemon_id":"197"}{"order":"","version_group_id":"14","move_id":"164","pokemon_move_method_id":"4","level":"0","pokemon_id":"197"}{"order":"","version_group_id":"14","move_id":"173","pokemon_move_method_id":"3","level":"0","pokemon_id":"197"}{"order":"","version_group_id":"14","move_id":"180","pokemon_move_method_id":"3","level":"0","pokemon_id":"197"}{"order":"","version_group_id":"14","move_id":"182","pokemon_move_method_id":"4","level":"0","pokemon_id":"197"}{"order":"","version_group_id":"14","move_id":"185","pokemon_move_method_id":"1","level":"21","pokemon_id":"197"}{"order":"","version_group_id":"14","move_id":"207","pokemon_move_method_id":"4","level":"0","pokemon_id":"197"}{"order":"","version_group_id":"14","move_id":"212","pokemon_move_method_id":"1","level":"37","pokemon_id":"197"}{"order":"","version_group_id":"14","move_id":"213","pokemon_move_method_id":"4","level":"0","pokemon_id":"197"}{"order":"","version_group_id":"14","move_id":"214","pokemon_move_method_id":"3","level":"0","pokemon_id":"197"}{"order":"","version_group_id":"14","move_id":"215","pokemon_move_method_id":"3","level":"0","pokemon_id":"197"}{"order":"","version_group_id":"14","move_id":"216","pokemon_move_method_id":"4","level":"0","pokemon_id":"197"}{"order":"","version_group_id":"14","move_id":"218","pokemon_move_method_id":"4","level":"0","pokemon_id":"197"}{"order":"","version_group_id":"14","move_id":"228","pokemon_move_method_id":"1","level":"9","pokemon_id":"197"}{"order":"","version_group_id":"14","move_id":"231","pokemon_move_method_id":"3","level":"0","pokemon_id":"197"}{"order":"","version_group_id":"14","move_id":"236","pokemon_move_method_id":"1","level":"33","pokemon_id":"197"}{"order":"","version_group_id":"14","move_id":"237","pokemon_move_method_id":"4","level":"0","pokemon_id":"197"}{"order":"","version_group_id":"14","move_id":"240","pokemon_move_method_id":"4","level":"0","pokemon_id":"197"}{"order":"","version_group_id":"14","move_id":"241","pokemon_move_method_id":"4","level":"0","pokemon_id":"197"}{"order":"","version_group_id":"14","move_id":"244","pokemon_move_method_id":"4","level":"0","pokemon_id":"197"}{"order":"","version_group_id":"14","move_id":"247","pokemon_move_method_id":"4","level":"0","pokemon_id":"197"}{"order":"","version_group_id":"14","move_id":"259","pokemon_move_method_id":"4","level":"0","pokemon_id":"197"}{"order":"","version_group_id":"14","move_id":"263","pokemon_move_method_id":"4","level":"0","pokemon_id":"197"}{"order":"","version_group_id":"14","move_id":"269","pokemon_move_method_id":"4","level":"0","pokemon_id":"197"}{"order":"1","version_group_id":"14","move_id":"270","pokemon_move_method_id":"1","level":"1","pokemon_id":"197"}{"order":"","version_group_id":"14","move_id":"270","pokemon_move_method_id":"3","level":"0","pokemon_id":"197"}{"order":"","version_group_id":"14","move_id":"289","pokemon_move_method_id":"3","level":"0","pokemon_id":"197"}{"order":"","version_group_id":"14","move_id":"304","pokemon_move_method_id":"3","level":"0","pokemon_id":"197"}{"order":"","version_group_id":"14","move_id":"343","pokemon_move_method_id":"3","level":"0","pokemon_id":"197"}{"order":"","version_group_id":"14","move_id":"371","pokemon_move_method_id":"4","level":"0","pokemon_id":"197"}{"order":"","version_group_id":"14","move_id":"372","pokemon_move_method_id":"1","level":"25","pokemon_id":"197"}{"order":"","version_group_id":"14","move_id":"385","pokemon_move_method_id":"1","level":"45","pokemon_id":"197"}{"order":"","version_group_id":"14","move_id":"387","pokemon_move_method_id":"1","level":"41","pokemon_id":"197"}{"order":"","version_group_id":"14","move_id":"387","pokemon_move_method_id":"3","level":"0","pokemon_id":"197"}{"order":"","version_group_id":"14","move_id":"399","pokemon_move_method_id":"3","level":"0","pokemon_id":"197"}{"order":"","version_group_id":"14","move_id":"416","pokemon_move_method_id":"4","level":"0","pokemon_id":"197"}{"order":"","version_group_id":"14","move_id":"472","pokemon_move_method_id":"3","level":"0","pokemon_id":"197"}{"order":"","version_group_id":"14","move_id":"492","pokemon_move_method_id":"3","level":"0","pokemon_id":"197"}{"order":"","version_group_id":"14","move_id":"496","pokemon_move_method_id":"4","level":"0","pokemon_id":"197"}{"order":"","version_group_id":"14","move_id":"497","pokemon_move_method_id":"4","level":"0","pokemon_id":"197"}{"order":"","version_group_id":"14","move_id":"514","pokemon_move_method_id":"4","level":"0","pokemon_id":"197"}{"order":"","version_group_id":"14","move_id":"526","pokemon_move_method_id":"4","level":"0","pokemon_id":"197"}{"order":"","version_group_id":"14","move_id":"555","pokemon_move_method_id":"4","level":"0","pokemon_id":"197"}{"order":"","version_group_id":"15","move_id":"15","pokemon_move_method_id":"4","level":"0","pokemon_id":"197"}{"order":"","version_group_id":"15","move_id":"28","pokemon_move_method_id":"1","level":"5","pokemon_id":"197"}{"order":"2","version_group_id":"15","move_id":"33","pokemon_move_method_id":"1","level":"1","pokemon_id":"197"}{"order":"3","version_group_id":"15","move_id":"39","pokemon_move_method_id":"1","level":"1","pokemon_id":"197"}{"order":"","version_group_id":"15","move_id":"63","pokemon_move_method_id":"4","level":"0","pokemon_id":"197"}{"order":"","version_group_id":"15","move_id":"91","pokemon_move_method_id":"4","level":"0","pokemon_id":"197"}{"order":"","version_group_id":"15","move_id":"92","pokemon_move_method_id":"4","level":"0","pokemon_id":"197"}{"order":"","version_group_id":"15","move_id":"94","pokemon_move_method_id":"4","level":"0","pokemon_id":"197"}{"order":"","version_group_id":"15","move_id":"98","pokemon_move_method_id":"1","level":"13","pokemon_id":"197"}{"order":"","version_group_id":"15","move_id":"103","pokemon_move_method_id":"1","level":"29","pokemon_id":"197"}{"order":"","version_group_id":"15","move_id":"104","pokemon_move_method_id":"4","level":"0","pokemon_id":"197"}{"order":"","version_group_id":"15","move_id":"109","pokemon_move_method_id":"1","level":"17","pokemon_id":"197"}{"order":"","version_group_id":"15","move_id":"138","pokemon_move_method_id":"4","level":"0","pokemon_id":"197"}{"order":"","version_group_id":"15","move_id":"148","pokemon_move_method_id":"4","level":"0","pokemon_id":"197"}{"order":"","version_group_id":"15","move_id":"156","pokemon_move_method_id":"4","level":"0","pokemon_id":"197"}{"order":"","version_group_id":"15","move_id":"164","pokemon_move_method_id":"4","level":"0","pokemon_id":"197"}{"order":"","version_group_id":"15","move_id":"182","pokemon_move_method_id":"4","level":"0","pokemon_id":"197"}{"order":"","version_group_id":"15","move_id":"185","pokemon_move_method_id":"1","level":"20","pokemon_id":"197"}{"order":"","version_group_id":"15","move_id":"207","pokemon_move_method_id":"4","level":"0","pokemon_id":"197"}{"order":"","version_group_id":"15","move_id":"212","pokemon_move_method_id":"1","level":"37","pokemon_id":"197"}{"order":"","version_group_id":"15","move_id":"213","pokemon_move_method_id":"4","level":"0","pokemon_id":"197"}{"order":"","version_group_id":"15","move_id":"214","pokemon_move_method_id":"4","level":"0","pokemon_id":"197"}{"order":"","version_group_id":"15","move_id":"216","pokemon_move_method_id":"4","level":"0","pokemon_id":"197"}{"order":"","version_group_id":"15","move_id":"218","pokemon_move_method_id":"4","level":"0","pokemon_id":"197"}{"order":"","version_group_id":"15","move_id":"228","pokemon_move_method_id":"1","level":"9","pokemon_id":"197"}{"order":"","version_group_id":"15","move_id":"236","pokemon_move_method_id":"1","level":"33","pokemon_id":"197"}{"order":"","version_group_id":"15","move_id":"237","pokemon_move_method_id":"4","level":"0","pokemon_id":"197"}{"order":"","version_group_id":"15","move_id":"240","pokemon_move_method_id":"4","level":"0","pokemon_id":"197"}{"order":"","version_group_id":"15","move_id":"241","pokemon_move_method_id":"4","level":"0","pokemon_id":"197"}{"order":"","version_group_id":"15","move_id":"244","pokemon_move_method_id":"4","level":"0","pokemon_id":"197"}{"order":"","version_group_id":"15","move_id":"247","pokemon_move_method_id":"4","level":"0","pokemon_id":"197"}{"order":"","version_group_id":"15","move_id":"259","pokemon_move_method_id":"4","level":"0","pokemon_id":"197"}{"order":"","version_group_id":"15","move_id":"263","pokemon_move_method_id":"4","level":"0","pokemon_id":"197"}{"order":"","version_group_id":"15","move_id":"269","pokemon_move_method_id":"4","level":"0","pokemon_id":"197"}{"order":"1","version_group_id":"15","move_id":"270","pokemon_move_method_id":"1","level":"1","pokemon_id":"197"}{"order":"","version_group_id":"15","move_id":"371","pokemon_move_method_id":"4","level":"0","pokemon_id":"197"}{"order":"","version_group_id":"15","move_id":"372","pokemon_move_method_id":"1","level":"25","pokemon_id":"197"}{"order":"","version_group_id":"15","move_id":"385","pokemon_move_method_id":"1","level":"45","pokemon_id":"197"}{"order":"","version_group_id":"15","move_id":"387","pokemon_move_method_id":"1","level":"41","pokemon_id":"197"}{"order":"","version_group_id":"15","move_id":"399","pokemon_move_method_id":"4","level":"0","pokemon_id":"197"}{"order":"","version_group_id":"15","move_id":"416","pokemon_move_method_id":"4","level":"0","pokemon_id":"197"}{"order":"","version_group_id":"15","move_id":"496","pokemon_move_method_id":"4","level":"0","pokemon_id":"197"}{"order":"","version_group_id":"15","move_id":"497","pokemon_move_method_id":"4","level":"0","pokemon_id":"197"}{"order":"","version_group_id":"15","move_id":"514","pokemon_move_method_id":"4","level":"0","pokemon_id":"197"}{"order":"","version_group_id":"15","move_id":"555","pokemon_move_method_id":"4","level":"0","pokemon_id":"197"}{"order":"","version_group_id":"15","move_id":"590","pokemon_move_method_id":"4","level":"0","pokemon_id":"197"}