{"order":"1","version_group_id":"1","move_id":"33","pokemon_move_method_id":"1","level":"1","pokemon_id":"137"}{"order":"","version_group_id":"1","move_id":"36","pokemon_move_method_id":"4","level":"0","pokemon_id":"137"}{"order":"","version_group_id":"1","move_id":"38","pokemon_move_method_id":"4","level":"0","pokemon_id":"137"}{"order":"","version_group_id":"1","move_id":"58","pokemon_move_method_id":"4","level":"0","pokemon_id":"137"}{"order":"","version_group_id":"1","move_id":"59","pokemon_move_method_id":"4","level":"0","pokemon_id":"137"}{"order":"","version_group_id":"1","move_id":"60","pokemon_move_method_id":"1","level":"23","pokemon_id":"137"}{"order":"","version_group_id":"1","move_id":"63","pokemon_move_method_id":"4","level":"0","pokemon_id":"137"}{"order":"","version_group_id":"1","move_id":"85","pokemon_move_method_id":"4","level":"0","pokemon_id":"137"}{"order":"","version_group_id":"1","move_id":"86","pokemon_move_method_id":"4","level":"0","pokemon_id":"137"}{"order":"","version_group_id":"1","move_id":"87","pokemon_move_method_id":"4","level":"0","pokemon_id":"137"}{"order":"","version_group_id":"1","move_id":"92","pokemon_move_method_id":"4","level":"0","pokemon_id":"137"}{"order":"","version_group_id":"1","move_id":"94","pokemon_move_method_id":"4","level":"0","pokemon_id":"137"}{"order":"","version_group_id":"1","move_id":"97","pokemon_move_method_id":"1","level":"35","pokemon_id":"137"}{"order":"","version_group_id":"1","move_id":"99","pokemon_move_method_id":"4","level":"0","pokemon_id":"137"}{"order":"","version_group_id":"1","move_id":"100","pokemon_move_method_id":"4","level":"0","pokemon_id":"137"}{"order":"","version_group_id":"1","move_id":"102","pokemon_move_method_id":"4","level":"0","pokemon_id":"137"}{"order":"","version_group_id":"1","move_id":"104","pokemon_move_method_id":"4","level":"0","pokemon_id":"137"}{"order":"","version_group_id":"1","move_id":"105","pokemon_move_method_id":"1","level":"28","pokemon_id":"137"}{"order":"","version_group_id":"1","move_id":"115","pokemon_move_method_id":"4","level":"0","pokemon_id":"137"}{"order":"","version_group_id":"1","move_id":"117","pokemon_move_method_id":"4","level":"0","pokemon_id":"137"}{"order":"","version_group_id":"1","move_id":"129","pokemon_move_method_id":"4","level":"0","pokemon_id":"137"}{"order":"","version_group_id":"1","move_id":"130","pokemon_move_method_id":"4","level":"0","pokemon_id":"137"}{"order":"","version_group_id":"1","move_id":"148","pokemon_move_method_id":"4","level":"0","pokemon_id":"137"}{"order":"","version_group_id":"1","move_id":"149","pokemon_move_method_id":"4","level":"0","pokemon_id":"137"}{"order":"","version_group_id":"1","move_id":"156","pokemon_move_method_id":"4","level":"0","pokemon_id":"137"}{"order":"2","version_group_id":"1","move_id":"159","pokemon_move_method_id":"1","level":"1","pokemon_id":"137"}{"order":"3","version_group_id":"1","move_id":"160","pokemon_move_method_id":"1","level":"1","pokemon_id":"137"}{"order":"","version_group_id":"1","move_id":"161","pokemon_move_method_id":"1","level":"42","pokemon_id":"137"}{"order":"","version_group_id":"1","move_id":"161","pokemon_move_method_id":"4","level":"0","pokemon_id":"137"}{"order":"","version_group_id":"1","move_id":"164","pokemon_move_method_id":"4","level":"0","pokemon_id":"137"}{"order":"1","version_group_id":"2","move_id":"33","pokemon_move_method_id":"1","level":"1","pokemon_id":"137"}{"order":"","version_group_id":"2","move_id":"36","pokemon_move_method_id":"4","level":"0","pokemon_id":"137"}{"order":"","version_group_id":"2","move_id":"38","pokemon_move_method_id":"4","level":"0","pokemon_id":"137"}{"order":"","version_group_id":"2","move_id":"58","pokemon_move_method_id":"4","level":"0","pokemon_id":"137"}{"order":"","version_group_id":"2","move_id":"59","pokemon_move_method_id":"4","level":"0","pokemon_id":"137"}{"order":"","version_group_id":"2","move_id":"60","pokemon_move_method_id":"1","level":"23","pokemon_id":"137"}{"order":"","version_group_id":"2","move_id":"63","pokemon_move_method_id":"4","level":"0","pokemon_id":"137"}{"order":"","version_group_id":"2","move_id":"85","pokemon_move_method_id":"4","level":"0","pokemon_id":"137"}{"order":"","version_group_id":"2","move_id":"86","pokemon_move_method_id":"4","level":"0","pokemon_id":"137"}{"order":"","version_group_id":"2","move_id":"87","pokemon_move_method_id":"4","level":"0","pokemon_id":"137"}{"order":"","version_group_id":"2","move_id":"92","pokemon_move_method_id":"4","level":"0","pokemon_id":"137"}{"order":"","version_group_id":"2","move_id":"94","pokemon_move_method_id":"4","level":"0","pokemon_id":"137"}{"order":"","version_group_id":"2","move_id":"97","pokemon_move_method_id":"1","level":"35","pokemon_id":"137"}{"order":"","version_group_id":"2","move_id":"99","pokemon_move_method_id":"4","level":"0","pokemon_id":"137"}{"order":"","version_group_id":"2","move_id":"100","pokemon_move_method_id":"4","level":"0","pokemon_id":"137"}{"order":"","version_group_id":"2","move_id":"102","pokemon_move_method_id":"4","level":"0","pokemon_id":"137"}{"order":"","version_group_id":"2","move_id":"104","pokemon_move_method_id":"4","level":"0","pokemon_id":"137"}{"order":"","version_group_id":"2","move_id":"105","pokemon_move_method_id":"1","level":"28","pokemon_id":"137"}{"order":"","version_group_id":"2","move_id":"115","pokemon_move_method_id":"4","level":"0","pokemon_id":"137"}{"order":"","version_group_id":"2","move_id":"117","pokemon_move_method_id":"4","level":"0","pokemon_id":"137"}{"order":"","version_group_id":"2","move_id":"129","pokemon_move_method_id":"4","level":"0","pokemon_id":"137"}{"order":"","version_group_id":"2","move_id":"130","pokemon_move_method_id":"4","level":"0","pokemon_id":"137"}{"order":"","version_group_id":"2","move_id":"148","pokemon_move_method_id":"4","level":"0","pokemon_id":"137"}{"order":"","version_group_id":"2","move_id":"149","pokemon_move_method_id":"4","level":"0","pokemon_id":"137"}{"order":"","version_group_id":"2","move_id":"156","pokemon_move_method_id":"4","level":"0","pokemon_id":"137"}{"order":"2","version_group_id":"2","move_id":"159","pokemon_move_method_id":"1","level":"1","pokemon_id":"137"}{"order":"3","version_group_id":"2","move_id":"160","pokemon_move_method_id":"1","level":"1","pokemon_id":"137"}{"order":"","version_group_id":"2","move_id":"161","pokemon_move_method_id":"1","level":"42","pokemon_id":"137"}{"order":"","version_group_id":"2","move_id":"161","pokemon_move_method_id":"4","level":"0","pokemon_id":"137"}{"order":"","version_group_id":"2","move_id":"164","pokemon_move_method_id":"4","level":"0","pokemon_id":"137"}{"order":"2","version_group_id":"3","move_id":"33","pokemon_move_method_id":"1","level":"1","pokemon_id":"137"}{"order":"","version_group_id":"3","move_id":"59","pokemon_move_method_id":"4","level":"0","pokemon_id":"137"}{"order":"","version_group_id":"3","move_id":"60","pokemon_move_method_id":"1","level":"12","pokemon_id":"137"}{"order":"","version_group_id":"3","move_id":"63","pokemon_move_method_id":"4","level":"0","pokemon_id":"137"}{"order":"","version_group_id":"3","move_id":"87","pokemon_move_method_id":"4","level":"0","pokemon_id":"137"}{"order":"","version_group_id":"3","move_id":"92","pokemon_move_method_id":"4","level":"0","pokemon_id":"137"}{"order":"","version_group_id":"3","move_id":"94","pokemon_move_method_id":"4","level":"0","pokemon_id":"137"}{"order":"","version_group_id":"3","move_id":"97","pokemon_move_method_id":"1","level":"9","pokemon_id":"137"}{"order":"","version_group_id":"3","move_id":"104","pokemon_move_method_id":"4","level":"0","pokemon_id":"137"}{"order":"","version_group_id":"3","move_id":"105","pokemon_move_method_id":"1","level":"20","pokemon_id":"137"}{"order":"","version_group_id":"3","move_id":"129","pokemon_move_method_id":"4","level":"0","pokemon_id":"137"}{"order":"","version_group_id":"3","move_id":"138","pokemon_move_method_id":"4","level":"0","pokemon_id":"137"}{"order":"","version_group_id":"3","move_id":"148","pokemon_move_method_id":"4","level":"0","pokemon_id":"137"}{"order":"","version_group_id":"3","move_id":"156","pokemon_move_method_id":"4","level":"0","pokemon_id":"137"}{"order":"","version_group_id":"3","move_id":"159","pokemon_move_method_id":"1","level":"24","pokemon_id":"137"}{"order":"3","version_group_id":"3","move_id":"160","pokemon_move_method_id":"1","level":"1","pokemon_id":"137"}{"order":"","version_group_id":"3","move_id":"161","pokemon_move_method_id":"1","level":"36","pokemon_id":"137"}{"order":"","version_group_id":"3","move_id":"168","pokemon_move_method_id":"4","level":"0","pokemon_id":"137"}{"order":"","version_group_id":"3","move_id":"171","pokemon_move_method_id":"4","level":"0","pokemon_id":"137"}{"order":"","version_group_id":"3","move_id":"173","pokemon_move_method_id":"4","level":"0","pokemon_id":"137"}{"order":"","version_group_id":"3","move_id":"174","pokemon_move_method_id":"4","level":"0","pokemon_id":"137"}{"order":"1","version_group_id":"3","move_id":"176","pokemon_move_method_id":"1","level":"1","pokemon_id":"137"}{"order":"","version_group_id":"3","move_id":"182","pokemon_move_method_id":"4","level":"0","pokemon_id":"137"}{"order":"","version_group_id":"3","move_id":"192","pokemon_move_method_id":"1","level":"44","pokemon_id":"137"}{"order":"","version_group_id":"3","move_id":"192","pokemon_move_method_id":"4","level":"0","pokemon_id":"137"}{"order":"","version_group_id":"3","move_id":"196","pokemon_move_method_id":"4","level":"0","pokemon_id":"137"}{"order":"","version_group_id":"3","move_id":"199","pokemon_move_method_id":"1","level":"32","pokemon_id":"137"}{"order":"","version_group_id":"3","move_id":"203","pokemon_move_method_id":"4","level":"0","pokemon_id":"137"}{"order":"","version_group_id":"3","move_id":"207","pokemon_move_method_id":"4","level":"0","pokemon_id":"137"}{"order":"","version_group_id":"3","move_id":"214","pokemon_move_method_id":"4","level":"0","pokemon_id":"137"}{"order":"","version_group_id":"3","move_id":"216","pokemon_move_method_id":"4","level":"0","pokemon_id":"137"}{"order":"","version_group_id":"3","move_id":"218","pokemon_move_method_id":"4","level":"0","pokemon_id":"137"}{"order":"","version_group_id":"3","move_id":"231","pokemon_move_method_id":"4","level":"0","pokemon_id":"137"}{"order":"","version_group_id":"3","move_id":"237","pokemon_move_method_id":"4","level":"0","pokemon_id":"137"}{"order":"","version_group_id":"3","move_id":"240","pokemon_move_method_id":"4","level":"0","pokemon_id":"137"}{"order":"","version_group_id":"3","move_id":"241","pokemon_move_method_id":"4","level":"0","pokemon_id":"137"}{"order":"","version_group_id":"3","move_id":"244","pokemon_move_method_id":"4","level":"0","pokemon_id":"137"}{"order":"2","version_group_id":"4","move_id":"33","pokemon_move_method_id":"1","level":"1","pokemon_id":"137"}{"order":"","version_group_id":"4","move_id":"58","pokemon_move_method_id":"3","level":"0","pokemon_id":"137"}{"order":"","version_group_id":"4","move_id":"59","pokemon_move_method_id":"4","level":"0","pokemon_id":"137"}{"order":"","version_group_id":"4","move_id":"60","pokemon_move_method_id":"1","level":"12","pokemon_id":"137"}{"order":"","version_group_id":"4","move_id":"63","pokemon_move_method_id":"4","level":"0","pokemon_id":"137"}{"order":"","version_group_id":"4","move_id":"85","pokemon_move_method_id":"3","level":"0","pokemon_id":"137"}{"order":"","version_group_id":"4","move_id":"87","pokemon_move_method_id":"4","level":"0","pokemon_id":"137"}{"order":"","version_group_id":"4","move_id":"92","pokemon_move_method_id":"4","level":"0","pokemon_id":"137"}{"order":"","version_group_id":"4","move_id":"94","pokemon_move_method_id":"4","level":"0","pokemon_id":"137"}{"order":"","version_group_id":"4","move_id":"97","pokemon_move_method_id":"1","level":"9","pokemon_id":"137"}{"order":"","version_group_id":"4","move_id":"104","pokemon_move_method_id":"4","level":"0","pokemon_id":"137"}{"order":"","version_group_id":"4","move_id":"105","pokemon_move_method_id":"1","level":"20","pokemon_id":"137"}{"order":"","version_group_id":"4","move_id":"129","pokemon_move_method_id":"4","level":"0","pokemon_id":"137"}{"order":"","version_group_id":"4","move_id":"138","pokemon_move_method_id":"4","level":"0","pokemon_id":"137"}{"order":"","version_group_id":"4","move_id":"148","pokemon_move_method_id":"4","level":"0","pokemon_id":"137"}{"order":"","version_group_id":"4","move_id":"156","pokemon_move_method_id":"4","level":"0","pokemon_id":"137"}{"order":"","version_group_id":"4","move_id":"159","pokemon_move_method_id":"1","level":"24","pokemon_id":"137"}{"order":"3","version_group_id":"4","move_id":"160","pokemon_move_method_id":"1","level":"1","pokemon_id":"137"}{"order":"","version_group_id":"4","move_id":"161","pokemon_move_method_id":"1","level":"36","pokemon_id":"137"}{"order":"","version_group_id":"4","move_id":"168","pokemon_move_method_id":"4","level":"0","pokemon_id":"137"}{"order":"","version_group_id":"4","move_id":"171","pokemon_move_method_id":"4","level":"0","pokemon_id":"137"}{"order":"","version_group_id":"4","move_id":"173","pokemon_move_method_id":"4","level":"0","pokemon_id":"137"}{"order":"","version_group_id":"4","move_id":"174","pokemon_move_method_id":"4","level":"0","pokemon_id":"137"}{"order":"1","version_group_id":"4","move_id":"176","pokemon_move_method_id":"1","level":"1","pokemon_id":"137"}{"order":"","version_group_id":"4","move_id":"182","pokemon_move_method_id":"4","level":"0","pokemon_id":"137"}{"order":"","version_group_id":"4","move_id":"192","pokemon_move_method_id":"1","level":"44","pokemon_id":"137"}{"order":"","version_group_id":"4","move_id":"192","pokemon_move_method_id":"4","level":"0","pokemon_id":"137"}{"order":"","version_group_id":"4","move_id":"196","pokemon_move_method_id":"4","level":"0","pokemon_id":"137"}{"order":"","version_group_id":"4","move_id":"199","pokemon_move_method_id":"1","level":"32","pokemon_id":"137"}{"order":"","version_group_id":"4","move_id":"203","pokemon_move_method_id":"4","level":"0","pokemon_id":"137"}{"order":"","version_group_id":"4","move_id":"207","pokemon_move_method_id":"4","level":"0","pokemon_id":"137"}{"order":"","version_group_id":"4","move_id":"214","pokemon_move_method_id":"4","level":"0","pokemon_id":"137"}{"order":"","version_group_id":"4","move_id":"216","pokemon_move_method_id":"4","level":"0","pokemon_id":"137"}{"order":"","version_group_id":"4","move_id":"218","pokemon_move_method_id":"4","level":"0","pokemon_id":"137"}{"order":"","version_group_id":"4","move_id":"231","pokemon_move_method_id":"4","level":"0","pokemon_id":"137"}{"order":"","version_group_id":"4","move_id":"237","pokemon_move_method_id":"4","level":"0","pokemon_id":"137"}{"order":"","version_group_id":"4","move_id":"240","pokemon_move_method_id":"4","level":"0","pokemon_id":"137"}{"order":"","version_group_id":"4","move_id":"241","pokemon_move_method_id":"4","level":"0","pokemon_id":"137"}{"order":"","version_group_id":"4","move_id":"244","pokemon_move_method_id":"4","level":"0","pokemon_id":"137"}{"order":"2","version_group_id":"5","move_id":"33","pokemon_move_method_id":"1","level":"1","pokemon_id":"137"}{"order":"","version_group_id":"5","move_id":"58","pokemon_move_method_id":"4","level":"0","pokemon_id":"137"}{"order":"","version_group_id":"5","move_id":"59","pokemon_move_method_id":"4","level":"0","pokemon_id":"137"}{"order":"","version_group_id":"5","move_id":"60","pokemon_move_method_id":"1","level":"12","pokemon_id":"137"}{"order":"","version_group_id":"5","move_id":"63","pokemon_move_method_id":"4","level":"0","pokemon_id":"137"}{"order":"","version_group_id":"5","move_id":"76","pokemon_move_method_id":"4","level":"0","pokemon_id":"137"}{"order":"","version_group_id":"5","move_id":"85","pokemon_move_method_id":"4","level":"0","pokemon_id":"137"}{"order":"","version_group_id":"5","move_id":"87","pokemon_move_method_id":"4","level":"0","pokemon_id":"137"}{"order":"","version_group_id":"5","move_id":"92","pokemon_move_method_id":"4","level":"0","pokemon_id":"137"}{"order":"","version_group_id":"5","move_id":"94","pokemon_move_method_id":"4","level":"0","pokemon_id":"137"}{"order":"","version_group_id":"5","move_id":"97","pokemon_move_method_id":"1","level":"9","pokemon_id":"137"}{"order":"","version_group_id":"5","move_id":"104","pokemon_move_method_id":"4","level":"0","pokemon_id":"137"}{"order":"","version_group_id":"5","move_id":"105","pokemon_move_method_id":"1","level":"20","pokemon_id":"137"}{"order":"","version_group_id":"5","move_id":"148","pokemon_move_method_id":"4","level":"0","pokemon_id":"137"}{"order":"","version_group_id":"5","move_id":"156","pokemon_move_method_id":"4","level":"0","pokemon_id":"137"}{"order":"","version_group_id":"5","move_id":"159","pokemon_move_method_id":"1","level":"24","pokemon_id":"137"}{"order":"3","version_group_id":"5","move_id":"160","pokemon_move_method_id":"1","level":"1","pokemon_id":"137"}{"order":"","version_group_id":"5","move_id":"161","pokemon_move_method_id":"1","level":"36","pokemon_id":"137"}{"order":"","version_group_id":"5","move_id":"168","pokemon_move_method_id":"4","level":"0","pokemon_id":"137"}{"order":"1","version_group_id":"5","move_id":"176","pokemon_move_method_id":"1","level":"1","pokemon_id":"137"}{"order":"","version_group_id":"5","move_id":"182","pokemon_move_method_id":"4","level":"0","pokemon_id":"137"}{"order":"","version_group_id":"5","move_id":"192","pokemon_move_method_id":"1","level":"48","pokemon_id":"137"}{"order":"","version_group_id":"5","move_id":"199","pokemon_move_method_id":"1","level":"32","pokemon_id":"137"}{"order":"","version_group_id":"5","move_id":"216","pokemon_move_method_id":"4","level":"0","pokemon_id":"137"}{"order":"","version_group_id":"5","move_id":"218","pokemon_move_method_id":"4","level":"0","pokemon_id":"137"}{"order":"","version_group_id":"5","move_id":"231","pokemon_move_method_id":"4","level":"0","pokemon_id":"137"}{"order":"","version_group_id":"5","move_id":"237","pokemon_move_method_id":"4","level":"0","pokemon_id":"137"}{"order":"","version_group_id":"5","move_id":"240","pokemon_move_method_id":"4","level":"0","pokemon_id":"137"}{"order":"","version_group_id":"5","move_id":"241","pokemon_move_method_id":"4","level":"0","pokemon_id":"137"}{"order":"","version_group_id":"5","move_id":"247","pokemon_move_method_id":"4","level":"0","pokemon_id":"137"}{"order":"","version_group_id":"5","move_id":"263","pokemon_move_method_id":"4","level":"0","pokemon_id":"137"}{"order":"","version_group_id":"5","move_id":"278","pokemon_move_method_id":"1","level":"44","pokemon_id":"137"}{"order":"","version_group_id":"5","move_id":"290","pokemon_move_method_id":"4","level":"0","pokemon_id":"137"}{"order":"","version_group_id":"5","move_id":"332","pokemon_move_method_id":"4","level":"0","pokemon_id":"137"}{"order":"","version_group_id":"5","move_id":"351","pokemon_move_method_id":"4","level":"0","pokemon_id":"137"}{"order":"2","version_group_id":"6","move_id":"33","pokemon_move_method_id":"1","level":"1","pokemon_id":"137"}{"order":"","version_group_id":"6","move_id":"38","pokemon_move_method_id":"3","level":"0","pokemon_id":"137"}{"order":"","version_group_id":"6","move_id":"58","pokemon_move_method_id":"4","level":"0","pokemon_id":"137"}{"order":"","version_group_id":"6","move_id":"59","pokemon_move_method_id":"4","level":"0","pokemon_id":"137"}{"order":"","version_group_id":"6","move_id":"60","pokemon_move_method_id":"1","level":"12","pokemon_id":"137"}{"order":"","version_group_id":"6","move_id":"63","pokemon_move_method_id":"4","level":"0","pokemon_id":"137"}{"order":"","version_group_id":"6","move_id":"76","pokemon_move_method_id":"4","level":"0","pokemon_id":"137"}{"order":"","version_group_id":"6","move_id":"85","pokemon_move_method_id":"4","level":"0","pokemon_id":"137"}{"order":"","version_group_id":"6","move_id":"86","pokemon_move_method_id":"3","level":"0","pokemon_id":"137"}{"order":"","version_group_id":"6","move_id":"87","pokemon_move_method_id":"4","level":"0","pokemon_id":"137"}{"order":"","version_group_id":"6","move_id":"92","pokemon_move_method_id":"4","level":"0","pokemon_id":"137"}{"order":"","version_group_id":"6","move_id":"94","pokemon_move_method_id":"4","level":"0","pokemon_id":"137"}{"order":"","version_group_id":"6","move_id":"97","pokemon_move_method_id":"1","level":"9","pokemon_id":"137"}{"order":"","version_group_id":"6","move_id":"102","pokemon_move_method_id":"3","level":"0","pokemon_id":"137"}{"order":"","version_group_id":"6","move_id":"104","pokemon_move_method_id":"4","level":"0","pokemon_id":"137"}{"order":"","version_group_id":"6","move_id":"105","pokemon_move_method_id":"1","level":"20","pokemon_id":"137"}{"order":"","version_group_id":"6","move_id":"129","pokemon_move_method_id":"3","level":"0","pokemon_id":"137"}{"order":"","version_group_id":"6","move_id":"138","pokemon_move_method_id":"3","level":"0","pokemon_id":"137"}{"order":"","version_group_id":"6","move_id":"148","pokemon_move_method_id":"4","level":"0","pokemon_id":"137"}{"order":"","version_group_id":"6","move_id":"156","pokemon_move_method_id":"4","level":"0","pokemon_id":"137"}{"order":"","version_group_id":"6","move_id":"159","pokemon_move_method_id":"1","level":"24","pokemon_id":"137"}{"order":"3","version_group_id":"6","move_id":"160","pokemon_move_method_id":"1","level":"1","pokemon_id":"137"}{"order":"","version_group_id":"6","move_id":"161","pokemon_move_method_id":"1","level":"36","pokemon_id":"137"}{"order":"","version_group_id":"6","move_id":"164","pokemon_move_method_id":"3","level":"0","pokemon_id":"137"}{"order":"","version_group_id":"6","move_id":"168","pokemon_move_method_id":"4","level":"0","pokemon_id":"137"}{"order":"","version_group_id":"6","move_id":"173","pokemon_move_method_id":"3","level":"0","pokemon_id":"137"}{"order":"1","version_group_id":"6","move_id":"176","pokemon_move_method_id":"1","level":"1","pokemon_id":"137"}{"order":"","version_group_id":"6","move_id":"182","pokemon_move_method_id":"4","level":"0","pokemon_id":"137"}{"order":"","version_group_id":"6","move_id":"192","pokemon_move_method_id":"1","level":"48","pokemon_id":"137"}{"order":"","version_group_id":"6","move_id":"196","pokemon_move_method_id":"3","level":"0","pokemon_id":"137"}{"order":"","version_group_id":"6","move_id":"199","pokemon_move_method_id":"1","level":"32","pokemon_id":"137"}{"order":"","version_group_id":"6","move_id":"203","pokemon_move_method_id":"3","level":"0","pokemon_id":"137"}{"order":"","version_group_id":"6","move_id":"207","pokemon_move_method_id":"3","level":"0","pokemon_id":"137"}{"order":"","version_group_id":"6","move_id":"214","pokemon_move_method_id":"3","level":"0","pokemon_id":"137"}{"order":"","version_group_id":"6","move_id":"216","pokemon_move_method_id":"4","level":"0","pokemon_id":"137"}{"order":"","version_group_id":"6","move_id":"218","pokemon_move_method_id":"4","level":"0","pokemon_id":"137"}{"order":"","version_group_id":"6","move_id":"231","pokemon_move_method_id":"4","level":"0","pokemon_id":"137"}{"order":"","version_group_id":"6","move_id":"237","pokemon_move_method_id":"4","level":"0","pokemon_id":"137"}{"order":"","version_group_id":"6","move_id":"240","pokemon_move_method_id":"4","level":"0","pokemon_id":"137"}{"order":"","version_group_id":"6","move_id":"241","pokemon_move_method_id":"4","level":"0","pokemon_id":"137"}{"order":"","version_group_id":"6","move_id":"244","pokemon_move_method_id":"3","level":"0","pokemon_id":"137"}{"order":"","version_group_id":"6","move_id":"247","pokemon_move_method_id":"4","level":"0","pokemon_id":"137"}{"order":"","version_group_id":"6","move_id":"263","pokemon_move_method_id":"4","level":"0","pokemon_id":"137"}{"order":"","version_group_id":"6","move_id":"278","pokemon_move_method_id":"1","level":"44","pokemon_id":"137"}{"order":"","version_group_id":"6","move_id":"290","pokemon_move_method_id":"4","level":"0","pokemon_id":"137"}{"order":"","version_group_id":"6","move_id":"332","pokemon_move_method_id":"4","level":"0","pokemon_id":"137"}{"order":"","version_group_id":"6","move_id":"351","pokemon_move_method_id":"4","level":"0","pokemon_id":"137"}{"order":"2","version_group_id":"7","move_id":"33","pokemon_move_method_id":"1","level":"1","pokemon_id":"137"}{"order":"","version_group_id":"7","move_id":"38","pokemon_move_method_id":"3","level":"0","pokemon_id":"137"}{"order":"","version_group_id":"7","move_id":"58","pokemon_move_method_id":"4","level":"0","pokemon_id":"137"}{"order":"","version_group_id":"7","move_id":"59","pokemon_move_method_id":"4","level":"0","pokemon_id":"137"}{"order":"","version_group_id":"7","move_id":"60","pokemon_move_method_id":"1","level":"12","pokemon_id":"137"}{"order":"","version_group_id":"7","move_id":"63","pokemon_move_method_id":"4","level":"0","pokemon_id":"137"}{"order":"","version_group_id":"7","move_id":"76","pokemon_move_method_id":"4","level":"0","pokemon_id":"137"}{"order":"","version_group_id":"7","move_id":"85","pokemon_move_method_id":"4","level":"0","pokemon_id":"137"}{"order":"","version_group_id":"7","move_id":"86","pokemon_move_method_id":"3","level":"0","pokemon_id":"137"}{"order":"","version_group_id":"7","move_id":"87","pokemon_move_method_id":"4","level":"0","pokemon_id":"137"}{"order":"","version_group_id":"7","move_id":"92","pokemon_move_method_id":"4","level":"0","pokemon_id":"137"}{"order":"","version_group_id":"7","move_id":"94","pokemon_move_method_id":"4","level":"0","pokemon_id":"137"}{"order":"","version_group_id":"7","move_id":"97","pokemon_move_method_id":"1","level":"9","pokemon_id":"137"}{"order":"","version_group_id":"7","move_id":"102","pokemon_move_method_id":"3","level":"0","pokemon_id":"137"}{"order":"","version_group_id":"7","move_id":"104","pokemon_move_method_id":"4","level":"0","pokemon_id":"137"}{"order":"","version_group_id":"7","move_id":"105","pokemon_move_method_id":"1","level":"20","pokemon_id":"137"}{"order":"","version_group_id":"7","move_id":"138","pokemon_move_method_id":"3","level":"0","pokemon_id":"137"}{"order":"","version_group_id":"7","move_id":"148","pokemon_move_method_id":"4","level":"0","pokemon_id":"137"}{"order":"","version_group_id":"7","move_id":"156","pokemon_move_method_id":"4","level":"0","pokemon_id":"137"}{"order":"","version_group_id":"7","move_id":"159","pokemon_move_method_id":"1","level":"24","pokemon_id":"137"}{"order":"3","version_group_id":"7","move_id":"160","pokemon_move_method_id":"1","level":"1","pokemon_id":"137"}{"order":"","version_group_id":"7","move_id":"161","pokemon_move_method_id":"1","level":"36","pokemon_id":"137"}{"order":"","version_group_id":"7","move_id":"164","pokemon_move_method_id":"3","level":"0","pokemon_id":"137"}{"order":"","version_group_id":"7","move_id":"168","pokemon_move_method_id":"4","level":"0","pokemon_id":"137"}{"order":"1","version_group_id":"7","move_id":"176","pokemon_move_method_id":"1","level":"1","pokemon_id":"137"}{"order":"","version_group_id":"7","move_id":"182","pokemon_move_method_id":"4","level":"0","pokemon_id":"137"}{"order":"","version_group_id":"7","move_id":"192","pokemon_move_method_id":"1","level":"48","pokemon_id":"137"}{"order":"","version_group_id":"7","move_id":"199","pokemon_move_method_id":"1","level":"32","pokemon_id":"137"}{"order":"","version_group_id":"7","move_id":"216","pokemon_move_method_id":"4","level":"0","pokemon_id":"137"}{"order":"","version_group_id":"7","move_id":"218","pokemon_move_method_id":"4","level":"0","pokemon_id":"137"}{"order":"","version_group_id":"7","move_id":"231","pokemon_move_method_id":"4","level":"0","pokemon_id":"137"}{"order":"","version_group_id":"7","move_id":"237","pokemon_move_method_id":"4","level":"0","pokemon_id":"137"}{"order":"","version_group_id":"7","move_id":"240","pokemon_move_method_id":"4","level":"0","pokemon_id":"137"}{"order":"","version_group_id":"7","move_id":"241","pokemon_move_method_id":"4","level":"0","pokemon_id":"137"}{"order":"","version_group_id":"7","move_id":"247","pokemon_move_method_id":"4","level":"0","pokemon_id":"137"}{"order":"","version_group_id":"7","move_id":"263","pokemon_move_method_id":"4","level":"0","pokemon_id":"137"}{"order":"","version_group_id":"7","move_id":"278","pokemon_move_method_id":"1","level":"44","pokemon_id":"137"}{"order":"","version_group_id":"7","move_id":"290","pokemon_move_method_id":"4","level":"0","pokemon_id":"137"}{"order":"","version_group_id":"7","move_id":"332","pokemon_move_method_id":"4","level":"0","pokemon_id":"137"}{"order":"","version_group_id":"7","move_id":"351","pokemon_move_method_id":"4","level":"0","pokemon_id":"137"}{"order":"2","version_group_id":"8","move_id":"33","pokemon_move_method_id":"1","level":"1","pokemon_id":"137"}{"order":"","version_group_id":"8","move_id":"58","pokemon_move_method_id":"4","level":"0","pokemon_id":"137"}{"order":"","version_group_id":"8","move_id":"59","pokemon_move_method_id":"4","level":"0","pokemon_id":"137"}{"order":"","version_group_id":"8","move_id":"60","pokemon_move_method_id":"1","level":"7","pokemon_id":"137"}{"order":"","version_group_id":"8","move_id":"63","pokemon_move_method_id":"4","level":"0","pokemon_id":"137"}{"order":"","version_group_id":"8","move_id":"76","pokemon_move_method_id":"4","level":"0","pokemon_id":"137"}{"order":"","version_group_id":"8","move_id":"85","pokemon_move_method_id":"4","level":"0","pokemon_id":"137"}{"order":"","version_group_id":"8","move_id":"86","pokemon_move_method_id":"4","level":"0","pokemon_id":"137"}{"order":"","version_group_id":"8","move_id":"87","pokemon_move_method_id":"4","level":"0","pokemon_id":"137"}{"order":"","version_group_id":"8","move_id":"92","pokemon_move_method_id":"4","level":"0","pokemon_id":"137"}{"order":"","version_group_id":"8","move_id":"94","pokemon_move_method_id":"4","level":"0","pokemon_id":"137"}{"order":"","version_group_id":"8","move_id":"97","pokemon_move_method_id":"1","level":"12","pokemon_id":"137"}{"order":"","version_group_id":"8","move_id":"104","pokemon_move_method_id":"4","level":"0","pokemon_id":"137"}{"order":"","version_group_id":"8","move_id":"105","pokemon_move_method_id":"1","level":"18","pokemon_id":"137"}{"order":"","version_group_id":"8","move_id":"138","pokemon_move_method_id":"4","level":"0","pokemon_id":"137"}{"order":"","version_group_id":"8","move_id":"148","pokemon_move_method_id":"4","level":"0","pokemon_id":"137"}{"order":"","version_group_id":"8","move_id":"156","pokemon_move_method_id":"4","level":"0","pokemon_id":"137"}{"order":"4","version_group_id":"8","move_id":"159","pokemon_move_method_id":"1","level":"1","pokemon_id":"137"}{"order":"3","version_group_id":"8","move_id":"160","pokemon_move_method_id":"1","level":"1","pokemon_id":"137"}{"order":"","version_group_id":"8","move_id":"161","pokemon_move_method_id":"1","level":"51","pokemon_id":"137"}{"order":"","version_group_id":"8","move_id":"164","pokemon_move_method_id":"4","level":"0","pokemon_id":"137"}{"order":"","version_group_id":"8","move_id":"168","pokemon_move_method_id":"4","level":"0","pokemon_id":"137"}{"order":"1","version_group_id":"8","move_id":"176","pokemon_move_method_id":"1","level":"1","pokemon_id":"137"}{"order":"","version_group_id":"8","move_id":"182","pokemon_move_method_id":"4","level":"0","pokemon_id":"137"}{"order":"","version_group_id":"8","move_id":"192","pokemon_move_method_id":"1","level":"62","pokemon_id":"137"}{"order":"","version_group_id":"8","move_id":"199","pokemon_move_method_id":"1","level":"45","pokemon_id":"137"}{"order":"","version_group_id":"8","move_id":"203","pokemon_move_method_id":"4","level":"0","pokemon_id":"137"}{"order":"","version_group_id":"8","move_id":"207","pokemon_move_method_id":"4","level":"0","pokemon_id":"137"}{"order":"","version_group_id":"8","move_id":"214","pokemon_move_method_id":"4","level":"0","pokemon_id":"137"}{"order":"","version_group_id":"8","move_id":"216","pokemon_move_method_id":"4","level":"0","pokemon_id":"137"}{"order":"","version_group_id":"8","move_id":"218","pokemon_move_method_id":"4","level":"0","pokemon_id":"137"}{"order":"","version_group_id":"8","move_id":"231","pokemon_move_method_id":"4","level":"0","pokemon_id":"137"}{"order":"","version_group_id":"8","move_id":"237","pokemon_move_method_id":"4","level":"0","pokemon_id":"137"}{"order":"","version_group_id":"8","move_id":"240","pokemon_move_method_id":"4","level":"0","pokemon_id":"137"}{"order":"","version_group_id":"8","move_id":"241","pokemon_move_method_id":"4","level":"0","pokemon_id":"137"}{"order":"","version_group_id":"8","move_id":"244","pokemon_move_method_id":"4","level":"0","pokemon_id":"137"}{"order":"","version_group_id":"8","move_id":"247","pokemon_move_method_id":"4","level":"0","pokemon_id":"137"}{"order":"","version_group_id":"8","move_id":"263","pokemon_move_method_id":"4","level":"0","pokemon_id":"137"}{"order":"","version_group_id":"8","move_id":"277","pokemon_move_method_id":"1","level":"56","pokemon_id":"137"}{"order":"","version_group_id":"8","move_id":"278","pokemon_move_method_id":"1","level":"34","pokemon_id":"137"}{"order":"","version_group_id":"8","move_id":"278","pokemon_move_method_id":"4","level":"0","pokemon_id":"137"}{"order":"","version_group_id":"8","move_id":"290","pokemon_move_method_id":"4","level":"0","pokemon_id":"137"}{"order":"","version_group_id":"8","move_id":"324","pokemon_move_method_id":"1","level":"29","pokemon_id":"137"}{"order":"","version_group_id":"8","move_id":"332","pokemon_move_method_id":"4","level":"0","pokemon_id":"137"}{"order":"","version_group_id":"8","move_id":"351","pokemon_move_method_id":"4","level":"0","pokemon_id":"137"}{"order":"","version_group_id":"8","move_id":"363","pokemon_move_method_id":"4","level":"0","pokemon_id":"137"}{"order":"","version_group_id":"8","move_id":"393","pokemon_move_method_id":"1","level":"23","pokemon_id":"137"}{"order":"","version_group_id":"8","move_id":"416","pokemon_move_method_id":"4","level":"0","pokemon_id":"137"}{"order":"","version_group_id":"8","move_id":"433","pokemon_move_method_id":"4","level":"0","pokemon_id":"137"}{"order":"","version_group_id":"8","move_id":"435","pokemon_move_method_id":"1","level":"40","pokemon_id":"137"}{"order":"","version_group_id":"8","move_id":"451","pokemon_move_method_id":"4","level":"0","pokemon_id":"137"}{"order":"2","version_group_id":"9","move_id":"33","pokemon_move_method_id":"1","level":"1","pokemon_id":"137"}{"order":"","version_group_id":"9","move_id":"58","pokemon_move_method_id":"4","level":"0","pokemon_id":"137"}{"order":"","version_group_id":"9","move_id":"59","pokemon_move_method_id":"4","level":"0","pokemon_id":"137"}{"order":"","version_group_id":"9","move_id":"60","pokemon_move_method_id":"1","level":"7","pokemon_id":"137"}{"order":"","version_group_id":"9","move_id":"63","pokemon_move_method_id":"4","level":"0","pokemon_id":"137"}{"order":"","version_group_id":"9","move_id":"76","pokemon_move_method_id":"4","level":"0","pokemon_id":"137"}{"order":"","version_group_id":"9","move_id":"85","pokemon_move_method_id":"4","level":"0","pokemon_id":"137"}{"order":"","version_group_id":"9","move_id":"86","pokemon_move_method_id":"4","level":"0","pokemon_id":"137"}{"order":"","version_group_id":"9","move_id":"87","pokemon_move_method_id":"4","level":"0","pokemon_id":"137"}{"order":"","version_group_id":"9","move_id":"92","pokemon_move_method_id":"4","level":"0","pokemon_id":"137"}{"order":"","version_group_id":"9","move_id":"94","pokemon_move_method_id":"4","level":"0","pokemon_id":"137"}{"order":"","version_group_id":"9","move_id":"97","pokemon_move_method_id":"1","level":"12","pokemon_id":"137"}{"order":"","version_group_id":"9","move_id":"104","pokemon_move_method_id":"4","level":"0","pokemon_id":"137"}{"order":"","version_group_id":"9","move_id":"105","pokemon_move_method_id":"1","level":"18","pokemon_id":"137"}{"order":"","version_group_id":"9","move_id":"129","pokemon_move_method_id":"3","level":"0","pokemon_id":"137"}{"order":"","version_group_id":"9","move_id":"138","pokemon_move_method_id":"4","level":"0","pokemon_id":"137"}{"order":"","version_group_id":"9","move_id":"148","pokemon_move_method_id":"4","level":"0","pokemon_id":"137"}{"order":"","version_group_id":"9","move_id":"156","pokemon_move_method_id":"4","level":"0","pokemon_id":"137"}{"order":"4","version_group_id":"9","move_id":"159","pokemon_move_method_id":"1","level":"1","pokemon_id":"137"}{"order":"3","version_group_id":"9","move_id":"160","pokemon_move_method_id":"1","level":"1","pokemon_id":"137"}{"order":"","version_group_id":"9","move_id":"161","pokemon_move_method_id":"1","level":"51","pokemon_id":"137"}{"order":"","version_group_id":"9","move_id":"164","pokemon_move_method_id":"4","level":"0","pokemon_id":"137"}{"order":"","version_group_id":"9","move_id":"168","pokemon_move_method_id":"4","level":"0","pokemon_id":"137"}{"order":"","version_group_id":"9","move_id":"173","pokemon_move_method_id":"3","level":"0","pokemon_id":"137"}{"order":"1","version_group_id":"9","move_id":"176","pokemon_move_method_id":"1","level":"1","pokemon_id":"137"}{"order":"","version_group_id":"9","move_id":"182","pokemon_move_method_id":"4","level":"0","pokemon_id":"137"}{"order":"","version_group_id":"9","move_id":"192","pokemon_move_method_id":"1","level":"62","pokemon_id":"137"}{"order":"","version_group_id":"9","move_id":"196","pokemon_move_method_id":"3","level":"0","pokemon_id":"137"}{"order":"","version_group_id":"9","move_id":"199","pokemon_move_method_id":"1","level":"45","pokemon_id":"137"}{"order":"","version_group_id":"9","move_id":"203","pokemon_move_method_id":"4","level":"0","pokemon_id":"137"}{"order":"","version_group_id":"9","move_id":"207","pokemon_move_method_id":"4","level":"0","pokemon_id":"137"}{"order":"","version_group_id":"9","move_id":"214","pokemon_move_method_id":"4","level":"0","pokemon_id":"137"}{"order":"","version_group_id":"9","move_id":"216","pokemon_move_method_id":"4","level":"0","pokemon_id":"137"}{"order":"","version_group_id":"9","move_id":"218","pokemon_move_method_id":"4","level":"0","pokemon_id":"137"}{"order":"","version_group_id":"9","move_id":"231","pokemon_move_method_id":"4","level":"0","pokemon_id":"137"}{"order":"","version_group_id":"9","move_id":"237","pokemon_move_method_id":"4","level":"0","pokemon_id":"137"}{"order":"","version_group_id":"9","move_id":"240","pokemon_move_method_id":"4","level":"0","pokemon_id":"137"}{"order":"","version_group_id":"9","move_id":"241","pokemon_move_method_id":"4","level":"0","pokemon_id":"137"}{"order":"","version_group_id":"9","move_id":"244","pokemon_move_method_id":"4","level":"0","pokemon_id":"137"}{"order":"","version_group_id":"9","move_id":"247","pokemon_move_method_id":"4","level":"0","pokemon_id":"137"}{"order":"","version_group_id":"9","move_id":"263","pokemon_move_method_id":"4","level":"0","pokemon_id":"137"}{"order":"","version_group_id":"9","move_id":"271","pokemon_move_method_id":"3","level":"0","pokemon_id":"137"}{"order":"","version_group_id":"9","move_id":"277","pokemon_move_method_id":"1","level":"56","pokemon_id":"137"}{"order":"","version_group_id":"9","move_id":"278","pokemon_move_method_id":"1","level":"34","pokemon_id":"137"}{"order":"","version_group_id":"9","move_id":"278","pokemon_move_method_id":"4","level":"0","pokemon_id":"137"}{"order":"","version_group_id":"9","move_id":"290","pokemon_move_method_id":"4","level":"0","pokemon_id":"137"}{"order":"","version_group_id":"9","move_id":"324","pokemon_move_method_id":"1","level":"29","pokemon_id":"137"}{"order":"","version_group_id":"9","move_id":"324","pokemon_move_method_id":"3","level":"0","pokemon_id":"137"}{"order":"","version_group_id":"9","move_id":"332","pokemon_move_method_id":"4","level":"0","pokemon_id":"137"}{"order":"","version_group_id":"9","move_id":"351","pokemon_move_method_id":"4","level":"0","pokemon_id":"137"}{"order":"","version_group_id":"9","move_id":"363","pokemon_move_method_id":"4","level":"0","pokemon_id":"137"}{"order":"","version_group_id":"9","move_id":"387","pokemon_move_method_id":"3","level":"0","pokemon_id":"137"}{"order":"","version_group_id":"9","move_id":"393","pokemon_move_method_id":"1","level":"23","pokemon_id":"137"}{"order":"","version_group_id":"9","move_id":"416","pokemon_move_method_id":"4","level":"0","pokemon_id":"137"}{"order":"","version_group_id":"9","move_id":"428","pokemon_move_method_id":"3","level":"0","pokemon_id":"137"}{"order":"","version_group_id":"9","move_id":"433","pokemon_move_method_id":"4","level":"0","pokemon_id":"137"}{"order":"","version_group_id":"9","move_id":"435","pokemon_move_method_id":"1","level":"40","pokemon_id":"137"}{"order":"","version_group_id":"9","move_id":"451","pokemon_move_method_id":"4","level":"0","pokemon_id":"137"}{"order":"2","version_group_id":"10","move_id":"33","pokemon_move_method_id":"1","level":"1","pokemon_id":"137"}{"order":"","version_group_id":"10","move_id":"58","pokemon_move_method_id":"4","level":"0","pokemon_id":"137"}{"order":"","version_group_id":"10","move_id":"59","pokemon_move_method_id":"4","level":"0","pokemon_id":"137"}{"order":"","version_group_id":"10","move_id":"60","pokemon_move_method_id":"1","level":"7","pokemon_id":"137"}{"order":"","version_group_id":"10","move_id":"63","pokemon_move_method_id":"4","level":"0","pokemon_id":"137"}{"order":"","version_group_id":"10","move_id":"76","pokemon_move_method_id":"4","level":"0","pokemon_id":"137"}{"order":"","version_group_id":"10","move_id":"85","pokemon_move_method_id":"4","level":"0","pokemon_id":"137"}{"order":"","version_group_id":"10","move_id":"86","pokemon_move_method_id":"4","level":"0","pokemon_id":"137"}{"order":"","version_group_id":"10","move_id":"87","pokemon_move_method_id":"4","level":"0","pokemon_id":"137"}{"order":"","version_group_id":"10","move_id":"92","pokemon_move_method_id":"4","level":"0","pokemon_id":"137"}{"order":"","version_group_id":"10","move_id":"94","pokemon_move_method_id":"4","level":"0","pokemon_id":"137"}{"order":"","version_group_id":"10","move_id":"97","pokemon_move_method_id":"1","level":"12","pokemon_id":"137"}{"order":"","version_group_id":"10","move_id":"104","pokemon_move_method_id":"4","level":"0","pokemon_id":"137"}{"order":"","version_group_id":"10","move_id":"105","pokemon_move_method_id":"1","level":"18","pokemon_id":"137"}{"order":"","version_group_id":"10","move_id":"129","pokemon_move_method_id":"3","level":"0","pokemon_id":"137"}{"order":"","version_group_id":"10","move_id":"138","pokemon_move_method_id":"4","level":"0","pokemon_id":"137"}{"order":"","version_group_id":"10","move_id":"148","pokemon_move_method_id":"4","level":"0","pokemon_id":"137"}{"order":"","version_group_id":"10","move_id":"156","pokemon_move_method_id":"4","level":"0","pokemon_id":"137"}{"order":"4","version_group_id":"10","move_id":"159","pokemon_move_method_id":"1","level":"1","pokemon_id":"137"}{"order":"3","version_group_id":"10","move_id":"160","pokemon_move_method_id":"1","level":"1","pokemon_id":"137"}{"order":"","version_group_id":"10","move_id":"161","pokemon_move_method_id":"1","level":"51","pokemon_id":"137"}{"order":"","version_group_id":"10","move_id":"164","pokemon_move_method_id":"4","level":"0","pokemon_id":"137"}{"order":"","version_group_id":"10","move_id":"168","pokemon_move_method_id":"4","level":"0","pokemon_id":"137"}{"order":"","version_group_id":"10","move_id":"173","pokemon_move_method_id":"3","level":"0","pokemon_id":"137"}{"order":"1","version_group_id":"10","move_id":"176","pokemon_move_method_id":"1","level":"1","pokemon_id":"137"}{"order":"","version_group_id":"10","move_id":"182","pokemon_move_method_id":"4","level":"0","pokemon_id":"137"}{"order":"","version_group_id":"10","move_id":"192","pokemon_move_method_id":"1","level":"62","pokemon_id":"137"}{"order":"","version_group_id":"10","move_id":"196","pokemon_move_method_id":"3","level":"0","pokemon_id":"137"}{"order":"","version_group_id":"10","move_id":"199","pokemon_move_method_id":"1","level":"45","pokemon_id":"137"}{"order":"","version_group_id":"10","move_id":"203","pokemon_move_method_id":"4","level":"0","pokemon_id":"137"}{"order":"","version_group_id":"10","move_id":"207","pokemon_move_method_id":"4","level":"0","pokemon_id":"137"}{"order":"","version_group_id":"10","move_id":"214","pokemon_move_method_id":"4","level":"0","pokemon_id":"137"}{"order":"","version_group_id":"10","move_id":"216","pokemon_move_method_id":"4","level":"0","pokemon_id":"137"}{"order":"","version_group_id":"10","move_id":"218","pokemon_move_method_id":"4","level":"0","pokemon_id":"137"}{"order":"","version_group_id":"10","move_id":"220","pokemon_move_method_id":"3","level":"0","pokemon_id":"137"}{"order":"","version_group_id":"10","move_id":"231","pokemon_move_method_id":"4","level":"0","pokemon_id":"137"}{"order":"","version_group_id":"10","move_id":"237","pokemon_move_method_id":"4","level":"0","pokemon_id":"137"}{"order":"","version_group_id":"10","move_id":"240","pokemon_move_method_id":"4","level":"0","pokemon_id":"137"}{"order":"","version_group_id":"10","move_id":"241","pokemon_move_method_id":"4","level":"0","pokemon_id":"137"}{"order":"","version_group_id":"10","move_id":"244","pokemon_move_method_id":"4","level":"0","pokemon_id":"137"}{"order":"","version_group_id":"10","move_id":"247","pokemon_move_method_id":"4","level":"0","pokemon_id":"137"}{"order":"","version_group_id":"10","move_id":"263","pokemon_move_method_id":"4","level":"0","pokemon_id":"137"}{"order":"","version_group_id":"10","move_id":"271","pokemon_move_method_id":"3","level":"0","pokemon_id":"137"}{"order":"","version_group_id":"10","move_id":"277","pokemon_move_method_id":"1","level":"56","pokemon_id":"137"}{"order":"","version_group_id":"10","move_id":"277","pokemon_move_method_id":"3","level":"0","pokemon_id":"137"}{"order":"","version_group_id":"10","move_id":"278","pokemon_move_method_id":"1","level":"34","pokemon_id":"137"}{"order":"","version_group_id":"10","move_id":"278","pokemon_move_method_id":"4","level":"0","pokemon_id":"137"}{"order":"","version_group_id":"10","move_id":"290","pokemon_move_method_id":"4","level":"0","pokemon_id":"137"}{"order":"","version_group_id":"10","move_id":"324","pokemon_move_method_id":"1","level":"29","pokemon_id":"137"}{"order":"","version_group_id":"10","move_id":"324","pokemon_move_method_id":"3","level":"0","pokemon_id":"137"}{"order":"","version_group_id":"10","move_id":"332","pokemon_move_method_id":"4","level":"0","pokemon_id":"137"}{"order":"","version_group_id":"10","move_id":"351","pokemon_move_method_id":"4","level":"0","pokemon_id":"137"}{"order":"","version_group_id":"10","move_id":"356","pokemon_move_method_id":"3","level":"0","pokemon_id":"137"}{"order":"","version_group_id":"10","move_id":"363","pokemon_move_method_id":"4","level":"0","pokemon_id":"137"}{"order":"","version_group_id":"10","move_id":"387","pokemon_move_method_id":"3","level":"0","pokemon_id":"137"}{"order":"","version_group_id":"10","move_id":"393","pokemon_move_method_id":"1","level":"23","pokemon_id":"137"}{"order":"","version_group_id":"10","move_id":"416","pokemon_move_method_id":"4","level":"0","pokemon_id":"137"}{"order":"","version_group_id":"10","move_id":"428","pokemon_move_method_id":"3","level":"0","pokemon_id":"137"}{"order":"","version_group_id":"10","move_id":"433","pokemon_move_method_id":"4","level":"0","pokemon_id":"137"}{"order":"","version_group_id":"10","move_id":"435","pokemon_move_method_id":"1","level":"40","pokemon_id":"137"}{"order":"","version_group_id":"10","move_id":"451","pokemon_move_method_id":"4","level":"0","pokemon_id":"137"}{"order":"2","version_group_id":"11","move_id":"33","pokemon_move_method_id":"1","level":"1","pokemon_id":"137"}{"order":"","version_group_id":"11","move_id":"58","pokemon_move_method_id":"4","level":"0","pokemon_id":"137"}{"order":"","version_group_id":"11","move_id":"59","pokemon_move_method_id":"4","level":"0","pokemon_id":"137"}{"order":"","version_group_id":"11","move_id":"60","pokemon_move_method_id":"1","level":"7","pokemon_id":"137"}{"order":"","version_group_id":"11","move_id":"63","pokemon_move_method_id":"4","level":"0","pokemon_id":"137"}{"order":"","version_group_id":"11","move_id":"76","pokemon_move_method_id":"4","level":"0","pokemon_id":"137"}{"order":"","version_group_id":"11","move_id":"85","pokemon_move_method_id":"4","level":"0","pokemon_id":"137"}{"order":"","version_group_id":"11","move_id":"86","pokemon_move_method_id":"4","level":"0","pokemon_id":"137"}{"order":"","version_group_id":"11","move_id":"87","pokemon_move_method_id":"4","level":"0","pokemon_id":"137"}{"order":"","version_group_id":"11","move_id":"92","pokemon_move_method_id":"4","level":"0","pokemon_id":"137"}{"order":"","version_group_id":"11","move_id":"94","pokemon_move_method_id":"4","level":"0","pokemon_id":"137"}{"order":"","version_group_id":"11","move_id":"97","pokemon_move_method_id":"1","level":"12","pokemon_id":"137"}{"order":"","version_group_id":"11","move_id":"104","pokemon_move_method_id":"4","level":"0","pokemon_id":"137"}{"order":"","version_group_id":"11","move_id":"105","pokemon_move_method_id":"1","level":"18","pokemon_id":"137"}{"order":"","version_group_id":"11","move_id":"138","pokemon_move_method_id":"4","level":"0","pokemon_id":"137"}{"order":"","version_group_id":"11","move_id":"148","pokemon_move_method_id":"4","level":"0","pokemon_id":"137"}{"order":"","version_group_id":"11","move_id":"156","pokemon_move_method_id":"4","level":"0","pokemon_id":"137"}{"order":"4","version_group_id":"11","move_id":"159","pokemon_move_method_id":"1","level":"1","pokemon_id":"137"}{"order":"3","version_group_id":"11","move_id":"160","pokemon_move_method_id":"1","level":"1","pokemon_id":"137"}{"order":"","version_group_id":"11","move_id":"161","pokemon_move_method_id":"1","level":"51","pokemon_id":"137"}{"order":"","version_group_id":"11","move_id":"164","pokemon_move_method_id":"4","level":"0","pokemon_id":"137"}{"order":"","version_group_id":"11","move_id":"168","pokemon_move_method_id":"4","level":"0","pokemon_id":"137"}{"order":"1","version_group_id":"11","move_id":"176","pokemon_move_method_id":"1","level":"1","pokemon_id":"137"}{"order":"","version_group_id":"11","move_id":"182","pokemon_move_method_id":"4","level":"0","pokemon_id":"137"}{"order":"","version_group_id":"11","move_id":"192","pokemon_move_method_id":"1","level":"62","pokemon_id":"137"}{"order":"","version_group_id":"11","move_id":"199","pokemon_move_method_id":"1","level":"45","pokemon_id":"137"}{"order":"","version_group_id":"11","move_id":"207","pokemon_move_method_id":"4","level":"0","pokemon_id":"137"}{"order":"","version_group_id":"11","move_id":"216","pokemon_move_method_id":"4","level":"0","pokemon_id":"137"}{"order":"","version_group_id":"11","move_id":"218","pokemon_move_method_id":"4","level":"0","pokemon_id":"137"}{"order":"","version_group_id":"11","move_id":"237","pokemon_move_method_id":"4","level":"0","pokemon_id":"137"}{"order":"","version_group_id":"11","move_id":"240","pokemon_move_method_id":"4","level":"0","pokemon_id":"137"}{"order":"","version_group_id":"11","move_id":"241","pokemon_move_method_id":"4","level":"0","pokemon_id":"137"}{"order":"","version_group_id":"11","move_id":"244","pokemon_move_method_id":"4","level":"0","pokemon_id":"137"}{"order":"","version_group_id":"11","move_id":"247","pokemon_move_method_id":"4","level":"0","pokemon_id":"137"}{"order":"","version_group_id":"11","move_id":"263","pokemon_move_method_id":"4","level":"0","pokemon_id":"137"}{"order":"","version_group_id":"11","move_id":"277","pokemon_move_method_id":"1","level":"56","pokemon_id":"137"}{"order":"","version_group_id":"11","move_id":"278","pokemon_move_method_id":"1","level":"34","pokemon_id":"137"}{"order":"","version_group_id":"11","move_id":"324","pokemon_move_method_id":"1","level":"29","pokemon_id":"137"}{"order":"","version_group_id":"11","move_id":"332","pokemon_move_method_id":"4","level":"0","pokemon_id":"137"}{"order":"","version_group_id":"11","move_id":"393","pokemon_move_method_id":"1","level":"23","pokemon_id":"137"}{"order":"","version_group_id":"11","move_id":"416","pokemon_move_method_id":"4","level":"0","pokemon_id":"137"}{"order":"","version_group_id":"11","move_id":"433","pokemon_move_method_id":"4","level":"0","pokemon_id":"137"}{"order":"","version_group_id":"11","move_id":"435","pokemon_move_method_id":"1","level":"40","pokemon_id":"137"}{"order":"","version_group_id":"11","move_id":"451","pokemon_move_method_id":"4","level":"0","pokemon_id":"137"}{"order":"","version_group_id":"11","move_id":"473","pokemon_move_method_id":"4","level":"0","pokemon_id":"137"}{"order":"","version_group_id":"11","move_id":"496","pokemon_move_method_id":"4","level":"0","pokemon_id":"137"}{"order":"2","version_group_id":"12","move_id":"33","pokemon_move_method_id":"1","level":"1","pokemon_id":"137"}{"order":"","version_group_id":"12","move_id":"58","pokemon_move_method_id":"4","level":"0","pokemon_id":"137"}{"order":"","version_group_id":"12","move_id":"59","pokemon_move_method_id":"4","level":"0","pokemon_id":"137"}{"order":"","version_group_id":"12","move_id":"60","pokemon_move_method_id":"1","level":"12","pokemon_id":"137"}{"order":"","version_group_id":"12","move_id":"63","pokemon_move_method_id":"4","level":"0","pokemon_id":"137"}{"order":"","version_group_id":"12","move_id":"76","pokemon_move_method_id":"4","level":"0","pokemon_id":"137"}{"order":"","version_group_id":"12","move_id":"85","pokemon_move_method_id":"4","level":"0","pokemon_id":"137"}{"order":"","version_group_id":"12","move_id":"87","pokemon_move_method_id":"4","level":"0","pokemon_id":"137"}{"order":"","version_group_id":"12","move_id":"92","pokemon_move_method_id":"4","level":"0","pokemon_id":"137"}{"order":"","version_group_id":"12","move_id":"94","pokemon_move_method_id":"4","level":"0","pokemon_id":"137"}{"order":"","version_group_id":"12","move_id":"97","pokemon_move_method_id":"1","level":"9","pokemon_id":"137"}{"order":"","version_group_id":"12","move_id":"104","pokemon_move_method_id":"4","level":"0","pokemon_id":"137"}{"order":"","version_group_id":"12","move_id":"105","pokemon_move_method_id":"1","level":"20","pokemon_id":"137"}{"order":"","version_group_id":"12","move_id":"148","pokemon_move_method_id":"4","level":"0","pokemon_id":"137"}{"order":"","version_group_id":"12","move_id":"156","pokemon_move_method_id":"4","level":"0","pokemon_id":"137"}{"order":"","version_group_id":"12","move_id":"159","pokemon_move_method_id":"1","level":"24","pokemon_id":"137"}{"order":"3","version_group_id":"12","move_id":"160","pokemon_move_method_id":"1","level":"1","pokemon_id":"137"}{"order":"","version_group_id":"12","move_id":"161","pokemon_move_method_id":"1","level":"36","pokemon_id":"137"}{"order":"","version_group_id":"12","move_id":"168","pokemon_move_method_id":"4","level":"0","pokemon_id":"137"}{"order":"1","version_group_id":"12","move_id":"176","pokemon_move_method_id":"1","level":"1","pokemon_id":"137"}{"order":"","version_group_id":"12","move_id":"182","pokemon_move_method_id":"4","level":"0","pokemon_id":"137"}{"order":"","version_group_id":"12","move_id":"192","pokemon_move_method_id":"1","level":"48","pokemon_id":"137"}{"order":"","version_group_id":"12","move_id":"199","pokemon_move_method_id":"1","level":"32","pokemon_id":"137"}{"order":"","version_group_id":"12","move_id":"216","pokemon_move_method_id":"4","level":"0","pokemon_id":"137"}{"order":"","version_group_id":"12","move_id":"218","pokemon_move_method_id":"4","level":"0","pokemon_id":"137"}{"order":"","version_group_id":"12","move_id":"231","pokemon_move_method_id":"4","level":"0","pokemon_id":"137"}{"order":"","version_group_id":"12","move_id":"237","pokemon_move_method_id":"4","level":"0","pokemon_id":"137"}{"order":"","version_group_id":"12","move_id":"240","pokemon_move_method_id":"4","level":"0","pokemon_id":"137"}{"order":"","version_group_id":"12","move_id":"241","pokemon_move_method_id":"4","level":"0","pokemon_id":"137"}{"order":"","version_group_id":"12","move_id":"247","pokemon_move_method_id":"4","level":"0","pokemon_id":"137"}{"order":"","version_group_id":"12","move_id":"263","pokemon_move_method_id":"4","level":"0","pokemon_id":"137"}{"order":"","version_group_id":"12","move_id":"278","pokemon_move_method_id":"1","level":"44","pokemon_id":"137"}{"order":"","version_group_id":"12","move_id":"290","pokemon_move_method_id":"4","level":"0","pokemon_id":"137"}{"order":"","version_group_id":"12","move_id":"332","pokemon_move_method_id":"4","level":"0","pokemon_id":"137"}{"order":"","version_group_id":"12","move_id":"351","pokemon_move_method_id":"4","level":"0","pokemon_id":"137"}{"order":"2","version_group_id":"13","move_id":"33","pokemon_move_method_id":"1","level":"1","pokemon_id":"137"}{"order":"","version_group_id":"13","move_id":"38","pokemon_move_method_id":"3","level":"0","pokemon_id":"137"}{"order":"","version_group_id":"13","move_id":"58","pokemon_move_method_id":"4","level":"0","pokemon_id":"137"}{"order":"","version_group_id":"13","move_id":"59","pokemon_move_method_id":"4","level":"0","pokemon_id":"137"}{"order":"","version_group_id":"13","move_id":"60","pokemon_move_method_id":"1","level":"12","pokemon_id":"137"}{"order":"","version_group_id":"13","move_id":"63","pokemon_move_method_id":"4","level":"0","pokemon_id":"137"}{"order":"","version_group_id":"13","move_id":"76","pokemon_move_method_id":"4","level":"0","pokemon_id":"137"}{"order":"","version_group_id":"13","move_id":"85","pokemon_move_method_id":"4","level":"0","pokemon_id":"137"}{"order":"","version_group_id":"13","move_id":"86","pokemon_move_method_id":"3","level":"0","pokemon_id":"137"}{"order":"","version_group_id":"13","move_id":"87","pokemon_move_method_id":"4","level":"0","pokemon_id":"137"}{"order":"","version_group_id":"13","move_id":"92","pokemon_move_method_id":"4","level":"0","pokemon_id":"137"}{"order":"","version_group_id":"13","move_id":"94","pokemon_move_method_id":"4","level":"0","pokemon_id":"137"}{"order":"","version_group_id":"13","move_id":"97","pokemon_move_method_id":"1","level":"9","pokemon_id":"137"}{"order":"","version_group_id":"13","move_id":"102","pokemon_move_method_id":"3","level":"0","pokemon_id":"137"}{"order":"","version_group_id":"13","move_id":"104","pokemon_move_method_id":"4","level":"0","pokemon_id":"137"}{"order":"","version_group_id":"13","move_id":"105","pokemon_move_method_id":"1","level":"20","pokemon_id":"137"}{"order":"","version_group_id":"13","move_id":"138","pokemon_move_method_id":"3","level":"0","pokemon_id":"137"}{"order":"","version_group_id":"13","move_id":"148","pokemon_move_method_id":"4","level":"0","pokemon_id":"137"}{"order":"","version_group_id":"13","move_id":"156","pokemon_move_method_id":"4","level":"0","pokemon_id":"137"}{"order":"","version_group_id":"13","move_id":"159","pokemon_move_method_id":"1","level":"24","pokemon_id":"137"}{"order":"3","version_group_id":"13","move_id":"160","pokemon_move_method_id":"1","level":"1","pokemon_id":"137"}{"order":"","version_group_id":"13","move_id":"161","pokemon_move_method_id":"1","level":"36","pokemon_id":"137"}{"order":"","version_group_id":"13","move_id":"164","pokemon_move_method_id":"3","level":"0","pokemon_id":"137"}{"order":"","version_group_id":"13","move_id":"168","pokemon_move_method_id":"4","level":"0","pokemon_id":"137"}{"order":"","version_group_id":"13","move_id":"171","pokemon_move_method_id":"3","level":"0","pokemon_id":"137"}{"order":"1","version_group_id":"13","move_id":"176","pokemon_move_method_id":"1","level":"1","pokemon_id":"137"}{"order":"","version_group_id":"13","move_id":"182","pokemon_move_method_id":"4","level":"0","pokemon_id":"137"}{"order":"","version_group_id":"13","move_id":"192","pokemon_move_method_id":"1","level":"48","pokemon_id":"137"}{"order":"","version_group_id":"13","move_id":"196","pokemon_move_method_id":"3","level":"0","pokemon_id":"137"}{"order":"","version_group_id":"13","move_id":"199","pokemon_move_method_id":"1","level":"32","pokemon_id":"137"}{"order":"","version_group_id":"13","move_id":"207","pokemon_move_method_id":"3","level":"0","pokemon_id":"137"}{"order":"","version_group_id":"13","move_id":"216","pokemon_move_method_id":"4","level":"0","pokemon_id":"137"}{"order":"","version_group_id":"13","move_id":"218","pokemon_move_method_id":"4","level":"0","pokemon_id":"137"}{"order":"","version_group_id":"13","move_id":"231","pokemon_move_method_id":"4","level":"0","pokemon_id":"137"}{"order":"","version_group_id":"13","move_id":"237","pokemon_move_method_id":"4","level":"0","pokemon_id":"137"}{"order":"","version_group_id":"13","move_id":"240","pokemon_move_method_id":"4","level":"0","pokemon_id":"137"}{"order":"","version_group_id":"13","move_id":"241","pokemon_move_method_id":"4","level":"0","pokemon_id":"137"}{"order":"","version_group_id":"13","move_id":"247","pokemon_move_method_id":"4","level":"0","pokemon_id":"137"}{"order":"","version_group_id":"13","move_id":"263","pokemon_move_method_id":"4","level":"0","pokemon_id":"137"}{"order":"","version_group_id":"13","move_id":"278","pokemon_move_method_id":"1","level":"44","pokemon_id":"137"}{"order":"","version_group_id":"13","move_id":"290","pokemon_move_method_id":"4","level":"0","pokemon_id":"137"}{"order":"","version_group_id":"13","move_id":"332","pokemon_move_method_id":"4","level":"0","pokemon_id":"137"}{"order":"","version_group_id":"13","move_id":"351","pokemon_move_method_id":"4","level":"0","pokemon_id":"137"}{"order":"2","version_group_id":"14","move_id":"33","pokemon_move_method_id":"1","level":"1","pokemon_id":"137"}{"order":"","version_group_id":"14","move_id":"58","pokemon_move_method_id":"4","level":"0","pokemon_id":"137"}{"order":"","version_group_id":"14","move_id":"59","pokemon_move_method_id":"4","level":"0","pokemon_id":"137"}{"order":"","version_group_id":"14","move_id":"60","pokemon_move_method_id":"1","level":"7","pokemon_id":"137"}{"order":"","version_group_id":"14","move_id":"63","pokemon_move_method_id":"4","level":"0","pokemon_id":"137"}{"order":"","version_group_id":"14","move_id":"76","pokemon_move_method_id":"4","level":"0","pokemon_id":"137"}{"order":"","version_group_id":"14","move_id":"85","pokemon_move_method_id":"4","level":"0","pokemon_id":"137"}{"order":"","version_group_id":"14","move_id":"86","pokemon_move_method_id":"4","level":"0","pokemon_id":"137"}{"order":"","version_group_id":"14","move_id":"87","pokemon_move_method_id":"4","level":"0","pokemon_id":"137"}{"order":"","version_group_id":"14","move_id":"92","pokemon_move_method_id":"4","level":"0","pokemon_id":"137"}{"order":"","version_group_id":"14","move_id":"94","pokemon_move_method_id":"4","level":"0","pokemon_id":"137"}{"order":"","version_group_id":"14","move_id":"97","pokemon_move_method_id":"1","level":"12","pokemon_id":"137"}{"order":"","version_group_id":"14","move_id":"104","pokemon_move_method_id":"4","level":"0","pokemon_id":"137"}{"order":"","version_group_id":"14","move_id":"105","pokemon_move_method_id":"1","level":"18","pokemon_id":"137"}{"order":"","version_group_id":"14","move_id":"138","pokemon_move_method_id":"4","level":"0","pokemon_id":"137"}{"order":"","version_group_id":"14","move_id":"148","pokemon_move_method_id":"4","level":"0","pokemon_id":"137"}{"order":"","version_group_id":"14","move_id":"156","pokemon_move_method_id":"4","level":"0","pokemon_id":"137"}{"order":"4","version_group_id":"14","move_id":"159","pokemon_move_method_id":"1","level":"1","pokemon_id":"137"}{"order":"3","version_group_id":"14","move_id":"160","pokemon_move_method_id":"1","level":"1","pokemon_id":"137"}{"order":"","version_group_id":"14","move_id":"161","pokemon_move_method_id":"1","level":"51","pokemon_id":"137"}{"order":"","version_group_id":"14","move_id":"164","pokemon_move_method_id":"4","level":"0","pokemon_id":"137"}{"order":"","version_group_id":"14","move_id":"168","pokemon_move_method_id":"4","level":"0","pokemon_id":"137"}{"order":"","version_group_id":"14","move_id":"173","pokemon_move_method_id":"3","level":"0","pokemon_id":"137"}{"order":"1","version_group_id":"14","move_id":"176","pokemon_move_method_id":"1","level":"1","pokemon_id":"137"}{"order":"","version_group_id":"14","move_id":"182","pokemon_move_method_id":"4","level":"0","pokemon_id":"137"}{"order":"","version_group_id":"14","move_id":"192","pokemon_move_method_id":"1","level":"62","pokemon_id":"137"}{"order":"","version_group_id":"14","move_id":"196","pokemon_move_method_id":"3","level":"0","pokemon_id":"137"}{"order":"","version_group_id":"14","move_id":"199","pokemon_move_method_id":"1","level":"45","pokemon_id":"137"}{"order":"","version_group_id":"14","move_id":"207","pokemon_move_method_id":"4","level":"0","pokemon_id":"137"}{"order":"","version_group_id":"14","move_id":"214","pokemon_move_method_id":"3","level":"0","pokemon_id":"137"}{"order":"","version_group_id":"14","move_id":"216","pokemon_move_method_id":"4","level":"0","pokemon_id":"137"}{"order":"","version_group_id":"14","move_id":"218","pokemon_move_method_id":"4","level":"0","pokemon_id":"137"}{"order":"","version_group_id":"14","move_id":"220","pokemon_move_method_id":"3","level":"0","pokemon_id":"137"}{"order":"","version_group_id":"14","move_id":"231","pokemon_move_method_id":"3","level":"0","pokemon_id":"137"}{"order":"","version_group_id":"14","move_id":"237","pokemon_move_method_id":"4","level":"0","pokemon_id":"137"}{"order":"","version_group_id":"14","move_id":"240","pokemon_move_method_id":"4","level":"0","pokemon_id":"137"}{"order":"","version_group_id":"14","move_id":"241","pokemon_move_method_id":"4","level":"0","pokemon_id":"137"}{"order":"","version_group_id":"14","move_id":"244","pokemon_move_method_id":"4","level":"0","pokemon_id":"137"}{"order":"","version_group_id":"14","move_id":"247","pokemon_move_method_id":"4","level":"0","pokemon_id":"137"}{"order":"","version_group_id":"14","move_id":"263","pokemon_move_method_id":"4","level":"0","pokemon_id":"137"}{"order":"","version_group_id":"14","move_id":"271","pokemon_move_method_id":"3","level":"0","pokemon_id":"137"}{"order":"","version_group_id":"14","move_id":"277","pokemon_move_method_id":"1","level":"56","pokemon_id":"137"}{"order":"","version_group_id":"14","move_id":"277","pokemon_move_method_id":"3","level":"0","pokemon_id":"137"}{"order":"","version_group_id":"14","move_id":"278","pokemon_move_method_id":"1","level":"34","pokemon_id":"137"}{"order":"","version_group_id":"14","move_id":"278","pokemon_move_method_id":"3","level":"0","pokemon_id":"137"}{"order":"","version_group_id":"14","move_id":"324","pokemon_move_method_id":"1","level":"29","pokemon_id":"137"}{"order":"","version_group_id":"14","move_id":"324","pokemon_move_method_id":"3","level":"0","pokemon_id":"137"}{"order":"","version_group_id":"14","move_id":"332","pokemon_move_method_id":"4","level":"0","pokemon_id":"137"}{"order":"","version_group_id":"14","move_id":"356","pokemon_move_method_id":"3","level":"0","pokemon_id":"137"}{"order":"","version_group_id":"14","move_id":"387","pokemon_move_method_id":"3","level":"0","pokemon_id":"137"}{"order":"","version_group_id":"14","move_id":"393","pokemon_move_method_id":"1","level":"23","pokemon_id":"137"}{"order":"","version_group_id":"14","move_id":"393","pokemon_move_method_id":"3","level":"0","pokemon_id":"137"}{"order":"","version_group_id":"14","move_id":"416","pokemon_move_method_id":"4","level":"0","pokemon_id":"137"}{"order":"","version_group_id":"14","move_id":"428","pokemon_move_method_id":"3","level":"0","pokemon_id":"137"}{"order":"","version_group_id":"14","move_id":"433","pokemon_move_method_id":"4","level":"0","pokemon_id":"137"}{"order":"","version_group_id":"14","move_id":"435","pokemon_move_method_id":"1","level":"40","pokemon_id":"137"}{"order":"","version_group_id":"14","move_id":"451","pokemon_move_method_id":"4","level":"0","pokemon_id":"137"}{"order":"","version_group_id":"14","move_id":"472","pokemon_move_method_id":"3","level":"0","pokemon_id":"137"}{"order":"","version_group_id":"14","move_id":"473","pokemon_move_method_id":"4","level":"0","pokemon_id":"137"}{"order":"","version_group_id":"14","move_id":"492","pokemon_move_method_id":"3","level":"0","pokemon_id":"137"}{"order":"","version_group_id":"14","move_id":"496","pokemon_move_method_id":"4","level":"0","pokemon_id":"137"}{"order":"","version_group_id":"14","move_id":"527","pokemon_move_method_id":"3","level":"0","pokemon_id":"137"}