{"order":"","version_group_id":"1","move_id":"30","pokemon_move_method_id":"1","level":"24","pokemon_id":"118"}{"order":"","version_group_id":"1","move_id":"31","pokemon_move_method_id":"1","level":"30","pokemon_id":"118"}{"order":"","version_group_id":"1","move_id":"32","pokemon_move_method_id":"1","level":"45","pokemon_id":"118"}{"order":"","version_group_id":"1","move_id":"32","pokemon_move_method_id":"4","level":"0","pokemon_id":"118"}{"order":"","version_group_id":"1","move_id":"36","pokemon_move_method_id":"4","level":"0","pokemon_id":"118"}{"order":"","version_group_id":"1","move_id":"38","pokemon_move_method_id":"4","level":"0","pokemon_id":"118"}{"order":"2","version_group_id":"1","move_id":"39","pokemon_move_method_id":"1","level":"1","pokemon_id":"118"}{"order":"","version_group_id":"1","move_id":"48","pokemon_move_method_id":"1","level":"19","pokemon_id":"118"}{"order":"","version_group_id":"1","move_id":"55","pokemon_move_method_id":"4","level":"0","pokemon_id":"118"}{"order":"","version_group_id":"1","move_id":"57","pokemon_move_method_id":"4","level":"0","pokemon_id":"118"}{"order":"","version_group_id":"1","move_id":"58","pokemon_move_method_id":"4","level":"0","pokemon_id":"118"}{"order":"","version_group_id":"1","move_id":"59","pokemon_move_method_id":"4","level":"0","pokemon_id":"118"}{"order":"","version_group_id":"1","move_id":"61","pokemon_move_method_id":"4","level":"0","pokemon_id":"118"}{"order":"1","version_group_id":"1","move_id":"64","pokemon_move_method_id":"1","level":"1","pokemon_id":"118"}{"order":"","version_group_id":"1","move_id":"92","pokemon_move_method_id":"4","level":"0","pokemon_id":"118"}{"order":"","version_group_id":"1","move_id":"97","pokemon_move_method_id":"1","level":"54","pokemon_id":"118"}{"order":"","version_group_id":"1","move_id":"99","pokemon_move_method_id":"4","level":"0","pokemon_id":"118"}{"order":"","version_group_id":"1","move_id":"102","pokemon_move_method_id":"4","level":"0","pokemon_id":"118"}{"order":"","version_group_id":"1","move_id":"104","pokemon_move_method_id":"4","level":"0","pokemon_id":"118"}{"order":"","version_group_id":"1","move_id":"117","pokemon_move_method_id":"4","level":"0","pokemon_id":"118"}{"order":"","version_group_id":"1","move_id":"127","pokemon_move_method_id":"1","level":"37","pokemon_id":"118"}{"order":"","version_group_id":"1","move_id":"129","pokemon_move_method_id":"4","level":"0","pokemon_id":"118"}{"order":"","version_group_id":"1","move_id":"130","pokemon_move_method_id":"4","level":"0","pokemon_id":"118"}{"order":"","version_group_id":"1","move_id":"156","pokemon_move_method_id":"4","level":"0","pokemon_id":"118"}{"order":"","version_group_id":"1","move_id":"164","pokemon_move_method_id":"4","level":"0","pokemon_id":"118"}{"order":"","version_group_id":"2","move_id":"30","pokemon_move_method_id":"1","level":"24","pokemon_id":"118"}{"order":"","version_group_id":"2","move_id":"31","pokemon_move_method_id":"1","level":"30","pokemon_id":"118"}{"order":"","version_group_id":"2","move_id":"32","pokemon_move_method_id":"1","level":"45","pokemon_id":"118"}{"order":"","version_group_id":"2","move_id":"32","pokemon_move_method_id":"4","level":"0","pokemon_id":"118"}{"order":"","version_group_id":"2","move_id":"36","pokemon_move_method_id":"4","level":"0","pokemon_id":"118"}{"order":"","version_group_id":"2","move_id":"38","pokemon_move_method_id":"4","level":"0","pokemon_id":"118"}{"order":"2","version_group_id":"2","move_id":"39","pokemon_move_method_id":"1","level":"1","pokemon_id":"118"}{"order":"","version_group_id":"2","move_id":"48","pokemon_move_method_id":"1","level":"19","pokemon_id":"118"}{"order":"","version_group_id":"2","move_id":"55","pokemon_move_method_id":"4","level":"0","pokemon_id":"118"}{"order":"","version_group_id":"2","move_id":"57","pokemon_move_method_id":"4","level":"0","pokemon_id":"118"}{"order":"","version_group_id":"2","move_id":"58","pokemon_move_method_id":"4","level":"0","pokemon_id":"118"}{"order":"","version_group_id":"2","move_id":"59","pokemon_move_method_id":"4","level":"0","pokemon_id":"118"}{"order":"","version_group_id":"2","move_id":"61","pokemon_move_method_id":"4","level":"0","pokemon_id":"118"}{"order":"1","version_group_id":"2","move_id":"64","pokemon_move_method_id":"1","level":"1","pokemon_id":"118"}{"order":"","version_group_id":"2","move_id":"92","pokemon_move_method_id":"4","level":"0","pokemon_id":"118"}{"order":"","version_group_id":"2","move_id":"97","pokemon_move_method_id":"1","level":"54","pokemon_id":"118"}{"order":"","version_group_id":"2","move_id":"99","pokemon_move_method_id":"4","level":"0","pokemon_id":"118"}{"order":"","version_group_id":"2","move_id":"102","pokemon_move_method_id":"4","level":"0","pokemon_id":"118"}{"order":"","version_group_id":"2","move_id":"104","pokemon_move_method_id":"4","level":"0","pokemon_id":"118"}{"order":"","version_group_id":"2","move_id":"117","pokemon_move_method_id":"4","level":"0","pokemon_id":"118"}{"order":"","version_group_id":"2","move_id":"127","pokemon_move_method_id":"1","level":"37","pokemon_id":"118"}{"order":"","version_group_id":"2","move_id":"129","pokemon_move_method_id":"4","level":"0","pokemon_id":"118"}{"order":"","version_group_id":"2","move_id":"130","pokemon_move_method_id":"4","level":"0","pokemon_id":"118"}{"order":"","version_group_id":"2","move_id":"156","pokemon_move_method_id":"4","level":"0","pokemon_id":"118"}{"order":"","version_group_id":"2","move_id":"164","pokemon_move_method_id":"4","level":"0","pokemon_id":"118"}{"order":"","version_group_id":"3","move_id":"30","pokemon_move_method_id":"1","level":"15","pokemon_id":"118"}{"order":"","version_group_id":"3","move_id":"31","pokemon_move_method_id":"1","level":"29","pokemon_id":"118"}{"order":"","version_group_id":"3","move_id":"32","pokemon_move_method_id":"1","level":"43","pokemon_id":"118"}{"order":"2","version_group_id":"3","move_id":"39","pokemon_move_method_id":"1","level":"1","pokemon_id":"118"}{"order":"","version_group_id":"3","move_id":"48","pokemon_move_method_id":"1","level":"10","pokemon_id":"118"}{"order":"","version_group_id":"3","move_id":"56","pokemon_move_method_id":"2","level":"0","pokemon_id":"118"}{"order":"","version_group_id":"3","move_id":"57","pokemon_move_method_id":"4","level":"0","pokemon_id":"118"}{"order":"","version_group_id":"3","move_id":"59","pokemon_move_method_id":"4","level":"0","pokemon_id":"118"}{"order":"","version_group_id":"3","move_id":"60","pokemon_move_method_id":"2","level":"0","pokemon_id":"118"}{"order":"1","version_group_id":"3","move_id":"64","pokemon_move_method_id":"1","level":"1","pokemon_id":"118"}{"order":"","version_group_id":"3","move_id":"92","pokemon_move_method_id":"4","level":"0","pokemon_id":"118"}{"order":"","version_group_id":"3","move_id":"97","pokemon_move_method_id":"1","level":"52","pokemon_id":"118"}{"order":"","version_group_id":"3","move_id":"104","pokemon_move_method_id":"4","level":"0","pokemon_id":"118"}{"order":"","version_group_id":"3","move_id":"114","pokemon_move_method_id":"2","level":"0","pokemon_id":"118"}{"order":"","version_group_id":"3","move_id":"127","pokemon_move_method_id":"1","level":"38","pokemon_id":"118"}{"order":"","version_group_id":"3","move_id":"127","pokemon_move_method_id":"4","level":"0","pokemon_id":"118"}{"order":"","version_group_id":"3","move_id":"129","pokemon_move_method_id":"4","level":"0","pokemon_id":"118"}{"order":"","version_group_id":"3","move_id":"156","pokemon_move_method_id":"4","level":"0","pokemon_id":"118"}{"order":"","version_group_id":"3","move_id":"173","pokemon_move_method_id":"4","level":"0","pokemon_id":"118"}{"order":"","version_group_id":"3","move_id":"174","pokemon_move_method_id":"4","level":"0","pokemon_id":"118"}{"order":"","version_group_id":"3","move_id":"175","pokemon_move_method_id":"1","level":"24","pokemon_id":"118"}{"order":"","version_group_id":"3","move_id":"182","pokemon_move_method_id":"4","level":"0","pokemon_id":"118"}{"order":"","version_group_id":"3","move_id":"196","pokemon_move_method_id":"4","level":"0","pokemon_id":"118"}{"order":"","version_group_id":"3","move_id":"203","pokemon_move_method_id":"4","level":"0","pokemon_id":"118"}{"order":"","version_group_id":"3","move_id":"207","pokemon_move_method_id":"4","level":"0","pokemon_id":"118"}{"order":"","version_group_id":"3","move_id":"213","pokemon_move_method_id":"4","level":"0","pokemon_id":"118"}{"order":"","version_group_id":"3","move_id":"214","pokemon_move_method_id":"4","level":"0","pokemon_id":"118"}{"order":"","version_group_id":"3","move_id":"216","pokemon_move_method_id":"4","level":"0","pokemon_id":"118"}{"order":"","version_group_id":"3","move_id":"218","pokemon_move_method_id":"4","level":"0","pokemon_id":"118"}{"order":"","version_group_id":"3","move_id":"237","pokemon_move_method_id":"4","level":"0","pokemon_id":"118"}{"order":"","version_group_id":"3","move_id":"240","pokemon_move_method_id":"4","level":"0","pokemon_id":"118"}{"order":"","version_group_id":"4","move_id":"30","pokemon_move_method_id":"1","level":"15","pokemon_id":"118"}{"order":"","version_group_id":"4","move_id":"31","pokemon_move_method_id":"1","level":"29","pokemon_id":"118"}{"order":"","version_group_id":"4","move_id":"32","pokemon_move_method_id":"1","level":"43","pokemon_id":"118"}{"order":"2","version_group_id":"4","move_id":"39","pokemon_move_method_id":"1","level":"1","pokemon_id":"118"}{"order":"","version_group_id":"4","move_id":"48","pokemon_move_method_id":"1","level":"10","pokemon_id":"118"}{"order":"","version_group_id":"4","move_id":"56","pokemon_move_method_id":"2","level":"0","pokemon_id":"118"}{"order":"","version_group_id":"4","move_id":"57","pokemon_move_method_id":"4","level":"0","pokemon_id":"118"}{"order":"","version_group_id":"4","move_id":"58","pokemon_move_method_id":"3","level":"0","pokemon_id":"118"}{"order":"","version_group_id":"4","move_id":"59","pokemon_move_method_id":"4","level":"0","pokemon_id":"118"}{"order":"","version_group_id":"4","move_id":"60","pokemon_move_method_id":"2","level":"0","pokemon_id":"118"}{"order":"1","version_group_id":"4","move_id":"64","pokemon_move_method_id":"1","level":"1","pokemon_id":"118"}{"order":"","version_group_id":"4","move_id":"92","pokemon_move_method_id":"4","level":"0","pokemon_id":"118"}{"order":"","version_group_id":"4","move_id":"97","pokemon_move_method_id":"1","level":"52","pokemon_id":"118"}{"order":"","version_group_id":"4","move_id":"104","pokemon_move_method_id":"4","level":"0","pokemon_id":"118"}{"order":"","version_group_id":"4","move_id":"114","pokemon_move_method_id":"2","level":"0","pokemon_id":"118"}{"order":"","version_group_id":"4","move_id":"127","pokemon_move_method_id":"1","level":"38","pokemon_id":"118"}{"order":"","version_group_id":"4","move_id":"127","pokemon_move_method_id":"4","level":"0","pokemon_id":"118"}{"order":"","version_group_id":"4","move_id":"129","pokemon_move_method_id":"4","level":"0","pokemon_id":"118"}{"order":"","version_group_id":"4","move_id":"156","pokemon_move_method_id":"4","level":"0","pokemon_id":"118"}{"order":"","version_group_id":"4","move_id":"173","pokemon_move_method_id":"4","level":"0","pokemon_id":"118"}{"order":"","version_group_id":"4","move_id":"174","pokemon_move_method_id":"4","level":"0","pokemon_id":"118"}{"order":"","version_group_id":"4","move_id":"175","pokemon_move_method_id":"1","level":"24","pokemon_id":"118"}{"order":"","version_group_id":"4","move_id":"182","pokemon_move_method_id":"4","level":"0","pokemon_id":"118"}{"order":"","version_group_id":"4","move_id":"196","pokemon_move_method_id":"4","level":"0","pokemon_id":"118"}{"order":"","version_group_id":"4","move_id":"203","pokemon_move_method_id":"4","level":"0","pokemon_id":"118"}{"order":"","version_group_id":"4","move_id":"207","pokemon_move_method_id":"4","level":"0","pokemon_id":"118"}{"order":"","version_group_id":"4","move_id":"213","pokemon_move_method_id":"4","level":"0","pokemon_id":"118"}{"order":"","version_group_id":"4","move_id":"214","pokemon_move_method_id":"4","level":"0","pokemon_id":"118"}{"order":"","version_group_id":"4","move_id":"216","pokemon_move_method_id":"4","level":"0","pokemon_id":"118"}{"order":"","version_group_id":"4","move_id":"218","pokemon_move_method_id":"4","level":"0","pokemon_id":"118"}{"order":"","version_group_id":"4","move_id":"237","pokemon_move_method_id":"4","level":"0","pokemon_id":"118"}{"order":"","version_group_id":"4","move_id":"240","pokemon_move_method_id":"4","level":"0","pokemon_id":"118"}{"order":"","version_group_id":"5","move_id":"30","pokemon_move_method_id":"1","level":"15","pokemon_id":"118"}{"order":"","version_group_id":"5","move_id":"31","pokemon_move_method_id":"1","level":"29","pokemon_id":"118"}{"order":"","version_group_id":"5","move_id":"32","pokemon_move_method_id":"1","level":"43","pokemon_id":"118"}{"order":"2","version_group_id":"5","move_id":"39","pokemon_move_method_id":"1","level":"1","pokemon_id":"118"}{"order":"","version_group_id":"5","move_id":"48","pokemon_move_method_id":"1","level":"10","pokemon_id":"118"}{"order":"","version_group_id":"5","move_id":"56","pokemon_move_method_id":"2","level":"0","pokemon_id":"118"}{"order":"","version_group_id":"5","move_id":"57","pokemon_move_method_id":"4","level":"0","pokemon_id":"118"}{"order":"","version_group_id":"5","move_id":"58","pokemon_move_method_id":"4","level":"0","pokemon_id":"118"}{"order":"","version_group_id":"5","move_id":"59","pokemon_move_method_id":"4","level":"0","pokemon_id":"118"}{"order":"","version_group_id":"5","move_id":"60","pokemon_move_method_id":"2","level":"0","pokemon_id":"118"}{"order":"1","version_group_id":"5","move_id":"64","pokemon_move_method_id":"1","level":"1","pokemon_id":"118"}{"order":"","version_group_id":"5","move_id":"92","pokemon_move_method_id":"4","level":"0","pokemon_id":"118"}{"order":"","version_group_id":"5","move_id":"97","pokemon_move_method_id":"1","level":"52","pokemon_id":"118"}{"order":"","version_group_id":"5","move_id":"104","pokemon_move_method_id":"4","level":"0","pokemon_id":"118"}{"order":"","version_group_id":"5","move_id":"114","pokemon_move_method_id":"2","level":"0","pokemon_id":"118"}{"order":"","version_group_id":"5","move_id":"127","pokemon_move_method_id":"1","level":"38","pokemon_id":"118"}{"order":"","version_group_id":"5","move_id":"127","pokemon_move_method_id":"4","level":"0","pokemon_id":"118"}{"order":"","version_group_id":"5","move_id":"156","pokemon_move_method_id":"4","level":"0","pokemon_id":"118"}{"order":"","version_group_id":"5","move_id":"175","pokemon_move_method_id":"1","level":"24","pokemon_id":"118"}{"order":"","version_group_id":"5","move_id":"182","pokemon_move_method_id":"4","level":"0","pokemon_id":"118"}{"order":"","version_group_id":"5","move_id":"213","pokemon_move_method_id":"4","level":"0","pokemon_id":"118"}{"order":"","version_group_id":"5","move_id":"214","pokemon_move_method_id":"2","level":"0","pokemon_id":"118"}{"order":"","version_group_id":"5","move_id":"216","pokemon_move_method_id":"4","level":"0","pokemon_id":"118"}{"order":"","version_group_id":"5","move_id":"218","pokemon_move_method_id":"4","level":"0","pokemon_id":"118"}{"order":"","version_group_id":"5","move_id":"237","pokemon_move_method_id":"4","level":"0","pokemon_id":"118"}{"order":"","version_group_id":"5","move_id":"240","pokemon_move_method_id":"4","level":"0","pokemon_id":"118"}{"order":"","version_group_id":"5","move_id":"258","pokemon_move_method_id":"4","level":"0","pokemon_id":"118"}{"order":"","version_group_id":"5","move_id":"263","pokemon_move_method_id":"4","level":"0","pokemon_id":"118"}{"order":"","version_group_id":"5","move_id":"290","pokemon_move_method_id":"4","level":"0","pokemon_id":"118"}{"order":"","version_group_id":"5","move_id":"291","pokemon_move_method_id":"4","level":"0","pokemon_id":"118"}{"order":"","version_group_id":"5","move_id":"300","pokemon_move_method_id":"2","level":"0","pokemon_id":"118"}{"order":"3","version_group_id":"5","move_id":"346","pokemon_move_method_id":"1","level":"1","pokemon_id":"118"}{"order":"","version_group_id":"5","move_id":"352","pokemon_move_method_id":"4","level":"0","pokemon_id":"118"}{"order":"","version_group_id":"6","move_id":"30","pokemon_move_method_id":"1","level":"15","pokemon_id":"118"}{"order":"","version_group_id":"6","move_id":"31","pokemon_move_method_id":"1","level":"29","pokemon_id":"118"}{"order":"","version_group_id":"6","move_id":"32","pokemon_move_method_id":"1","level":"43","pokemon_id":"118"}{"order":"","version_group_id":"6","move_id":"38","pokemon_move_method_id":"3","level":"0","pokemon_id":"118"}{"order":"2","version_group_id":"6","move_id":"39","pokemon_move_method_id":"1","level":"1","pokemon_id":"118"}{"order":"","version_group_id":"6","move_id":"48","pokemon_move_method_id":"1","level":"10","pokemon_id":"118"}{"order":"","version_group_id":"6","move_id":"56","pokemon_move_method_id":"2","level":"0","pokemon_id":"118"}{"order":"","version_group_id":"6","move_id":"57","pokemon_move_method_id":"4","level":"0","pokemon_id":"118"}{"order":"","version_group_id":"6","move_id":"58","pokemon_move_method_id":"4","level":"0","pokemon_id":"118"}{"order":"","version_group_id":"6","move_id":"59","pokemon_move_method_id":"4","level":"0","pokemon_id":"118"}{"order":"","version_group_id":"6","move_id":"60","pokemon_move_method_id":"2","level":"0","pokemon_id":"118"}{"order":"1","version_group_id":"6","move_id":"64","pokemon_move_method_id":"1","level":"1","pokemon_id":"118"}{"order":"","version_group_id":"6","move_id":"92","pokemon_move_method_id":"4","level":"0","pokemon_id":"118"}{"order":"","version_group_id":"6","move_id":"97","pokemon_move_method_id":"1","level":"52","pokemon_id":"118"}{"order":"","version_group_id":"6","move_id":"102","pokemon_move_method_id":"3","level":"0","pokemon_id":"118"}{"order":"","version_group_id":"6","move_id":"104","pokemon_move_method_id":"4","level":"0","pokemon_id":"118"}{"order":"","version_group_id":"6","move_id":"114","pokemon_move_method_id":"2","level":"0","pokemon_id":"118"}{"order":"","version_group_id":"6","move_id":"127","pokemon_move_method_id":"1","level":"38","pokemon_id":"118"}{"order":"","version_group_id":"6","move_id":"127","pokemon_move_method_id":"4","level":"0","pokemon_id":"118"}{"order":"","version_group_id":"6","move_id":"129","pokemon_move_method_id":"3","level":"0","pokemon_id":"118"}{"order":"","version_group_id":"6","move_id":"156","pokemon_move_method_id":"4","level":"0","pokemon_id":"118"}{"order":"","version_group_id":"6","move_id":"164","pokemon_move_method_id":"3","level":"0","pokemon_id":"118"}{"order":"","version_group_id":"6","move_id":"173","pokemon_move_method_id":"3","level":"0","pokemon_id":"118"}{"order":"","version_group_id":"6","move_id":"175","pokemon_move_method_id":"1","level":"24","pokemon_id":"118"}{"order":"","version_group_id":"6","move_id":"182","pokemon_move_method_id":"4","level":"0","pokemon_id":"118"}{"order":"","version_group_id":"6","move_id":"196","pokemon_move_method_id":"3","level":"0","pokemon_id":"118"}{"order":"","version_group_id":"6","move_id":"203","pokemon_move_method_id":"3","level":"0","pokemon_id":"118"}{"order":"","version_group_id":"6","move_id":"207","pokemon_move_method_id":"3","level":"0","pokemon_id":"118"}{"order":"","version_group_id":"6","move_id":"213","pokemon_move_method_id":"4","level":"0","pokemon_id":"118"}{"order":"","version_group_id":"6","move_id":"214","pokemon_move_method_id":"2","level":"0","pokemon_id":"118"}{"order":"","version_group_id":"6","move_id":"214","pokemon_move_method_id":"3","level":"0","pokemon_id":"118"}{"order":"","version_group_id":"6","move_id":"216","pokemon_move_method_id":"4","level":"0","pokemon_id":"118"}{"order":"","version_group_id":"6","move_id":"218","pokemon_move_method_id":"4","level":"0","pokemon_id":"118"}{"order":"","version_group_id":"6","move_id":"237","pokemon_move_method_id":"4","level":"0","pokemon_id":"118"}{"order":"","version_group_id":"6","move_id":"240","pokemon_move_method_id":"4","level":"0","pokemon_id":"118"}{"order":"","version_group_id":"6","move_id":"258","pokemon_move_method_id":"4","level":"0","pokemon_id":"118"}{"order":"","version_group_id":"6","move_id":"263","pokemon_move_method_id":"4","level":"0","pokemon_id":"118"}{"order":"","version_group_id":"6","move_id":"290","pokemon_move_method_id":"4","level":"0","pokemon_id":"118"}{"order":"","version_group_id":"6","move_id":"291","pokemon_move_method_id":"4","level":"0","pokemon_id":"118"}{"order":"","version_group_id":"6","move_id":"300","pokemon_move_method_id":"2","level":"0","pokemon_id":"118"}{"order":"3","version_group_id":"6","move_id":"346","pokemon_move_method_id":"1","level":"1","pokemon_id":"118"}{"order":"","version_group_id":"6","move_id":"352","pokemon_move_method_id":"4","level":"0","pokemon_id":"118"}{"order":"","version_group_id":"7","move_id":"30","pokemon_move_method_id":"1","level":"15","pokemon_id":"118"}{"order":"","version_group_id":"7","move_id":"31","pokemon_move_method_id":"1","level":"29","pokemon_id":"118"}{"order":"","version_group_id":"7","move_id":"32","pokemon_move_method_id":"1","level":"43","pokemon_id":"118"}{"order":"","version_group_id":"7","move_id":"38","pokemon_move_method_id":"3","level":"0","pokemon_id":"118"}{"order":"2","version_group_id":"7","move_id":"39","pokemon_move_method_id":"1","level":"1","pokemon_id":"118"}{"order":"","version_group_id":"7","move_id":"48","pokemon_move_method_id":"1","level":"10","pokemon_id":"118"}{"order":"","version_group_id":"7","move_id":"56","pokemon_move_method_id":"2","level":"0","pokemon_id":"118"}{"order":"","version_group_id":"7","move_id":"57","pokemon_move_method_id":"4","level":"0","pokemon_id":"118"}{"order":"","version_group_id":"7","move_id":"58","pokemon_move_method_id":"4","level":"0","pokemon_id":"118"}{"order":"","version_group_id":"7","move_id":"59","pokemon_move_method_id":"4","level":"0","pokemon_id":"118"}{"order":"","version_group_id":"7","move_id":"60","pokemon_move_method_id":"2","level":"0","pokemon_id":"118"}{"order":"1","version_group_id":"7","move_id":"64","pokemon_move_method_id":"1","level":"1","pokemon_id":"118"}{"order":"","version_group_id":"7","move_id":"92","pokemon_move_method_id":"4","level":"0","pokemon_id":"118"}{"order":"","version_group_id":"7","move_id":"97","pokemon_move_method_id":"1","level":"52","pokemon_id":"118"}{"order":"","version_group_id":"7","move_id":"102","pokemon_move_method_id":"3","level":"0","pokemon_id":"118"}{"order":"","version_group_id":"7","move_id":"104","pokemon_move_method_id":"4","level":"0","pokemon_id":"118"}{"order":"","version_group_id":"7","move_id":"114","pokemon_move_method_id":"2","level":"0","pokemon_id":"118"}{"order":"","version_group_id":"7","move_id":"127","pokemon_move_method_id":"1","level":"38","pokemon_id":"118"}{"order":"","version_group_id":"7","move_id":"127","pokemon_move_method_id":"4","level":"0","pokemon_id":"118"}{"order":"","version_group_id":"7","move_id":"156","pokemon_move_method_id":"4","level":"0","pokemon_id":"118"}{"order":"","version_group_id":"7","move_id":"164","pokemon_move_method_id":"3","level":"0","pokemon_id":"118"}{"order":"","version_group_id":"7","move_id":"175","pokemon_move_method_id":"1","level":"24","pokemon_id":"118"}{"order":"","version_group_id":"7","move_id":"182","pokemon_move_method_id":"4","level":"0","pokemon_id":"118"}{"order":"","version_group_id":"7","move_id":"213","pokemon_move_method_id":"4","level":"0","pokemon_id":"118"}{"order":"","version_group_id":"7","move_id":"214","pokemon_move_method_id":"2","level":"0","pokemon_id":"118"}{"order":"","version_group_id":"7","move_id":"216","pokemon_move_method_id":"4","level":"0","pokemon_id":"118"}{"order":"","version_group_id":"7","move_id":"218","pokemon_move_method_id":"4","level":"0","pokemon_id":"118"}{"order":"","version_group_id":"7","move_id":"224","pokemon_move_method_id":"1","level":"57","pokemon_id":"118"}{"order":"","version_group_id":"7","move_id":"237","pokemon_move_method_id":"4","level":"0","pokemon_id":"118"}{"order":"","version_group_id":"7","move_id":"240","pokemon_move_method_id":"4","level":"0","pokemon_id":"118"}{"order":"","version_group_id":"7","move_id":"258","pokemon_move_method_id":"4","level":"0","pokemon_id":"118"}{"order":"","version_group_id":"7","move_id":"263","pokemon_move_method_id":"4","level":"0","pokemon_id":"118"}{"order":"","version_group_id":"7","move_id":"290","pokemon_move_method_id":"4","level":"0","pokemon_id":"118"}{"order":"","version_group_id":"7","move_id":"291","pokemon_move_method_id":"4","level":"0","pokemon_id":"118"}{"order":"","version_group_id":"7","move_id":"300","pokemon_move_method_id":"2","level":"0","pokemon_id":"118"}{"order":"3","version_group_id":"7","move_id":"346","pokemon_move_method_id":"1","level":"1","pokemon_id":"118"}{"order":"","version_group_id":"7","move_id":"352","pokemon_move_method_id":"4","level":"0","pokemon_id":"118"}{"order":"","version_group_id":"8","move_id":"30","pokemon_move_method_id":"1","level":"11","pokemon_id":"118"}{"order":"","version_group_id":"8","move_id":"31","pokemon_move_method_id":"1","level":"31","pokemon_id":"118"}{"order":"","version_group_id":"8","move_id":"32","pokemon_move_method_id":"1","level":"41","pokemon_id":"118"}{"order":"2","version_group_id":"8","move_id":"39","pokemon_move_method_id":"1","level":"1","pokemon_id":"118"}{"order":"","version_group_id":"8","move_id":"48","pokemon_move_method_id":"1","level":"7","pokemon_id":"118"}{"order":"","version_group_id":"8","move_id":"56","pokemon_move_method_id":"2","level":"0","pokemon_id":"118"}{"order":"","version_group_id":"8","move_id":"57","pokemon_move_method_id":"4","level":"0","pokemon_id":"118"}{"order":"","version_group_id":"8","move_id":"58","pokemon_move_method_id":"4","level":"0","pokemon_id":"118"}{"order":"","version_group_id":"8","move_id":"59","pokemon_move_method_id":"4","level":"0","pokemon_id":"118"}{"order":"","version_group_id":"8","move_id":"60","pokemon_move_method_id":"2","level":"0","pokemon_id":"118"}{"order":"1","version_group_id":"8","move_id":"64","pokemon_move_method_id":"1","level":"1","pokemon_id":"118"}{"order":"","version_group_id":"8","move_id":"92","pokemon_move_method_id":"4","level":"0","pokemon_id":"118"}{"order":"","version_group_id":"8","move_id":"97","pokemon_move_method_id":"1","level":"47","pokemon_id":"118"}{"order":"","version_group_id":"8","move_id":"104","pokemon_move_method_id":"4","level":"0","pokemon_id":"118"}{"order":"","version_group_id":"8","move_id":"114","pokemon_move_method_id":"2","level":"0","pokemon_id":"118"}{"order":"","version_group_id":"8","move_id":"127","pokemon_move_method_id":"1","level":"37","pokemon_id":"118"}{"order":"","version_group_id":"8","move_id":"127","pokemon_move_method_id":"4","level":"0","pokemon_id":"118"}{"order":"","version_group_id":"8","move_id":"156","pokemon_move_method_id":"4","level":"0","pokemon_id":"118"}{"order":"","version_group_id":"8","move_id":"164","pokemon_move_method_id":"4","level":"0","pokemon_id":"118"}{"order":"","version_group_id":"8","move_id":"175","pokemon_move_method_id":"1","level":"21","pokemon_id":"118"}{"order":"","version_group_id":"8","move_id":"182","pokemon_move_method_id":"4","level":"0","pokemon_id":"118"}{"order":"","version_group_id":"8","move_id":"189","pokemon_move_method_id":"2","level":"0","pokemon_id":"118"}{"order":"","version_group_id":"8","move_id":"203","pokemon_move_method_id":"4","level":"0","pokemon_id":"118"}{"order":"","version_group_id":"8","move_id":"207","pokemon_move_method_id":"4","level":"0","pokemon_id":"118"}{"order":"","version_group_id":"8","move_id":"213","pokemon_move_method_id":"4","level":"0","pokemon_id":"118"}{"order":"","version_group_id":"8","move_id":"214","pokemon_move_method_id":"2","level":"0","pokemon_id":"118"}{"order":"","version_group_id":"8","move_id":"214","pokemon_move_method_id":"4","level":"0","pokemon_id":"118"}{"order":"","version_group_id":"8","move_id":"216","pokemon_move_method_id":"4","level":"0","pokemon_id":"118"}{"order":"","version_group_id":"8","move_id":"218","pokemon_move_method_id":"4","level":"0","pokemon_id":"118"}{"order":"","version_group_id":"8","move_id":"224","pokemon_move_method_id":"1","level":"51","pokemon_id":"118"}{"order":"","version_group_id":"8","move_id":"237","pokemon_move_method_id":"4","level":"0","pokemon_id":"118"}{"order":"","version_group_id":"8","move_id":"240","pokemon_move_method_id":"4","level":"0","pokemon_id":"118"}{"order":"","version_group_id":"8","move_id":"258","pokemon_move_method_id":"4","level":"0","pokemon_id":"118"}{"order":"","version_group_id":"8","move_id":"263","pokemon_move_method_id":"4","level":"0","pokemon_id":"118"}{"order":"","version_group_id":"8","move_id":"290","pokemon_move_method_id":"4","level":"0","pokemon_id":"118"}{"order":"","version_group_id":"8","move_id":"300","pokemon_move_method_id":"2","level":"0","pokemon_id":"118"}{"order":"3","version_group_id":"8","move_id":"346","pokemon_move_method_id":"1","level":"1","pokemon_id":"118"}{"order":"","version_group_id":"8","move_id":"352","pokemon_move_method_id":"1","level":"17","pokemon_id":"118"}{"order":"","version_group_id":"8","move_id":"352","pokemon_move_method_id":"4","level":"0","pokemon_id":"118"}{"order":"","version_group_id":"8","move_id":"363","pokemon_move_method_id":"4","level":"0","pokemon_id":"118"}{"order":"","version_group_id":"8","move_id":"392","pokemon_move_method_id":"1","level":"27","pokemon_id":"118"}{"order":"","version_group_id":"8","move_id":"398","pokemon_move_method_id":"4","level":"0","pokemon_id":"118"}{"order":"","version_group_id":"8","move_id":"401","pokemon_move_method_id":"2","level":"0","pokemon_id":"118"}{"order":"","version_group_id":"8","move_id":"445","pokemon_move_method_id":"4","level":"0","pokemon_id":"118"}{"order":"","version_group_id":"9","move_id":"30","pokemon_move_method_id":"1","level":"11","pokemon_id":"118"}{"order":"","version_group_id":"9","move_id":"31","pokemon_move_method_id":"1","level":"31","pokemon_id":"118"}{"order":"","version_group_id":"9","move_id":"32","pokemon_move_method_id":"1","level":"41","pokemon_id":"118"}{"order":"2","version_group_id":"9","move_id":"39","pokemon_move_method_id":"1","level":"1","pokemon_id":"118"}{"order":"","version_group_id":"9","move_id":"48","pokemon_move_method_id":"1","level":"7","pokemon_id":"118"}{"order":"","version_group_id":"9","move_id":"56","pokemon_move_method_id":"2","level":"0","pokemon_id":"118"}{"order":"","version_group_id":"9","move_id":"57","pokemon_move_method_id":"4","level":"0","pokemon_id":"118"}{"order":"","version_group_id":"9","move_id":"58","pokemon_move_method_id":"4","level":"0","pokemon_id":"118"}{"order":"","version_group_id":"9","move_id":"59","pokemon_move_method_id":"4","level":"0","pokemon_id":"118"}{"order":"","version_group_id":"9","move_id":"60","pokemon_move_method_id":"2","level":"0","pokemon_id":"118"}{"order":"1","version_group_id":"9","move_id":"64","pokemon_move_method_id":"1","level":"1","pokemon_id":"118"}{"order":"","version_group_id":"9","move_id":"92","pokemon_move_method_id":"4","level":"0","pokemon_id":"118"}{"order":"","version_group_id":"9","move_id":"97","pokemon_move_method_id":"1","level":"47","pokemon_id":"118"}{"order":"","version_group_id":"9","move_id":"104","pokemon_move_method_id":"4","level":"0","pokemon_id":"118"}{"order":"","version_group_id":"9","move_id":"114","pokemon_move_method_id":"2","level":"0","pokemon_id":"118"}{"order":"","version_group_id":"9","move_id":"127","pokemon_move_method_id":"1","level":"37","pokemon_id":"118"}{"order":"","version_group_id":"9","move_id":"127","pokemon_move_method_id":"4","level":"0","pokemon_id":"118"}{"order":"","version_group_id":"9","move_id":"129","pokemon_move_method_id":"3","level":"0","pokemon_id":"118"}{"order":"","version_group_id":"9","move_id":"156","pokemon_move_method_id":"4","level":"0","pokemon_id":"118"}{"order":"","version_group_id":"9","move_id":"164","pokemon_move_method_id":"4","level":"0","pokemon_id":"118"}{"order":"","version_group_id":"9","move_id":"173","pokemon_move_method_id":"3","level":"0","pokemon_id":"118"}{"order":"","version_group_id":"9","move_id":"175","pokemon_move_method_id":"1","level":"21","pokemon_id":"118"}{"order":"","version_group_id":"9","move_id":"182","pokemon_move_method_id":"4","level":"0","pokemon_id":"118"}{"order":"","version_group_id":"9","move_id":"189","pokemon_move_method_id":"2","level":"0","pokemon_id":"118"}{"order":"","version_group_id":"9","move_id":"189","pokemon_move_method_id":"3","level":"0","pokemon_id":"118"}{"order":"","version_group_id":"9","move_id":"196","pokemon_move_method_id":"3","level":"0","pokemon_id":"118"}{"order":"","version_group_id":"9","move_id":"203","pokemon_move_method_id":"4","level":"0","pokemon_id":"118"}{"order":"","version_group_id":"9","move_id":"207","pokemon_move_method_id":"4","level":"0","pokemon_id":"118"}{"order":"","version_group_id":"9","move_id":"210","pokemon_move_method_id":"3","level":"0","pokemon_id":"118"}{"order":"","version_group_id":"9","move_id":"213","pokemon_move_method_id":"4","level":"0","pokemon_id":"118"}{"order":"","version_group_id":"9","move_id":"214","pokemon_move_method_id":"2","level":"0","pokemon_id":"118"}{"order":"","version_group_id":"9","move_id":"214","pokemon_move_method_id":"4","level":"0","pokemon_id":"118"}{"order":"","version_group_id":"9","move_id":"216","pokemon_move_method_id":"4","level":"0","pokemon_id":"118"}{"order":"","version_group_id":"9","move_id":"218","pokemon_move_method_id":"4","level":"0","pokemon_id":"118"}{"order":"","version_group_id":"9","move_id":"224","pokemon_move_method_id":"1","level":"51","pokemon_id":"118"}{"order":"","version_group_id":"9","move_id":"237","pokemon_move_method_id":"4","level":"0","pokemon_id":"118"}{"order":"","version_group_id":"9","move_id":"240","pokemon_move_method_id":"4","level":"0","pokemon_id":"118"}{"order":"","version_group_id":"9","move_id":"258","pokemon_move_method_id":"4","level":"0","pokemon_id":"118"}{"order":"","version_group_id":"9","move_id":"263","pokemon_move_method_id":"4","level":"0","pokemon_id":"118"}{"order":"","version_group_id":"9","move_id":"282","pokemon_move_method_id":"3","level":"0","pokemon_id":"118"}{"order":"","version_group_id":"9","move_id":"290","pokemon_move_method_id":"4","level":"0","pokemon_id":"118"}{"order":"","version_group_id":"9","move_id":"291","pokemon_move_method_id":"3","level":"0","pokemon_id":"118"}{"order":"","version_group_id":"9","move_id":"300","pokemon_move_method_id":"2","level":"0","pokemon_id":"118"}{"order":"","version_group_id":"9","move_id":"340","pokemon_move_method_id":"3","level":"0","pokemon_id":"118"}{"order":"3","version_group_id":"9","move_id":"346","pokemon_move_method_id":"1","level":"1","pokemon_id":"118"}{"order":"","version_group_id":"9","move_id":"352","pokemon_move_method_id":"1","level":"17","pokemon_id":"118"}{"order":"","version_group_id":"9","move_id":"352","pokemon_move_method_id":"4","level":"0","pokemon_id":"118"}{"order":"","version_group_id":"9","move_id":"363","pokemon_move_method_id":"4","level":"0","pokemon_id":"118"}{"order":"","version_group_id":"9","move_id":"392","pokemon_move_method_id":"1","level":"27","pokemon_id":"118"}{"order":"","version_group_id":"9","move_id":"398","pokemon_move_method_id":"4","level":"0","pokemon_id":"118"}{"order":"","version_group_id":"9","move_id":"401","pokemon_move_method_id":"2","level":"0","pokemon_id":"118"}{"order":"","version_group_id":"9","move_id":"401","pokemon_move_method_id":"3","level":"0","pokemon_id":"118"}{"order":"","version_group_id":"9","move_id":"445","pokemon_move_method_id":"4","level":"0","pokemon_id":"118"}{"order":"","version_group_id":"10","move_id":"30","pokemon_move_method_id":"1","level":"11","pokemon_id":"118"}{"order":"","version_group_id":"10","move_id":"31","pokemon_move_method_id":"1","level":"31","pokemon_id":"118"}{"order":"","version_group_id":"10","move_id":"32","pokemon_move_method_id":"1","level":"41","pokemon_id":"118"}{"order":"","version_group_id":"10","move_id":"34","pokemon_move_method_id":"2","level":"0","pokemon_id":"118"}{"order":"2","version_group_id":"10","move_id":"39","pokemon_move_method_id":"1","level":"1","pokemon_id":"118"}{"order":"","version_group_id":"10","move_id":"48","pokemon_move_method_id":"1","level":"7","pokemon_id":"118"}{"order":"","version_group_id":"10","move_id":"56","pokemon_move_method_id":"2","level":"0","pokemon_id":"118"}{"order":"","version_group_id":"10","move_id":"57","pokemon_move_method_id":"4","level":"0","pokemon_id":"118"}{"order":"","version_group_id":"10","move_id":"58","pokemon_move_method_id":"4","level":"0","pokemon_id":"118"}{"order":"","version_group_id":"10","move_id":"59","pokemon_move_method_id":"4","level":"0","pokemon_id":"118"}{"order":"","version_group_id":"10","move_id":"60","pokemon_move_method_id":"2","level":"0","pokemon_id":"118"}{"order":"1","version_group_id":"10","move_id":"64","pokemon_move_method_id":"1","level":"1","pokemon_id":"118"}{"order":"","version_group_id":"10","move_id":"92","pokemon_move_method_id":"4","level":"0","pokemon_id":"118"}{"order":"","version_group_id":"10","move_id":"97","pokemon_move_method_id":"1","level":"47","pokemon_id":"118"}{"order":"","version_group_id":"10","move_id":"104","pokemon_move_method_id":"4","level":"0","pokemon_id":"118"}{"order":"","version_group_id":"10","move_id":"114","pokemon_move_method_id":"2","level":"0","pokemon_id":"118"}{"order":"","version_group_id":"10","move_id":"127","pokemon_move_method_id":"1","level":"37","pokemon_id":"118"}{"order":"","version_group_id":"10","move_id":"127","pokemon_move_method_id":"4","level":"0","pokemon_id":"118"}{"order":"","version_group_id":"10","move_id":"129","pokemon_move_method_id":"3","level":"0","pokemon_id":"118"}{"order":"","version_group_id":"10","move_id":"156","pokemon_move_method_id":"4","level":"0","pokemon_id":"118"}{"order":"","version_group_id":"10","move_id":"164","pokemon_move_method_id":"4","level":"0","pokemon_id":"118"}{"order":"","version_group_id":"10","move_id":"173","pokemon_move_method_id":"3","level":"0","pokemon_id":"118"}{"order":"","version_group_id":"10","move_id":"175","pokemon_move_method_id":"1","level":"21","pokemon_id":"118"}{"order":"","version_group_id":"10","move_id":"182","pokemon_move_method_id":"4","level":"0","pokemon_id":"118"}{"order":"","version_group_id":"10","move_id":"189","pokemon_move_method_id":"2","level":"0","pokemon_id":"118"}{"order":"","version_group_id":"10","move_id":"189","pokemon_move_method_id":"3","level":"0","pokemon_id":"118"}{"order":"","version_group_id":"10","move_id":"196","pokemon_move_method_id":"3","level":"0","pokemon_id":"118"}{"order":"","version_group_id":"10","move_id":"203","pokemon_move_method_id":"4","level":"0","pokemon_id":"118"}{"order":"","version_group_id":"10","move_id":"207","pokemon_move_method_id":"4","level":"0","pokemon_id":"118"}{"order":"","version_group_id":"10","move_id":"210","pokemon_move_method_id":"3","level":"0","pokemon_id":"118"}{"order":"","version_group_id":"10","move_id":"213","pokemon_move_method_id":"4","level":"0","pokemon_id":"118"}{"order":"","version_group_id":"10","move_id":"214","pokemon_move_method_id":"2","level":"0","pokemon_id":"118"}{"order":"","version_group_id":"10","move_id":"214","pokemon_move_method_id":"4","level":"0","pokemon_id":"118"}{"order":"","version_group_id":"10","move_id":"216","pokemon_move_method_id":"4","level":"0","pokemon_id":"118"}{"order":"","version_group_id":"10","move_id":"218","pokemon_move_method_id":"4","level":"0","pokemon_id":"118"}{"order":"","version_group_id":"10","move_id":"224","pokemon_move_method_id":"1","level":"51","pokemon_id":"118"}{"order":"","version_group_id":"10","move_id":"237","pokemon_move_method_id":"4","level":"0","pokemon_id":"118"}{"order":"","version_group_id":"10","move_id":"240","pokemon_move_method_id":"4","level":"0","pokemon_id":"118"}{"order":"","version_group_id":"10","move_id":"250","pokemon_move_method_id":"4","level":"0","pokemon_id":"118"}{"order":"","version_group_id":"10","move_id":"258","pokemon_move_method_id":"4","level":"0","pokemon_id":"118"}{"order":"","version_group_id":"10","move_id":"263","pokemon_move_method_id":"4","level":"0","pokemon_id":"118"}{"order":"","version_group_id":"10","move_id":"282","pokemon_move_method_id":"3","level":"0","pokemon_id":"118"}{"order":"","version_group_id":"10","move_id":"290","pokemon_move_method_id":"4","level":"0","pokemon_id":"118"}{"order":"","version_group_id":"10","move_id":"291","pokemon_move_method_id":"3","level":"0","pokemon_id":"118"}{"order":"","version_group_id":"10","move_id":"300","pokemon_move_method_id":"2","level":"0","pokemon_id":"118"}{"order":"","version_group_id":"10","move_id":"340","pokemon_move_method_id":"3","level":"0","pokemon_id":"118"}{"order":"3","version_group_id":"10","move_id":"346","pokemon_move_method_id":"1","level":"1","pokemon_id":"118"}{"order":"","version_group_id":"10","move_id":"352","pokemon_move_method_id":"1","level":"17","pokemon_id":"118"}{"order":"","version_group_id":"10","move_id":"352","pokemon_move_method_id":"4","level":"0","pokemon_id":"118"}{"order":"","version_group_id":"10","move_id":"363","pokemon_move_method_id":"4","level":"0","pokemon_id":"118"}{"order":"","version_group_id":"10","move_id":"392","pokemon_move_method_id":"1","level":"27","pokemon_id":"118"}{"order":"","version_group_id":"10","move_id":"398","pokemon_move_method_id":"4","level":"0","pokemon_id":"118"}{"order":"","version_group_id":"10","move_id":"401","pokemon_move_method_id":"2","level":"0","pokemon_id":"118"}{"order":"","version_group_id":"10","move_id":"401","pokemon_move_method_id":"3","level":"0","pokemon_id":"118"}{"order":"","version_group_id":"10","move_id":"445","pokemon_move_method_id":"4","level":"0","pokemon_id":"118"}{"order":"","version_group_id":"11","move_id":"30","pokemon_move_method_id":"1","level":"11","pokemon_id":"118"}{"order":"","version_group_id":"11","move_id":"31","pokemon_move_method_id":"1","level":"31","pokemon_id":"118"}{"order":"","version_group_id":"11","move_id":"32","pokemon_move_method_id":"1","level":"41","pokemon_id":"118"}{"order":"","version_group_id":"11","move_id":"34","pokemon_move_method_id":"2","level":"0","pokemon_id":"118"}{"order":"2","version_group_id":"11","move_id":"39","pokemon_move_method_id":"1","level":"1","pokemon_id":"118"}{"order":"","version_group_id":"11","move_id":"48","pokemon_move_method_id":"1","level":"7","pokemon_id":"118"}{"order":"","version_group_id":"11","move_id":"56","pokemon_move_method_id":"2","level":"0","pokemon_id":"118"}{"order":"","version_group_id":"11","move_id":"57","pokemon_move_method_id":"4","level":"0","pokemon_id":"118"}{"order":"","version_group_id":"11","move_id":"58","pokemon_move_method_id":"4","level":"0","pokemon_id":"118"}{"order":"","version_group_id":"11","move_id":"59","pokemon_move_method_id":"4","level":"0","pokemon_id":"118"}{"order":"","version_group_id":"11","move_id":"60","pokemon_move_method_id":"2","level":"0","pokemon_id":"118"}{"order":"1","version_group_id":"11","move_id":"64","pokemon_move_method_id":"1","level":"1","pokemon_id":"118"}{"order":"","version_group_id":"11","move_id":"92","pokemon_move_method_id":"4","level":"0","pokemon_id":"118"}{"order":"","version_group_id":"11","move_id":"97","pokemon_move_method_id":"1","level":"47","pokemon_id":"118"}{"order":"","version_group_id":"11","move_id":"104","pokemon_move_method_id":"4","level":"0","pokemon_id":"118"}{"order":"","version_group_id":"11","move_id":"114","pokemon_move_method_id":"2","level":"0","pokemon_id":"118"}{"order":"","version_group_id":"11","move_id":"127","pokemon_move_method_id":"1","level":"37","pokemon_id":"118"}{"order":"","version_group_id":"11","move_id":"127","pokemon_move_method_id":"4","level":"0","pokemon_id":"118"}{"order":"","version_group_id":"11","move_id":"130","pokemon_move_method_id":"2","level":"0","pokemon_id":"118"}{"order":"","version_group_id":"11","move_id":"156","pokemon_move_method_id":"4","level":"0","pokemon_id":"118"}{"order":"","version_group_id":"11","move_id":"164","pokemon_move_method_id":"4","level":"0","pokemon_id":"118"}{"order":"","version_group_id":"11","move_id":"175","pokemon_move_method_id":"1","level":"21","pokemon_id":"118"}{"order":"","version_group_id":"11","move_id":"182","pokemon_move_method_id":"4","level":"0","pokemon_id":"118"}{"order":"","version_group_id":"11","move_id":"189","pokemon_move_method_id":"2","level":"0","pokemon_id":"118"}{"order":"","version_group_id":"11","move_id":"207","pokemon_move_method_id":"4","level":"0","pokemon_id":"118"}{"order":"","version_group_id":"11","move_id":"213","pokemon_move_method_id":"4","level":"0","pokemon_id":"118"}{"order":"","version_group_id":"11","move_id":"214","pokemon_move_method_id":"2","level":"0","pokemon_id":"118"}{"order":"","version_group_id":"11","move_id":"216","pokemon_move_method_id":"4","level":"0","pokemon_id":"118"}{"order":"","version_group_id":"11","move_id":"218","pokemon_move_method_id":"4","level":"0","pokemon_id":"118"}{"order":"","version_group_id":"11","move_id":"224","pokemon_move_method_id":"1","level":"57","pokemon_id":"118"}{"order":"","version_group_id":"11","move_id":"237","pokemon_move_method_id":"4","level":"0","pokemon_id":"118"}{"order":"","version_group_id":"11","move_id":"240","pokemon_move_method_id":"4","level":"0","pokemon_id":"118"}{"order":"","version_group_id":"11","move_id":"258","pokemon_move_method_id":"4","level":"0","pokemon_id":"118"}{"order":"","version_group_id":"11","move_id":"263","pokemon_move_method_id":"4","level":"0","pokemon_id":"118"}{"order":"","version_group_id":"11","move_id":"291","pokemon_move_method_id":"4","level":"0","pokemon_id":"118"}{"order":"","version_group_id":"11","move_id":"300","pokemon_move_method_id":"2","level":"0","pokemon_id":"118"}{"order":"","version_group_id":"11","move_id":"324","pokemon_move_method_id":"2","level":"0","pokemon_id":"118"}{"order":"","version_group_id":"11","move_id":"341","pokemon_move_method_id":"2","level":"0","pokemon_id":"118"}{"order":"3","version_group_id":"11","move_id":"346","pokemon_move_method_id":"1","level":"1","pokemon_id":"118"}{"order":"","version_group_id":"11","move_id":"352","pokemon_move_method_id":"1","level":"17","pokemon_id":"118"}{"order":"","version_group_id":"11","move_id":"392","pokemon_move_method_id":"1","level":"27","pokemon_id":"118"}{"order":"","version_group_id":"11","move_id":"398","pokemon_move_method_id":"4","level":"0","pokemon_id":"118"}{"order":"","version_group_id":"11","move_id":"401","pokemon_move_method_id":"2","level":"0","pokemon_id":"118"}{"order":"","version_group_id":"11","move_id":"487","pokemon_move_method_id":"1","level":"51","pokemon_id":"118"}{"order":"","version_group_id":"11","move_id":"496","pokemon_move_method_id":"4","level":"0","pokemon_id":"118"}{"order":"","version_group_id":"11","move_id":"503","pokemon_move_method_id":"4","level":"0","pokemon_id":"118"}{"order":"","version_group_id":"12","move_id":"30","pokemon_move_method_id":"1","level":"15","pokemon_id":"118"}{"order":"","version_group_id":"12","move_id":"31","pokemon_move_method_id":"1","level":"29","pokemon_id":"118"}{"order":"","version_group_id":"12","move_id":"32","pokemon_move_method_id":"1","level":"43","pokemon_id":"118"}{"order":"2","version_group_id":"12","move_id":"39","pokemon_move_method_id":"1","level":"1","pokemon_id":"118"}{"order":"","version_group_id":"12","move_id":"48","pokemon_move_method_id":"1","level":"10","pokemon_id":"118"}{"order":"","version_group_id":"12","move_id":"57","pokemon_move_method_id":"4","level":"0","pokemon_id":"118"}{"order":"","version_group_id":"12","move_id":"58","pokemon_move_method_id":"4","level":"0","pokemon_id":"118"}{"order":"","version_group_id":"12","move_id":"59","pokemon_move_method_id":"4","level":"0","pokemon_id":"118"}{"order":"1","version_group_id":"12","move_id":"64","pokemon_move_method_id":"1","level":"1","pokemon_id":"118"}{"order":"","version_group_id":"12","move_id":"92","pokemon_move_method_id":"4","level":"0","pokemon_id":"118"}{"order":"","version_group_id":"12","move_id":"97","pokemon_move_method_id":"1","level":"52","pokemon_id":"118"}{"order":"","version_group_id":"12","move_id":"104","pokemon_move_method_id":"4","level":"0","pokemon_id":"118"}{"order":"","version_group_id":"12","move_id":"127","pokemon_move_method_id":"1","level":"38","pokemon_id":"118"}{"order":"","version_group_id":"12","move_id":"127","pokemon_move_method_id":"4","level":"0","pokemon_id":"118"}{"order":"","version_group_id":"12","move_id":"156","pokemon_move_method_id":"4","level":"0","pokemon_id":"118"}{"order":"","version_group_id":"12","move_id":"175","pokemon_move_method_id":"1","level":"24","pokemon_id":"118"}{"order":"","version_group_id":"12","move_id":"182","pokemon_move_method_id":"4","level":"0","pokemon_id":"118"}{"order":"","version_group_id":"12","move_id":"213","pokemon_move_method_id":"4","level":"0","pokemon_id":"118"}{"order":"","version_group_id":"12","move_id":"216","pokemon_move_method_id":"4","level":"0","pokemon_id":"118"}{"order":"","version_group_id":"12","move_id":"218","pokemon_move_method_id":"4","level":"0","pokemon_id":"118"}{"order":"","version_group_id":"12","move_id":"237","pokemon_move_method_id":"4","level":"0","pokemon_id":"118"}{"order":"","version_group_id":"12","move_id":"240","pokemon_move_method_id":"4","level":"0","pokemon_id":"118"}{"order":"","version_group_id":"12","move_id":"258","pokemon_move_method_id":"4","level":"0","pokemon_id":"118"}{"order":"","version_group_id":"12","move_id":"263","pokemon_move_method_id":"4","level":"0","pokemon_id":"118"}{"order":"","version_group_id":"12","move_id":"290","pokemon_move_method_id":"4","level":"0","pokemon_id":"118"}{"order":"","version_group_id":"12","move_id":"291","pokemon_move_method_id":"4","level":"0","pokemon_id":"118"}{"order":"3","version_group_id":"12","move_id":"346","pokemon_move_method_id":"1","level":"1","pokemon_id":"118"}{"order":"","version_group_id":"12","move_id":"352","pokemon_move_method_id":"4","level":"0","pokemon_id":"118"}{"order":"","version_group_id":"13","move_id":"30","pokemon_move_method_id":"1","level":"15","pokemon_id":"118"}{"order":"","version_group_id":"13","move_id":"31","pokemon_move_method_id":"1","level":"29","pokemon_id":"118"}{"order":"","version_group_id":"13","move_id":"32","pokemon_move_method_id":"1","level":"43","pokemon_id":"118"}{"order":"","version_group_id":"13","move_id":"38","pokemon_move_method_id":"3","level":"0","pokemon_id":"118"}{"order":"2","version_group_id":"13","move_id":"39","pokemon_move_method_id":"1","level":"1","pokemon_id":"118"}{"order":"","version_group_id":"13","move_id":"48","pokemon_move_method_id":"1","level":"10","pokemon_id":"118"}{"order":"","version_group_id":"13","move_id":"57","pokemon_move_method_id":"4","level":"0","pokemon_id":"118"}{"order":"","version_group_id":"13","move_id":"58","pokemon_move_method_id":"4","level":"0","pokemon_id":"118"}{"order":"","version_group_id":"13","move_id":"59","pokemon_move_method_id":"4","level":"0","pokemon_id":"118"}{"order":"1","version_group_id":"13","move_id":"64","pokemon_move_method_id":"1","level":"1","pokemon_id":"118"}{"order":"","version_group_id":"13","move_id":"92","pokemon_move_method_id":"4","level":"0","pokemon_id":"118"}{"order":"","version_group_id":"13","move_id":"97","pokemon_move_method_id":"1","level":"52","pokemon_id":"118"}{"order":"","version_group_id":"13","move_id":"102","pokemon_move_method_id":"3","level":"0","pokemon_id":"118"}{"order":"","version_group_id":"13","move_id":"104","pokemon_move_method_id":"4","level":"0","pokemon_id":"118"}{"order":"","version_group_id":"13","move_id":"127","pokemon_move_method_id":"1","level":"38","pokemon_id":"118"}{"order":"","version_group_id":"13","move_id":"127","pokemon_move_method_id":"4","level":"0","pokemon_id":"118"}{"order":"","version_group_id":"13","move_id":"156","pokemon_move_method_id":"4","level":"0","pokemon_id":"118"}{"order":"","version_group_id":"13","move_id":"164","pokemon_move_method_id":"3","level":"0","pokemon_id":"118"}{"order":"","version_group_id":"13","move_id":"175","pokemon_move_method_id":"1","level":"24","pokemon_id":"118"}{"order":"","version_group_id":"13","move_id":"182","pokemon_move_method_id":"4","level":"0","pokemon_id":"118"}{"order":"","version_group_id":"13","move_id":"196","pokemon_move_method_id":"3","level":"0","pokemon_id":"118"}{"order":"","version_group_id":"13","move_id":"207","pokemon_move_method_id":"3","level":"0","pokemon_id":"118"}{"order":"","version_group_id":"13","move_id":"213","pokemon_move_method_id":"4","level":"0","pokemon_id":"118"}{"order":"","version_group_id":"13","move_id":"216","pokemon_move_method_id":"4","level":"0","pokemon_id":"118"}{"order":"","version_group_id":"13","move_id":"218","pokemon_move_method_id":"4","level":"0","pokemon_id":"118"}{"order":"","version_group_id":"13","move_id":"237","pokemon_move_method_id":"4","level":"0","pokemon_id":"118"}{"order":"","version_group_id":"13","move_id":"240","pokemon_move_method_id":"4","level":"0","pokemon_id":"118"}{"order":"","version_group_id":"13","move_id":"258","pokemon_move_method_id":"4","level":"0","pokemon_id":"118"}{"order":"","version_group_id":"13","move_id":"263","pokemon_move_method_id":"4","level":"0","pokemon_id":"118"}{"order":"","version_group_id":"13","move_id":"290","pokemon_move_method_id":"4","level":"0","pokemon_id":"118"}{"order":"","version_group_id":"13","move_id":"291","pokemon_move_method_id":"4","level":"0","pokemon_id":"118"}{"order":"3","version_group_id":"13","move_id":"346","pokemon_move_method_id":"1","level":"1","pokemon_id":"118"}{"order":"","version_group_id":"13","move_id":"352","pokemon_move_method_id":"4","level":"0","pokemon_id":"118"}{"order":"","version_group_id":"14","move_id":"30","pokemon_move_method_id":"1","level":"11","pokemon_id":"118"}{"order":"","version_group_id":"14","move_id":"31","pokemon_move_method_id":"1","level":"31","pokemon_id":"118"}{"order":"","version_group_id":"14","move_id":"32","pokemon_move_method_id":"1","level":"41","pokemon_id":"118"}{"order":"","version_group_id":"14","move_id":"34","pokemon_move_method_id":"2","level":"0","pokemon_id":"118"}{"order":"2","version_group_id":"14","move_id":"39","pokemon_move_method_id":"1","level":"1","pokemon_id":"118"}{"order":"","version_group_id":"14","move_id":"48","pokemon_move_method_id":"1","level":"7","pokemon_id":"118"}{"order":"","version_group_id":"14","move_id":"56","pokemon_move_method_id":"2","level":"0","pokemon_id":"118"}{"order":"","version_group_id":"14","move_id":"57","pokemon_move_method_id":"4","level":"0","pokemon_id":"118"}{"order":"","version_group_id":"14","move_id":"58","pokemon_move_method_id":"4","level":"0","pokemon_id":"118"}{"order":"","version_group_id":"14","move_id":"59","pokemon_move_method_id":"4","level":"0","pokemon_id":"118"}{"order":"","version_group_id":"14","move_id":"60","pokemon_move_method_id":"2","level":"0","pokemon_id":"118"}{"order":"1","version_group_id":"14","move_id":"64","pokemon_move_method_id":"1","level":"1","pokemon_id":"118"}{"order":"","version_group_id":"14","move_id":"92","pokemon_move_method_id":"4","level":"0","pokemon_id":"118"}{"order":"","version_group_id":"14","move_id":"97","pokemon_move_method_id":"1","level":"47","pokemon_id":"118"}{"order":"","version_group_id":"14","move_id":"104","pokemon_move_method_id":"4","level":"0","pokemon_id":"118"}{"order":"","version_group_id":"14","move_id":"114","pokemon_move_method_id":"2","level":"0","pokemon_id":"118"}{"order":"","version_group_id":"14","move_id":"127","pokemon_move_method_id":"1","level":"37","pokemon_id":"118"}{"order":"","version_group_id":"14","move_id":"127","pokemon_move_method_id":"4","level":"0","pokemon_id":"118"}{"order":"","version_group_id":"14","move_id":"130","pokemon_move_method_id":"2","level":"0","pokemon_id":"118"}{"order":"","version_group_id":"14","move_id":"156","pokemon_move_method_id":"4","level":"0","pokemon_id":"118"}{"order":"","version_group_id":"14","move_id":"164","pokemon_move_method_id":"4","level":"0","pokemon_id":"118"}{"order":"","version_group_id":"14","move_id":"173","pokemon_move_method_id":"3","level":"0","pokemon_id":"118"}{"order":"","version_group_id":"14","move_id":"175","pokemon_move_method_id":"1","level":"21","pokemon_id":"118"}{"order":"","version_group_id":"14","move_id":"182","pokemon_move_method_id":"4","level":"0","pokemon_id":"118"}{"order":"","version_group_id":"14","move_id":"189","pokemon_move_method_id":"2","level":"0","pokemon_id":"118"}{"order":"","version_group_id":"14","move_id":"196","pokemon_move_method_id":"3","level":"0","pokemon_id":"118"}{"order":"","version_group_id":"14","move_id":"207","pokemon_move_method_id":"4","level":"0","pokemon_id":"118"}{"order":"","version_group_id":"14","move_id":"213","pokemon_move_method_id":"4","level":"0","pokemon_id":"118"}{"order":"","version_group_id":"14","move_id":"214","pokemon_move_method_id":"2","level":"0","pokemon_id":"118"}{"order":"","version_group_id":"14","move_id":"214","pokemon_move_method_id":"3","level":"0","pokemon_id":"118"}{"order":"","version_group_id":"14","move_id":"216","pokemon_move_method_id":"4","level":"0","pokemon_id":"118"}{"order":"","version_group_id":"14","move_id":"218","pokemon_move_method_id":"4","level":"0","pokemon_id":"118"}{"order":"","version_group_id":"14","move_id":"224","pokemon_move_method_id":"1","level":"57","pokemon_id":"118"}{"order":"","version_group_id":"14","move_id":"237","pokemon_move_method_id":"4","level":"0","pokemon_id":"118"}{"order":"","version_group_id":"14","move_id":"240","pokemon_move_method_id":"4","level":"0","pokemon_id":"118"}{"order":"","version_group_id":"14","move_id":"258","pokemon_move_method_id":"4","level":"0","pokemon_id":"118"}{"order":"","version_group_id":"14","move_id":"263","pokemon_move_method_id":"4","level":"0","pokemon_id":"118"}{"order":"","version_group_id":"14","move_id":"282","pokemon_move_method_id":"3","level":"0","pokemon_id":"118"}{"order":"","version_group_id":"14","move_id":"291","pokemon_move_method_id":"4","level":"0","pokemon_id":"118"}{"order":"","version_group_id":"14","move_id":"300","pokemon_move_method_id":"2","level":"0","pokemon_id":"118"}{"order":"","version_group_id":"14","move_id":"324","pokemon_move_method_id":"2","level":"0","pokemon_id":"118"}{"order":"","version_group_id":"14","move_id":"324","pokemon_move_method_id":"3","level":"0","pokemon_id":"118"}{"order":"","version_group_id":"14","move_id":"340","pokemon_move_method_id":"3","level":"0","pokemon_id":"118"}{"order":"","version_group_id":"14","move_id":"341","pokemon_move_method_id":"2","level":"0","pokemon_id":"118"}{"order":"3","version_group_id":"14","move_id":"346","pokemon_move_method_id":"1","level":"1","pokemon_id":"118"}{"order":"","version_group_id":"14","move_id":"352","pokemon_move_method_id":"1","level":"17","pokemon_id":"118"}{"order":"","version_group_id":"14","move_id":"392","pokemon_move_method_id":"1","level":"27","pokemon_id":"118"}{"order":"","version_group_id":"14","move_id":"398","pokemon_move_method_id":"4","level":"0","pokemon_id":"118"}{"order":"","version_group_id":"14","move_id":"401","pokemon_move_method_id":"2","level":"0","pokemon_id":"118"}{"order":"","version_group_id":"14","move_id":"401","pokemon_move_method_id":"3","level":"0","pokemon_id":"118"}{"order":"","version_group_id":"14","move_id":"487","pokemon_move_method_id":"1","level":"51","pokemon_id":"118"}{"order":"","version_group_id":"14","move_id":"496","pokemon_move_method_id":"4","level":"0","pokemon_id":"118"}{"order":"","version_group_id":"14","move_id":"503","pokemon_move_method_id":"4","level":"0","pokemon_id":"118"}{"order":"","version_group_id":"14","move_id":"529","pokemon_move_method_id":"3","level":"0","pokemon_id":"118"}{"order":"","version_group_id":"15","move_id":"30","pokemon_move_method_id":"1","level":"11","pokemon_id":"118"}{"order":"","version_group_id":"15","move_id":"31","pokemon_move_method_id":"1","level":"31","pokemon_id":"118"}{"order":"","version_group_id":"15","move_id":"32","pokemon_move_method_id":"1","level":"41","pokemon_id":"118"}{"order":"","version_group_id":"15","move_id":"34","pokemon_move_method_id":"2","level":"0","pokemon_id":"118"}{"order":"2","version_group_id":"15","move_id":"39","pokemon_move_method_id":"1","level":"1","pokemon_id":"118"}{"order":"","version_group_id":"15","move_id":"48","pokemon_move_method_id":"1","level":"7","pokemon_id":"118"}{"order":"","version_group_id":"15","move_id":"56","pokemon_move_method_id":"2","level":"0","pokemon_id":"118"}{"order":"","version_group_id":"15","move_id":"57","pokemon_move_method_id":"4","level":"0","pokemon_id":"118"}{"order":"","version_group_id":"15","move_id":"58","pokemon_move_method_id":"4","level":"0","pokemon_id":"118"}{"order":"","version_group_id":"15","move_id":"59","pokemon_move_method_id":"4","level":"0","pokemon_id":"118"}{"order":"","version_group_id":"15","move_id":"60","pokemon_move_method_id":"2","level":"0","pokemon_id":"118"}{"order":"1","version_group_id":"15","move_id":"64","pokemon_move_method_id":"1","level":"1","pokemon_id":"118"}{"order":"","version_group_id":"15","move_id":"92","pokemon_move_method_id":"4","level":"0","pokemon_id":"118"}{"order":"","version_group_id":"15","move_id":"97","pokemon_move_method_id":"1","level":"47","pokemon_id":"118"}{"order":"","version_group_id":"15","move_id":"104","pokemon_move_method_id":"4","level":"0","pokemon_id":"118"}{"order":"","version_group_id":"15","move_id":"114","pokemon_move_method_id":"2","level":"0","pokemon_id":"118"}{"order":"","version_group_id":"15","move_id":"127","pokemon_move_method_id":"1","level":"37","pokemon_id":"118"}{"order":"","version_group_id":"15","move_id":"127","pokemon_move_method_id":"4","level":"0","pokemon_id":"118"}{"order":"","version_group_id":"15","move_id":"130","pokemon_move_method_id":"2","level":"0","pokemon_id":"118"}{"order":"","version_group_id":"15","move_id":"156","pokemon_move_method_id":"4","level":"0","pokemon_id":"118"}{"order":"","version_group_id":"15","move_id":"164","pokemon_move_method_id":"4","level":"0","pokemon_id":"118"}{"order":"","version_group_id":"15","move_id":"175","pokemon_move_method_id":"1","level":"21","pokemon_id":"118"}{"order":"","version_group_id":"15","move_id":"182","pokemon_move_method_id":"4","level":"0","pokemon_id":"118"}{"order":"","version_group_id":"15","move_id":"189","pokemon_move_method_id":"2","level":"0","pokemon_id":"118"}{"order":"","version_group_id":"15","move_id":"207","pokemon_move_method_id":"4","level":"0","pokemon_id":"118"}{"order":"","version_group_id":"15","move_id":"213","pokemon_move_method_id":"4","level":"0","pokemon_id":"118"}{"order":"","version_group_id":"15","move_id":"214","pokemon_move_method_id":"2","level":"0","pokemon_id":"118"}{"order":"","version_group_id":"15","move_id":"214","pokemon_move_method_id":"4","level":"0","pokemon_id":"118"}{"order":"","version_group_id":"15","move_id":"216","pokemon_move_method_id":"4","level":"0","pokemon_id":"118"}{"order":"","version_group_id":"15","move_id":"218","pokemon_move_method_id":"4","level":"0","pokemon_id":"118"}{"order":"","version_group_id":"15","move_id":"224","pokemon_move_method_id":"1","level":"57","pokemon_id":"118"}{"order":"","version_group_id":"15","move_id":"237","pokemon_move_method_id":"4","level":"0","pokemon_id":"118"}{"order":"","version_group_id":"15","move_id":"240","pokemon_move_method_id":"4","level":"0","pokemon_id":"118"}{"order":"","version_group_id":"15","move_id":"258","pokemon_move_method_id":"4","level":"0","pokemon_id":"118"}{"order":"","version_group_id":"15","move_id":"263","pokemon_move_method_id":"4","level":"0","pokemon_id":"118"}{"order":"","version_group_id":"15","move_id":"300","pokemon_move_method_id":"2","level":"0","pokemon_id":"118"}{"order":"","version_group_id":"15","move_id":"324","pokemon_move_method_id":"2","level":"0","pokemon_id":"118"}{"order":"","version_group_id":"15","move_id":"341","pokemon_move_method_id":"2","level":"0","pokemon_id":"118"}{"order":"3","version_group_id":"15","move_id":"346","pokemon_move_method_id":"1","level":"1","pokemon_id":"118"}{"order":"","version_group_id":"15","move_id":"352","pokemon_move_method_id":"1","level":"17","pokemon_id":"118"}{"order":"","version_group_id":"15","move_id":"392","pokemon_move_method_id":"1","level":"27","pokemon_id":"118"}{"order":"","version_group_id":"15","move_id":"398","pokemon_move_method_id":"4","level":"0","pokemon_id":"118"}{"order":"","version_group_id":"15","move_id":"401","pokemon_move_method_id":"2","level":"0","pokemon_id":"118"}{"order":"","version_group_id":"15","move_id":"487","pokemon_move_method_id":"1","level":"50","pokemon_id":"118"}{"order":"","version_group_id":"15","move_id":"496","pokemon_move_method_id":"4","level":"0","pokemon_id":"118"}{"order":"","version_group_id":"15","move_id":"503","pokemon_move_method_id":"4","level":"0","pokemon_id":"118"}{"order":"","version_group_id":"15","move_id":"590","pokemon_move_method_id":"4","level":"0","pokemon_id":"118"}