{"order":"","version_group_id":"3","move_id":"17","pokemon_move_method_id":"2","level":"0","pokemon_id":"163"}{"order":"","version_group_id":"3","move_id":"18","pokemon_move_method_id":"2","level":"0","pokemon_id":"163"}{"order":"","version_group_id":"3","move_id":"19","pokemon_move_method_id":"4","level":"0","pokemon_id":"163"}{"order":"1","version_group_id":"3","move_id":"33","pokemon_move_method_id":"1","level":"1","pokemon_id":"163"}{"order":"","version_group_id":"3","move_id":"36","pokemon_move_method_id":"1","level":"28","pokemon_id":"163"}{"order":"2","version_group_id":"3","move_id":"45","pokemon_move_method_id":"1","level":"1","pokemon_id":"163"}{"order":"","version_group_id":"3","move_id":"48","pokemon_move_method_id":"2","level":"0","pokemon_id":"163"}{"order":"","version_group_id":"3","move_id":"64","pokemon_move_method_id":"1","level":"11","pokemon_id":"163"}{"order":"","version_group_id":"3","move_id":"92","pokemon_move_method_id":"4","level":"0","pokemon_id":"163"}{"order":"","version_group_id":"3","move_id":"93","pokemon_move_method_id":"1","level":"34","pokemon_id":"163"}{"order":"","version_group_id":"3","move_id":"95","pokemon_move_method_id":"1","level":"16","pokemon_id":"163"}{"order":"","version_group_id":"3","move_id":"104","pokemon_move_method_id":"4","level":"0","pokemon_id":"163"}{"order":"","version_group_id":"3","move_id":"115","pokemon_move_method_id":"1","level":"22","pokemon_id":"163"}{"order":"","version_group_id":"3","move_id":"119","pokemon_move_method_id":"2","level":"0","pokemon_id":"163"}{"order":"","version_group_id":"3","move_id":"129","pokemon_move_method_id":"4","level":"0","pokemon_id":"163"}{"order":"","version_group_id":"3","move_id":"138","pokemon_move_method_id":"1","level":"48","pokemon_id":"163"}{"order":"","version_group_id":"3","move_id":"138","pokemon_move_method_id":"4","level":"0","pokemon_id":"163"}{"order":"","version_group_id":"3","move_id":"148","pokemon_move_method_id":"4","level":"0","pokemon_id":"163"}{"order":"","version_group_id":"3","move_id":"156","pokemon_move_method_id":"4","level":"0","pokemon_id":"163"}{"order":"","version_group_id":"3","move_id":"168","pokemon_move_method_id":"4","level":"0","pokemon_id":"163"}{"order":"","version_group_id":"3","move_id":"171","pokemon_move_method_id":"4","level":"0","pokemon_id":"163"}{"order":"","version_group_id":"3","move_id":"173","pokemon_move_method_id":"4","level":"0","pokemon_id":"163"}{"order":"","version_group_id":"3","move_id":"174","pokemon_move_method_id":"4","level":"0","pokemon_id":"163"}{"order":"","version_group_id":"3","move_id":"182","pokemon_move_method_id":"4","level":"0","pokemon_id":"163"}{"order":"","version_group_id":"3","move_id":"185","pokemon_move_method_id":"2","level":"0","pokemon_id":"163"}{"order":"","version_group_id":"3","move_id":"189","pokemon_move_method_id":"4","level":"0","pokemon_id":"163"}{"order":"","version_group_id":"3","move_id":"193","pokemon_move_method_id":"1","level":"6","pokemon_id":"163"}{"order":"","version_group_id":"3","move_id":"197","pokemon_move_method_id":"4","level":"0","pokemon_id":"163"}{"order":"","version_group_id":"3","move_id":"203","pokemon_move_method_id":"4","level":"0","pokemon_id":"163"}{"order":"","version_group_id":"3","move_id":"207","pokemon_move_method_id":"4","level":"0","pokemon_id":"163"}{"order":"","version_group_id":"3","move_id":"211","pokemon_move_method_id":"4","level":"0","pokemon_id":"163"}{"order":"","version_group_id":"3","move_id":"213","pokemon_move_method_id":"4","level":"0","pokemon_id":"163"}{"order":"","version_group_id":"3","move_id":"214","pokemon_move_method_id":"4","level":"0","pokemon_id":"163"}{"order":"","version_group_id":"3","move_id":"216","pokemon_move_method_id":"4","level":"0","pokemon_id":"163"}{"order":"","version_group_id":"3","move_id":"218","pokemon_move_method_id":"4","level":"0","pokemon_id":"163"}{"order":"","version_group_id":"3","move_id":"237","pokemon_move_method_id":"4","level":"0","pokemon_id":"163"}{"order":"","version_group_id":"3","move_id":"241","pokemon_move_method_id":"4","level":"0","pokemon_id":"163"}{"order":"","version_group_id":"4","move_id":"17","pokemon_move_method_id":"2","level":"0","pokemon_id":"163"}{"order":"","version_group_id":"4","move_id":"18","pokemon_move_method_id":"2","level":"0","pokemon_id":"163"}{"order":"","version_group_id":"4","move_id":"19","pokemon_move_method_id":"4","level":"0","pokemon_id":"163"}{"order":"1","version_group_id":"4","move_id":"33","pokemon_move_method_id":"1","level":"1","pokemon_id":"163"}{"order":"","version_group_id":"4","move_id":"36","pokemon_move_method_id":"1","level":"28","pokemon_id":"163"}{"order":"2","version_group_id":"4","move_id":"45","pokemon_move_method_id":"1","level":"1","pokemon_id":"163"}{"order":"","version_group_id":"4","move_id":"48","pokemon_move_method_id":"2","level":"0","pokemon_id":"163"}{"order":"","version_group_id":"4","move_id":"64","pokemon_move_method_id":"1","level":"11","pokemon_id":"163"}{"order":"","version_group_id":"4","move_id":"92","pokemon_move_method_id":"4","level":"0","pokemon_id":"163"}{"order":"","version_group_id":"4","move_id":"93","pokemon_move_method_id":"1","level":"34","pokemon_id":"163"}{"order":"","version_group_id":"4","move_id":"95","pokemon_move_method_id":"1","level":"16","pokemon_id":"163"}{"order":"","version_group_id":"4","move_id":"104","pokemon_move_method_id":"4","level":"0","pokemon_id":"163"}{"order":"","version_group_id":"4","move_id":"115","pokemon_move_method_id":"1","level":"22","pokemon_id":"163"}{"order":"","version_group_id":"4","move_id":"119","pokemon_move_method_id":"2","level":"0","pokemon_id":"163"}{"order":"","version_group_id":"4","move_id":"129","pokemon_move_method_id":"4","level":"0","pokemon_id":"163"}{"order":"","version_group_id":"4","move_id":"138","pokemon_move_method_id":"1","level":"48","pokemon_id":"163"}{"order":"","version_group_id":"4","move_id":"138","pokemon_move_method_id":"4","level":"0","pokemon_id":"163"}{"order":"","version_group_id":"4","move_id":"143","pokemon_move_method_id":"2","level":"0","pokemon_id":"163"}{"order":"","version_group_id":"4","move_id":"148","pokemon_move_method_id":"4","level":"0","pokemon_id":"163"}{"order":"","version_group_id":"4","move_id":"156","pokemon_move_method_id":"4","level":"0","pokemon_id":"163"}{"order":"","version_group_id":"4","move_id":"168","pokemon_move_method_id":"4","level":"0","pokemon_id":"163"}{"order":"","version_group_id":"4","move_id":"171","pokemon_move_method_id":"4","level":"0","pokemon_id":"163"}{"order":"","version_group_id":"4","move_id":"173","pokemon_move_method_id":"4","level":"0","pokemon_id":"163"}{"order":"","version_group_id":"4","move_id":"174","pokemon_move_method_id":"4","level":"0","pokemon_id":"163"}{"order":"","version_group_id":"4","move_id":"182","pokemon_move_method_id":"4","level":"0","pokemon_id":"163"}{"order":"","version_group_id":"4","move_id":"185","pokemon_move_method_id":"2","level":"0","pokemon_id":"163"}{"order":"","version_group_id":"4","move_id":"189","pokemon_move_method_id":"4","level":"0","pokemon_id":"163"}{"order":"","version_group_id":"4","move_id":"193","pokemon_move_method_id":"1","level":"6","pokemon_id":"163"}{"order":"","version_group_id":"4","move_id":"197","pokemon_move_method_id":"4","level":"0","pokemon_id":"163"}{"order":"","version_group_id":"4","move_id":"203","pokemon_move_method_id":"4","level":"0","pokemon_id":"163"}{"order":"","version_group_id":"4","move_id":"207","pokemon_move_method_id":"4","level":"0","pokemon_id":"163"}{"order":"","version_group_id":"4","move_id":"211","pokemon_move_method_id":"4","level":"0","pokemon_id":"163"}{"order":"","version_group_id":"4","move_id":"213","pokemon_move_method_id":"4","level":"0","pokemon_id":"163"}{"order":"","version_group_id":"4","move_id":"214","pokemon_move_method_id":"4","level":"0","pokemon_id":"163"}{"order":"","version_group_id":"4","move_id":"216","pokemon_move_method_id":"4","level":"0","pokemon_id":"163"}{"order":"","version_group_id":"4","move_id":"218","pokemon_move_method_id":"4","level":"0","pokemon_id":"163"}{"order":"","version_group_id":"4","move_id":"237","pokemon_move_method_id":"4","level":"0","pokemon_id":"163"}{"order":"","version_group_id":"4","move_id":"241","pokemon_move_method_id":"4","level":"0","pokemon_id":"163"}{"order":"","version_group_id":"5","move_id":"17","pokemon_move_method_id":"2","level":"0","pokemon_id":"163"}{"order":"","version_group_id":"5","move_id":"18","pokemon_move_method_id":"2","level":"0","pokemon_id":"163"}{"order":"","version_group_id":"5","move_id":"19","pokemon_move_method_id":"4","level":"0","pokemon_id":"163"}{"order":"1","version_group_id":"5","move_id":"33","pokemon_move_method_id":"1","level":"1","pokemon_id":"163"}{"order":"","version_group_id":"5","move_id":"36","pokemon_move_method_id":"1","level":"28","pokemon_id":"163"}{"order":"2","version_group_id":"5","move_id":"45","pokemon_move_method_id":"1","level":"1","pokemon_id":"163"}{"order":"","version_group_id":"5","move_id":"48","pokemon_move_method_id":"2","level":"0","pokemon_id":"163"}{"order":"","version_group_id":"5","move_id":"64","pokemon_move_method_id":"1","level":"11","pokemon_id":"163"}{"order":"","version_group_id":"5","move_id":"92","pokemon_move_method_id":"4","level":"0","pokemon_id":"163"}{"order":"","version_group_id":"5","move_id":"93","pokemon_move_method_id":"1","level":"34","pokemon_id":"163"}{"order":"","version_group_id":"5","move_id":"94","pokemon_move_method_id":"4","level":"0","pokemon_id":"163"}{"order":"","version_group_id":"5","move_id":"95","pokemon_move_method_id":"1","level":"16","pokemon_id":"163"}{"order":"","version_group_id":"5","move_id":"104","pokemon_move_method_id":"4","level":"0","pokemon_id":"163"}{"order":"","version_group_id":"5","move_id":"115","pokemon_move_method_id":"1","level":"22","pokemon_id":"163"}{"order":"","version_group_id":"5","move_id":"115","pokemon_move_method_id":"4","level":"0","pokemon_id":"163"}{"order":"","version_group_id":"5","move_id":"119","pokemon_move_method_id":"2","level":"0","pokemon_id":"163"}{"order":"","version_group_id":"5","move_id":"138","pokemon_move_method_id":"1","level":"48","pokemon_id":"163"}{"order":"","version_group_id":"5","move_id":"143","pokemon_move_method_id":"2","level":"0","pokemon_id":"163"}{"order":"","version_group_id":"5","move_id":"148","pokemon_move_method_id":"4","level":"0","pokemon_id":"163"}{"order":"","version_group_id":"5","move_id":"156","pokemon_move_method_id":"4","level":"0","pokemon_id":"163"}{"order":"","version_group_id":"5","move_id":"168","pokemon_move_method_id":"4","level":"0","pokemon_id":"163"}{"order":"","version_group_id":"5","move_id":"182","pokemon_move_method_id":"4","level":"0","pokemon_id":"163"}{"order":"","version_group_id":"5","move_id":"185","pokemon_move_method_id":"2","level":"0","pokemon_id":"163"}{"order":"","version_group_id":"5","move_id":"193","pokemon_move_method_id":"1","level":"6","pokemon_id":"163"}{"order":"","version_group_id":"5","move_id":"211","pokemon_move_method_id":"4","level":"0","pokemon_id":"163"}{"order":"","version_group_id":"5","move_id":"213","pokemon_move_method_id":"4","level":"0","pokemon_id":"163"}{"order":"","version_group_id":"5","move_id":"216","pokemon_move_method_id":"4","level":"0","pokemon_id":"163"}{"order":"","version_group_id":"5","move_id":"218","pokemon_move_method_id":"4","level":"0","pokemon_id":"163"}{"order":"","version_group_id":"5","move_id":"237","pokemon_move_method_id":"4","level":"0","pokemon_id":"163"}{"order":"","version_group_id":"5","move_id":"240","pokemon_move_method_id":"4","level":"0","pokemon_id":"163"}{"order":"","version_group_id":"5","move_id":"241","pokemon_move_method_id":"4","level":"0","pokemon_id":"163"}{"order":"","version_group_id":"5","move_id":"247","pokemon_move_method_id":"4","level":"0","pokemon_id":"163"}{"order":"","version_group_id":"5","move_id":"263","pokemon_move_method_id":"4","level":"0","pokemon_id":"163"}{"order":"","version_group_id":"5","move_id":"290","pokemon_move_method_id":"4","level":"0","pokemon_id":"163"}{"order":"","version_group_id":"5","move_id":"297","pokemon_move_method_id":"2","level":"0","pokemon_id":"163"}{"order":"","version_group_id":"5","move_id":"332","pokemon_move_method_id":"4","level":"0","pokemon_id":"163"}{"order":"","version_group_id":"6","move_id":"17","pokemon_move_method_id":"2","level":"0","pokemon_id":"163"}{"order":"","version_group_id":"6","move_id":"18","pokemon_move_method_id":"2","level":"0","pokemon_id":"163"}{"order":"","version_group_id":"6","move_id":"19","pokemon_move_method_id":"4","level":"0","pokemon_id":"163"}{"order":"1","version_group_id":"6","move_id":"33","pokemon_move_method_id":"1","level":"1","pokemon_id":"163"}{"order":"","version_group_id":"6","move_id":"36","pokemon_move_method_id":"1","level":"28","pokemon_id":"163"}{"order":"","version_group_id":"6","move_id":"38","pokemon_move_method_id":"3","level":"0","pokemon_id":"163"}{"order":"2","version_group_id":"6","move_id":"45","pokemon_move_method_id":"1","level":"1","pokemon_id":"163"}{"order":"","version_group_id":"6","move_id":"48","pokemon_move_method_id":"2","level":"0","pokemon_id":"163"}{"order":"","version_group_id":"6","move_id":"64","pokemon_move_method_id":"1","level":"11","pokemon_id":"163"}{"order":"","version_group_id":"6","move_id":"92","pokemon_move_method_id":"4","level":"0","pokemon_id":"163"}{"order":"","version_group_id":"6","move_id":"93","pokemon_move_method_id":"1","level":"34","pokemon_id":"163"}{"order":"","version_group_id":"6","move_id":"94","pokemon_move_method_id":"4","level":"0","pokemon_id":"163"}{"order":"","version_group_id":"6","move_id":"95","pokemon_move_method_id":"1","level":"16","pokemon_id":"163"}{"order":"","version_group_id":"6","move_id":"102","pokemon_move_method_id":"3","level":"0","pokemon_id":"163"}{"order":"","version_group_id":"6","move_id":"104","pokemon_move_method_id":"4","level":"0","pokemon_id":"163"}{"order":"","version_group_id":"6","move_id":"115","pokemon_move_method_id":"1","level":"22","pokemon_id":"163"}{"order":"","version_group_id":"6","move_id":"115","pokemon_move_method_id":"4","level":"0","pokemon_id":"163"}{"order":"","version_group_id":"6","move_id":"119","pokemon_move_method_id":"2","level":"0","pokemon_id":"163"}{"order":"","version_group_id":"6","move_id":"129","pokemon_move_method_id":"3","level":"0","pokemon_id":"163"}{"order":"","version_group_id":"6","move_id":"138","pokemon_move_method_id":"1","level":"48","pokemon_id":"163"}{"order":"","version_group_id":"6","move_id":"138","pokemon_move_method_id":"3","level":"0","pokemon_id":"163"}{"order":"","version_group_id":"6","move_id":"143","pokemon_move_method_id":"2","level":"0","pokemon_id":"163"}{"order":"","version_group_id":"6","move_id":"148","pokemon_move_method_id":"4","level":"0","pokemon_id":"163"}{"order":"","version_group_id":"6","move_id":"156","pokemon_move_method_id":"4","level":"0","pokemon_id":"163"}{"order":"","version_group_id":"6","move_id":"164","pokemon_move_method_id":"3","level":"0","pokemon_id":"163"}{"order":"","version_group_id":"6","move_id":"168","pokemon_move_method_id":"4","level":"0","pokemon_id":"163"}{"order":"","version_group_id":"6","move_id":"173","pokemon_move_method_id":"3","level":"0","pokemon_id":"163"}{"order":"","version_group_id":"6","move_id":"182","pokemon_move_method_id":"4","level":"0","pokemon_id":"163"}{"order":"","version_group_id":"6","move_id":"185","pokemon_move_method_id":"2","level":"0","pokemon_id":"163"}{"order":"","version_group_id":"6","move_id":"189","pokemon_move_method_id":"3","level":"0","pokemon_id":"163"}{"order":"","version_group_id":"6","move_id":"193","pokemon_move_method_id":"1","level":"6","pokemon_id":"163"}{"order":"","version_group_id":"6","move_id":"203","pokemon_move_method_id":"3","level":"0","pokemon_id":"163"}{"order":"","version_group_id":"6","move_id":"207","pokemon_move_method_id":"3","level":"0","pokemon_id":"163"}{"order":"","version_group_id":"6","move_id":"211","pokemon_move_method_id":"4","level":"0","pokemon_id":"163"}{"order":"","version_group_id":"6","move_id":"213","pokemon_move_method_id":"4","level":"0","pokemon_id":"163"}{"order":"","version_group_id":"6","move_id":"214","pokemon_move_method_id":"3","level":"0","pokemon_id":"163"}{"order":"","version_group_id":"6","move_id":"216","pokemon_move_method_id":"4","level":"0","pokemon_id":"163"}{"order":"","version_group_id":"6","move_id":"218","pokemon_move_method_id":"4","level":"0","pokemon_id":"163"}{"order":"","version_group_id":"6","move_id":"237","pokemon_move_method_id":"4","level":"0","pokemon_id":"163"}{"order":"","version_group_id":"6","move_id":"240","pokemon_move_method_id":"4","level":"0","pokemon_id":"163"}{"order":"","version_group_id":"6","move_id":"241","pokemon_move_method_id":"4","level":"0","pokemon_id":"163"}{"order":"","version_group_id":"6","move_id":"247","pokemon_move_method_id":"4","level":"0","pokemon_id":"163"}{"order":"","version_group_id":"6","move_id":"263","pokemon_move_method_id":"4","level":"0","pokemon_id":"163"}{"order":"","version_group_id":"6","move_id":"290","pokemon_move_method_id":"4","level":"0","pokemon_id":"163"}{"order":"","version_group_id":"6","move_id":"297","pokemon_move_method_id":"2","level":"0","pokemon_id":"163"}{"order":"","version_group_id":"6","move_id":"332","pokemon_move_method_id":"4","level":"0","pokemon_id":"163"}{"order":"","version_group_id":"7","move_id":"17","pokemon_move_method_id":"2","level":"0","pokemon_id":"163"}{"order":"","version_group_id":"7","move_id":"18","pokemon_move_method_id":"2","level":"0","pokemon_id":"163"}{"order":"","version_group_id":"7","move_id":"19","pokemon_move_method_id":"4","level":"0","pokemon_id":"163"}{"order":"1","version_group_id":"7","move_id":"33","pokemon_move_method_id":"1","level":"1","pokemon_id":"163"}{"order":"","version_group_id":"7","move_id":"36","pokemon_move_method_id":"1","level":"28","pokemon_id":"163"}{"order":"","version_group_id":"7","move_id":"38","pokemon_move_method_id":"3","level":"0","pokemon_id":"163"}{"order":"2","version_group_id":"7","move_id":"45","pokemon_move_method_id":"1","level":"1","pokemon_id":"163"}{"order":"","version_group_id":"7","move_id":"48","pokemon_move_method_id":"2","level":"0","pokemon_id":"163"}{"order":"","version_group_id":"7","move_id":"64","pokemon_move_method_id":"1","level":"11","pokemon_id":"163"}{"order":"","version_group_id":"7","move_id":"92","pokemon_move_method_id":"4","level":"0","pokemon_id":"163"}{"order":"","version_group_id":"7","move_id":"93","pokemon_move_method_id":"1","level":"34","pokemon_id":"163"}{"order":"","version_group_id":"7","move_id":"94","pokemon_move_method_id":"4","level":"0","pokemon_id":"163"}{"order":"","version_group_id":"7","move_id":"95","pokemon_move_method_id":"1","level":"16","pokemon_id":"163"}{"order":"","version_group_id":"7","move_id":"102","pokemon_move_method_id":"3","level":"0","pokemon_id":"163"}{"order":"","version_group_id":"7","move_id":"104","pokemon_move_method_id":"4","level":"0","pokemon_id":"163"}{"order":"","version_group_id":"7","move_id":"115","pokemon_move_method_id":"1","level":"22","pokemon_id":"163"}{"order":"","version_group_id":"7","move_id":"115","pokemon_move_method_id":"4","level":"0","pokemon_id":"163"}{"order":"","version_group_id":"7","move_id":"119","pokemon_move_method_id":"2","level":"0","pokemon_id":"163"}{"order":"","version_group_id":"7","move_id":"138","pokemon_move_method_id":"1","level":"48","pokemon_id":"163"}{"order":"","version_group_id":"7","move_id":"138","pokemon_move_method_id":"3","level":"0","pokemon_id":"163"}{"order":"","version_group_id":"7","move_id":"143","pokemon_move_method_id":"2","level":"0","pokemon_id":"163"}{"order":"","version_group_id":"7","move_id":"148","pokemon_move_method_id":"4","level":"0","pokemon_id":"163"}{"order":"","version_group_id":"7","move_id":"156","pokemon_move_method_id":"4","level":"0","pokemon_id":"163"}{"order":"","version_group_id":"7","move_id":"164","pokemon_move_method_id":"3","level":"0","pokemon_id":"163"}{"order":"","version_group_id":"7","move_id":"168","pokemon_move_method_id":"4","level":"0","pokemon_id":"163"}{"order":"","version_group_id":"7","move_id":"182","pokemon_move_method_id":"4","level":"0","pokemon_id":"163"}{"order":"","version_group_id":"7","move_id":"185","pokemon_move_method_id":"2","level":"0","pokemon_id":"163"}{"order":"","version_group_id":"7","move_id":"193","pokemon_move_method_id":"1","level":"6","pokemon_id":"163"}{"order":"","version_group_id":"7","move_id":"211","pokemon_move_method_id":"4","level":"0","pokemon_id":"163"}{"order":"","version_group_id":"7","move_id":"213","pokemon_move_method_id":"4","level":"0","pokemon_id":"163"}{"order":"","version_group_id":"7","move_id":"216","pokemon_move_method_id":"4","level":"0","pokemon_id":"163"}{"order":"","version_group_id":"7","move_id":"218","pokemon_move_method_id":"4","level":"0","pokemon_id":"163"}{"order":"","version_group_id":"7","move_id":"237","pokemon_move_method_id":"4","level":"0","pokemon_id":"163"}{"order":"","version_group_id":"7","move_id":"240","pokemon_move_method_id":"4","level":"0","pokemon_id":"163"}{"order":"","version_group_id":"7","move_id":"241","pokemon_move_method_id":"4","level":"0","pokemon_id":"163"}{"order":"","version_group_id":"7","move_id":"247","pokemon_move_method_id":"4","level":"0","pokemon_id":"163"}{"order":"","version_group_id":"7","move_id":"263","pokemon_move_method_id":"4","level":"0","pokemon_id":"163"}{"order":"","version_group_id":"7","move_id":"290","pokemon_move_method_id":"4","level":"0","pokemon_id":"163"}{"order":"","version_group_id":"7","move_id":"297","pokemon_move_method_id":"2","level":"0","pokemon_id":"163"}{"order":"","version_group_id":"7","move_id":"332","pokemon_move_method_id":"4","level":"0","pokemon_id":"163"}{"order":"","version_group_id":"8","move_id":"17","pokemon_move_method_id":"2","level":"0","pokemon_id":"163"}{"order":"","version_group_id":"8","move_id":"18","pokemon_move_method_id":"2","level":"0","pokemon_id":"163"}{"order":"","version_group_id":"8","move_id":"19","pokemon_move_method_id":"4","level":"0","pokemon_id":"163"}{"order":"1","version_group_id":"8","move_id":"33","pokemon_move_method_id":"1","level":"1","pokemon_id":"163"}{"order":"","version_group_id":"8","move_id":"36","pokemon_move_method_id":"1","level":"25","pokemon_id":"163"}{"order":"2","version_group_id":"8","move_id":"45","pokemon_move_method_id":"1","level":"1","pokemon_id":"163"}{"order":"","version_group_id":"8","move_id":"48","pokemon_move_method_id":"2","level":"0","pokemon_id":"163"}{"order":"","version_group_id":"8","move_id":"64","pokemon_move_method_id":"1","level":"13","pokemon_id":"163"}{"order":"","version_group_id":"8","move_id":"92","pokemon_move_method_id":"4","level":"0","pokemon_id":"163"}{"order":"","version_group_id":"8","move_id":"93","pokemon_move_method_id":"1","level":"21","pokemon_id":"163"}{"order":"","version_group_id":"8","move_id":"94","pokemon_move_method_id":"4","level":"0","pokemon_id":"163"}{"order":"","version_group_id":"8","move_id":"95","pokemon_move_method_id":"1","level":"9","pokemon_id":"163"}{"order":"","version_group_id":"8","move_id":"97","pokemon_move_method_id":"2","level":"0","pokemon_id":"163"}{"order":"","version_group_id":"8","move_id":"101","pokemon_move_method_id":"2","level":"0","pokemon_id":"163"}{"order":"","version_group_id":"8","move_id":"104","pokemon_move_method_id":"4","level":"0","pokemon_id":"163"}{"order":"","version_group_id":"8","move_id":"115","pokemon_move_method_id":"1","level":"17","pokemon_id":"163"}{"order":"","version_group_id":"8","move_id":"115","pokemon_move_method_id":"4","level":"0","pokemon_id":"163"}{"order":"","version_group_id":"8","move_id":"119","pokemon_move_method_id":"2","level":"0","pokemon_id":"163"}{"order":"","version_group_id":"8","move_id":"138","pokemon_move_method_id":"1","level":"49","pokemon_id":"163"}{"order":"","version_group_id":"8","move_id":"138","pokemon_move_method_id":"4","level":"0","pokemon_id":"163"}{"order":"","version_group_id":"8","move_id":"143","pokemon_move_method_id":"2","level":"0","pokemon_id":"163"}{"order":"","version_group_id":"8","move_id":"156","pokemon_move_method_id":"4","level":"0","pokemon_id":"163"}{"order":"","version_group_id":"8","move_id":"164","pokemon_move_method_id":"4","level":"0","pokemon_id":"163"}{"order":"","version_group_id":"8","move_id":"168","pokemon_move_method_id":"4","level":"0","pokemon_id":"163"}{"order":"","version_group_id":"8","move_id":"182","pokemon_move_method_id":"4","level":"0","pokemon_id":"163"}{"order":"","version_group_id":"8","move_id":"185","pokemon_move_method_id":"2","level":"0","pokemon_id":"163"}{"order":"","version_group_id":"8","move_id":"193","pokemon_move_method_id":"1","level":"5","pokemon_id":"163"}{"order":"","version_group_id":"8","move_id":"203","pokemon_move_method_id":"4","level":"0","pokemon_id":"163"}{"order":"","version_group_id":"8","move_id":"207","pokemon_move_method_id":"4","level":"0","pokemon_id":"163"}{"order":"","version_group_id":"8","move_id":"211","pokemon_move_method_id":"4","level":"0","pokemon_id":"163"}{"order":"","version_group_id":"8","move_id":"213","pokemon_move_method_id":"4","level":"0","pokemon_id":"163"}{"order":"","version_group_id":"8","move_id":"214","pokemon_move_method_id":"4","level":"0","pokemon_id":"163"}{"order":"","version_group_id":"8","move_id":"216","pokemon_move_method_id":"4","level":"0","pokemon_id":"163"}{"order":"","version_group_id":"8","move_id":"218","pokemon_move_method_id":"4","level":"0","pokemon_id":"163"}{"order":"","version_group_id":"8","move_id":"237","pokemon_move_method_id":"4","level":"0","pokemon_id":"163"}{"order":"","version_group_id":"8","move_id":"240","pokemon_move_method_id":"4","level":"0","pokemon_id":"163"}{"order":"","version_group_id":"8","move_id":"241","pokemon_move_method_id":"4","level":"0","pokemon_id":"163"}{"order":"","version_group_id":"8","move_id":"244","pokemon_move_method_id":"4","level":"0","pokemon_id":"163"}{"order":"","version_group_id":"8","move_id":"247","pokemon_move_method_id":"4","level":"0","pokemon_id":"163"}{"order":"","version_group_id":"8","move_id":"263","pokemon_move_method_id":"4","level":"0","pokemon_id":"163"}{"order":"","version_group_id":"8","move_id":"278","pokemon_move_method_id":"4","level":"0","pokemon_id":"163"}{"order":"","version_group_id":"8","move_id":"290","pokemon_move_method_id":"4","level":"0","pokemon_id":"163"}{"order":"","version_group_id":"8","move_id":"297","pokemon_move_method_id":"2","level":"0","pokemon_id":"163"}{"order":"","version_group_id":"8","move_id":"318","pokemon_move_method_id":"4","level":"0","pokemon_id":"163"}{"order":"","version_group_id":"8","move_id":"326","pokemon_move_method_id":"1","level":"37","pokemon_id":"163"}{"order":"","version_group_id":"8","move_id":"332","pokemon_move_method_id":"4","level":"0","pokemon_id":"163"}{"order":"","version_group_id":"8","move_id":"355","pokemon_move_method_id":"1","level":"45","pokemon_id":"163"}{"order":"","version_group_id":"8","move_id":"355","pokemon_move_method_id":"4","level":"0","pokemon_id":"163"}{"order":"","version_group_id":"8","move_id":"363","pokemon_move_method_id":"4","level":"0","pokemon_id":"163"}{"order":"","version_group_id":"8","move_id":"365","pokemon_move_method_id":"4","level":"0","pokemon_id":"163"}{"order":"","version_group_id":"8","move_id":"375","pokemon_move_method_id":"1","level":"41","pokemon_id":"163"}{"order":"","version_group_id":"8","move_id":"403","pokemon_move_method_id":"1","level":"29","pokemon_id":"163"}{"order":"","version_group_id":"8","move_id":"428","pokemon_move_method_id":"1","level":"33","pokemon_id":"163"}{"order":"","version_group_id":"8","move_id":"432","pokemon_move_method_id":"4","level":"0","pokemon_id":"163"}{"order":"","version_group_id":"8","move_id":"445","pokemon_move_method_id":"4","level":"0","pokemon_id":"163"}{"order":"","version_group_id":"9","move_id":"17","pokemon_move_method_id":"2","level":"0","pokemon_id":"163"}{"order":"","version_group_id":"9","move_id":"18","pokemon_move_method_id":"2","level":"0","pokemon_id":"163"}{"order":"","version_group_id":"9","move_id":"19","pokemon_move_method_id":"4","level":"0","pokemon_id":"163"}{"order":"1","version_group_id":"9","move_id":"33","pokemon_move_method_id":"1","level":"1","pokemon_id":"163"}{"order":"","version_group_id":"9","move_id":"36","pokemon_move_method_id":"1","level":"25","pokemon_id":"163"}{"order":"2","version_group_id":"9","move_id":"45","pokemon_move_method_id":"1","level":"1","pokemon_id":"163"}{"order":"","version_group_id":"9","move_id":"48","pokemon_move_method_id":"2","level":"0","pokemon_id":"163"}{"order":"","version_group_id":"9","move_id":"64","pokemon_move_method_id":"1","level":"9","pokemon_id":"163"}{"order":"","version_group_id":"9","move_id":"92","pokemon_move_method_id":"4","level":"0","pokemon_id":"163"}{"order":"","version_group_id":"9","move_id":"93","pokemon_move_method_id":"1","level":"21","pokemon_id":"163"}{"order":"","version_group_id":"9","move_id":"94","pokemon_move_method_id":"4","level":"0","pokemon_id":"163"}{"order":"","version_group_id":"9","move_id":"95","pokemon_move_method_id":"1","level":"5","pokemon_id":"163"}{"order":"","version_group_id":"9","move_id":"97","pokemon_move_method_id":"2","level":"0","pokemon_id":"163"}{"order":"","version_group_id":"9","move_id":"101","pokemon_move_method_id":"2","level":"0","pokemon_id":"163"}{"order":"","version_group_id":"9","move_id":"104","pokemon_move_method_id":"4","level":"0","pokemon_id":"163"}{"order":"","version_group_id":"9","move_id":"115","pokemon_move_method_id":"1","level":"17","pokemon_id":"163"}{"order":"","version_group_id":"9","move_id":"115","pokemon_move_method_id":"4","level":"0","pokemon_id":"163"}{"order":"","version_group_id":"9","move_id":"119","pokemon_move_method_id":"2","level":"0","pokemon_id":"163"}{"order":"","version_group_id":"9","move_id":"129","pokemon_move_method_id":"3","level":"0","pokemon_id":"163"}{"order":"","version_group_id":"9","move_id":"138","pokemon_move_method_id":"1","level":"49","pokemon_id":"163"}{"order":"","version_group_id":"9","move_id":"138","pokemon_move_method_id":"4","level":"0","pokemon_id":"163"}{"order":"","version_group_id":"9","move_id":"143","pokemon_move_method_id":"2","level":"0","pokemon_id":"163"}{"order":"","version_group_id":"9","move_id":"156","pokemon_move_method_id":"4","level":"0","pokemon_id":"163"}{"order":"","version_group_id":"9","move_id":"164","pokemon_move_method_id":"4","level":"0","pokemon_id":"163"}{"order":"","version_group_id":"9","move_id":"168","pokemon_move_method_id":"4","level":"0","pokemon_id":"163"}{"order":"","version_group_id":"9","move_id":"182","pokemon_move_method_id":"4","level":"0","pokemon_id":"163"}{"order":"","version_group_id":"9","move_id":"185","pokemon_move_method_id":"2","level":"0","pokemon_id":"163"}{"order":"","version_group_id":"9","move_id":"189","pokemon_move_method_id":"3","level":"0","pokemon_id":"163"}{"order":"3","version_group_id":"9","move_id":"193","pokemon_move_method_id":"1","level":"1","pokemon_id":"163"}{"order":"","version_group_id":"9","move_id":"203","pokemon_move_method_id":"4","level":"0","pokemon_id":"163"}{"order":"","version_group_id":"9","move_id":"207","pokemon_move_method_id":"4","level":"0","pokemon_id":"163"}{"order":"","version_group_id":"9","move_id":"211","pokemon_move_method_id":"4","level":"0","pokemon_id":"163"}{"order":"","version_group_id":"9","move_id":"213","pokemon_move_method_id":"4","level":"0","pokemon_id":"163"}{"order":"","version_group_id":"9","move_id":"214","pokemon_move_method_id":"4","level":"0","pokemon_id":"163"}{"order":"","version_group_id":"9","move_id":"216","pokemon_move_method_id":"4","level":"0","pokemon_id":"163"}{"order":"","version_group_id":"9","move_id":"218","pokemon_move_method_id":"4","level":"0","pokemon_id":"163"}{"order":"","version_group_id":"9","move_id":"237","pokemon_move_method_id":"4","level":"0","pokemon_id":"163"}{"order":"","version_group_id":"9","move_id":"239","pokemon_move_method_id":"3","level":"0","pokemon_id":"163"}{"order":"","version_group_id":"9","move_id":"240","pokemon_move_method_id":"4","level":"0","pokemon_id":"163"}{"order":"","version_group_id":"9","move_id":"241","pokemon_move_method_id":"4","level":"0","pokemon_id":"163"}{"order":"","version_group_id":"9","move_id":"244","pokemon_move_method_id":"4","level":"0","pokemon_id":"163"}{"order":"","version_group_id":"9","move_id":"247","pokemon_move_method_id":"4","level":"0","pokemon_id":"163"}{"order":"","version_group_id":"9","move_id":"253","pokemon_move_method_id":"1","level":"13","pokemon_id":"163"}{"order":"","version_group_id":"9","move_id":"253","pokemon_move_method_id":"3","level":"0","pokemon_id":"163"}{"order":"","version_group_id":"9","move_id":"257","pokemon_move_method_id":"3","level":"0","pokemon_id":"163"}{"order":"","version_group_id":"9","move_id":"263","pokemon_move_method_id":"4","level":"0","pokemon_id":"163"}{"order":"","version_group_id":"9","move_id":"278","pokemon_move_method_id":"4","level":"0","pokemon_id":"163"}{"order":"","version_group_id":"9","move_id":"290","pokemon_move_method_id":"4","level":"0","pokemon_id":"163"}{"order":"","version_group_id":"9","move_id":"297","pokemon_move_method_id":"2","level":"0","pokemon_id":"163"}{"order":"","version_group_id":"9","move_id":"314","pokemon_move_method_id":"3","level":"0","pokemon_id":"163"}{"order":"","version_group_id":"9","move_id":"318","pokemon_move_method_id":"4","level":"0","pokemon_id":"163"}{"order":"","version_group_id":"9","move_id":"326","pokemon_move_method_id":"1","level":"37","pokemon_id":"163"}{"order":"","version_group_id":"9","move_id":"332","pokemon_move_method_id":"4","level":"0","pokemon_id":"163"}{"order":"","version_group_id":"9","move_id":"355","pokemon_move_method_id":"1","level":"45","pokemon_id":"163"}{"order":"","version_group_id":"9","move_id":"355","pokemon_move_method_id":"4","level":"0","pokemon_id":"163"}{"order":"","version_group_id":"9","move_id":"363","pokemon_move_method_id":"4","level":"0","pokemon_id":"163"}{"order":"","version_group_id":"9","move_id":"365","pokemon_move_method_id":"4","level":"0","pokemon_id":"163"}{"order":"","version_group_id":"9","move_id":"375","pokemon_move_method_id":"1","level":"41","pokemon_id":"163"}{"order":"","version_group_id":"9","move_id":"403","pokemon_move_method_id":"1","level":"29","pokemon_id":"163"}{"order":"","version_group_id":"9","move_id":"428","pokemon_move_method_id":"1","level":"33","pokemon_id":"163"}{"order":"","version_group_id":"9","move_id":"428","pokemon_move_method_id":"3","level":"0","pokemon_id":"163"}{"order":"","version_group_id":"9","move_id":"432","pokemon_move_method_id":"4","level":"0","pokemon_id":"163"}{"order":"","version_group_id":"9","move_id":"445","pokemon_move_method_id":"4","level":"0","pokemon_id":"163"}{"order":"","version_group_id":"9","move_id":"466","pokemon_move_method_id":"3","level":"0","pokemon_id":"163"}{"order":"","version_group_id":"10","move_id":"17","pokemon_move_method_id":"2","level":"0","pokemon_id":"163"}{"order":"","version_group_id":"10","move_id":"18","pokemon_move_method_id":"2","level":"0","pokemon_id":"163"}{"order":"","version_group_id":"10","move_id":"19","pokemon_move_method_id":"4","level":"0","pokemon_id":"163"}{"order":"1","version_group_id":"10","move_id":"33","pokemon_move_method_id":"1","level":"1","pokemon_id":"163"}{"order":"","version_group_id":"10","move_id":"36","pokemon_move_method_id":"1","level":"25","pokemon_id":"163"}{"order":"2","version_group_id":"10","move_id":"45","pokemon_move_method_id":"1","level":"1","pokemon_id":"163"}{"order":"","version_group_id":"10","move_id":"48","pokemon_move_method_id":"2","level":"0","pokemon_id":"163"}{"order":"","version_group_id":"10","move_id":"64","pokemon_move_method_id":"1","level":"9","pokemon_id":"163"}{"order":"","version_group_id":"10","move_id":"92","pokemon_move_method_id":"4","level":"0","pokemon_id":"163"}{"order":"","version_group_id":"10","move_id":"93","pokemon_move_method_id":"1","level":"21","pokemon_id":"163"}{"order":"","version_group_id":"10","move_id":"94","pokemon_move_method_id":"4","level":"0","pokemon_id":"163"}{"order":"","version_group_id":"10","move_id":"95","pokemon_move_method_id":"1","level":"5","pokemon_id":"163"}{"order":"","version_group_id":"10","move_id":"97","pokemon_move_method_id":"2","level":"0","pokemon_id":"163"}{"order":"","version_group_id":"10","move_id":"101","pokemon_move_method_id":"2","level":"0","pokemon_id":"163"}{"order":"","version_group_id":"10","move_id":"104","pokemon_move_method_id":"4","level":"0","pokemon_id":"163"}{"order":"","version_group_id":"10","move_id":"115","pokemon_move_method_id":"1","level":"17","pokemon_id":"163"}{"order":"","version_group_id":"10","move_id":"115","pokemon_move_method_id":"4","level":"0","pokemon_id":"163"}{"order":"","version_group_id":"10","move_id":"119","pokemon_move_method_id":"2","level":"0","pokemon_id":"163"}{"order":"","version_group_id":"10","move_id":"129","pokemon_move_method_id":"3","level":"0","pokemon_id":"163"}{"order":"","version_group_id":"10","move_id":"138","pokemon_move_method_id":"1","level":"49","pokemon_id":"163"}{"order":"","version_group_id":"10","move_id":"138","pokemon_move_method_id":"4","level":"0","pokemon_id":"163"}{"order":"","version_group_id":"10","move_id":"143","pokemon_move_method_id":"2","level":"0","pokemon_id":"163"}{"order":"","version_group_id":"10","move_id":"156","pokemon_move_method_id":"4","level":"0","pokemon_id":"163"}{"order":"","version_group_id":"10","move_id":"164","pokemon_move_method_id":"4","level":"0","pokemon_id":"163"}{"order":"","version_group_id":"10","move_id":"168","pokemon_move_method_id":"4","level":"0","pokemon_id":"163"}{"order":"","version_group_id":"10","move_id":"182","pokemon_move_method_id":"4","level":"0","pokemon_id":"163"}{"order":"","version_group_id":"10","move_id":"185","pokemon_move_method_id":"2","level":"0","pokemon_id":"163"}{"order":"","version_group_id":"10","move_id":"189","pokemon_move_method_id":"3","level":"0","pokemon_id":"163"}{"order":"3","version_group_id":"10","move_id":"193","pokemon_move_method_id":"1","level":"1","pokemon_id":"163"}{"order":"","version_group_id":"10","move_id":"203","pokemon_move_method_id":"4","level":"0","pokemon_id":"163"}{"order":"","version_group_id":"10","move_id":"207","pokemon_move_method_id":"4","level":"0","pokemon_id":"163"}{"order":"","version_group_id":"10","move_id":"211","pokemon_move_method_id":"4","level":"0","pokemon_id":"163"}{"order":"","version_group_id":"10","move_id":"213","pokemon_move_method_id":"4","level":"0","pokemon_id":"163"}{"order":"","version_group_id":"10","move_id":"214","pokemon_move_method_id":"4","level":"0","pokemon_id":"163"}{"order":"","version_group_id":"10","move_id":"216","pokemon_move_method_id":"4","level":"0","pokemon_id":"163"}{"order":"","version_group_id":"10","move_id":"218","pokemon_move_method_id":"4","level":"0","pokemon_id":"163"}{"order":"","version_group_id":"10","move_id":"237","pokemon_move_method_id":"4","level":"0","pokemon_id":"163"}{"order":"","version_group_id":"10","move_id":"239","pokemon_move_method_id":"3","level":"0","pokemon_id":"163"}{"order":"","version_group_id":"10","move_id":"240","pokemon_move_method_id":"4","level":"0","pokemon_id":"163"}{"order":"","version_group_id":"10","move_id":"241","pokemon_move_method_id":"4","level":"0","pokemon_id":"163"}{"order":"","version_group_id":"10","move_id":"244","pokemon_move_method_id":"4","level":"0","pokemon_id":"163"}{"order":"","version_group_id":"10","move_id":"247","pokemon_move_method_id":"4","level":"0","pokemon_id":"163"}{"order":"","version_group_id":"10","move_id":"253","pokemon_move_method_id":"1","level":"13","pokemon_id":"163"}{"order":"","version_group_id":"10","move_id":"253","pokemon_move_method_id":"3","level":"0","pokemon_id":"163"}{"order":"","version_group_id":"10","move_id":"257","pokemon_move_method_id":"3","level":"0","pokemon_id":"163"}{"order":"","version_group_id":"10","move_id":"263","pokemon_move_method_id":"4","level":"0","pokemon_id":"163"}{"order":"","version_group_id":"10","move_id":"277","pokemon_move_method_id":"3","level":"0","pokemon_id":"163"}{"order":"","version_group_id":"10","move_id":"278","pokemon_move_method_id":"4","level":"0","pokemon_id":"163"}{"order":"","version_group_id":"10","move_id":"290","pokemon_move_method_id":"4","level":"0","pokemon_id":"163"}{"order":"","version_group_id":"10","move_id":"297","pokemon_move_method_id":"2","level":"0","pokemon_id":"163"}{"order":"","version_group_id":"10","move_id":"314","pokemon_move_method_id":"3","level":"0","pokemon_id":"163"}{"order":"","version_group_id":"10","move_id":"318","pokemon_move_method_id":"4","level":"0","pokemon_id":"163"}{"order":"","version_group_id":"10","move_id":"326","pokemon_move_method_id":"1","level":"37","pokemon_id":"163"}{"order":"","version_group_id":"10","move_id":"332","pokemon_move_method_id":"4","level":"0","pokemon_id":"163"}{"order":"","version_group_id":"10","move_id":"355","pokemon_move_method_id":"1","level":"45","pokemon_id":"163"}{"order":"","version_group_id":"10","move_id":"355","pokemon_move_method_id":"4","level":"0","pokemon_id":"163"}{"order":"","version_group_id":"10","move_id":"363","pokemon_move_method_id":"4","level":"0","pokemon_id":"163"}{"order":"","version_group_id":"10","move_id":"365","pokemon_move_method_id":"4","level":"0","pokemon_id":"163"}{"order":"","version_group_id":"10","move_id":"366","pokemon_move_method_id":"3","level":"0","pokemon_id":"163"}{"order":"","version_group_id":"10","move_id":"375","pokemon_move_method_id":"1","level":"41","pokemon_id":"163"}{"order":"","version_group_id":"10","move_id":"403","pokemon_move_method_id":"1","level":"29","pokemon_id":"163"}{"order":"","version_group_id":"10","move_id":"428","pokemon_move_method_id":"1","level":"33","pokemon_id":"163"}{"order":"","version_group_id":"10","move_id":"428","pokemon_move_method_id":"3","level":"0","pokemon_id":"163"}{"order":"","version_group_id":"10","move_id":"445","pokemon_move_method_id":"4","level":"0","pokemon_id":"163"}{"order":"","version_group_id":"10","move_id":"466","pokemon_move_method_id":"3","level":"0","pokemon_id":"163"}{"order":"","version_group_id":"11","move_id":"17","pokemon_move_method_id":"2","level":"0","pokemon_id":"163"}{"order":"","version_group_id":"11","move_id":"18","pokemon_move_method_id":"2","level":"0","pokemon_id":"163"}{"order":"","version_group_id":"11","move_id":"19","pokemon_move_method_id":"4","level":"0","pokemon_id":"163"}{"order":"1","version_group_id":"11","move_id":"33","pokemon_move_method_id":"1","level":"1","pokemon_id":"163"}{"order":"","version_group_id":"11","move_id":"36","pokemon_move_method_id":"1","level":"29","pokemon_id":"163"}{"order":"2","version_group_id":"11","move_id":"45","pokemon_move_method_id":"1","level":"1","pokemon_id":"163"}{"order":"","version_group_id":"11","move_id":"48","pokemon_move_method_id":"2","level":"0","pokemon_id":"163"}{"order":"","version_group_id":"11","move_id":"64","pokemon_move_method_id":"1","level":"9","pokemon_id":"163"}{"order":"","version_group_id":"11","move_id":"92","pokemon_move_method_id":"4","level":"0","pokemon_id":"163"}{"order":"","version_group_id":"11","move_id":"93","pokemon_move_method_id":"1","level":"21","pokemon_id":"163"}{"order":"","version_group_id":"11","move_id":"94","pokemon_move_method_id":"4","level":"0","pokemon_id":"163"}{"order":"","version_group_id":"11","move_id":"95","pokemon_move_method_id":"1","level":"5","pokemon_id":"163"}{"order":"","version_group_id":"11","move_id":"97","pokemon_move_method_id":"2","level":"0","pokemon_id":"163"}{"order":"","version_group_id":"11","move_id":"101","pokemon_move_method_id":"2","level":"0","pokemon_id":"163"}{"order":"","version_group_id":"11","move_id":"104","pokemon_move_method_id":"4","level":"0","pokemon_id":"163"}{"order":"","version_group_id":"11","move_id":"115","pokemon_move_method_id":"1","level":"17","pokemon_id":"163"}{"order":"","version_group_id":"11","move_id":"115","pokemon_move_method_id":"4","level":"0","pokemon_id":"163"}{"order":"","version_group_id":"11","move_id":"119","pokemon_move_method_id":"2","level":"0","pokemon_id":"163"}{"order":"","version_group_id":"11","move_id":"138","pokemon_move_method_id":"1","level":"57","pokemon_id":"163"}{"order":"","version_group_id":"11","move_id":"138","pokemon_move_method_id":"4","level":"0","pokemon_id":"163"}{"order":"","version_group_id":"11","move_id":"143","pokemon_move_method_id":"2","level":"0","pokemon_id":"163"}{"order":"","version_group_id":"11","move_id":"156","pokemon_move_method_id":"4","level":"0","pokemon_id":"163"}{"order":"","version_group_id":"11","move_id":"164","pokemon_move_method_id":"4","level":"0","pokemon_id":"163"}{"order":"","version_group_id":"11","move_id":"168","pokemon_move_method_id":"4","level":"0","pokemon_id":"163"}{"order":"","version_group_id":"11","move_id":"182","pokemon_move_method_id":"4","level":"0","pokemon_id":"163"}{"order":"","version_group_id":"11","move_id":"185","pokemon_move_method_id":"2","level":"0","pokemon_id":"163"}{"order":"3","version_group_id":"11","move_id":"193","pokemon_move_method_id":"1","level":"1","pokemon_id":"163"}{"order":"","version_group_id":"11","move_id":"207","pokemon_move_method_id":"4","level":"0","pokemon_id":"163"}{"order":"","version_group_id":"11","move_id":"213","pokemon_move_method_id":"4","level":"0","pokemon_id":"163"}{"order":"","version_group_id":"11","move_id":"216","pokemon_move_method_id":"4","level":"0","pokemon_id":"163"}{"order":"","version_group_id":"11","move_id":"218","pokemon_move_method_id":"4","level":"0","pokemon_id":"163"}{"order":"","version_group_id":"11","move_id":"237","pokemon_move_method_id":"4","level":"0","pokemon_id":"163"}{"order":"","version_group_id":"11","move_id":"240","pokemon_move_method_id":"4","level":"0","pokemon_id":"163"}{"order":"","version_group_id":"11","move_id":"241","pokemon_move_method_id":"4","level":"0","pokemon_id":"163"}{"order":"","version_group_id":"11","move_id":"244","pokemon_move_method_id":"4","level":"0","pokemon_id":"163"}{"order":"","version_group_id":"11","move_id":"247","pokemon_move_method_id":"4","level":"0","pokemon_id":"163"}{"order":"","version_group_id":"11","move_id":"253","pokemon_move_method_id":"1","level":"13","pokemon_id":"163"}{"order":"","version_group_id":"11","move_id":"263","pokemon_move_method_id":"4","level":"0","pokemon_id":"163"}{"order":"","version_group_id":"11","move_id":"297","pokemon_move_method_id":"2","level":"0","pokemon_id":"163"}{"order":"","version_group_id":"11","move_id":"326","pokemon_move_method_id":"1","level":"45","pokemon_id":"163"}{"order":"","version_group_id":"11","move_id":"332","pokemon_move_method_id":"4","level":"0","pokemon_id":"163"}{"order":"","version_group_id":"11","move_id":"355","pokemon_move_method_id":"1","level":"53","pokemon_id":"163"}{"order":"","version_group_id":"11","move_id":"365","pokemon_move_method_id":"4","level":"0","pokemon_id":"163"}{"order":"","version_group_id":"11","move_id":"375","pokemon_move_method_id":"1","level":"49","pokemon_id":"163"}{"order":"","version_group_id":"11","move_id":"403","pokemon_move_method_id":"1","level":"33","pokemon_id":"163"}{"order":"","version_group_id":"11","move_id":"428","pokemon_move_method_id":"1","level":"37","pokemon_id":"163"}{"order":"","version_group_id":"11","move_id":"432","pokemon_move_method_id":"2","level":"0","pokemon_id":"163"}{"order":"","version_group_id":"11","move_id":"485","pokemon_move_method_id":"1","level":"41","pokemon_id":"163"}{"order":"","version_group_id":"11","move_id":"496","pokemon_move_method_id":"4","level":"0","pokemon_id":"163"}{"order":"","version_group_id":"11","move_id":"497","pokemon_move_method_id":"1","level":"25","pokemon_id":"163"}{"order":"","version_group_id":"11","move_id":"497","pokemon_move_method_id":"4","level":"0","pokemon_id":"163"}{"order":"","version_group_id":"11","move_id":"526","pokemon_move_method_id":"4","level":"0","pokemon_id":"163"}{"order":"","version_group_id":"12","move_id":"19","pokemon_move_method_id":"4","level":"0","pokemon_id":"163"}{"order":"1","version_group_id":"12","move_id":"33","pokemon_move_method_id":"1","level":"1","pokemon_id":"163"}{"order":"","version_group_id":"12","move_id":"36","pokemon_move_method_id":"1","level":"28","pokemon_id":"163"}{"order":"2","version_group_id":"12","move_id":"45","pokemon_move_method_id":"1","level":"1","pokemon_id":"163"}{"order":"","version_group_id":"12","move_id":"64","pokemon_move_method_id":"1","level":"11","pokemon_id":"163"}{"order":"","version_group_id":"12","move_id":"92","pokemon_move_method_id":"4","level":"0","pokemon_id":"163"}{"order":"","version_group_id":"12","move_id":"93","pokemon_move_method_id":"1","level":"34","pokemon_id":"163"}{"order":"","version_group_id":"12","move_id":"94","pokemon_move_method_id":"4","level":"0","pokemon_id":"163"}{"order":"","version_group_id":"12","move_id":"95","pokemon_move_method_id":"1","level":"16","pokemon_id":"163"}{"order":"","version_group_id":"12","move_id":"104","pokemon_move_method_id":"4","level":"0","pokemon_id":"163"}{"order":"","version_group_id":"12","move_id":"115","pokemon_move_method_id":"1","level":"22","pokemon_id":"163"}{"order":"","version_group_id":"12","move_id":"115","pokemon_move_method_id":"4","level":"0","pokemon_id":"163"}{"order":"","version_group_id":"12","move_id":"138","pokemon_move_method_id":"1","level":"48","pokemon_id":"163"}{"order":"","version_group_id":"12","move_id":"148","pokemon_move_method_id":"4","level":"0","pokemon_id":"163"}{"order":"","version_group_id":"12","move_id":"156","pokemon_move_method_id":"4","level":"0","pokemon_id":"163"}{"order":"","version_group_id":"12","move_id":"168","pokemon_move_method_id":"4","level":"0","pokemon_id":"163"}{"order":"","version_group_id":"12","move_id":"182","pokemon_move_method_id":"4","level":"0","pokemon_id":"163"}{"order":"","version_group_id":"12","move_id":"193","pokemon_move_method_id":"1","level":"6","pokemon_id":"163"}{"order":"","version_group_id":"12","move_id":"211","pokemon_move_method_id":"4","level":"0","pokemon_id":"163"}{"order":"","version_group_id":"12","move_id":"213","pokemon_move_method_id":"4","level":"0","pokemon_id":"163"}{"order":"","version_group_id":"12","move_id":"216","pokemon_move_method_id":"4","level":"0","pokemon_id":"163"}{"order":"","version_group_id":"12","move_id":"218","pokemon_move_method_id":"4","level":"0","pokemon_id":"163"}{"order":"","version_group_id":"12","move_id":"237","pokemon_move_method_id":"4","level":"0","pokemon_id":"163"}{"order":"","version_group_id":"12","move_id":"240","pokemon_move_method_id":"4","level":"0","pokemon_id":"163"}{"order":"","version_group_id":"12","move_id":"241","pokemon_move_method_id":"4","level":"0","pokemon_id":"163"}{"order":"","version_group_id":"12","move_id":"247","pokemon_move_method_id":"4","level":"0","pokemon_id":"163"}{"order":"","version_group_id":"12","move_id":"263","pokemon_move_method_id":"4","level":"0","pokemon_id":"163"}{"order":"","version_group_id":"12","move_id":"290","pokemon_move_method_id":"4","level":"0","pokemon_id":"163"}{"order":"","version_group_id":"12","move_id":"332","pokemon_move_method_id":"4","level":"0","pokemon_id":"163"}{"order":"","version_group_id":"13","move_id":"19","pokemon_move_method_id":"4","level":"0","pokemon_id":"163"}{"order":"1","version_group_id":"13","move_id":"33","pokemon_move_method_id":"1","level":"1","pokemon_id":"163"}{"order":"","version_group_id":"13","move_id":"36","pokemon_move_method_id":"1","level":"28","pokemon_id":"163"}{"order":"","version_group_id":"13","move_id":"38","pokemon_move_method_id":"3","level":"0","pokemon_id":"163"}{"order":"2","version_group_id":"13","move_id":"45","pokemon_move_method_id":"1","level":"1","pokemon_id":"163"}{"order":"","version_group_id":"13","move_id":"64","pokemon_move_method_id":"1","level":"11","pokemon_id":"163"}{"order":"","version_group_id":"13","move_id":"92","pokemon_move_method_id":"4","level":"0","pokemon_id":"163"}{"order":"","version_group_id":"13","move_id":"93","pokemon_move_method_id":"1","level":"34","pokemon_id":"163"}{"order":"","version_group_id":"13","move_id":"94","pokemon_move_method_id":"4","level":"0","pokemon_id":"163"}{"order":"","version_group_id":"13","move_id":"95","pokemon_move_method_id":"1","level":"16","pokemon_id":"163"}{"order":"","version_group_id":"13","move_id":"102","pokemon_move_method_id":"3","level":"0","pokemon_id":"163"}{"order":"","version_group_id":"13","move_id":"104","pokemon_move_method_id":"4","level":"0","pokemon_id":"163"}{"order":"","version_group_id":"13","move_id":"115","pokemon_move_method_id":"1","level":"22","pokemon_id":"163"}{"order":"","version_group_id":"13","move_id":"115","pokemon_move_method_id":"4","level":"0","pokemon_id":"163"}{"order":"","version_group_id":"13","move_id":"138","pokemon_move_method_id":"1","level":"48","pokemon_id":"163"}{"order":"","version_group_id":"13","move_id":"138","pokemon_move_method_id":"3","level":"0","pokemon_id":"163"}{"order":"","version_group_id":"13","move_id":"143","pokemon_move_method_id":"3","level":"0","pokemon_id":"163"}{"order":"","version_group_id":"13","move_id":"148","pokemon_move_method_id":"4","level":"0","pokemon_id":"163"}{"order":"","version_group_id":"13","move_id":"156","pokemon_move_method_id":"4","level":"0","pokemon_id":"163"}{"order":"","version_group_id":"13","move_id":"164","pokemon_move_method_id":"3","level":"0","pokemon_id":"163"}{"order":"","version_group_id":"13","move_id":"168","pokemon_move_method_id":"4","level":"0","pokemon_id":"163"}{"order":"","version_group_id":"13","move_id":"171","pokemon_move_method_id":"3","level":"0","pokemon_id":"163"}{"order":"","version_group_id":"13","move_id":"182","pokemon_move_method_id":"4","level":"0","pokemon_id":"163"}{"order":"","version_group_id":"13","move_id":"193","pokemon_move_method_id":"1","level":"6","pokemon_id":"163"}{"order":"","version_group_id":"13","move_id":"207","pokemon_move_method_id":"3","level":"0","pokemon_id":"163"}{"order":"","version_group_id":"13","move_id":"211","pokemon_move_method_id":"4","level":"0","pokemon_id":"163"}{"order":"","version_group_id":"13","move_id":"213","pokemon_move_method_id":"4","level":"0","pokemon_id":"163"}{"order":"","version_group_id":"13","move_id":"216","pokemon_move_method_id":"4","level":"0","pokemon_id":"163"}{"order":"","version_group_id":"13","move_id":"218","pokemon_move_method_id":"4","level":"0","pokemon_id":"163"}{"order":"","version_group_id":"13","move_id":"237","pokemon_move_method_id":"4","level":"0","pokemon_id":"163"}{"order":"","version_group_id":"13","move_id":"240","pokemon_move_method_id":"4","level":"0","pokemon_id":"163"}{"order":"","version_group_id":"13","move_id":"241","pokemon_move_method_id":"4","level":"0","pokemon_id":"163"}{"order":"","version_group_id":"13","move_id":"247","pokemon_move_method_id":"4","level":"0","pokemon_id":"163"}{"order":"","version_group_id":"13","move_id":"263","pokemon_move_method_id":"4","level":"0","pokemon_id":"163"}{"order":"","version_group_id":"13","move_id":"290","pokemon_move_method_id":"4","level":"0","pokemon_id":"163"}{"order":"","version_group_id":"13","move_id":"332","pokemon_move_method_id":"4","level":"0","pokemon_id":"163"}{"order":"","version_group_id":"14","move_id":"17","pokemon_move_method_id":"2","level":"0","pokemon_id":"163"}{"order":"","version_group_id":"14","move_id":"18","pokemon_move_method_id":"2","level":"0","pokemon_id":"163"}{"order":"","version_group_id":"14","move_id":"19","pokemon_move_method_id":"4","level":"0","pokemon_id":"163"}{"order":"1","version_group_id":"14","move_id":"33","pokemon_move_method_id":"1","level":"1","pokemon_id":"163"}{"order":"","version_group_id":"14","move_id":"36","pokemon_move_method_id":"1","level":"29","pokemon_id":"163"}{"order":"2","version_group_id":"14","move_id":"45","pokemon_move_method_id":"1","level":"1","pokemon_id":"163"}{"order":"","version_group_id":"14","move_id":"48","pokemon_move_method_id":"2","level":"0","pokemon_id":"163"}{"order":"","version_group_id":"14","move_id":"64","pokemon_move_method_id":"1","level":"9","pokemon_id":"163"}{"order":"","version_group_id":"14","move_id":"92","pokemon_move_method_id":"4","level":"0","pokemon_id":"163"}{"order":"","version_group_id":"14","move_id":"93","pokemon_move_method_id":"1","level":"21","pokemon_id":"163"}{"order":"","version_group_id":"14","move_id":"94","pokemon_move_method_id":"4","level":"0","pokemon_id":"163"}{"order":"","version_group_id":"14","move_id":"95","pokemon_move_method_id":"1","level":"5","pokemon_id":"163"}{"order":"","version_group_id":"14","move_id":"97","pokemon_move_method_id":"2","level":"0","pokemon_id":"163"}{"order":"","version_group_id":"14","move_id":"101","pokemon_move_method_id":"2","level":"0","pokemon_id":"163"}{"order":"","version_group_id":"14","move_id":"104","pokemon_move_method_id":"4","level":"0","pokemon_id":"163"}{"order":"","version_group_id":"14","move_id":"115","pokemon_move_method_id":"1","level":"17","pokemon_id":"163"}{"order":"","version_group_id":"14","move_id":"115","pokemon_move_method_id":"4","level":"0","pokemon_id":"163"}{"order":"","version_group_id":"14","move_id":"119","pokemon_move_method_id":"2","level":"0","pokemon_id":"163"}{"order":"","version_group_id":"14","move_id":"138","pokemon_move_method_id":"1","level":"57","pokemon_id":"163"}{"order":"","version_group_id":"14","move_id":"138","pokemon_move_method_id":"4","level":"0","pokemon_id":"163"}{"order":"","version_group_id":"14","move_id":"143","pokemon_move_method_id":"2","level":"0","pokemon_id":"163"}{"order":"","version_group_id":"14","move_id":"143","pokemon_move_method_id":"3","level":"0","pokemon_id":"163"}{"order":"","version_group_id":"14","move_id":"156","pokemon_move_method_id":"4","level":"0","pokemon_id":"163"}{"order":"","version_group_id":"14","move_id":"164","pokemon_move_method_id":"4","level":"0","pokemon_id":"163"}{"order":"","version_group_id":"14","move_id":"168","pokemon_move_method_id":"4","level":"0","pokemon_id":"163"}{"order":"","version_group_id":"14","move_id":"182","pokemon_move_method_id":"4","level":"0","pokemon_id":"163"}{"order":"","version_group_id":"14","move_id":"185","pokemon_move_method_id":"2","level":"0","pokemon_id":"163"}{"order":"3","version_group_id":"14","move_id":"193","pokemon_move_method_id":"1","level":"1","pokemon_id":"163"}{"order":"","version_group_id":"14","move_id":"207","pokemon_move_method_id":"4","level":"0","pokemon_id":"163"}{"order":"","version_group_id":"14","move_id":"213","pokemon_move_method_id":"4","level":"0","pokemon_id":"163"}{"order":"","version_group_id":"14","move_id":"214","pokemon_move_method_id":"3","level":"0","pokemon_id":"163"}{"order":"","version_group_id":"14","move_id":"216","pokemon_move_method_id":"4","level":"0","pokemon_id":"163"}{"order":"","version_group_id":"14","move_id":"218","pokemon_move_method_id":"4","level":"0","pokemon_id":"163"}{"order":"","version_group_id":"14","move_id":"237","pokemon_move_method_id":"4","level":"0","pokemon_id":"163"}{"order":"","version_group_id":"14","move_id":"240","pokemon_move_method_id":"4","level":"0","pokemon_id":"163"}{"order":"","version_group_id":"14","move_id":"241","pokemon_move_method_id":"4","level":"0","pokemon_id":"163"}{"order":"","version_group_id":"14","move_id":"244","pokemon_move_method_id":"4","level":"0","pokemon_id":"163"}{"order":"","version_group_id":"14","move_id":"247","pokemon_move_method_id":"4","level":"0","pokemon_id":"163"}{"order":"","version_group_id":"14","move_id":"253","pokemon_move_method_id":"1","level":"13","pokemon_id":"163"}{"order":"","version_group_id":"14","move_id":"253","pokemon_move_method_id":"3","level":"0","pokemon_id":"163"}{"order":"","version_group_id":"14","move_id":"257","pokemon_move_method_id":"3","level":"0","pokemon_id":"163"}{"order":"","version_group_id":"14","move_id":"263","pokemon_move_method_id":"4","level":"0","pokemon_id":"163"}{"order":"","version_group_id":"14","move_id":"277","pokemon_move_method_id":"3","level":"0","pokemon_id":"163"}{"order":"","version_group_id":"14","move_id":"278","pokemon_move_method_id":"3","level":"0","pokemon_id":"163"}{"order":"","version_group_id":"14","move_id":"297","pokemon_move_method_id":"2","level":"0","pokemon_id":"163"}{"order":"","version_group_id":"14","move_id":"304","pokemon_move_method_id":"3","level":"0","pokemon_id":"163"}{"order":"","version_group_id":"14","move_id":"326","pokemon_move_method_id":"1","level":"45","pokemon_id":"163"}{"order":"","version_group_id":"14","move_id":"332","pokemon_move_method_id":"4","level":"0","pokemon_id":"163"}{"order":"","version_group_id":"14","move_id":"355","pokemon_move_method_id":"1","level":"53","pokemon_id":"163"}{"order":"","version_group_id":"14","move_id":"355","pokemon_move_method_id":"3","level":"0","pokemon_id":"163"}{"order":"","version_group_id":"14","move_id":"365","pokemon_move_method_id":"4","level":"0","pokemon_id":"163"}{"order":"","version_group_id":"14","move_id":"366","pokemon_move_method_id":"3","level":"0","pokemon_id":"163"}{"order":"","version_group_id":"14","move_id":"375","pokemon_move_method_id":"1","level":"49","pokemon_id":"163"}{"order":"","version_group_id":"14","move_id":"403","pokemon_move_method_id":"1","level":"33","pokemon_id":"163"}{"order":"","version_group_id":"14","move_id":"428","pokemon_move_method_id":"1","level":"37","pokemon_id":"163"}{"order":"","version_group_id":"14","move_id":"428","pokemon_move_method_id":"3","level":"0","pokemon_id":"163"}{"order":"","version_group_id":"14","move_id":"432","pokemon_move_method_id":"2","level":"0","pokemon_id":"163"}{"order":"","version_group_id":"14","move_id":"485","pokemon_move_method_id":"1","level":"41","pokemon_id":"163"}{"order":"","version_group_id":"14","move_id":"496","pokemon_move_method_id":"4","level":"0","pokemon_id":"163"}{"order":"","version_group_id":"14","move_id":"497","pokemon_move_method_id":"1","level":"25","pokemon_id":"163"}{"order":"","version_group_id":"14","move_id":"497","pokemon_move_method_id":"4","level":"0","pokemon_id":"163"}{"order":"","version_group_id":"14","move_id":"526","pokemon_move_method_id":"4","level":"0","pokemon_id":"163"}{"order":"","version_group_id":"15","move_id":"17","pokemon_move_method_id":"2","level":"0","pokemon_id":"163"}{"order":"","version_group_id":"15","move_id":"18","pokemon_move_method_id":"2","level":"0","pokemon_id":"163"}{"order":"","version_group_id":"15","move_id":"19","pokemon_move_method_id":"4","level":"0","pokemon_id":"163"}{"order":"1","version_group_id":"15","move_id":"33","pokemon_move_method_id":"1","level":"1","pokemon_id":"163"}{"order":"","version_group_id":"15","move_id":"36","pokemon_move_method_id":"1","level":"29","pokemon_id":"163"}{"order":"2","version_group_id":"15","move_id":"45","pokemon_move_method_id":"1","level":"1","pokemon_id":"163"}{"order":"","version_group_id":"15","move_id":"48","pokemon_move_method_id":"2","level":"0","pokemon_id":"163"}{"order":"","version_group_id":"15","move_id":"64","pokemon_move_method_id":"1","level":"9","pokemon_id":"163"}{"order":"","version_group_id":"15","move_id":"92","pokemon_move_method_id":"4","level":"0","pokemon_id":"163"}{"order":"","version_group_id":"15","move_id":"93","pokemon_move_method_id":"1","level":"21","pokemon_id":"163"}{"order":"","version_group_id":"15","move_id":"94","pokemon_move_method_id":"4","level":"0","pokemon_id":"163"}{"order":"","version_group_id":"15","move_id":"95","pokemon_move_method_id":"1","level":"5","pokemon_id":"163"}{"order":"","version_group_id":"15","move_id":"97","pokemon_move_method_id":"2","level":"0","pokemon_id":"163"}{"order":"","version_group_id":"15","move_id":"101","pokemon_move_method_id":"2","level":"0","pokemon_id":"163"}{"order":"","version_group_id":"15","move_id":"104","pokemon_move_method_id":"4","level":"0","pokemon_id":"163"}{"order":"","version_group_id":"15","move_id":"115","pokemon_move_method_id":"1","level":"17","pokemon_id":"163"}{"order":"","version_group_id":"15","move_id":"115","pokemon_move_method_id":"4","level":"0","pokemon_id":"163"}{"order":"","version_group_id":"15","move_id":"119","pokemon_move_method_id":"2","level":"0","pokemon_id":"163"}{"order":"","version_group_id":"15","move_id":"138","pokemon_move_method_id":"1","level":"57","pokemon_id":"163"}{"order":"","version_group_id":"15","move_id":"138","pokemon_move_method_id":"4","level":"0","pokemon_id":"163"}{"order":"","version_group_id":"15","move_id":"143","pokemon_move_method_id":"2","level":"0","pokemon_id":"163"}{"order":"","version_group_id":"15","move_id":"156","pokemon_move_method_id":"4","level":"0","pokemon_id":"163"}{"order":"","version_group_id":"15","move_id":"164","pokemon_move_method_id":"4","level":"0","pokemon_id":"163"}{"order":"","version_group_id":"15","move_id":"168","pokemon_move_method_id":"4","level":"0","pokemon_id":"163"}{"order":"","version_group_id":"15","move_id":"182","pokemon_move_method_id":"4","level":"0","pokemon_id":"163"}{"order":"","version_group_id":"15","move_id":"185","pokemon_move_method_id":"2","level":"0","pokemon_id":"163"}{"order":"3","version_group_id":"15","move_id":"193","pokemon_move_method_id":"1","level":"1","pokemon_id":"163"}{"order":"","version_group_id":"15","move_id":"207","pokemon_move_method_id":"4","level":"0","pokemon_id":"163"}{"order":"","version_group_id":"15","move_id":"211","pokemon_move_method_id":"4","level":"0","pokemon_id":"163"}{"order":"","version_group_id":"15","move_id":"213","pokemon_move_method_id":"4","level":"0","pokemon_id":"163"}{"order":"","version_group_id":"15","move_id":"214","pokemon_move_method_id":"4","level":"0","pokemon_id":"163"}{"order":"","version_group_id":"15","move_id":"216","pokemon_move_method_id":"4","level":"0","pokemon_id":"163"}{"order":"","version_group_id":"15","move_id":"218","pokemon_move_method_id":"4","level":"0","pokemon_id":"163"}{"order":"","version_group_id":"15","move_id":"237","pokemon_move_method_id":"4","level":"0","pokemon_id":"163"}{"order":"","version_group_id":"15","move_id":"240","pokemon_move_method_id":"4","level":"0","pokemon_id":"163"}{"order":"","version_group_id":"15","move_id":"241","pokemon_move_method_id":"4","level":"0","pokemon_id":"163"}{"order":"","version_group_id":"15","move_id":"244","pokemon_move_method_id":"4","level":"0","pokemon_id":"163"}{"order":"","version_group_id":"15","move_id":"247","pokemon_move_method_id":"4","level":"0","pokemon_id":"163"}{"order":"","version_group_id":"15","move_id":"253","pokemon_move_method_id":"1","level":"13","pokemon_id":"163"}{"order":"","version_group_id":"15","move_id":"263","pokemon_move_method_id":"4","level":"0","pokemon_id":"163"}{"order":"","version_group_id":"15","move_id":"297","pokemon_move_method_id":"2","level":"0","pokemon_id":"163"}{"order":"","version_group_id":"15","move_id":"326","pokemon_move_method_id":"1","level":"45","pokemon_id":"163"}{"order":"","version_group_id":"15","move_id":"332","pokemon_move_method_id":"4","level":"0","pokemon_id":"163"}{"order":"","version_group_id":"15","move_id":"355","pokemon_move_method_id":"1","level":"53","pokemon_id":"163"}{"order":"","version_group_id":"15","move_id":"355","pokemon_move_method_id":"4","level":"0","pokemon_id":"163"}{"order":"","version_group_id":"15","move_id":"375","pokemon_move_method_id":"1","level":"49","pokemon_id":"163"}{"order":"","version_group_id":"15","move_id":"403","pokemon_move_method_id":"1","level":"33","pokemon_id":"163"}{"order":"","version_group_id":"15","move_id":"428","pokemon_move_method_id":"1","level":"37","pokemon_id":"163"}{"order":"","version_group_id":"15","move_id":"432","pokemon_move_method_id":"2","level":"0","pokemon_id":"163"}{"order":"","version_group_id":"15","move_id":"485","pokemon_move_method_id":"1","level":"41","pokemon_id":"163"}{"order":"","version_group_id":"15","move_id":"496","pokemon_move_method_id":"4","level":"0","pokemon_id":"163"}{"order":"","version_group_id":"15","move_id":"497","pokemon_move_method_id":"1","level":"25","pokemon_id":"163"}{"order":"","version_group_id":"15","move_id":"497","pokemon_move_method_id":"4","level":"0","pokemon_id":"163"}{"order":"","version_group_id":"15","move_id":"590","pokemon_move_method_id":"4","level":"0","pokemon_id":"163"}