{"order":"","version_group_id":"5","move_id":"58","pokemon_move_method_id":"4","level":"0","pokemon_id":"343"}{"order":"","version_group_id":"5","move_id":"60","pokemon_move_method_id":"1","level":"11","pokemon_id":"343"}{"order":"","version_group_id":"5","move_id":"76","pokemon_move_method_id":"4","level":"0","pokemon_id":"343"}{"order":"","version_group_id":"5","move_id":"89","pokemon_move_method_id":"4","level":"0","pokemon_id":"343"}{"order":"","version_group_id":"5","move_id":"91","pokemon_move_method_id":"4","level":"0","pokemon_id":"343"}{"order":"","version_group_id":"5","move_id":"92","pokemon_move_method_id":"4","level":"0","pokemon_id":"343"}{"order":"","version_group_id":"5","move_id":"93","pokemon_move_method_id":"1","level":"1","pokemon_id":"343"}{"order":"","version_group_id":"5","move_id":"94","pokemon_move_method_id":"4","level":"0","pokemon_id":"343"}{"order":"","version_group_id":"5","move_id":"104","pokemon_move_method_id":"4","level":"0","pokemon_id":"343"}{"order":"","version_group_id":"5","move_id":"106","pokemon_move_method_id":"1","level":"3","pokemon_id":"343"}{"order":"","version_group_id":"5","move_id":"113","pokemon_move_method_id":"4","level":"0","pokemon_id":"343"}{"order":"","version_group_id":"5","move_id":"115","pokemon_move_method_id":"4","level":"0","pokemon_id":"343"}{"order":"","version_group_id":"5","move_id":"120","pokemon_move_method_id":"1","level":"19","pokemon_id":"343"}{"order":"","version_group_id":"5","move_id":"148","pokemon_move_method_id":"4","level":"0","pokemon_id":"343"}{"order":"","version_group_id":"5","move_id":"153","pokemon_move_method_id":"1","level":"45","pokemon_id":"343"}{"order":"","version_group_id":"5","move_id":"156","pokemon_move_method_id":"4","level":"0","pokemon_id":"343"}{"order":"","version_group_id":"5","move_id":"182","pokemon_move_method_id":"4","level":"0","pokemon_id":"343"}{"order":"","version_group_id":"5","move_id":"189","pokemon_move_method_id":"1","level":"7","pokemon_id":"343"}{"order":"","version_group_id":"5","move_id":"201","pokemon_move_method_id":"1","level":"31","pokemon_id":"343"}{"order":"","version_group_id":"5","move_id":"201","pokemon_move_method_id":"4","level":"0","pokemon_id":"343"}{"order":"","version_group_id":"5","move_id":"216","pokemon_move_method_id":"4","level":"0","pokemon_id":"343"}{"order":"","version_group_id":"5","move_id":"218","pokemon_move_method_id":"4","level":"0","pokemon_id":"343"}{"order":"","version_group_id":"5","move_id":"229","pokemon_move_method_id":"1","level":"5","pokemon_id":"343"}{"order":"","version_group_id":"5","move_id":"237","pokemon_move_method_id":"4","level":"0","pokemon_id":"343"}{"order":"","version_group_id":"5","move_id":"240","pokemon_move_method_id":"4","level":"0","pokemon_id":"343"}{"order":"","version_group_id":"5","move_id":"241","pokemon_move_method_id":"4","level":"0","pokemon_id":"343"}{"order":"","version_group_id":"5","move_id":"246","pokemon_move_method_id":"1","level":"25","pokemon_id":"343"}{"order":"","version_group_id":"5","move_id":"247","pokemon_move_method_id":"4","level":"0","pokemon_id":"343"}{"order":"","version_group_id":"5","move_id":"263","pokemon_move_method_id":"4","level":"0","pokemon_id":"343"}{"order":"","version_group_id":"5","move_id":"285","pokemon_move_method_id":"4","level":"0","pokemon_id":"343"}{"order":"","version_group_id":"5","move_id":"290","pokemon_move_method_id":"4","level":"0","pokemon_id":"343"}{"order":"","version_group_id":"5","move_id":"317","pokemon_move_method_id":"1","level":"15","pokemon_id":"343"}{"order":"","version_group_id":"5","move_id":"317","pokemon_move_method_id":"4","level":"0","pokemon_id":"343"}{"order":"","version_group_id":"5","move_id":"322","pokemon_move_method_id":"1","level":"37","pokemon_id":"343"}{"order":"","version_group_id":"6","move_id":"38","pokemon_move_method_id":"3","level":"0","pokemon_id":"343"}{"order":"","version_group_id":"6","move_id":"58","pokemon_move_method_id":"4","level":"0","pokemon_id":"343"}{"order":"","version_group_id":"6","move_id":"60","pokemon_move_method_id":"1","level":"11","pokemon_id":"343"}{"order":"","version_group_id":"6","move_id":"76","pokemon_move_method_id":"4","level":"0","pokemon_id":"343"}{"order":"","version_group_id":"6","move_id":"89","pokemon_move_method_id":"4","level":"0","pokemon_id":"343"}{"order":"","version_group_id":"6","move_id":"91","pokemon_move_method_id":"4","level":"0","pokemon_id":"343"}{"order":"","version_group_id":"6","move_id":"92","pokemon_move_method_id":"4","level":"0","pokemon_id":"343"}{"order":"","version_group_id":"6","move_id":"93","pokemon_move_method_id":"1","level":"1","pokemon_id":"343"}{"order":"","version_group_id":"6","move_id":"94","pokemon_move_method_id":"4","level":"0","pokemon_id":"343"}{"order":"","version_group_id":"6","move_id":"102","pokemon_move_method_id":"3","level":"0","pokemon_id":"343"}{"order":"","version_group_id":"6","move_id":"104","pokemon_move_method_id":"4","level":"0","pokemon_id":"343"}{"order":"","version_group_id":"6","move_id":"106","pokemon_move_method_id":"1","level":"3","pokemon_id":"343"}{"order":"","version_group_id":"6","move_id":"113","pokemon_move_method_id":"4","level":"0","pokemon_id":"343"}{"order":"","version_group_id":"6","move_id":"115","pokemon_move_method_id":"4","level":"0","pokemon_id":"343"}{"order":"","version_group_id":"6","move_id":"120","pokemon_move_method_id":"1","level":"19","pokemon_id":"343"}{"order":"","version_group_id":"6","move_id":"138","pokemon_move_method_id":"3","level":"0","pokemon_id":"343"}{"order":"","version_group_id":"6","move_id":"148","pokemon_move_method_id":"4","level":"0","pokemon_id":"343"}{"order":"","version_group_id":"6","move_id":"153","pokemon_move_method_id":"1","level":"45","pokemon_id":"343"}{"order":"","version_group_id":"6","move_id":"153","pokemon_move_method_id":"3","level":"0","pokemon_id":"343"}{"order":"","version_group_id":"6","move_id":"156","pokemon_move_method_id":"4","level":"0","pokemon_id":"343"}{"order":"","version_group_id":"6","move_id":"157","pokemon_move_method_id":"3","level":"0","pokemon_id":"343"}{"order":"","version_group_id":"6","move_id":"164","pokemon_move_method_id":"3","level":"0","pokemon_id":"343"}{"order":"","version_group_id":"6","move_id":"173","pokemon_move_method_id":"3","level":"0","pokemon_id":"343"}{"order":"","version_group_id":"6","move_id":"182","pokemon_move_method_id":"4","level":"0","pokemon_id":"343"}{"order":"","version_group_id":"6","move_id":"189","pokemon_move_method_id":"1","level":"7","pokemon_id":"343"}{"order":"","version_group_id":"6","move_id":"189","pokemon_move_method_id":"3","level":"0","pokemon_id":"343"}{"order":"","version_group_id":"6","move_id":"201","pokemon_move_method_id":"1","level":"31","pokemon_id":"343"}{"order":"","version_group_id":"6","move_id":"201","pokemon_move_method_id":"4","level":"0","pokemon_id":"343"}{"order":"","version_group_id":"6","move_id":"203","pokemon_move_method_id":"3","level":"0","pokemon_id":"343"}{"order":"","version_group_id":"6","move_id":"207","pokemon_move_method_id":"3","level":"0","pokemon_id":"343"}{"order":"","version_group_id":"6","move_id":"214","pokemon_move_method_id":"3","level":"0","pokemon_id":"343"}{"order":"","version_group_id":"6","move_id":"216","pokemon_move_method_id":"4","level":"0","pokemon_id":"343"}{"order":"","version_group_id":"6","move_id":"218","pokemon_move_method_id":"4","level":"0","pokemon_id":"343"}{"order":"","version_group_id":"6","move_id":"229","pokemon_move_method_id":"1","level":"5","pokemon_id":"343"}{"order":"","version_group_id":"6","move_id":"237","pokemon_move_method_id":"4","level":"0","pokemon_id":"343"}{"order":"","version_group_id":"6","move_id":"240","pokemon_move_method_id":"4","level":"0","pokemon_id":"343"}{"order":"","version_group_id":"6","move_id":"241","pokemon_move_method_id":"4","level":"0","pokemon_id":"343"}{"order":"","version_group_id":"6","move_id":"244","pokemon_move_method_id":"3","level":"0","pokemon_id":"343"}{"order":"","version_group_id":"6","move_id":"246","pokemon_move_method_id":"1","level":"25","pokemon_id":"343"}{"order":"","version_group_id":"6","move_id":"247","pokemon_move_method_id":"4","level":"0","pokemon_id":"343"}{"order":"","version_group_id":"6","move_id":"263","pokemon_move_method_id":"4","level":"0","pokemon_id":"343"}{"order":"","version_group_id":"6","move_id":"285","pokemon_move_method_id":"4","level":"0","pokemon_id":"343"}{"order":"","version_group_id":"6","move_id":"290","pokemon_move_method_id":"4","level":"0","pokemon_id":"343"}{"order":"","version_group_id":"6","move_id":"317","pokemon_move_method_id":"1","level":"15","pokemon_id":"343"}{"order":"","version_group_id":"6","move_id":"317","pokemon_move_method_id":"4","level":"0","pokemon_id":"343"}{"order":"","version_group_id":"6","move_id":"322","pokemon_move_method_id":"1","level":"37","pokemon_id":"343"}{"order":"","version_group_id":"7","move_id":"38","pokemon_move_method_id":"3","level":"0","pokemon_id":"343"}{"order":"","version_group_id":"7","move_id":"58","pokemon_move_method_id":"4","level":"0","pokemon_id":"343"}{"order":"","version_group_id":"7","move_id":"60","pokemon_move_method_id":"1","level":"11","pokemon_id":"343"}{"order":"","version_group_id":"7","move_id":"76","pokemon_move_method_id":"4","level":"0","pokemon_id":"343"}{"order":"","version_group_id":"7","move_id":"89","pokemon_move_method_id":"4","level":"0","pokemon_id":"343"}{"order":"","version_group_id":"7","move_id":"91","pokemon_move_method_id":"4","level":"0","pokemon_id":"343"}{"order":"","version_group_id":"7","move_id":"92","pokemon_move_method_id":"4","level":"0","pokemon_id":"343"}{"order":"","version_group_id":"7","move_id":"93","pokemon_move_method_id":"1","level":"1","pokemon_id":"343"}{"order":"","version_group_id":"7","move_id":"94","pokemon_move_method_id":"4","level":"0","pokemon_id":"343"}{"order":"","version_group_id":"7","move_id":"102","pokemon_move_method_id":"3","level":"0","pokemon_id":"343"}{"order":"","version_group_id":"7","move_id":"104","pokemon_move_method_id":"4","level":"0","pokemon_id":"343"}{"order":"","version_group_id":"7","move_id":"106","pokemon_move_method_id":"1","level":"3","pokemon_id":"343"}{"order":"","version_group_id":"7","move_id":"113","pokemon_move_method_id":"4","level":"0","pokemon_id":"343"}{"order":"","version_group_id":"7","move_id":"115","pokemon_move_method_id":"4","level":"0","pokemon_id":"343"}{"order":"","version_group_id":"7","move_id":"120","pokemon_move_method_id":"1","level":"19","pokemon_id":"343"}{"order":"","version_group_id":"7","move_id":"138","pokemon_move_method_id":"3","level":"0","pokemon_id":"343"}{"order":"","version_group_id":"7","move_id":"148","pokemon_move_method_id":"4","level":"0","pokemon_id":"343"}{"order":"","version_group_id":"7","move_id":"153","pokemon_move_method_id":"1","level":"45","pokemon_id":"343"}{"order":"","version_group_id":"7","move_id":"153","pokemon_move_method_id":"3","level":"0","pokemon_id":"343"}{"order":"","version_group_id":"7","move_id":"156","pokemon_move_method_id":"4","level":"0","pokemon_id":"343"}{"order":"","version_group_id":"7","move_id":"157","pokemon_move_method_id":"3","level":"0","pokemon_id":"343"}{"order":"","version_group_id":"7","move_id":"164","pokemon_move_method_id":"3","level":"0","pokemon_id":"343"}{"order":"","version_group_id":"7","move_id":"182","pokemon_move_method_id":"4","level":"0","pokemon_id":"343"}{"order":"","version_group_id":"7","move_id":"189","pokemon_move_method_id":"1","level":"7","pokemon_id":"343"}{"order":"","version_group_id":"7","move_id":"201","pokemon_move_method_id":"1","level":"31","pokemon_id":"343"}{"order":"","version_group_id":"7","move_id":"201","pokemon_move_method_id":"4","level":"0","pokemon_id":"343"}{"order":"","version_group_id":"7","move_id":"216","pokemon_move_method_id":"4","level":"0","pokemon_id":"343"}{"order":"","version_group_id":"7","move_id":"218","pokemon_move_method_id":"4","level":"0","pokemon_id":"343"}{"order":"","version_group_id":"7","move_id":"229","pokemon_move_method_id":"1","level":"5","pokemon_id":"343"}{"order":"","version_group_id":"7","move_id":"237","pokemon_move_method_id":"4","level":"0","pokemon_id":"343"}{"order":"","version_group_id":"7","move_id":"240","pokemon_move_method_id":"4","level":"0","pokemon_id":"343"}{"order":"","version_group_id":"7","move_id":"241","pokemon_move_method_id":"4","level":"0","pokemon_id":"343"}{"order":"","version_group_id":"7","move_id":"246","pokemon_move_method_id":"1","level":"25","pokemon_id":"343"}{"order":"","version_group_id":"7","move_id":"247","pokemon_move_method_id":"4","level":"0","pokemon_id":"343"}{"order":"","version_group_id":"7","move_id":"263","pokemon_move_method_id":"4","level":"0","pokemon_id":"343"}{"order":"","version_group_id":"7","move_id":"285","pokemon_move_method_id":"4","level":"0","pokemon_id":"343"}{"order":"","version_group_id":"7","move_id":"290","pokemon_move_method_id":"4","level":"0","pokemon_id":"343"}{"order":"","version_group_id":"7","move_id":"317","pokemon_move_method_id":"1","level":"15","pokemon_id":"343"}{"order":"","version_group_id":"7","move_id":"317","pokemon_move_method_id":"4","level":"0","pokemon_id":"343"}{"order":"","version_group_id":"7","move_id":"322","pokemon_move_method_id":"1","level":"37","pokemon_id":"343"}{"order":"","version_group_id":"8","move_id":"58","pokemon_move_method_id":"4","level":"0","pokemon_id":"343"}{"order":"","version_group_id":"8","move_id":"60","pokemon_move_method_id":"1","level":"11","pokemon_id":"343"}{"order":"","version_group_id":"8","move_id":"76","pokemon_move_method_id":"4","level":"0","pokemon_id":"343"}{"order":"","version_group_id":"8","move_id":"89","pokemon_move_method_id":"4","level":"0","pokemon_id":"343"}{"order":"","version_group_id":"8","move_id":"91","pokemon_move_method_id":"4","level":"0","pokemon_id":"343"}{"order":"","version_group_id":"8","move_id":"92","pokemon_move_method_id":"4","level":"0","pokemon_id":"343"}{"order":"","version_group_id":"8","move_id":"93","pokemon_move_method_id":"1","level":"1","pokemon_id":"343"}{"order":"","version_group_id":"8","move_id":"94","pokemon_move_method_id":"4","level":"0","pokemon_id":"343"}{"order":"","version_group_id":"8","move_id":"104","pokemon_move_method_id":"4","level":"0","pokemon_id":"343"}{"order":"","version_group_id":"8","move_id":"106","pokemon_move_method_id":"1","level":"3","pokemon_id":"343"}{"order":"","version_group_id":"8","move_id":"113","pokemon_move_method_id":"4","level":"0","pokemon_id":"343"}{"order":"","version_group_id":"8","move_id":"115","pokemon_move_method_id":"4","level":"0","pokemon_id":"343"}{"order":"","version_group_id":"8","move_id":"120","pokemon_move_method_id":"1","level":"19","pokemon_id":"343"}{"order":"","version_group_id":"8","move_id":"138","pokemon_move_method_id":"4","level":"0","pokemon_id":"343"}{"order":"","version_group_id":"8","move_id":"148","pokemon_move_method_id":"4","level":"0","pokemon_id":"343"}{"order":"","version_group_id":"8","move_id":"153","pokemon_move_method_id":"1","level":"71","pokemon_id":"343"}{"order":"","version_group_id":"8","move_id":"153","pokemon_move_method_id":"4","level":"0","pokemon_id":"343"}{"order":"","version_group_id":"8","move_id":"156","pokemon_move_method_id":"4","level":"0","pokemon_id":"343"}{"order":"","version_group_id":"8","move_id":"157","pokemon_move_method_id":"4","level":"0","pokemon_id":"343"}{"order":"","version_group_id":"8","move_id":"164","pokemon_move_method_id":"4","level":"0","pokemon_id":"343"}{"order":"","version_group_id":"8","move_id":"182","pokemon_move_method_id":"4","level":"0","pokemon_id":"343"}{"order":"","version_group_id":"8","move_id":"189","pokemon_move_method_id":"1","level":"7","pokemon_id":"343"}{"order":"","version_group_id":"8","move_id":"201","pokemon_move_method_id":"1","level":"37","pokemon_id":"343"}{"order":"","version_group_id":"8","move_id":"201","pokemon_move_method_id":"4","level":"0","pokemon_id":"343"}{"order":"","version_group_id":"8","move_id":"203","pokemon_move_method_id":"4","level":"0","pokemon_id":"343"}{"order":"","version_group_id":"8","move_id":"207","pokemon_move_method_id":"4","level":"0","pokemon_id":"343"}{"order":"","version_group_id":"8","move_id":"214","pokemon_move_method_id":"4","level":"0","pokemon_id":"343"}{"order":"","version_group_id":"8","move_id":"216","pokemon_move_method_id":"4","level":"0","pokemon_id":"343"}{"order":"","version_group_id":"8","move_id":"218","pokemon_move_method_id":"4","level":"0","pokemon_id":"343"}{"order":"","version_group_id":"8","move_id":"219","pokemon_move_method_id":"4","level":"0","pokemon_id":"343"}{"order":"","version_group_id":"8","move_id":"229","pokemon_move_method_id":"1","level":"5","pokemon_id":"343"}{"order":"","version_group_id":"8","move_id":"237","pokemon_move_method_id":"4","level":"0","pokemon_id":"343"}{"order":"","version_group_id":"8","move_id":"240","pokemon_move_method_id":"4","level":"0","pokemon_id":"343"}{"order":"","version_group_id":"8","move_id":"241","pokemon_move_method_id":"4","level":"0","pokemon_id":"343"}{"order":"","version_group_id":"8","move_id":"244","pokemon_move_method_id":"4","level":"0","pokemon_id":"343"}{"order":"","version_group_id":"8","move_id":"246","pokemon_move_method_id":"1","level":"25","pokemon_id":"343"}{"order":"","version_group_id":"8","move_id":"247","pokemon_move_method_id":"4","level":"0","pokemon_id":"343"}{"order":"","version_group_id":"8","move_id":"263","pokemon_move_method_id":"4","level":"0","pokemon_id":"343"}{"order":"","version_group_id":"8","move_id":"278","pokemon_move_method_id":"4","level":"0","pokemon_id":"343"}{"order":"","version_group_id":"8","move_id":"285","pokemon_move_method_id":"4","level":"0","pokemon_id":"343"}{"order":"","version_group_id":"8","move_id":"290","pokemon_move_method_id":"4","level":"0","pokemon_id":"343"}{"order":"","version_group_id":"8","move_id":"317","pokemon_move_method_id":"1","level":"15","pokemon_id":"343"}{"order":"","version_group_id":"8","move_id":"317","pokemon_move_method_id":"4","level":"0","pokemon_id":"343"}{"order":"","version_group_id":"8","move_id":"322","pokemon_move_method_id":"1","level":"45","pokemon_id":"343"}{"order":"","version_group_id":"8","move_id":"347","pokemon_move_method_id":"4","level":"0","pokemon_id":"343"}{"order":"","version_group_id":"8","move_id":"360","pokemon_move_method_id":"4","level":"0","pokemon_id":"343"}{"order":"","version_group_id":"8","move_id":"363","pokemon_move_method_id":"4","level":"0","pokemon_id":"343"}{"order":"","version_group_id":"8","move_id":"377","pokemon_move_method_id":"1","level":"61","pokemon_id":"343"}{"order":"","version_group_id":"8","move_id":"379","pokemon_move_method_id":"1","level":"31","pokemon_id":"343"}{"order":"","version_group_id":"8","move_id":"397","pokemon_move_method_id":"4","level":"0","pokemon_id":"343"}{"order":"","version_group_id":"8","move_id":"414","pokemon_move_method_id":"1","level":"53","pokemon_id":"343"}{"order":"","version_group_id":"8","move_id":"433","pokemon_move_method_id":"4","level":"0","pokemon_id":"343"}{"order":"","version_group_id":"8","move_id":"446","pokemon_move_method_id":"4","level":"0","pokemon_id":"343"}{"order":"","version_group_id":"8","move_id":"447","pokemon_move_method_id":"4","level":"0","pokemon_id":"343"}{"order":"","version_group_id":"8","move_id":"451","pokemon_move_method_id":"4","level":"0","pokemon_id":"343"}{"order":"","version_group_id":"9","move_id":"58","pokemon_move_method_id":"4","level":"0","pokemon_id":"343"}{"order":"","version_group_id":"9","move_id":"60","pokemon_move_method_id":"1","level":"11","pokemon_id":"343"}{"order":"","version_group_id":"9","move_id":"76","pokemon_move_method_id":"4","level":"0","pokemon_id":"343"}{"order":"","version_group_id":"9","move_id":"89","pokemon_move_method_id":"4","level":"0","pokemon_id":"343"}{"order":"","version_group_id":"9","move_id":"91","pokemon_move_method_id":"4","level":"0","pokemon_id":"343"}{"order":"","version_group_id":"9","move_id":"92","pokemon_move_method_id":"4","level":"0","pokemon_id":"343"}{"order":"","version_group_id":"9","move_id":"93","pokemon_move_method_id":"1","level":"1","pokemon_id":"343"}{"order":"","version_group_id":"9","move_id":"94","pokemon_move_method_id":"4","level":"0","pokemon_id":"343"}{"order":"","version_group_id":"9","move_id":"104","pokemon_move_method_id":"4","level":"0","pokemon_id":"343"}{"order":"","version_group_id":"9","move_id":"106","pokemon_move_method_id":"1","level":"3","pokemon_id":"343"}{"order":"","version_group_id":"9","move_id":"113","pokemon_move_method_id":"4","level":"0","pokemon_id":"343"}{"order":"","version_group_id":"9","move_id":"115","pokemon_move_method_id":"4","level":"0","pokemon_id":"343"}{"order":"","version_group_id":"9","move_id":"120","pokemon_move_method_id":"1","level":"19","pokemon_id":"343"}{"order":"","version_group_id":"9","move_id":"138","pokemon_move_method_id":"4","level":"0","pokemon_id":"343"}{"order":"","version_group_id":"9","move_id":"148","pokemon_move_method_id":"4","level":"0","pokemon_id":"343"}{"order":"","version_group_id":"9","move_id":"153","pokemon_move_method_id":"1","level":"71","pokemon_id":"343"}{"order":"","version_group_id":"9","move_id":"153","pokemon_move_method_id":"4","level":"0","pokemon_id":"343"}{"order":"","version_group_id":"9","move_id":"156","pokemon_move_method_id":"4","level":"0","pokemon_id":"343"}{"order":"","version_group_id":"9","move_id":"157","pokemon_move_method_id":"4","level":"0","pokemon_id":"343"}{"order":"","version_group_id":"9","move_id":"164","pokemon_move_method_id":"4","level":"0","pokemon_id":"343"}{"order":"","version_group_id":"9","move_id":"173","pokemon_move_method_id":"3","level":"0","pokemon_id":"343"}{"order":"","version_group_id":"9","move_id":"182","pokemon_move_method_id":"4","level":"0","pokemon_id":"343"}{"order":"","version_group_id":"9","move_id":"189","pokemon_move_method_id":"1","level":"7","pokemon_id":"343"}{"order":"","version_group_id":"9","move_id":"189","pokemon_move_method_id":"3","level":"0","pokemon_id":"343"}{"order":"","version_group_id":"9","move_id":"201","pokemon_move_method_id":"1","level":"37","pokemon_id":"343"}{"order":"","version_group_id":"9","move_id":"201","pokemon_move_method_id":"4","level":"0","pokemon_id":"343"}{"order":"","version_group_id":"9","move_id":"203","pokemon_move_method_id":"4","level":"0","pokemon_id":"343"}{"order":"","version_group_id":"9","move_id":"207","pokemon_move_method_id":"4","level":"0","pokemon_id":"343"}{"order":"","version_group_id":"9","move_id":"214","pokemon_move_method_id":"4","level":"0","pokemon_id":"343"}{"order":"","version_group_id":"9","move_id":"216","pokemon_move_method_id":"4","level":"0","pokemon_id":"343"}{"order":"","version_group_id":"9","move_id":"218","pokemon_move_method_id":"4","level":"0","pokemon_id":"343"}{"order":"","version_group_id":"9","move_id":"219","pokemon_move_method_id":"4","level":"0","pokemon_id":"343"}{"order":"","version_group_id":"9","move_id":"229","pokemon_move_method_id":"1","level":"5","pokemon_id":"343"}{"order":"","version_group_id":"9","move_id":"237","pokemon_move_method_id":"4","level":"0","pokemon_id":"343"}{"order":"","version_group_id":"9","move_id":"240","pokemon_move_method_id":"4","level":"0","pokemon_id":"343"}{"order":"","version_group_id":"9","move_id":"241","pokemon_move_method_id":"4","level":"0","pokemon_id":"343"}{"order":"","version_group_id":"9","move_id":"244","pokemon_move_method_id":"4","level":"0","pokemon_id":"343"}{"order":"","version_group_id":"9","move_id":"246","pokemon_move_method_id":"1","level":"25","pokemon_id":"343"}{"order":"","version_group_id":"9","move_id":"246","pokemon_move_method_id":"3","level":"0","pokemon_id":"343"}{"order":"","version_group_id":"9","move_id":"247","pokemon_move_method_id":"4","level":"0","pokemon_id":"343"}{"order":"","version_group_id":"9","move_id":"263","pokemon_move_method_id":"4","level":"0","pokemon_id":"343"}{"order":"","version_group_id":"9","move_id":"271","pokemon_move_method_id":"3","level":"0","pokemon_id":"343"}{"order":"","version_group_id":"9","move_id":"278","pokemon_move_method_id":"4","level":"0","pokemon_id":"343"}{"order":"","version_group_id":"9","move_id":"285","pokemon_move_method_id":"4","level":"0","pokemon_id":"343"}{"order":"","version_group_id":"9","move_id":"290","pokemon_move_method_id":"4","level":"0","pokemon_id":"343"}{"order":"","version_group_id":"9","move_id":"317","pokemon_move_method_id":"1","level":"15","pokemon_id":"343"}{"order":"","version_group_id":"9","move_id":"317","pokemon_move_method_id":"4","level":"0","pokemon_id":"343"}{"order":"","version_group_id":"9","move_id":"322","pokemon_move_method_id":"1","level":"45","pokemon_id":"343"}{"order":"","version_group_id":"9","move_id":"324","pokemon_move_method_id":"3","level":"0","pokemon_id":"343"}{"order":"","version_group_id":"9","move_id":"347","pokemon_move_method_id":"4","level":"0","pokemon_id":"343"}{"order":"","version_group_id":"9","move_id":"360","pokemon_move_method_id":"4","level":"0","pokemon_id":"343"}{"order":"","version_group_id":"9","move_id":"363","pokemon_move_method_id":"4","level":"0","pokemon_id":"343"}{"order":"","version_group_id":"9","move_id":"377","pokemon_move_method_id":"1","level":"61","pokemon_id":"343"}{"order":"","version_group_id":"9","move_id":"379","pokemon_move_method_id":"1","level":"31","pokemon_id":"343"}{"order":"","version_group_id":"9","move_id":"397","pokemon_move_method_id":"4","level":"0","pokemon_id":"343"}{"order":"","version_group_id":"9","move_id":"414","pokemon_move_method_id":"1","level":"53","pokemon_id":"343"}{"order":"","version_group_id":"9","move_id":"414","pokemon_move_method_id":"3","level":"0","pokemon_id":"343"}{"order":"","version_group_id":"9","move_id":"428","pokemon_move_method_id":"3","level":"0","pokemon_id":"343"}{"order":"","version_group_id":"9","move_id":"433","pokemon_move_method_id":"4","level":"0","pokemon_id":"343"}{"order":"","version_group_id":"9","move_id":"446","pokemon_move_method_id":"4","level":"0","pokemon_id":"343"}{"order":"","version_group_id":"9","move_id":"447","pokemon_move_method_id":"4","level":"0","pokemon_id":"343"}{"order":"","version_group_id":"9","move_id":"451","pokemon_move_method_id":"4","level":"0","pokemon_id":"343"}{"order":"","version_group_id":"10","move_id":"29","pokemon_move_method_id":"3","level":"0","pokemon_id":"343"}{"order":"","version_group_id":"10","move_id":"58","pokemon_move_method_id":"4","level":"0","pokemon_id":"343"}{"order":"","version_group_id":"10","move_id":"60","pokemon_move_method_id":"1","level":"11","pokemon_id":"343"}{"order":"","version_group_id":"10","move_id":"76","pokemon_move_method_id":"4","level":"0","pokemon_id":"343"}{"order":"","version_group_id":"10","move_id":"89","pokemon_move_method_id":"4","level":"0","pokemon_id":"343"}{"order":"","version_group_id":"10","move_id":"91","pokemon_move_method_id":"4","level":"0","pokemon_id":"343"}{"order":"","version_group_id":"10","move_id":"92","pokemon_move_method_id":"4","level":"0","pokemon_id":"343"}{"order":"","version_group_id":"10","move_id":"93","pokemon_move_method_id":"1","level":"1","pokemon_id":"343"}{"order":"","version_group_id":"10","move_id":"94","pokemon_move_method_id":"4","level":"0","pokemon_id":"343"}{"order":"","version_group_id":"10","move_id":"104","pokemon_move_method_id":"4","level":"0","pokemon_id":"343"}{"order":"","version_group_id":"10","move_id":"106","pokemon_move_method_id":"1","level":"3","pokemon_id":"343"}{"order":"","version_group_id":"10","move_id":"113","pokemon_move_method_id":"4","level":"0","pokemon_id":"343"}{"order":"","version_group_id":"10","move_id":"115","pokemon_move_method_id":"4","level":"0","pokemon_id":"343"}{"order":"","version_group_id":"10","move_id":"120","pokemon_move_method_id":"1","level":"19","pokemon_id":"343"}{"order":"","version_group_id":"10","move_id":"138","pokemon_move_method_id":"4","level":"0","pokemon_id":"343"}{"order":"","version_group_id":"10","move_id":"148","pokemon_move_method_id":"4","level":"0","pokemon_id":"343"}{"order":"","version_group_id":"10","move_id":"153","pokemon_move_method_id":"1","level":"71","pokemon_id":"343"}{"order":"","version_group_id":"10","move_id":"153","pokemon_move_method_id":"4","level":"0","pokemon_id":"343"}{"order":"","version_group_id":"10","move_id":"156","pokemon_move_method_id":"4","level":"0","pokemon_id":"343"}{"order":"","version_group_id":"10","move_id":"157","pokemon_move_method_id":"4","level":"0","pokemon_id":"343"}{"order":"","version_group_id":"10","move_id":"164","pokemon_move_method_id":"4","level":"0","pokemon_id":"343"}{"order":"","version_group_id":"10","move_id":"173","pokemon_move_method_id":"3","level":"0","pokemon_id":"343"}{"order":"","version_group_id":"10","move_id":"182","pokemon_move_method_id":"4","level":"0","pokemon_id":"343"}{"order":"","version_group_id":"10","move_id":"189","pokemon_move_method_id":"1","level":"7","pokemon_id":"343"}{"order":"","version_group_id":"10","move_id":"189","pokemon_move_method_id":"3","level":"0","pokemon_id":"343"}{"order":"","version_group_id":"10","move_id":"201","pokemon_move_method_id":"1","level":"37","pokemon_id":"343"}{"order":"","version_group_id":"10","move_id":"201","pokemon_move_method_id":"4","level":"0","pokemon_id":"343"}{"order":"","version_group_id":"10","move_id":"203","pokemon_move_method_id":"4","level":"0","pokemon_id":"343"}{"order":"","version_group_id":"10","move_id":"207","pokemon_move_method_id":"4","level":"0","pokemon_id":"343"}{"order":"","version_group_id":"10","move_id":"214","pokemon_move_method_id":"4","level":"0","pokemon_id":"343"}{"order":"","version_group_id":"10","move_id":"216","pokemon_move_method_id":"4","level":"0","pokemon_id":"343"}{"order":"","version_group_id":"10","move_id":"218","pokemon_move_method_id":"4","level":"0","pokemon_id":"343"}{"order":"","version_group_id":"10","move_id":"219","pokemon_move_method_id":"4","level":"0","pokemon_id":"343"}{"order":"","version_group_id":"10","move_id":"229","pokemon_move_method_id":"1","level":"5","pokemon_id":"343"}{"order":"","version_group_id":"10","move_id":"237","pokemon_move_method_id":"4","level":"0","pokemon_id":"343"}{"order":"","version_group_id":"10","move_id":"240","pokemon_move_method_id":"4","level":"0","pokemon_id":"343"}{"order":"","version_group_id":"10","move_id":"241","pokemon_move_method_id":"4","level":"0","pokemon_id":"343"}{"order":"","version_group_id":"10","move_id":"244","pokemon_move_method_id":"4","level":"0","pokemon_id":"343"}{"order":"","version_group_id":"10","move_id":"246","pokemon_move_method_id":"1","level":"25","pokemon_id":"343"}{"order":"","version_group_id":"10","move_id":"246","pokemon_move_method_id":"3","level":"0","pokemon_id":"343"}{"order":"","version_group_id":"10","move_id":"247","pokemon_move_method_id":"4","level":"0","pokemon_id":"343"}{"order":"","version_group_id":"10","move_id":"263","pokemon_move_method_id":"4","level":"0","pokemon_id":"343"}{"order":"","version_group_id":"10","move_id":"271","pokemon_move_method_id":"3","level":"0","pokemon_id":"343"}{"order":"","version_group_id":"10","move_id":"277","pokemon_move_method_id":"3","level":"0","pokemon_id":"343"}{"order":"","version_group_id":"10","move_id":"278","pokemon_move_method_id":"4","level":"0","pokemon_id":"343"}{"order":"","version_group_id":"10","move_id":"285","pokemon_move_method_id":"4","level":"0","pokemon_id":"343"}{"order":"","version_group_id":"10","move_id":"290","pokemon_move_method_id":"4","level":"0","pokemon_id":"343"}{"order":"","version_group_id":"10","move_id":"317","pokemon_move_method_id":"1","level":"15","pokemon_id":"343"}{"order":"","version_group_id":"10","move_id":"317","pokemon_move_method_id":"4","level":"0","pokemon_id":"343"}{"order":"","version_group_id":"10","move_id":"322","pokemon_move_method_id":"1","level":"45","pokemon_id":"343"}{"order":"","version_group_id":"10","move_id":"324","pokemon_move_method_id":"3","level":"0","pokemon_id":"343"}{"order":"","version_group_id":"10","move_id":"347","pokemon_move_method_id":"4","level":"0","pokemon_id":"343"}{"order":"","version_group_id":"10","move_id":"356","pokemon_move_method_id":"3","level":"0","pokemon_id":"343"}{"order":"","version_group_id":"10","move_id":"360","pokemon_move_method_id":"4","level":"0","pokemon_id":"343"}{"order":"","version_group_id":"10","move_id":"363","pokemon_move_method_id":"4","level":"0","pokemon_id":"343"}{"order":"","version_group_id":"10","move_id":"377","pokemon_move_method_id":"1","level":"61","pokemon_id":"343"}{"order":"","version_group_id":"10","move_id":"379","pokemon_move_method_id":"1","level":"31","pokemon_id":"343"}{"order":"","version_group_id":"10","move_id":"397","pokemon_move_method_id":"4","level":"0","pokemon_id":"343"}{"order":"","version_group_id":"10","move_id":"414","pokemon_move_method_id":"1","level":"53","pokemon_id":"343"}{"order":"","version_group_id":"10","move_id":"414","pokemon_move_method_id":"3","level":"0","pokemon_id":"343"}{"order":"","version_group_id":"10","move_id":"428","pokemon_move_method_id":"3","level":"0","pokemon_id":"343"}{"order":"","version_group_id":"10","move_id":"433","pokemon_move_method_id":"4","level":"0","pokemon_id":"343"}{"order":"","version_group_id":"10","move_id":"446","pokemon_move_method_id":"4","level":"0","pokemon_id":"343"}{"order":"","version_group_id":"10","move_id":"447","pokemon_move_method_id":"4","level":"0","pokemon_id":"343"}{"order":"","version_group_id":"10","move_id":"451","pokemon_move_method_id":"4","level":"0","pokemon_id":"343"}{"order":"","version_group_id":"11","move_id":"58","pokemon_move_method_id":"4","level":"0","pokemon_id":"343"}{"order":"","version_group_id":"11","move_id":"60","pokemon_move_method_id":"1","level":"15","pokemon_id":"343"}{"order":"","version_group_id":"11","move_id":"76","pokemon_move_method_id":"4","level":"0","pokemon_id":"343"}{"order":"","version_group_id":"11","move_id":"89","pokemon_move_method_id":"4","level":"0","pokemon_id":"343"}{"order":"","version_group_id":"11","move_id":"91","pokemon_move_method_id":"4","level":"0","pokemon_id":"343"}{"order":"","version_group_id":"11","move_id":"92","pokemon_move_method_id":"4","level":"0","pokemon_id":"343"}{"order":"","version_group_id":"11","move_id":"93","pokemon_move_method_id":"1","level":"1","pokemon_id":"343"}{"order":"","version_group_id":"11","move_id":"94","pokemon_move_method_id":"4","level":"0","pokemon_id":"343"}{"order":"","version_group_id":"11","move_id":"104","pokemon_move_method_id":"4","level":"0","pokemon_id":"343"}{"order":"","version_group_id":"11","move_id":"106","pokemon_move_method_id":"1","level":"4","pokemon_id":"343"}{"order":"","version_group_id":"11","move_id":"113","pokemon_move_method_id":"4","level":"0","pokemon_id":"343"}{"order":"","version_group_id":"11","move_id":"115","pokemon_move_method_id":"4","level":"0","pokemon_id":"343"}{"order":"","version_group_id":"11","move_id":"120","pokemon_move_method_id":"1","level":"21","pokemon_id":"343"}{"order":"","version_group_id":"11","move_id":"138","pokemon_move_method_id":"4","level":"0","pokemon_id":"343"}{"order":"","version_group_id":"11","move_id":"148","pokemon_move_method_id":"4","level":"0","pokemon_id":"343"}{"order":"","version_group_id":"11","move_id":"153","pokemon_move_method_id":"1","level":"60","pokemon_id":"343"}{"order":"","version_group_id":"11","move_id":"153","pokemon_move_method_id":"4","level":"0","pokemon_id":"343"}{"order":"","version_group_id":"11","move_id":"156","pokemon_move_method_id":"4","level":"0","pokemon_id":"343"}{"order":"","version_group_id":"11","move_id":"157","pokemon_move_method_id":"4","level":"0","pokemon_id":"343"}{"order":"","version_group_id":"11","move_id":"164","pokemon_move_method_id":"4","level":"0","pokemon_id":"343"}{"order":"","version_group_id":"11","move_id":"182","pokemon_move_method_id":"4","level":"0","pokemon_id":"343"}{"order":"","version_group_id":"11","move_id":"189","pokemon_move_method_id":"1","level":"11","pokemon_id":"343"}{"order":"","version_group_id":"11","move_id":"201","pokemon_move_method_id":"1","level":"34","pokemon_id":"343"}{"order":"","version_group_id":"11","move_id":"201","pokemon_move_method_id":"4","level":"0","pokemon_id":"343"}{"order":"","version_group_id":"11","move_id":"207","pokemon_move_method_id":"4","level":"0","pokemon_id":"343"}{"order":"","version_group_id":"11","move_id":"216","pokemon_move_method_id":"4","level":"0","pokemon_id":"343"}{"order":"","version_group_id":"11","move_id":"218","pokemon_move_method_id":"4","level":"0","pokemon_id":"343"}{"order":"","version_group_id":"11","move_id":"219","pokemon_move_method_id":"4","level":"0","pokemon_id":"343"}{"order":"","version_group_id":"11","move_id":"229","pokemon_move_method_id":"1","level":"7","pokemon_id":"343"}{"order":"","version_group_id":"11","move_id":"237","pokemon_move_method_id":"4","level":"0","pokemon_id":"343"}{"order":"","version_group_id":"11","move_id":"240","pokemon_move_method_id":"4","level":"0","pokemon_id":"343"}{"order":"","version_group_id":"11","move_id":"241","pokemon_move_method_id":"4","level":"0","pokemon_id":"343"}{"order":"","version_group_id":"11","move_id":"244","pokemon_move_method_id":"4","level":"0","pokemon_id":"343"}{"order":"","version_group_id":"11","move_id":"246","pokemon_move_method_id":"1","level":"26","pokemon_id":"343"}{"order":"","version_group_id":"11","move_id":"247","pokemon_move_method_id":"4","level":"0","pokemon_id":"343"}{"order":"","version_group_id":"11","move_id":"263","pokemon_move_method_id":"4","level":"0","pokemon_id":"343"}{"order":"","version_group_id":"11","move_id":"317","pokemon_move_method_id":"1","level":"18","pokemon_id":"343"}{"order":"","version_group_id":"11","move_id":"317","pokemon_move_method_id":"4","level":"0","pokemon_id":"343"}{"order":"","version_group_id":"11","move_id":"322","pokemon_move_method_id":"1","level":"37","pokemon_id":"343"}{"order":"","version_group_id":"11","move_id":"326","pokemon_move_method_id":"1","level":"43","pokemon_id":"343"}{"order":"","version_group_id":"11","move_id":"347","pokemon_move_method_id":"4","level":"0","pokemon_id":"343"}{"order":"","version_group_id":"11","move_id":"360","pokemon_move_method_id":"4","level":"0","pokemon_id":"343"}{"order":"","version_group_id":"11","move_id":"377","pokemon_move_method_id":"1","level":"54","pokemon_id":"343"}{"order":"","version_group_id":"11","move_id":"379","pokemon_move_method_id":"1","level":"31","pokemon_id":"343"}{"order":"","version_group_id":"11","move_id":"397","pokemon_move_method_id":"4","level":"0","pokemon_id":"343"}{"order":"","version_group_id":"11","move_id":"414","pokemon_move_method_id":"1","level":"51","pokemon_id":"343"}{"order":"","version_group_id":"11","move_id":"433","pokemon_move_method_id":"4","level":"0","pokemon_id":"343"}{"order":"","version_group_id":"11","move_id":"447","pokemon_move_method_id":"4","level":"0","pokemon_id":"343"}{"order":"","version_group_id":"11","move_id":"451","pokemon_move_method_id":"4","level":"0","pokemon_id":"343"}{"order":"1","version_group_id":"11","move_id":"470","pokemon_move_method_id":"1","level":"48","pokemon_id":"343"}{"order":"2","version_group_id":"11","move_id":"471","pokemon_move_method_id":"1","level":"48","pokemon_id":"343"}{"order":"","version_group_id":"11","move_id":"473","pokemon_move_method_id":"4","level":"0","pokemon_id":"343"}{"order":"","version_group_id":"11","move_id":"477","pokemon_move_method_id":"4","level":"0","pokemon_id":"343"}{"order":"","version_group_id":"11","move_id":"479","pokemon_move_method_id":"4","level":"0","pokemon_id":"343"}{"order":"","version_group_id":"11","move_id":"496","pokemon_move_method_id":"4","level":"0","pokemon_id":"343"}{"order":"","version_group_id":"11","move_id":"502","pokemon_move_method_id":"4","level":"0","pokemon_id":"343"}{"order":"","version_group_id":"11","move_id":"523","pokemon_move_method_id":"4","level":"0","pokemon_id":"343"}{"order":"","version_group_id":"12","move_id":"58","pokemon_move_method_id":"4","level":"0","pokemon_id":"343"}{"order":"","version_group_id":"12","move_id":"60","pokemon_move_method_id":"1","level":"11","pokemon_id":"343"}{"order":"","version_group_id":"12","move_id":"76","pokemon_move_method_id":"4","level":"0","pokemon_id":"343"}{"order":"","version_group_id":"12","move_id":"89","pokemon_move_method_id":"4","level":"0","pokemon_id":"343"}{"order":"","version_group_id":"12","move_id":"91","pokemon_move_method_id":"4","level":"0","pokemon_id":"343"}{"order":"","version_group_id":"12","move_id":"92","pokemon_move_method_id":"4","level":"0","pokemon_id":"343"}{"order":"","version_group_id":"12","move_id":"93","pokemon_move_method_id":"1","level":"1","pokemon_id":"343"}{"order":"","version_group_id":"12","move_id":"94","pokemon_move_method_id":"4","level":"0","pokemon_id":"343"}{"order":"","version_group_id":"12","move_id":"104","pokemon_move_method_id":"4","level":"0","pokemon_id":"343"}{"order":"","version_group_id":"12","move_id":"106","pokemon_move_method_id":"1","level":"3","pokemon_id":"343"}{"order":"","version_group_id":"12","move_id":"113","pokemon_move_method_id":"4","level":"0","pokemon_id":"343"}{"order":"","version_group_id":"12","move_id":"115","pokemon_move_method_id":"4","level":"0","pokemon_id":"343"}{"order":"","version_group_id":"12","move_id":"120","pokemon_move_method_id":"1","level":"19","pokemon_id":"343"}{"order":"","version_group_id":"12","move_id":"148","pokemon_move_method_id":"4","level":"0","pokemon_id":"343"}{"order":"","version_group_id":"12","move_id":"153","pokemon_move_method_id":"1","level":"45","pokemon_id":"343"}{"order":"","version_group_id":"12","move_id":"156","pokemon_move_method_id":"4","level":"0","pokemon_id":"343"}{"order":"","version_group_id":"12","move_id":"182","pokemon_move_method_id":"4","level":"0","pokemon_id":"343"}{"order":"","version_group_id":"12","move_id":"189","pokemon_move_method_id":"1","level":"7","pokemon_id":"343"}{"order":"","version_group_id":"12","move_id":"201","pokemon_move_method_id":"1","level":"31","pokemon_id":"343"}{"order":"","version_group_id":"12","move_id":"201","pokemon_move_method_id":"4","level":"0","pokemon_id":"343"}{"order":"","version_group_id":"12","move_id":"216","pokemon_move_method_id":"4","level":"0","pokemon_id":"343"}{"order":"","version_group_id":"12","move_id":"218","pokemon_move_method_id":"4","level":"0","pokemon_id":"343"}{"order":"","version_group_id":"12","move_id":"229","pokemon_move_method_id":"1","level":"5","pokemon_id":"343"}{"order":"","version_group_id":"12","move_id":"237","pokemon_move_method_id":"4","level":"0","pokemon_id":"343"}{"order":"","version_group_id":"12","move_id":"240","pokemon_move_method_id":"4","level":"0","pokemon_id":"343"}{"order":"","version_group_id":"12","move_id":"241","pokemon_move_method_id":"4","level":"0","pokemon_id":"343"}{"order":"","version_group_id":"12","move_id":"246","pokemon_move_method_id":"1","level":"25","pokemon_id":"343"}{"order":"","version_group_id":"12","move_id":"247","pokemon_move_method_id":"4","level":"0","pokemon_id":"343"}{"order":"","version_group_id":"12","move_id":"263","pokemon_move_method_id":"4","level":"0","pokemon_id":"343"}{"order":"","version_group_id":"12","move_id":"285","pokemon_move_method_id":"4","level":"0","pokemon_id":"343"}{"order":"","version_group_id":"12","move_id":"290","pokemon_move_method_id":"4","level":"0","pokemon_id":"343"}{"order":"","version_group_id":"12","move_id":"317","pokemon_move_method_id":"1","level":"15","pokemon_id":"343"}{"order":"","version_group_id":"12","move_id":"317","pokemon_move_method_id":"4","level":"0","pokemon_id":"343"}{"order":"","version_group_id":"12","move_id":"322","pokemon_move_method_id":"1","level":"37","pokemon_id":"343"}{"order":"","version_group_id":"13","move_id":"38","pokemon_move_method_id":"3","level":"0","pokemon_id":"343"}{"order":"","version_group_id":"13","move_id":"58","pokemon_move_method_id":"4","level":"0","pokemon_id":"343"}{"order":"","version_group_id":"13","move_id":"60","pokemon_move_method_id":"1","level":"11","pokemon_id":"343"}{"order":"","version_group_id":"13","move_id":"76","pokemon_move_method_id":"4","level":"0","pokemon_id":"343"}{"order":"","version_group_id":"13","move_id":"89","pokemon_move_method_id":"4","level":"0","pokemon_id":"343"}{"order":"","version_group_id":"13","move_id":"91","pokemon_move_method_id":"4","level":"0","pokemon_id":"343"}{"order":"","version_group_id":"13","move_id":"92","pokemon_move_method_id":"4","level":"0","pokemon_id":"343"}{"order":"","version_group_id":"13","move_id":"93","pokemon_move_method_id":"1","level":"1","pokemon_id":"343"}{"order":"","version_group_id":"13","move_id":"94","pokemon_move_method_id":"4","level":"0","pokemon_id":"343"}{"order":"","version_group_id":"13","move_id":"102","pokemon_move_method_id":"3","level":"0","pokemon_id":"343"}{"order":"","version_group_id":"13","move_id":"104","pokemon_move_method_id":"4","level":"0","pokemon_id":"343"}{"order":"","version_group_id":"13","move_id":"106","pokemon_move_method_id":"1","level":"3","pokemon_id":"343"}{"order":"","version_group_id":"13","move_id":"113","pokemon_move_method_id":"4","level":"0","pokemon_id":"343"}{"order":"","version_group_id":"13","move_id":"115","pokemon_move_method_id":"4","level":"0","pokemon_id":"343"}{"order":"","version_group_id":"13","move_id":"120","pokemon_move_method_id":"1","level":"19","pokemon_id":"343"}{"order":"","version_group_id":"13","move_id":"120","pokemon_move_method_id":"3","level":"0","pokemon_id":"343"}{"order":"","version_group_id":"13","move_id":"138","pokemon_move_method_id":"3","level":"0","pokemon_id":"343"}{"order":"","version_group_id":"13","move_id":"148","pokemon_move_method_id":"4","level":"0","pokemon_id":"343"}{"order":"","version_group_id":"13","move_id":"153","pokemon_move_method_id":"1","level":"45","pokemon_id":"343"}{"order":"","version_group_id":"13","move_id":"156","pokemon_move_method_id":"4","level":"0","pokemon_id":"343"}{"order":"","version_group_id":"13","move_id":"164","pokemon_move_method_id":"3","level":"0","pokemon_id":"343"}{"order":"","version_group_id":"13","move_id":"182","pokemon_move_method_id":"4","level":"0","pokemon_id":"343"}{"order":"","version_group_id":"13","move_id":"189","pokemon_move_method_id":"1","level":"7","pokemon_id":"343"}{"order":"","version_group_id":"13","move_id":"201","pokemon_move_method_id":"1","level":"31","pokemon_id":"343"}{"order":"","version_group_id":"13","move_id":"201","pokemon_move_method_id":"4","level":"0","pokemon_id":"343"}{"order":"","version_group_id":"13","move_id":"207","pokemon_move_method_id":"3","level":"0","pokemon_id":"343"}{"order":"","version_group_id":"13","move_id":"216","pokemon_move_method_id":"4","level":"0","pokemon_id":"343"}{"order":"","version_group_id":"13","move_id":"218","pokemon_move_method_id":"4","level":"0","pokemon_id":"343"}{"order":"","version_group_id":"13","move_id":"229","pokemon_move_method_id":"1","level":"5","pokemon_id":"343"}{"order":"","version_group_id":"13","move_id":"237","pokemon_move_method_id":"4","level":"0","pokemon_id":"343"}{"order":"","version_group_id":"13","move_id":"240","pokemon_move_method_id":"4","level":"0","pokemon_id":"343"}{"order":"","version_group_id":"13","move_id":"241","pokemon_move_method_id":"4","level":"0","pokemon_id":"343"}{"order":"","version_group_id":"13","move_id":"246","pokemon_move_method_id":"1","level":"25","pokemon_id":"343"}{"order":"","version_group_id":"13","move_id":"247","pokemon_move_method_id":"4","level":"0","pokemon_id":"343"}{"order":"","version_group_id":"13","move_id":"263","pokemon_move_method_id":"4","level":"0","pokemon_id":"343"}{"order":"","version_group_id":"13","move_id":"285","pokemon_move_method_id":"4","level":"0","pokemon_id":"343"}{"order":"","version_group_id":"13","move_id":"290","pokemon_move_method_id":"4","level":"0","pokemon_id":"343"}{"order":"","version_group_id":"13","move_id":"317","pokemon_move_method_id":"1","level":"15","pokemon_id":"343"}{"order":"","version_group_id":"13","move_id":"317","pokemon_move_method_id":"4","level":"0","pokemon_id":"343"}{"order":"","version_group_id":"13","move_id":"322","pokemon_move_method_id":"1","level":"37","pokemon_id":"343"}{"order":"","version_group_id":"14","move_id":"58","pokemon_move_method_id":"4","level":"0","pokemon_id":"343"}{"order":"","version_group_id":"14","move_id":"60","pokemon_move_method_id":"1","level":"13","pokemon_id":"343"}{"order":"","version_group_id":"14","move_id":"76","pokemon_move_method_id":"4","level":"0","pokemon_id":"343"}{"order":"","version_group_id":"14","move_id":"89","pokemon_move_method_id":"4","level":"0","pokemon_id":"343"}{"order":"","version_group_id":"14","move_id":"91","pokemon_move_method_id":"4","level":"0","pokemon_id":"343"}{"order":"","version_group_id":"14","move_id":"92","pokemon_move_method_id":"4","level":"0","pokemon_id":"343"}{"order":"2","version_group_id":"14","move_id":"93","pokemon_move_method_id":"1","level":"1","pokemon_id":"343"}{"order":"","version_group_id":"14","move_id":"94","pokemon_move_method_id":"4","level":"0","pokemon_id":"343"}{"order":"","version_group_id":"14","move_id":"104","pokemon_move_method_id":"4","level":"0","pokemon_id":"343"}{"order":"1","version_group_id":"14","move_id":"106","pokemon_move_method_id":"1","level":"1","pokemon_id":"343"}{"order":"","version_group_id":"14","move_id":"113","pokemon_move_method_id":"4","level":"0","pokemon_id":"343"}{"order":"","version_group_id":"14","move_id":"115","pokemon_move_method_id":"4","level":"0","pokemon_id":"343"}{"order":"","version_group_id":"14","move_id":"120","pokemon_move_method_id":"1","level":"25","pokemon_id":"343"}{"order":"","version_group_id":"14","move_id":"138","pokemon_move_method_id":"4","level":"0","pokemon_id":"343"}{"order":"","version_group_id":"14","move_id":"148","pokemon_move_method_id":"4","level":"0","pokemon_id":"343"}{"order":"","version_group_id":"14","move_id":"153","pokemon_move_method_id":"1","level":"49","pokemon_id":"343"}{"order":"","version_group_id":"14","move_id":"153","pokemon_move_method_id":"4","level":"0","pokemon_id":"343"}{"order":"","version_group_id":"14","move_id":"156","pokemon_move_method_id":"4","level":"0","pokemon_id":"343"}{"order":"","version_group_id":"14","move_id":"157","pokemon_move_method_id":"4","level":"0","pokemon_id":"343"}{"order":"","version_group_id":"14","move_id":"164","pokemon_move_method_id":"4","level":"0","pokemon_id":"343"}{"order":"","version_group_id":"14","move_id":"173","pokemon_move_method_id":"3","level":"0","pokemon_id":"343"}{"order":"","version_group_id":"14","move_id":"182","pokemon_move_method_id":"4","level":"0","pokemon_id":"343"}{"order":"","version_group_id":"14","move_id":"189","pokemon_move_method_id":"1","level":"7","pokemon_id":"343"}{"order":"","version_group_id":"14","move_id":"201","pokemon_move_method_id":"1","level":"41","pokemon_id":"343"}{"order":"","version_group_id":"14","move_id":"201","pokemon_move_method_id":"4","level":"0","pokemon_id":"343"}{"order":"","version_group_id":"14","move_id":"207","pokemon_move_method_id":"4","level":"0","pokemon_id":"343"}{"order":"","version_group_id":"14","move_id":"214","pokemon_move_method_id":"3","level":"0","pokemon_id":"343"}{"order":"","version_group_id":"14","move_id":"216","pokemon_move_method_id":"4","level":"0","pokemon_id":"343"}{"order":"","version_group_id":"14","move_id":"218","pokemon_move_method_id":"4","level":"0","pokemon_id":"343"}{"order":"","version_group_id":"14","move_id":"219","pokemon_move_method_id":"4","level":"0","pokemon_id":"343"}{"order":"","version_group_id":"14","move_id":"229","pokemon_move_method_id":"1","level":"4","pokemon_id":"343"}{"order":"","version_group_id":"14","move_id":"237","pokemon_move_method_id":"4","level":"0","pokemon_id":"343"}{"order":"","version_group_id":"14","move_id":"240","pokemon_move_method_id":"4","level":"0","pokemon_id":"343"}{"order":"","version_group_id":"14","move_id":"241","pokemon_move_method_id":"4","level":"0","pokemon_id":"343"}{"order":"","version_group_id":"14","move_id":"244","pokemon_move_method_id":"4","level":"0","pokemon_id":"343"}{"order":"","version_group_id":"14","move_id":"246","pokemon_move_method_id":"1","level":"21","pokemon_id":"343"}{"order":"","version_group_id":"14","move_id":"247","pokemon_move_method_id":"4","level":"0","pokemon_id":"343"}{"order":"","version_group_id":"14","move_id":"263","pokemon_move_method_id":"4","level":"0","pokemon_id":"343"}{"order":"","version_group_id":"14","move_id":"271","pokemon_move_method_id":"3","level":"0","pokemon_id":"343"}{"order":"","version_group_id":"14","move_id":"277","pokemon_move_method_id":"3","level":"0","pokemon_id":"343"}{"order":"","version_group_id":"14","move_id":"278","pokemon_move_method_id":"3","level":"0","pokemon_id":"343"}{"order":"","version_group_id":"14","move_id":"285","pokemon_move_method_id":"3","level":"0","pokemon_id":"343"}{"order":"","version_group_id":"14","move_id":"317","pokemon_move_method_id":"1","level":"10","pokemon_id":"343"}{"order":"","version_group_id":"14","move_id":"317","pokemon_move_method_id":"4","level":"0","pokemon_id":"343"}{"order":"","version_group_id":"14","move_id":"322","pokemon_move_method_id":"1","level":"31","pokemon_id":"343"}{"order":"","version_group_id":"14","move_id":"324","pokemon_move_method_id":"3","level":"0","pokemon_id":"343"}{"order":"","version_group_id":"14","move_id":"326","pokemon_move_method_id":"1","level":"28","pokemon_id":"343"}{"order":"","version_group_id":"14","move_id":"347","pokemon_move_method_id":"4","level":"0","pokemon_id":"343"}{"order":"","version_group_id":"14","move_id":"356","pokemon_move_method_id":"3","level":"0","pokemon_id":"343"}{"order":"","version_group_id":"14","move_id":"360","pokemon_move_method_id":"4","level":"0","pokemon_id":"343"}{"order":"","version_group_id":"14","move_id":"377","pokemon_move_method_id":"1","level":"45","pokemon_id":"343"}{"order":"","version_group_id":"14","move_id":"379","pokemon_move_method_id":"1","level":"17","pokemon_id":"343"}{"order":"","version_group_id":"14","move_id":"397","pokemon_move_method_id":"4","level":"0","pokemon_id":"343"}{"order":"","version_group_id":"14","move_id":"414","pokemon_move_method_id":"1","level":"37","pokemon_id":"343"}{"order":"","version_group_id":"14","move_id":"414","pokemon_move_method_id":"3","level":"0","pokemon_id":"343"}{"order":"","version_group_id":"14","move_id":"428","pokemon_move_method_id":"3","level":"0","pokemon_id":"343"}{"order":"","version_group_id":"14","move_id":"433","pokemon_move_method_id":"4","level":"0","pokemon_id":"343"}{"order":"","version_group_id":"14","move_id":"446","pokemon_move_method_id":"3","level":"0","pokemon_id":"343"}{"order":"","version_group_id":"14","move_id":"447","pokemon_move_method_id":"4","level":"0","pokemon_id":"343"}{"order":"","version_group_id":"14","move_id":"451","pokemon_move_method_id":"4","level":"0","pokemon_id":"343"}{"order":"1","version_group_id":"14","move_id":"470","pokemon_move_method_id":"1","level":"34","pokemon_id":"343"}{"order":"2","version_group_id":"14","move_id":"471","pokemon_move_method_id":"1","level":"34","pokemon_id":"343"}{"order":"","version_group_id":"14","move_id":"472","pokemon_move_method_id":"3","level":"0","pokemon_id":"343"}{"order":"","version_group_id":"14","move_id":"473","pokemon_move_method_id":"4","level":"0","pokemon_id":"343"}{"order":"","version_group_id":"14","move_id":"477","pokemon_move_method_id":"4","level":"0","pokemon_id":"343"}{"order":"","version_group_id":"14","move_id":"479","pokemon_move_method_id":"4","level":"0","pokemon_id":"343"}{"order":"","version_group_id":"14","move_id":"496","pokemon_move_method_id":"4","level":"0","pokemon_id":"343"}{"order":"","version_group_id":"14","move_id":"502","pokemon_move_method_id":"4","level":"0","pokemon_id":"343"}{"order":"","version_group_id":"14","move_id":"523","pokemon_move_method_id":"4","level":"0","pokemon_id":"343"}{"order":"","version_group_id":"14","move_id":"529","pokemon_move_method_id":"3","level":"0","pokemon_id":"343"}