{"order":"","version_group_id":"11","move_id":"47","pokemon_move_method_id":"1","level":"16","pokemon_id":"10018"}{"order":"","version_group_id":"11","move_id":"60","pokemon_move_method_id":"1","level":"31","pokemon_id":"10018"}{"order":"","version_group_id":"11","move_id":"63","pokemon_move_method_id":"4","level":"0","pokemon_id":"10018"}{"order":"","version_group_id":"11","move_id":"70","pokemon_move_method_id":"4","level":"0","pokemon_id":"10018"}{"order":"","version_group_id":"11","move_id":"85","pokemon_move_method_id":"4","level":"0","pokemon_id":"10018"}{"order":"","version_group_id":"11","move_id":"86","pokemon_move_method_id":"4","level":"0","pokemon_id":"10018"}{"order":"","version_group_id":"11","move_id":"87","pokemon_move_method_id":"4","level":"0","pokemon_id":"10018"}{"order":"","version_group_id":"11","move_id":"92","pokemon_move_method_id":"4","level":"0","pokemon_id":"10018"}{"order":"","version_group_id":"11","move_id":"93","pokemon_move_method_id":"1","level":"11","pokemon_id":"10018"}{"order":"","version_group_id":"11","move_id":"94","pokemon_move_method_id":"1","level":"57","pokemon_id":"10018"}{"order":"","version_group_id":"11","move_id":"94","pokemon_move_method_id":"4","level":"0","pokemon_id":"10018"}{"order":"","version_group_id":"11","move_id":"98","pokemon_move_method_id":"1","level":"6","pokemon_id":"10018"}{"order":"","version_group_id":"11","move_id":"104","pokemon_move_method_id":"4","level":"0","pokemon_id":"10018"}{"order":"","version_group_id":"11","move_id":"113","pokemon_move_method_id":"4","level":"0","pokemon_id":"10018"}{"order":"","version_group_id":"11","move_id":"138","pokemon_move_method_id":"4","level":"0","pokemon_id":"10018"}{"order":"","version_group_id":"11","move_id":"148","pokemon_move_method_id":"4","level":"0","pokemon_id":"10018"}{"order":"","version_group_id":"11","move_id":"156","pokemon_move_method_id":"4","level":"0","pokemon_id":"10018"}{"order":"","version_group_id":"11","move_id":"164","pokemon_move_method_id":"4","level":"0","pokemon_id":"10018"}{"order":"","version_group_id":"11","move_id":"182","pokemon_move_method_id":"4","level":"0","pokemon_id":"10018"}{"order":"","version_group_id":"11","move_id":"195","pokemon_move_method_id":"1","level":"85","pokemon_id":"10018"}{"order":"","version_group_id":"11","move_id":"207","pokemon_move_method_id":"4","level":"0","pokemon_id":"10018"}{"order":"","version_group_id":"11","move_id":"216","pokemon_move_method_id":"4","level":"0","pokemon_id":"10018"}{"order":"","version_group_id":"11","move_id":"218","pokemon_move_method_id":"4","level":"0","pokemon_id":"10018"}{"order":"","version_group_id":"11","move_id":"219","pokemon_move_method_id":"4","level":"0","pokemon_id":"10018"}{"order":"","version_group_id":"11","move_id":"237","pokemon_move_method_id":"4","level":"0","pokemon_id":"10018"}{"order":"","version_group_id":"11","move_id":"240","pokemon_move_method_id":"4","level":"0","pokemon_id":"10018"}{"order":"","version_group_id":"11","move_id":"241","pokemon_move_method_id":"4","level":"0","pokemon_id":"10018"}{"order":"","version_group_id":"11","move_id":"244","pokemon_move_method_id":"4","level":"0","pokemon_id":"10018"}{"order":"","version_group_id":"11","move_id":"247","pokemon_move_method_id":"4","level":"0","pokemon_id":"10018"}{"order":"","version_group_id":"11","move_id":"249","pokemon_move_method_id":"4","level":"0","pokemon_id":"10018"}{"order":"","version_group_id":"11","move_id":"263","pokemon_move_method_id":"4","level":"0","pokemon_id":"10018"}{"order":"","version_group_id":"11","move_id":"272","pokemon_move_method_id":"1","level":"71","pokemon_id":"10018"}{"order":"","version_group_id":"11","move_id":"280","pokemon_move_method_id":"4","level":"0","pokemon_id":"10018"}{"order":"","version_group_id":"11","move_id":"298","pokemon_move_method_id":"1","level":"21","pokemon_id":"10018"}{"order":"","version_group_id":"11","move_id":"304","pokemon_move_method_id":"1","level":"64","pokemon_id":"10018"}{"order":"","version_group_id":"11","move_id":"347","pokemon_move_method_id":"4","level":"0","pokemon_id":"10018"}{"order":"","version_group_id":"11","move_id":"358","pokemon_move_method_id":"1","level":"50","pokemon_id":"10018"}{"order":"","version_group_id":"11","move_id":"369","pokemon_move_method_id":"1","level":"43","pokemon_id":"10018"}{"order":"","version_group_id":"11","move_id":"369","pokemon_move_method_id":"4","level":"0","pokemon_id":"10018"}{"order":"","version_group_id":"11","move_id":"370","pokemon_move_method_id":"1","level":"78","pokemon_id":"10018"}{"order":"","version_group_id":"11","move_id":"371","pokemon_move_method_id":"4","level":"0","pokemon_id":"10018"}{"order":"","version_group_id":"11","move_id":"373","pokemon_move_method_id":"4","level":"0","pokemon_id":"10018"}{"order":"","version_group_id":"11","move_id":"374","pokemon_move_method_id":"4","level":"0","pokemon_id":"10018"}{"order":"","version_group_id":"11","move_id":"411","pokemon_move_method_id":"4","level":"0","pokemon_id":"10018"}{"order":"","version_group_id":"11","move_id":"412","pokemon_move_method_id":"4","level":"0","pokemon_id":"10018"}{"order":"","version_group_id":"11","move_id":"416","pokemon_move_method_id":"4","level":"0","pokemon_id":"10018"}{"order":"","version_group_id":"11","move_id":"421","pokemon_move_method_id":"4","level":"0","pokemon_id":"10018"}{"order":"","version_group_id":"11","move_id":"433","pokemon_move_method_id":"4","level":"0","pokemon_id":"10018"}{"order":"","version_group_id":"11","move_id":"444","pokemon_move_method_id":"4","level":"0","pokemon_id":"10018"}{"order":"","version_group_id":"11","move_id":"447","pokemon_move_method_id":"4","level":"0","pokemon_id":"10018"}{"order":"","version_group_id":"11","move_id":"451","pokemon_move_method_id":"4","level":"0","pokemon_id":"10018"}{"order":"","version_group_id":"11","move_id":"468","pokemon_move_method_id":"4","level":"0","pokemon_id":"10018"}{"order":"","version_group_id":"11","move_id":"473","pokemon_move_method_id":"4","level":"0","pokemon_id":"10018"}{"order":"","version_group_id":"11","move_id":"477","pokemon_move_method_id":"4","level":"0","pokemon_id":"10018"}{"order":"","version_group_id":"11","move_id":"490","pokemon_move_method_id":"4","level":"0","pokemon_id":"10018"}{"order":"","version_group_id":"11","move_id":"496","pokemon_move_method_id":"1","level":"1","pokemon_id":"10018"}{"order":"","version_group_id":"11","move_id":"496","pokemon_move_method_id":"4","level":"0","pokemon_id":"10018"}{"order":"","version_group_id":"11","move_id":"497","pokemon_move_method_id":"1","level":"36","pokemon_id":"10018"}{"order":"","version_group_id":"11","move_id":"497","pokemon_move_method_id":"4","level":"0","pokemon_id":"10018"}{"order":"","version_group_id":"11","move_id":"512","pokemon_move_method_id":"1","level":"26","pokemon_id":"10018"}{"order":"","version_group_id":"11","move_id":"512","pokemon_move_method_id":"4","level":"0","pokemon_id":"10018"}{"order":"","version_group_id":"11","move_id":"514","pokemon_move_method_id":"4","level":"0","pokemon_id":"10018"}{"order":"","version_group_id":"11","move_id":"526","pokemon_move_method_id":"4","level":"0","pokemon_id":"10018"}{"order":"","version_group_id":"11","move_id":"547","pokemon_move_method_id":"3","level":"0","pokemon_id":"10018"}{"order":"","version_group_id":"14","move_id":"7","pokemon_move_method_id":"3","level":"0","pokemon_id":"10018"}{"order":"","version_group_id":"14","move_id":"8","pokemon_move_method_id":"3","level":"0","pokemon_id":"10018"}{"order":"","version_group_id":"14","move_id":"9","pokemon_move_method_id":"3","level":"0","pokemon_id":"10018"}{"order":"","version_group_id":"14","move_id":"47","pokemon_move_method_id":"1","level":"16","pokemon_id":"10018"}{"order":"","version_group_id":"14","move_id":"60","pokemon_move_method_id":"1","level":"31","pokemon_id":"10018"}{"order":"","version_group_id":"14","move_id":"63","pokemon_move_method_id":"4","level":"0","pokemon_id":"10018"}{"order":"","version_group_id":"14","move_id":"67","pokemon_move_method_id":"3","level":"0","pokemon_id":"10018"}{"order":"","version_group_id":"14","move_id":"70","pokemon_move_method_id":"4","level":"0","pokemon_id":"10018"}{"order":"","version_group_id":"14","move_id":"85","pokemon_move_method_id":"4","level":"0","pokemon_id":"10018"}{"order":"","version_group_id":"14","move_id":"86","pokemon_move_method_id":"4","level":"0","pokemon_id":"10018"}{"order":"","version_group_id":"14","move_id":"87","pokemon_move_method_id":"4","level":"0","pokemon_id":"10018"}{"order":"","version_group_id":"14","move_id":"92","pokemon_move_method_id":"4","level":"0","pokemon_id":"10018"}{"order":"","version_group_id":"14","move_id":"93","pokemon_move_method_id":"1","level":"11","pokemon_id":"10018"}{"order":"","version_group_id":"14","move_id":"94","pokemon_move_method_id":"1","level":"57","pokemon_id":"10018"}{"order":"","version_group_id":"14","move_id":"94","pokemon_move_method_id":"4","level":"0","pokemon_id":"10018"}{"order":"","version_group_id":"14","move_id":"98","pokemon_move_method_id":"1","level":"6","pokemon_id":"10018"}{"order":"","version_group_id":"14","move_id":"104","pokemon_move_method_id":"4","level":"0","pokemon_id":"10018"}{"order":"","version_group_id":"14","move_id":"113","pokemon_move_method_id":"4","level":"0","pokemon_id":"10018"}{"order":"","version_group_id":"14","move_id":"138","pokemon_move_method_id":"4","level":"0","pokemon_id":"10018"}{"order":"","version_group_id":"14","move_id":"148","pokemon_move_method_id":"4","level":"0","pokemon_id":"10018"}{"order":"","version_group_id":"14","move_id":"156","pokemon_move_method_id":"4","level":"0","pokemon_id":"10018"}{"order":"","version_group_id":"14","move_id":"164","pokemon_move_method_id":"4","level":"0","pokemon_id":"10018"}{"order":"","version_group_id":"14","move_id":"173","pokemon_move_method_id":"3","level":"0","pokemon_id":"10018"}{"order":"","version_group_id":"14","move_id":"182","pokemon_move_method_id":"4","level":"0","pokemon_id":"10018"}{"order":"","version_group_id":"14","move_id":"195","pokemon_move_method_id":"1","level":"85","pokemon_id":"10018"}{"order":"","version_group_id":"14","move_id":"207","pokemon_move_method_id":"4","level":"0","pokemon_id":"10018"}{"order":"","version_group_id":"14","move_id":"214","pokemon_move_method_id":"3","level":"0","pokemon_id":"10018"}{"order":"","version_group_id":"14","move_id":"215","pokemon_move_method_id":"3","level":"0","pokemon_id":"10018"}{"order":"","version_group_id":"14","move_id":"216","pokemon_move_method_id":"4","level":"0","pokemon_id":"10018"}{"order":"","version_group_id":"14","move_id":"218","pokemon_move_method_id":"4","level":"0","pokemon_id":"10018"}{"order":"","version_group_id":"14","move_id":"219","pokemon_move_method_id":"4","level":"0","pokemon_id":"10018"}{"order":"","version_group_id":"14","move_id":"237","pokemon_move_method_id":"4","level":"0","pokemon_id":"10018"}{"order":"","version_group_id":"14","move_id":"240","pokemon_move_method_id":"4","level":"0","pokemon_id":"10018"}{"order":"","version_group_id":"14","move_id":"241","pokemon_move_method_id":"4","level":"0","pokemon_id":"10018"}{"order":"","version_group_id":"14","move_id":"244","pokemon_move_method_id":"4","level":"0","pokemon_id":"10018"}{"order":"","version_group_id":"14","move_id":"247","pokemon_move_method_id":"4","level":"0","pokemon_id":"10018"}{"order":"","version_group_id":"14","move_id":"249","pokemon_move_method_id":"4","level":"0","pokemon_id":"10018"}{"order":"","version_group_id":"14","move_id":"253","pokemon_move_method_id":"3","level":"0","pokemon_id":"10018"}{"order":"","version_group_id":"14","move_id":"263","pokemon_move_method_id":"4","level":"0","pokemon_id":"10018"}{"order":"","version_group_id":"14","move_id":"270","pokemon_move_method_id":"3","level":"0","pokemon_id":"10018"}{"order":"","version_group_id":"14","move_id":"271","pokemon_move_method_id":"3","level":"0","pokemon_id":"10018"}{"order":"","version_group_id":"14","move_id":"272","pokemon_move_method_id":"1","level":"71","pokemon_id":"10018"}{"order":"","version_group_id":"14","move_id":"272","pokemon_move_method_id":"3","level":"0","pokemon_id":"10018"}{"order":"","version_group_id":"14","move_id":"277","pokemon_move_method_id":"3","level":"0","pokemon_id":"10018"}{"order":"","version_group_id":"14","move_id":"278","pokemon_move_method_id":"3","level":"0","pokemon_id":"10018"}{"order":"","version_group_id":"14","move_id":"280","pokemon_move_method_id":"4","level":"0","pokemon_id":"10018"}{"order":"","version_group_id":"14","move_id":"282","pokemon_move_method_id":"3","level":"0","pokemon_id":"10018"}{"order":"","version_group_id":"14","move_id":"285","pokemon_move_method_id":"3","level":"0","pokemon_id":"10018"}{"order":"","version_group_id":"14","move_id":"289","pokemon_move_method_id":"3","level":"0","pokemon_id":"10018"}{"order":"","version_group_id":"14","move_id":"298","pokemon_move_method_id":"1","level":"21","pokemon_id":"10018"}{"order":"","version_group_id":"14","move_id":"304","pokemon_move_method_id":"1","level":"64","pokemon_id":"10018"}{"order":"","version_group_id":"14","move_id":"304","pokemon_move_method_id":"3","level":"0","pokemon_id":"10018"}{"order":"","version_group_id":"14","move_id":"324","pokemon_move_method_id":"3","level":"0","pokemon_id":"10018"}{"order":"","version_group_id":"14","move_id":"343","pokemon_move_method_id":"3","level":"0","pokemon_id":"10018"}{"order":"","version_group_id":"14","move_id":"347","pokemon_move_method_id":"4","level":"0","pokemon_id":"10018"}{"order":"","version_group_id":"14","move_id":"356","pokemon_move_method_id":"3","level":"0","pokemon_id":"10018"}{"order":"","version_group_id":"14","move_id":"358","pokemon_move_method_id":"1","level":"50","pokemon_id":"10018"}{"order":"","version_group_id":"14","move_id":"369","pokemon_move_method_id":"1","level":"43","pokemon_id":"10018"}{"order":"","version_group_id":"14","move_id":"369","pokemon_move_method_id":"4","level":"0","pokemon_id":"10018"}{"order":"","version_group_id":"14","move_id":"370","pokemon_move_method_id":"1","level":"78","pokemon_id":"10018"}{"order":"","version_group_id":"14","move_id":"371","pokemon_move_method_id":"4","level":"0","pokemon_id":"10018"}{"order":"","version_group_id":"14","move_id":"373","pokemon_move_method_id":"4","level":"0","pokemon_id":"10018"}{"order":"","version_group_id":"14","move_id":"374","pokemon_move_method_id":"4","level":"0","pokemon_id":"10018"}{"order":"","version_group_id":"14","move_id":"387","pokemon_move_method_id":"3","level":"0","pokemon_id":"10018"}{"order":"","version_group_id":"14","move_id":"409","pokemon_move_method_id":"3","level":"0","pokemon_id":"10018"}{"order":"","version_group_id":"14","move_id":"411","pokemon_move_method_id":"4","level":"0","pokemon_id":"10018"}{"order":"","version_group_id":"14","move_id":"412","pokemon_move_method_id":"4","level":"0","pokemon_id":"10018"}{"order":"","version_group_id":"14","move_id":"416","pokemon_move_method_id":"4","level":"0","pokemon_id":"10018"}{"order":"","version_group_id":"14","move_id":"421","pokemon_move_method_id":"4","level":"0","pokemon_id":"10018"}{"order":"","version_group_id":"14","move_id":"428","pokemon_move_method_id":"3","level":"0","pokemon_id":"10018"}{"order":"","version_group_id":"14","move_id":"433","pokemon_move_method_id":"4","level":"0","pokemon_id":"10018"}{"order":"","version_group_id":"14","move_id":"444","pokemon_move_method_id":"4","level":"0","pokemon_id":"10018"}{"order":"","version_group_id":"14","move_id":"447","pokemon_move_method_id":"4","level":"0","pokemon_id":"10018"}{"order":"","version_group_id":"14","move_id":"451","pokemon_move_method_id":"4","level":"0","pokemon_id":"10018"}{"order":"","version_group_id":"14","move_id":"468","pokemon_move_method_id":"4","level":"0","pokemon_id":"10018"}{"order":"","version_group_id":"14","move_id":"472","pokemon_move_method_id":"3","level":"0","pokemon_id":"10018"}{"order":"","version_group_id":"14","move_id":"473","pokemon_move_method_id":"4","level":"0","pokemon_id":"10018"}{"order":"","version_group_id":"14","move_id":"477","pokemon_move_method_id":"4","level":"0","pokemon_id":"10018"}{"order":"","version_group_id":"14","move_id":"478","pokemon_move_method_id":"3","level":"0","pokemon_id":"10018"}{"order":"","version_group_id":"14","move_id":"490","pokemon_move_method_id":"4","level":"0","pokemon_id":"10018"}{"order":"","version_group_id":"14","move_id":"496","pokemon_move_method_id":"1","level":"1","pokemon_id":"10018"}{"order":"","version_group_id":"14","move_id":"496","pokemon_move_method_id":"4","level":"0","pokemon_id":"10018"}{"order":"","version_group_id":"14","move_id":"497","pokemon_move_method_id":"1","level":"36","pokemon_id":"10018"}{"order":"","version_group_id":"14","move_id":"497","pokemon_move_method_id":"4","level":"0","pokemon_id":"10018"}{"order":"","version_group_id":"14","move_id":"512","pokemon_move_method_id":"1","level":"26","pokemon_id":"10018"}{"order":"","version_group_id":"14","move_id":"512","pokemon_move_method_id":"4","level":"0","pokemon_id":"10018"}{"order":"","version_group_id":"14","move_id":"514","pokemon_move_method_id":"4","level":"0","pokemon_id":"10018"}{"order":"","version_group_id":"14","move_id":"526","pokemon_move_method_id":"4","level":"0","pokemon_id":"10018"}{"order":"","version_group_id":"14","move_id":"530","pokemon_move_method_id":"3","level":"0","pokemon_id":"10018"}{"order":"","version_group_id":"14","move_id":"547","pokemon_move_method_id":"3","level":"0","pokemon_id":"10018"}