{"order":"","version_group_id":"8","move_id":"14","pokemon_move_method_id":"4","level":"0","pokemon_id":"421"}{"order":"1","version_group_id":"8","move_id":"33","pokemon_move_method_id":"1","level":"1","pokemon_id":"421"}{"order":"","version_group_id":"8","move_id":"36","pokemon_move_method_id":"1","level":"35","pokemon_id":"421"}{"order":"","version_group_id":"8","move_id":"63","pokemon_move_method_id":"4","level":"0","pokemon_id":"421"}{"order":"","version_group_id":"8","move_id":"73","pokemon_move_method_id":"1","level":"10","pokemon_id":"421"}{"order":"2","version_group_id":"8","move_id":"74","pokemon_move_method_id":"1","level":"1","pokemon_id":"421"}{"order":"","version_group_id":"8","move_id":"74","pokemon_move_method_id":"1","level":"7","pokemon_id":"421"}{"order":"","version_group_id":"8","move_id":"76","pokemon_move_method_id":"1","level":"43","pokemon_id":"421"}{"order":"","version_group_id":"8","move_id":"76","pokemon_move_method_id":"4","level":"0","pokemon_id":"421"}{"order":"","version_group_id":"8","move_id":"80","pokemon_move_method_id":"1","level":"25","pokemon_id":"421"}{"order":"","version_group_id":"8","move_id":"92","pokemon_move_method_id":"4","level":"0","pokemon_id":"421"}{"order":"","version_group_id":"8","move_id":"104","pokemon_move_method_id":"4","level":"0","pokemon_id":"421"}{"order":"","version_group_id":"8","move_id":"148","pokemon_move_method_id":"4","level":"0","pokemon_id":"421"}{"order":"","version_group_id":"8","move_id":"156","pokemon_move_method_id":"4","level":"0","pokemon_id":"421"}{"order":"","version_group_id":"8","move_id":"164","pokemon_move_method_id":"4","level":"0","pokemon_id":"421"}{"order":"","version_group_id":"8","move_id":"182","pokemon_move_method_id":"4","level":"0","pokemon_id":"421"}{"order":"","version_group_id":"8","move_id":"202","pokemon_move_method_id":"4","level":"0","pokemon_id":"421"}{"order":"","version_group_id":"8","move_id":"203","pokemon_move_method_id":"4","level":"0","pokemon_id":"421"}{"order":"","version_group_id":"8","move_id":"207","pokemon_move_method_id":"4","level":"0","pokemon_id":"421"}{"order":"","version_group_id":"8","move_id":"213","pokemon_move_method_id":"4","level":"0","pokemon_id":"421"}{"order":"","version_group_id":"8","move_id":"214","pokemon_move_method_id":"4","level":"0","pokemon_id":"421"}{"order":"","version_group_id":"8","move_id":"216","pokemon_move_method_id":"4","level":"0","pokemon_id":"421"}{"order":"","version_group_id":"8","move_id":"218","pokemon_move_method_id":"4","level":"0","pokemon_id":"421"}{"order":"","version_group_id":"8","move_id":"219","pokemon_move_method_id":"4","level":"0","pokemon_id":"421"}{"order":"","version_group_id":"8","move_id":"237","pokemon_move_method_id":"4","level":"0","pokemon_id":"421"}{"order":"","version_group_id":"8","move_id":"241","pokemon_move_method_id":"1","level":"22","pokemon_id":"421"}{"order":"","version_group_id":"8","move_id":"241","pokemon_move_method_id":"4","level":"0","pokemon_id":"421"}{"order":"","version_group_id":"8","move_id":"263","pokemon_move_method_id":"4","level":"0","pokemon_id":"421"}{"order":"","version_group_id":"8","move_id":"270","pokemon_move_method_id":"1","level":"13","pokemon_id":"421"}{"order":"","version_group_id":"8","move_id":"290","pokemon_move_method_id":"4","level":"0","pokemon_id":"421"}{"order":"","version_group_id":"8","move_id":"331","pokemon_move_method_id":"4","level":"0","pokemon_id":"421"}{"order":"","version_group_id":"8","move_id":"345","pokemon_move_method_id":"1","level":"19","pokemon_id":"421"}{"order":"","version_group_id":"8","move_id":"363","pokemon_move_method_id":"4","level":"0","pokemon_id":"421"}{"order":"","version_group_id":"8","move_id":"381","pokemon_move_method_id":"1","level":"48","pokemon_id":"421"}{"order":"","version_group_id":"8","move_id":"388","pokemon_move_method_id":"1","level":"30","pokemon_id":"421"}{"order":"","version_group_id":"8","move_id":"412","pokemon_move_method_id":"4","level":"0","pokemon_id":"421"}{"order":"","version_group_id":"8","move_id":"416","pokemon_move_method_id":"4","level":"0","pokemon_id":"421"}{"order":"","version_group_id":"8","move_id":"445","pokemon_move_method_id":"4","level":"0","pokemon_id":"421"}{"order":"","version_group_id":"8","move_id":"447","pokemon_move_method_id":"4","level":"0","pokemon_id":"421"}{"order":"","version_group_id":"9","move_id":"14","pokemon_move_method_id":"4","level":"0","pokemon_id":"421"}{"order":"1","version_group_id":"9","move_id":"33","pokemon_move_method_id":"1","level":"1","pokemon_id":"421"}{"order":"","version_group_id":"9","move_id":"36","pokemon_move_method_id":"1","level":"35","pokemon_id":"421"}{"order":"","version_group_id":"9","move_id":"63","pokemon_move_method_id":"4","level":"0","pokemon_id":"421"}{"order":"","version_group_id":"9","move_id":"73","pokemon_move_method_id":"1","level":"10","pokemon_id":"421"}{"order":"2","version_group_id":"9","move_id":"74","pokemon_move_method_id":"1","level":"1","pokemon_id":"421"}{"order":"","version_group_id":"9","move_id":"74","pokemon_move_method_id":"1","level":"7","pokemon_id":"421"}{"order":"","version_group_id":"9","move_id":"76","pokemon_move_method_id":"1","level":"43","pokemon_id":"421"}{"order":"","version_group_id":"9","move_id":"76","pokemon_move_method_id":"4","level":"0","pokemon_id":"421"}{"order":"","version_group_id":"9","move_id":"80","pokemon_move_method_id":"1","level":"25","pokemon_id":"421"}{"order":"","version_group_id":"9","move_id":"92","pokemon_move_method_id":"4","level":"0","pokemon_id":"421"}{"order":"","version_group_id":"9","move_id":"104","pokemon_move_method_id":"4","level":"0","pokemon_id":"421"}{"order":"","version_group_id":"9","move_id":"148","pokemon_move_method_id":"4","level":"0","pokemon_id":"421"}{"order":"","version_group_id":"9","move_id":"156","pokemon_move_method_id":"4","level":"0","pokemon_id":"421"}{"order":"","version_group_id":"9","move_id":"164","pokemon_move_method_id":"4","level":"0","pokemon_id":"421"}{"order":"","version_group_id":"9","move_id":"173","pokemon_move_method_id":"3","level":"0","pokemon_id":"421"}{"order":"","version_group_id":"9","move_id":"182","pokemon_move_method_id":"4","level":"0","pokemon_id":"421"}{"order":"","version_group_id":"9","move_id":"202","pokemon_move_method_id":"4","level":"0","pokemon_id":"421"}{"order":"","version_group_id":"9","move_id":"203","pokemon_move_method_id":"4","level":"0","pokemon_id":"421"}{"order":"","version_group_id":"9","move_id":"205","pokemon_move_method_id":"3","level":"0","pokemon_id":"421"}{"order":"","version_group_id":"9","move_id":"207","pokemon_move_method_id":"4","level":"0","pokemon_id":"421"}{"order":"","version_group_id":"9","move_id":"213","pokemon_move_method_id":"4","level":"0","pokemon_id":"421"}{"order":"","version_group_id":"9","move_id":"214","pokemon_move_method_id":"4","level":"0","pokemon_id":"421"}{"order":"","version_group_id":"9","move_id":"216","pokemon_move_method_id":"4","level":"0","pokemon_id":"421"}{"order":"","version_group_id":"9","move_id":"218","pokemon_move_method_id":"4","level":"0","pokemon_id":"421"}{"order":"","version_group_id":"9","move_id":"219","pokemon_move_method_id":"4","level":"0","pokemon_id":"421"}{"order":"","version_group_id":"9","move_id":"235","pokemon_move_method_id":"3","level":"0","pokemon_id":"421"}{"order":"","version_group_id":"9","move_id":"237","pokemon_move_method_id":"4","level":"0","pokemon_id":"421"}{"order":"","version_group_id":"9","move_id":"241","pokemon_move_method_id":"1","level":"22","pokemon_id":"421"}{"order":"","version_group_id":"9","move_id":"241","pokemon_move_method_id":"4","level":"0","pokemon_id":"421"}{"order":"","version_group_id":"9","move_id":"263","pokemon_move_method_id":"4","level":"0","pokemon_id":"421"}{"order":"","version_group_id":"9","move_id":"270","pokemon_move_method_id":"1","level":"13","pokemon_id":"421"}{"order":"","version_group_id":"9","move_id":"270","pokemon_move_method_id":"3","level":"0","pokemon_id":"421"}{"order":"","version_group_id":"9","move_id":"290","pokemon_move_method_id":"4","level":"0","pokemon_id":"421"}{"order":"","version_group_id":"9","move_id":"331","pokemon_move_method_id":"4","level":"0","pokemon_id":"421"}{"order":"","version_group_id":"9","move_id":"345","pokemon_move_method_id":"1","level":"19","pokemon_id":"421"}{"order":"","version_group_id":"9","move_id":"363","pokemon_move_method_id":"4","level":"0","pokemon_id":"421"}{"order":"","version_group_id":"9","move_id":"381","pokemon_move_method_id":"1","level":"48","pokemon_id":"421"}{"order":"","version_group_id":"9","move_id":"388","pokemon_move_method_id":"1","level":"30","pokemon_id":"421"}{"order":"","version_group_id":"9","move_id":"402","pokemon_move_method_id":"3","level":"0","pokemon_id":"421"}{"order":"","version_group_id":"9","move_id":"412","pokemon_move_method_id":"4","level":"0","pokemon_id":"421"}{"order":"","version_group_id":"9","move_id":"416","pokemon_move_method_id":"4","level":"0","pokemon_id":"421"}{"order":"","version_group_id":"9","move_id":"445","pokemon_move_method_id":"4","level":"0","pokemon_id":"421"}{"order":"","version_group_id":"9","move_id":"447","pokemon_move_method_id":"4","level":"0","pokemon_id":"421"}{"order":"","version_group_id":"10","move_id":"14","pokemon_move_method_id":"4","level":"0","pokemon_id":"421"}{"order":"1","version_group_id":"10","move_id":"33","pokemon_move_method_id":"1","level":"1","pokemon_id":"421"}{"order":"","version_group_id":"10","move_id":"36","pokemon_move_method_id":"1","level":"35","pokemon_id":"421"}{"order":"","version_group_id":"10","move_id":"63","pokemon_move_method_id":"4","level":"0","pokemon_id":"421"}{"order":"","version_group_id":"10","move_id":"73","pokemon_move_method_id":"1","level":"10","pokemon_id":"421"}{"order":"2","version_group_id":"10","move_id":"74","pokemon_move_method_id":"1","level":"1","pokemon_id":"421"}{"order":"","version_group_id":"10","move_id":"74","pokemon_move_method_id":"1","level":"7","pokemon_id":"421"}{"order":"","version_group_id":"10","move_id":"76","pokemon_move_method_id":"1","level":"43","pokemon_id":"421"}{"order":"","version_group_id":"10","move_id":"76","pokemon_move_method_id":"4","level":"0","pokemon_id":"421"}{"order":"","version_group_id":"10","move_id":"80","pokemon_move_method_id":"1","level":"25","pokemon_id":"421"}{"order":"","version_group_id":"10","move_id":"92","pokemon_move_method_id":"4","level":"0","pokemon_id":"421"}{"order":"","version_group_id":"10","move_id":"104","pokemon_move_method_id":"4","level":"0","pokemon_id":"421"}{"order":"","version_group_id":"10","move_id":"148","pokemon_move_method_id":"4","level":"0","pokemon_id":"421"}{"order":"","version_group_id":"10","move_id":"156","pokemon_move_method_id":"4","level":"0","pokemon_id":"421"}{"order":"","version_group_id":"10","move_id":"164","pokemon_move_method_id":"4","level":"0","pokemon_id":"421"}{"order":"","version_group_id":"10","move_id":"173","pokemon_move_method_id":"3","level":"0","pokemon_id":"421"}{"order":"","version_group_id":"10","move_id":"182","pokemon_move_method_id":"4","level":"0","pokemon_id":"421"}{"order":"","version_group_id":"10","move_id":"202","pokemon_move_method_id":"4","level":"0","pokemon_id":"421"}{"order":"","version_group_id":"10","move_id":"203","pokemon_move_method_id":"4","level":"0","pokemon_id":"421"}{"order":"","version_group_id":"10","move_id":"205","pokemon_move_method_id":"3","level":"0","pokemon_id":"421"}{"order":"","version_group_id":"10","move_id":"207","pokemon_move_method_id":"4","level":"0","pokemon_id":"421"}{"order":"","version_group_id":"10","move_id":"213","pokemon_move_method_id":"4","level":"0","pokemon_id":"421"}{"order":"","version_group_id":"10","move_id":"214","pokemon_move_method_id":"4","level":"0","pokemon_id":"421"}{"order":"","version_group_id":"10","move_id":"216","pokemon_move_method_id":"4","level":"0","pokemon_id":"421"}{"order":"","version_group_id":"10","move_id":"218","pokemon_move_method_id":"4","level":"0","pokemon_id":"421"}{"order":"","version_group_id":"10","move_id":"219","pokemon_move_method_id":"4","level":"0","pokemon_id":"421"}{"order":"","version_group_id":"10","move_id":"235","pokemon_move_method_id":"3","level":"0","pokemon_id":"421"}{"order":"","version_group_id":"10","move_id":"237","pokemon_move_method_id":"4","level":"0","pokemon_id":"421"}{"order":"","version_group_id":"10","move_id":"241","pokemon_move_method_id":"1","level":"22","pokemon_id":"421"}{"order":"","version_group_id":"10","move_id":"241","pokemon_move_method_id":"4","level":"0","pokemon_id":"421"}{"order":"","version_group_id":"10","move_id":"263","pokemon_move_method_id":"4","level":"0","pokemon_id":"421"}{"order":"","version_group_id":"10","move_id":"270","pokemon_move_method_id":"1","level":"13","pokemon_id":"421"}{"order":"","version_group_id":"10","move_id":"270","pokemon_move_method_id":"3","level":"0","pokemon_id":"421"}{"order":"","version_group_id":"10","move_id":"290","pokemon_move_method_id":"4","level":"0","pokemon_id":"421"}{"order":"","version_group_id":"10","move_id":"331","pokemon_move_method_id":"4","level":"0","pokemon_id":"421"}{"order":"","version_group_id":"10","move_id":"345","pokemon_move_method_id":"1","level":"19","pokemon_id":"421"}{"order":"","version_group_id":"10","move_id":"363","pokemon_move_method_id":"4","level":"0","pokemon_id":"421"}{"order":"","version_group_id":"10","move_id":"381","pokemon_move_method_id":"1","level":"48","pokemon_id":"421"}{"order":"","version_group_id":"10","move_id":"388","pokemon_move_method_id":"1","level":"30","pokemon_id":"421"}{"order":"","version_group_id":"10","move_id":"388","pokemon_move_method_id":"3","level":"0","pokemon_id":"421"}{"order":"","version_group_id":"10","move_id":"402","pokemon_move_method_id":"3","level":"0","pokemon_id":"421"}{"order":"","version_group_id":"10","move_id":"412","pokemon_move_method_id":"4","level":"0","pokemon_id":"421"}{"order":"","version_group_id":"10","move_id":"416","pokemon_move_method_id":"4","level":"0","pokemon_id":"421"}{"order":"","version_group_id":"10","move_id":"445","pokemon_move_method_id":"4","level":"0","pokemon_id":"421"}{"order":"","version_group_id":"10","move_id":"447","pokemon_move_method_id":"4","level":"0","pokemon_id":"421"}{"order":"","version_group_id":"11","move_id":"14","pokemon_move_method_id":"4","level":"0","pokemon_id":"421"}{"order":"2","version_group_id":"11","move_id":"33","pokemon_move_method_id":"1","level":"1","pokemon_id":"421"}{"order":"","version_group_id":"11","move_id":"36","pokemon_move_method_id":"1","level":"35","pokemon_id":"421"}{"order":"","version_group_id":"11","move_id":"63","pokemon_move_method_id":"4","level":"0","pokemon_id":"421"}{"order":"","version_group_id":"11","move_id":"73","pokemon_move_method_id":"1","level":"10","pokemon_id":"421"}{"order":"3","version_group_id":"11","move_id":"74","pokemon_move_method_id":"1","level":"1","pokemon_id":"421"}{"order":"","version_group_id":"11","move_id":"74","pokemon_move_method_id":"1","level":"7","pokemon_id":"421"}{"order":"","version_group_id":"11","move_id":"76","pokemon_move_method_id":"1","level":"43","pokemon_id":"421"}{"order":"","version_group_id":"11","move_id":"76","pokemon_move_method_id":"4","level":"0","pokemon_id":"421"}{"order":"","version_group_id":"11","move_id":"80","pokemon_move_method_id":"1","level":"25","pokemon_id":"421"}{"order":"","version_group_id":"11","move_id":"92","pokemon_move_method_id":"4","level":"0","pokemon_id":"421"}{"order":"","version_group_id":"11","move_id":"104","pokemon_move_method_id":"4","level":"0","pokemon_id":"421"}{"order":"","version_group_id":"11","move_id":"148","pokemon_move_method_id":"4","level":"0","pokemon_id":"421"}{"order":"","version_group_id":"11","move_id":"156","pokemon_move_method_id":"4","level":"0","pokemon_id":"421"}{"order":"","version_group_id":"11","move_id":"164","pokemon_move_method_id":"4","level":"0","pokemon_id":"421"}{"order":"","version_group_id":"11","move_id":"182","pokemon_move_method_id":"4","level":"0","pokemon_id":"421"}{"order":"","version_group_id":"11","move_id":"207","pokemon_move_method_id":"4","level":"0","pokemon_id":"421"}{"order":"","version_group_id":"11","move_id":"213","pokemon_move_method_id":"4","level":"0","pokemon_id":"421"}{"order":"","version_group_id":"11","move_id":"216","pokemon_move_method_id":"4","level":"0","pokemon_id":"421"}{"order":"","version_group_id":"11","move_id":"218","pokemon_move_method_id":"4","level":"0","pokemon_id":"421"}{"order":"","version_group_id":"11","move_id":"219","pokemon_move_method_id":"4","level":"0","pokemon_id":"421"}{"order":"1","version_group_id":"11","move_id":"234","pokemon_move_method_id":"1","level":"1","pokemon_id":"421"}{"order":"","version_group_id":"11","move_id":"237","pokemon_move_method_id":"4","level":"0","pokemon_id":"421"}{"order":"","version_group_id":"11","move_id":"241","pokemon_move_method_id":"1","level":"22","pokemon_id":"421"}{"order":"","version_group_id":"11","move_id":"241","pokemon_move_method_id":"4","level":"0","pokemon_id":"421"}{"order":"","version_group_id":"11","move_id":"263","pokemon_move_method_id":"4","level":"0","pokemon_id":"421"}{"order":"","version_group_id":"11","move_id":"270","pokemon_move_method_id":"1","level":"13","pokemon_id":"421"}{"order":"","version_group_id":"11","move_id":"345","pokemon_move_method_id":"1","level":"19","pokemon_id":"421"}{"order":"","version_group_id":"11","move_id":"381","pokemon_move_method_id":"1","level":"48","pokemon_id":"421"}{"order":"","version_group_id":"11","move_id":"388","pokemon_move_method_id":"1","level":"30","pokemon_id":"421"}{"order":"","version_group_id":"11","move_id":"412","pokemon_move_method_id":"4","level":"0","pokemon_id":"421"}{"order":"","version_group_id":"11","move_id":"416","pokemon_move_method_id":"4","level":"0","pokemon_id":"421"}{"order":"","version_group_id":"11","move_id":"447","pokemon_move_method_id":"4","level":"0","pokemon_id":"421"}{"order":"","version_group_id":"11","move_id":"496","pokemon_move_method_id":"4","level":"0","pokemon_id":"421"}{"order":"","version_group_id":"14","move_id":"14","pokemon_move_method_id":"4","level":"0","pokemon_id":"421"}{"order":"2","version_group_id":"14","move_id":"33","pokemon_move_method_id":"1","level":"1","pokemon_id":"421"}{"order":"","version_group_id":"14","move_id":"36","pokemon_move_method_id":"1","level":"35","pokemon_id":"421"}{"order":"","version_group_id":"14","move_id":"63","pokemon_move_method_id":"4","level":"0","pokemon_id":"421"}{"order":"","version_group_id":"14","move_id":"73","pokemon_move_method_id":"1","level":"10","pokemon_id":"421"}{"order":"3","version_group_id":"14","move_id":"74","pokemon_move_method_id":"1","level":"1","pokemon_id":"421"}{"order":"","version_group_id":"14","move_id":"74","pokemon_move_method_id":"1","level":"7","pokemon_id":"421"}{"order":"","version_group_id":"14","move_id":"76","pokemon_move_method_id":"1","level":"43","pokemon_id":"421"}{"order":"","version_group_id":"14","move_id":"76","pokemon_move_method_id":"4","level":"0","pokemon_id":"421"}{"order":"","version_group_id":"14","move_id":"80","pokemon_move_method_id":"1","level":"25","pokemon_id":"421"}{"order":"","version_group_id":"14","move_id":"92","pokemon_move_method_id":"4","level":"0","pokemon_id":"421"}{"order":"","version_group_id":"14","move_id":"104","pokemon_move_method_id":"4","level":"0","pokemon_id":"421"}{"order":"","version_group_id":"14","move_id":"148","pokemon_move_method_id":"4","level":"0","pokemon_id":"421"}{"order":"","version_group_id":"14","move_id":"156","pokemon_move_method_id":"4","level":"0","pokemon_id":"421"}{"order":"","version_group_id":"14","move_id":"164","pokemon_move_method_id":"4","level":"0","pokemon_id":"421"}{"order":"","version_group_id":"14","move_id":"173","pokemon_move_method_id":"3","level":"0","pokemon_id":"421"}{"order":"","version_group_id":"14","move_id":"182","pokemon_move_method_id":"4","level":"0","pokemon_id":"421"}{"order":"","version_group_id":"14","move_id":"202","pokemon_move_method_id":"3","level":"0","pokemon_id":"421"}{"order":"","version_group_id":"14","move_id":"207","pokemon_move_method_id":"4","level":"0","pokemon_id":"421"}{"order":"","version_group_id":"14","move_id":"213","pokemon_move_method_id":"4","level":"0","pokemon_id":"421"}{"order":"","version_group_id":"14","move_id":"214","pokemon_move_method_id":"3","level":"0","pokemon_id":"421"}{"order":"","version_group_id":"14","move_id":"216","pokemon_move_method_id":"4","level":"0","pokemon_id":"421"}{"order":"","version_group_id":"14","move_id":"218","pokemon_move_method_id":"4","level":"0","pokemon_id":"421"}{"order":"","version_group_id":"14","move_id":"219","pokemon_move_method_id":"4","level":"0","pokemon_id":"421"}{"order":"1","version_group_id":"14","move_id":"234","pokemon_move_method_id":"1","level":"1","pokemon_id":"421"}{"order":"","version_group_id":"14","move_id":"235","pokemon_move_method_id":"3","level":"0","pokemon_id":"421"}{"order":"","version_group_id":"14","move_id":"237","pokemon_move_method_id":"4","level":"0","pokemon_id":"421"}{"order":"","version_group_id":"14","move_id":"241","pokemon_move_method_id":"1","level":"22","pokemon_id":"421"}{"order":"","version_group_id":"14","move_id":"241","pokemon_move_method_id":"4","level":"0","pokemon_id":"421"}{"order":"","version_group_id":"14","move_id":"263","pokemon_move_method_id":"4","level":"0","pokemon_id":"421"}{"order":"","version_group_id":"14","move_id":"270","pokemon_move_method_id":"1","level":"13","pokemon_id":"421"}{"order":"","version_group_id":"14","move_id":"270","pokemon_move_method_id":"3","level":"0","pokemon_id":"421"}{"order":"","version_group_id":"14","move_id":"345","pokemon_move_method_id":"1","level":"19","pokemon_id":"421"}{"order":"","version_group_id":"14","move_id":"381","pokemon_move_method_id":"1","level":"48","pokemon_id":"421"}{"order":"","version_group_id":"14","move_id":"388","pokemon_move_method_id":"1","level":"30","pokemon_id":"421"}{"order":"","version_group_id":"14","move_id":"388","pokemon_move_method_id":"3","level":"0","pokemon_id":"421"}{"order":"","version_group_id":"14","move_id":"402","pokemon_move_method_id":"3","level":"0","pokemon_id":"421"}{"order":"","version_group_id":"14","move_id":"412","pokemon_move_method_id":"4","level":"0","pokemon_id":"421"}{"order":"","version_group_id":"14","move_id":"416","pokemon_move_method_id":"4","level":"0","pokemon_id":"421"}{"order":"","version_group_id":"14","move_id":"447","pokemon_move_method_id":"4","level":"0","pokemon_id":"421"}{"order":"","version_group_id":"14","move_id":"496","pokemon_move_method_id":"4","level":"0","pokemon_id":"421"}