{"order":"","version_group_id":"3","move_id":"17","pokemon_move_method_id":"1","level":"30","pokemon_id":"169"}{"order":"","version_group_id":"3","move_id":"19","pokemon_move_method_id":"4","level":"0","pokemon_id":"169"}{"order":"","version_group_id":"3","move_id":"44","pokemon_move_method_id":"1","level":"12","pokemon_id":"169"}{"order":"3","version_group_id":"3","move_id":"48","pokemon_move_method_id":"1","level":"1","pokemon_id":"169"}{"order":"","version_group_id":"3","move_id":"48","pokemon_move_method_id":"1","level":"6","pokemon_id":"169"}{"order":"","version_group_id":"3","move_id":"63","pokemon_move_method_id":"4","level":"0","pokemon_id":"169"}{"order":"","version_group_id":"3","move_id":"92","pokemon_move_method_id":"4","level":"0","pokemon_id":"169"}{"order":"1","version_group_id":"3","move_id":"103","pokemon_move_method_id":"1","level":"1","pokemon_id":"169"}{"order":"","version_group_id":"3","move_id":"104","pokemon_move_method_id":"4","level":"0","pokemon_id":"169"}{"order":"","version_group_id":"3","move_id":"109","pokemon_move_method_id":"1","level":"19","pokemon_id":"169"}{"order":"","version_group_id":"3","move_id":"114","pokemon_move_method_id":"1","level":"55","pokemon_id":"169"}{"order":"","version_group_id":"3","move_id":"129","pokemon_move_method_id":"4","level":"0","pokemon_id":"169"}{"order":"2","version_group_id":"3","move_id":"141","pokemon_move_method_id":"1","level":"1","pokemon_id":"169"}{"order":"","version_group_id":"3","move_id":"156","pokemon_move_method_id":"4","level":"0","pokemon_id":"169"}{"order":"","version_group_id":"3","move_id":"168","pokemon_move_method_id":"4","level":"0","pokemon_id":"169"}{"order":"","version_group_id":"3","move_id":"173","pokemon_move_method_id":"4","level":"0","pokemon_id":"169"}{"order":"","version_group_id":"3","move_id":"174","pokemon_move_method_id":"4","level":"0","pokemon_id":"169"}{"order":"","version_group_id":"3","move_id":"182","pokemon_move_method_id":"4","level":"0","pokemon_id":"169"}{"order":"","version_group_id":"3","move_id":"197","pokemon_move_method_id":"4","level":"0","pokemon_id":"169"}{"order":"","version_group_id":"3","move_id":"202","pokemon_move_method_id":"4","level":"0","pokemon_id":"169"}{"order":"","version_group_id":"3","move_id":"203","pokemon_move_method_id":"4","level":"0","pokemon_id":"169"}{"order":"","version_group_id":"3","move_id":"207","pokemon_move_method_id":"4","level":"0","pokemon_id":"169"}{"order":"","version_group_id":"3","move_id":"211","pokemon_move_method_id":"4","level":"0","pokemon_id":"169"}{"order":"","version_group_id":"3","move_id":"212","pokemon_move_method_id":"1","level":"42","pokemon_id":"169"}{"order":"","version_group_id":"3","move_id":"213","pokemon_move_method_id":"4","level":"0","pokemon_id":"169"}{"order":"","version_group_id":"3","move_id":"214","pokemon_move_method_id":"4","level":"0","pokemon_id":"169"}{"order":"","version_group_id":"3","move_id":"216","pokemon_move_method_id":"4","level":"0","pokemon_id":"169"}{"order":"","version_group_id":"3","move_id":"218","pokemon_move_method_id":"4","level":"0","pokemon_id":"169"}{"order":"","version_group_id":"3","move_id":"237","pokemon_move_method_id":"4","level":"0","pokemon_id":"169"}{"order":"","version_group_id":"3","move_id":"241","pokemon_move_method_id":"4","level":"0","pokemon_id":"169"}{"order":"","version_group_id":"4","move_id":"17","pokemon_move_method_id":"1","level":"30","pokemon_id":"169"}{"order":"","version_group_id":"4","move_id":"19","pokemon_move_method_id":"4","level":"0","pokemon_id":"169"}{"order":"","version_group_id":"4","move_id":"44","pokemon_move_method_id":"1","level":"12","pokemon_id":"169"}{"order":"3","version_group_id":"4","move_id":"48","pokemon_move_method_id":"1","level":"1","pokemon_id":"169"}{"order":"","version_group_id":"4","move_id":"48","pokemon_move_method_id":"1","level":"6","pokemon_id":"169"}{"order":"","version_group_id":"4","move_id":"63","pokemon_move_method_id":"4","level":"0","pokemon_id":"169"}{"order":"","version_group_id":"4","move_id":"92","pokemon_move_method_id":"4","level":"0","pokemon_id":"169"}{"order":"1","version_group_id":"4","move_id":"103","pokemon_move_method_id":"1","level":"1","pokemon_id":"169"}{"order":"","version_group_id":"4","move_id":"104","pokemon_move_method_id":"4","level":"0","pokemon_id":"169"}{"order":"","version_group_id":"4","move_id":"109","pokemon_move_method_id":"1","level":"19","pokemon_id":"169"}{"order":"","version_group_id":"4","move_id":"114","pokemon_move_method_id":"1","level":"55","pokemon_id":"169"}{"order":"","version_group_id":"4","move_id":"129","pokemon_move_method_id":"4","level":"0","pokemon_id":"169"}{"order":"2","version_group_id":"4","move_id":"141","pokemon_move_method_id":"1","level":"1","pokemon_id":"169"}{"order":"","version_group_id":"4","move_id":"156","pokemon_move_method_id":"4","level":"0","pokemon_id":"169"}{"order":"","version_group_id":"4","move_id":"168","pokemon_move_method_id":"4","level":"0","pokemon_id":"169"}{"order":"","version_group_id":"4","move_id":"173","pokemon_move_method_id":"4","level":"0","pokemon_id":"169"}{"order":"","version_group_id":"4","move_id":"174","pokemon_move_method_id":"4","level":"0","pokemon_id":"169"}{"order":"","version_group_id":"4","move_id":"182","pokemon_move_method_id":"4","level":"0","pokemon_id":"169"}{"order":"","version_group_id":"4","move_id":"197","pokemon_move_method_id":"4","level":"0","pokemon_id":"169"}{"order":"","version_group_id":"4","move_id":"202","pokemon_move_method_id":"4","level":"0","pokemon_id":"169"}{"order":"","version_group_id":"4","move_id":"203","pokemon_move_method_id":"4","level":"0","pokemon_id":"169"}{"order":"","version_group_id":"4","move_id":"207","pokemon_move_method_id":"4","level":"0","pokemon_id":"169"}{"order":"","version_group_id":"4","move_id":"211","pokemon_move_method_id":"4","level":"0","pokemon_id":"169"}{"order":"","version_group_id":"4","move_id":"212","pokemon_move_method_id":"1","level":"42","pokemon_id":"169"}{"order":"","version_group_id":"4","move_id":"213","pokemon_move_method_id":"4","level":"0","pokemon_id":"169"}{"order":"","version_group_id":"4","move_id":"214","pokemon_move_method_id":"4","level":"0","pokemon_id":"169"}{"order":"","version_group_id":"4","move_id":"216","pokemon_move_method_id":"4","level":"0","pokemon_id":"169"}{"order":"","version_group_id":"4","move_id":"218","pokemon_move_method_id":"4","level":"0","pokemon_id":"169"}{"order":"","version_group_id":"4","move_id":"237","pokemon_move_method_id":"4","level":"0","pokemon_id":"169"}{"order":"","version_group_id":"4","move_id":"241","pokemon_move_method_id":"4","level":"0","pokemon_id":"169"}{"order":"","version_group_id":"5","move_id":"17","pokemon_move_method_id":"1","level":"21","pokemon_id":"169"}{"order":"","version_group_id":"5","move_id":"19","pokemon_move_method_id":"4","level":"0","pokemon_id":"169"}{"order":"","version_group_id":"5","move_id":"44","pokemon_move_method_id":"1","level":"16","pokemon_id":"169"}{"order":"3","version_group_id":"5","move_id":"48","pokemon_move_method_id":"1","level":"1","pokemon_id":"169"}{"order":"","version_group_id":"5","move_id":"48","pokemon_move_method_id":"1","level":"6","pokemon_id":"169"}{"order":"","version_group_id":"5","move_id":"63","pokemon_move_method_id":"4","level":"0","pokemon_id":"169"}{"order":"","version_group_id":"5","move_id":"92","pokemon_move_method_id":"4","level":"0","pokemon_id":"169"}{"order":"1","version_group_id":"5","move_id":"103","pokemon_move_method_id":"1","level":"1","pokemon_id":"169"}{"order":"","version_group_id":"5","move_id":"104","pokemon_move_method_id":"4","level":"0","pokemon_id":"169"}{"order":"","version_group_id":"5","move_id":"109","pokemon_move_method_id":"1","level":"28","pokemon_id":"169"}{"order":"","version_group_id":"5","move_id":"114","pokemon_move_method_id":"1","level":"56","pokemon_id":"169"}{"order":"2","version_group_id":"5","move_id":"141","pokemon_move_method_id":"1","level":"1","pokemon_id":"169"}{"order":"","version_group_id":"5","move_id":"156","pokemon_move_method_id":"4","level":"0","pokemon_id":"169"}{"order":"","version_group_id":"5","move_id":"168","pokemon_move_method_id":"4","level":"0","pokemon_id":"169"}{"order":"","version_group_id":"5","move_id":"182","pokemon_move_method_id":"4","level":"0","pokemon_id":"169"}{"order":"","version_group_id":"5","move_id":"188","pokemon_move_method_id":"4","level":"0","pokemon_id":"169"}{"order":"","version_group_id":"5","move_id":"202","pokemon_move_method_id":"4","level":"0","pokemon_id":"169"}{"order":"","version_group_id":"5","move_id":"211","pokemon_move_method_id":"4","level":"0","pokemon_id":"169"}{"order":"","version_group_id":"5","move_id":"212","pokemon_move_method_id":"1","level":"42","pokemon_id":"169"}{"order":"","version_group_id":"5","move_id":"213","pokemon_move_method_id":"4","level":"0","pokemon_id":"169"}{"order":"","version_group_id":"5","move_id":"216","pokemon_move_method_id":"4","level":"0","pokemon_id":"169"}{"order":"","version_group_id":"5","move_id":"218","pokemon_move_method_id":"4","level":"0","pokemon_id":"169"}{"order":"","version_group_id":"5","move_id":"237","pokemon_move_method_id":"4","level":"0","pokemon_id":"169"}{"order":"","version_group_id":"5","move_id":"240","pokemon_move_method_id":"4","level":"0","pokemon_id":"169"}{"order":"","version_group_id":"5","move_id":"241","pokemon_move_method_id":"4","level":"0","pokemon_id":"169"}{"order":"","version_group_id":"5","move_id":"247","pokemon_move_method_id":"4","level":"0","pokemon_id":"169"}{"order":"","version_group_id":"5","move_id":"259","pokemon_move_method_id":"4","level":"0","pokemon_id":"169"}{"order":"","version_group_id":"5","move_id":"263","pokemon_move_method_id":"4","level":"0","pokemon_id":"169"}{"order":"","version_group_id":"5","move_id":"269","pokemon_move_method_id":"4","level":"0","pokemon_id":"169"}{"order":"","version_group_id":"5","move_id":"289","pokemon_move_method_id":"4","level":"0","pokemon_id":"169"}{"order":"","version_group_id":"5","move_id":"290","pokemon_move_method_id":"4","level":"0","pokemon_id":"169"}{"order":"","version_group_id":"5","move_id":"305","pokemon_move_method_id":"1","level":"49","pokemon_id":"169"}{"order":"4","version_group_id":"5","move_id":"310","pokemon_move_method_id":"1","level":"1","pokemon_id":"169"}{"order":"","version_group_id":"5","move_id":"310","pokemon_move_method_id":"1","level":"11","pokemon_id":"169"}{"order":"","version_group_id":"5","move_id":"314","pokemon_move_method_id":"1","level":"35","pokemon_id":"169"}{"order":"","version_group_id":"5","move_id":"332","pokemon_move_method_id":"4","level":"0","pokemon_id":"169"}{"order":"","version_group_id":"6","move_id":"17","pokemon_move_method_id":"1","level":"21","pokemon_id":"169"}{"order":"","version_group_id":"6","move_id":"19","pokemon_move_method_id":"4","level":"0","pokemon_id":"169"}{"order":"","version_group_id":"6","move_id":"38","pokemon_move_method_id":"3","level":"0","pokemon_id":"169"}{"order":"","version_group_id":"6","move_id":"44","pokemon_move_method_id":"1","level":"16","pokemon_id":"169"}{"order":"3","version_group_id":"6","move_id":"48","pokemon_move_method_id":"1","level":"1","pokemon_id":"169"}{"order":"","version_group_id":"6","move_id":"48","pokemon_move_method_id":"1","level":"6","pokemon_id":"169"}{"order":"","version_group_id":"6","move_id":"63","pokemon_move_method_id":"4","level":"0","pokemon_id":"169"}{"order":"","version_group_id":"6","move_id":"92","pokemon_move_method_id":"4","level":"0","pokemon_id":"169"}{"order":"","version_group_id":"6","move_id":"102","pokemon_move_method_id":"3","level":"0","pokemon_id":"169"}{"order":"1","version_group_id":"6","move_id":"103","pokemon_move_method_id":"1","level":"1","pokemon_id":"169"}{"order":"","version_group_id":"6","move_id":"104","pokemon_move_method_id":"4","level":"0","pokemon_id":"169"}{"order":"","version_group_id":"6","move_id":"109","pokemon_move_method_id":"1","level":"28","pokemon_id":"169"}{"order":"","version_group_id":"6","move_id":"114","pokemon_move_method_id":"1","level":"56","pokemon_id":"169"}{"order":"","version_group_id":"6","move_id":"129","pokemon_move_method_id":"3","level":"0","pokemon_id":"169"}{"order":"2","version_group_id":"6","move_id":"141","pokemon_move_method_id":"1","level":"1","pokemon_id":"169"}{"order":"","version_group_id":"6","move_id":"156","pokemon_move_method_id":"4","level":"0","pokemon_id":"169"}{"order":"","version_group_id":"6","move_id":"164","pokemon_move_method_id":"3","level":"0","pokemon_id":"169"}{"order":"","version_group_id":"6","move_id":"168","pokemon_move_method_id":"4","level":"0","pokemon_id":"169"}{"order":"","version_group_id":"6","move_id":"173","pokemon_move_method_id":"3","level":"0","pokemon_id":"169"}{"order":"","version_group_id":"6","move_id":"182","pokemon_move_method_id":"4","level":"0","pokemon_id":"169"}{"order":"","version_group_id":"6","move_id":"188","pokemon_move_method_id":"4","level":"0","pokemon_id":"169"}{"order":"","version_group_id":"6","move_id":"202","pokemon_move_method_id":"4","level":"0","pokemon_id":"169"}{"order":"","version_group_id":"6","move_id":"203","pokemon_move_method_id":"3","level":"0","pokemon_id":"169"}{"order":"","version_group_id":"6","move_id":"207","pokemon_move_method_id":"3","level":"0","pokemon_id":"169"}{"order":"","version_group_id":"6","move_id":"211","pokemon_move_method_id":"4","level":"0","pokemon_id":"169"}{"order":"","version_group_id":"6","move_id":"212","pokemon_move_method_id":"1","level":"42","pokemon_id":"169"}{"order":"","version_group_id":"6","move_id":"213","pokemon_move_method_id":"4","level":"0","pokemon_id":"169"}{"order":"","version_group_id":"6","move_id":"214","pokemon_move_method_id":"3","level":"0","pokemon_id":"169"}{"order":"","version_group_id":"6","move_id":"216","pokemon_move_method_id":"4","level":"0","pokemon_id":"169"}{"order":"","version_group_id":"6","move_id":"218","pokemon_move_method_id":"4","level":"0","pokemon_id":"169"}{"order":"","version_group_id":"6","move_id":"237","pokemon_move_method_id":"4","level":"0","pokemon_id":"169"}{"order":"","version_group_id":"6","move_id":"240","pokemon_move_method_id":"4","level":"0","pokemon_id":"169"}{"order":"","version_group_id":"6","move_id":"241","pokemon_move_method_id":"4","level":"0","pokemon_id":"169"}{"order":"","version_group_id":"6","move_id":"247","pokemon_move_method_id":"4","level":"0","pokemon_id":"169"}{"order":"","version_group_id":"6","move_id":"259","pokemon_move_method_id":"4","level":"0","pokemon_id":"169"}{"order":"","version_group_id":"6","move_id":"263","pokemon_move_method_id":"4","level":"0","pokemon_id":"169"}{"order":"","version_group_id":"6","move_id":"269","pokemon_move_method_id":"4","level":"0","pokemon_id":"169"}{"order":"","version_group_id":"6","move_id":"289","pokemon_move_method_id":"4","level":"0","pokemon_id":"169"}{"order":"","version_group_id":"6","move_id":"290","pokemon_move_method_id":"4","level":"0","pokemon_id":"169"}{"order":"","version_group_id":"6","move_id":"305","pokemon_move_method_id":"1","level":"49","pokemon_id":"169"}{"order":"4","version_group_id":"6","move_id":"310","pokemon_move_method_id":"1","level":"1","pokemon_id":"169"}{"order":"","version_group_id":"6","move_id":"310","pokemon_move_method_id":"1","level":"11","pokemon_id":"169"}{"order":"","version_group_id":"6","move_id":"314","pokemon_move_method_id":"1","level":"35","pokemon_id":"169"}{"order":"","version_group_id":"6","move_id":"332","pokemon_move_method_id":"4","level":"0","pokemon_id":"169"}{"order":"","version_group_id":"7","move_id":"17","pokemon_move_method_id":"1","level":"21","pokemon_id":"169"}{"order":"","version_group_id":"7","move_id":"19","pokemon_move_method_id":"4","level":"0","pokemon_id":"169"}{"order":"","version_group_id":"7","move_id":"38","pokemon_move_method_id":"3","level":"0","pokemon_id":"169"}{"order":"","version_group_id":"7","move_id":"44","pokemon_move_method_id":"1","level":"16","pokemon_id":"169"}{"order":"4","version_group_id":"7","move_id":"48","pokemon_move_method_id":"1","level":"1","pokemon_id":"169"}{"order":"","version_group_id":"7","move_id":"48","pokemon_move_method_id":"1","level":"11","pokemon_id":"169"}{"order":"","version_group_id":"7","move_id":"63","pokemon_move_method_id":"4","level":"0","pokemon_id":"169"}{"order":"","version_group_id":"7","move_id":"92","pokemon_move_method_id":"4","level":"0","pokemon_id":"169"}{"order":"","version_group_id":"7","move_id":"102","pokemon_move_method_id":"3","level":"0","pokemon_id":"169"}{"order":"1","version_group_id":"7","move_id":"103","pokemon_move_method_id":"1","level":"1","pokemon_id":"169"}{"order":"","version_group_id":"7","move_id":"104","pokemon_move_method_id":"4","level":"0","pokemon_id":"169"}{"order":"","version_group_id":"7","move_id":"109","pokemon_move_method_id":"1","level":"28","pokemon_id":"169"}{"order":"","version_group_id":"7","move_id":"114","pokemon_move_method_id":"1","level":"56","pokemon_id":"169"}{"order":"2","version_group_id":"7","move_id":"141","pokemon_move_method_id":"1","level":"1","pokemon_id":"169"}{"order":"","version_group_id":"7","move_id":"156","pokemon_move_method_id":"4","level":"0","pokemon_id":"169"}{"order":"","version_group_id":"7","move_id":"164","pokemon_move_method_id":"3","level":"0","pokemon_id":"169"}{"order":"","version_group_id":"7","move_id":"168","pokemon_move_method_id":"4","level":"0","pokemon_id":"169"}{"order":"","version_group_id":"7","move_id":"182","pokemon_move_method_id":"4","level":"0","pokemon_id":"169"}{"order":"","version_group_id":"7","move_id":"188","pokemon_move_method_id":"4","level":"0","pokemon_id":"169"}{"order":"","version_group_id":"7","move_id":"202","pokemon_move_method_id":"4","level":"0","pokemon_id":"169"}{"order":"","version_group_id":"7","move_id":"211","pokemon_move_method_id":"4","level":"0","pokemon_id":"169"}{"order":"","version_group_id":"7","move_id":"212","pokemon_move_method_id":"1","level":"42","pokemon_id":"169"}{"order":"","version_group_id":"7","move_id":"213","pokemon_move_method_id":"4","level":"0","pokemon_id":"169"}{"order":"","version_group_id":"7","move_id":"216","pokemon_move_method_id":"4","level":"0","pokemon_id":"169"}{"order":"","version_group_id":"7","move_id":"218","pokemon_move_method_id":"4","level":"0","pokemon_id":"169"}{"order":"","version_group_id":"7","move_id":"237","pokemon_move_method_id":"4","level":"0","pokemon_id":"169"}{"order":"","version_group_id":"7","move_id":"240","pokemon_move_method_id":"4","level":"0","pokemon_id":"169"}{"order":"","version_group_id":"7","move_id":"241","pokemon_move_method_id":"4","level":"0","pokemon_id":"169"}{"order":"","version_group_id":"7","move_id":"247","pokemon_move_method_id":"4","level":"0","pokemon_id":"169"}{"order":"","version_group_id":"7","move_id":"259","pokemon_move_method_id":"4","level":"0","pokemon_id":"169"}{"order":"","version_group_id":"7","move_id":"263","pokemon_move_method_id":"4","level":"0","pokemon_id":"169"}{"order":"","version_group_id":"7","move_id":"269","pokemon_move_method_id":"4","level":"0","pokemon_id":"169"}{"order":"","version_group_id":"7","move_id":"289","pokemon_move_method_id":"4","level":"0","pokemon_id":"169"}{"order":"","version_group_id":"7","move_id":"290","pokemon_move_method_id":"4","level":"0","pokemon_id":"169"}{"order":"","version_group_id":"7","move_id":"305","pokemon_move_method_id":"1","level":"49","pokemon_id":"169"}{"order":"3","version_group_id":"7","move_id":"310","pokemon_move_method_id":"1","level":"1","pokemon_id":"169"}{"order":"","version_group_id":"7","move_id":"310","pokemon_move_method_id":"1","level":"6","pokemon_id":"169"}{"order":"","version_group_id":"7","move_id":"314","pokemon_move_method_id":"1","level":"35","pokemon_id":"169"}{"order":"","version_group_id":"7","move_id":"332","pokemon_move_method_id":"4","level":"0","pokemon_id":"169"}{"order":"","version_group_id":"8","move_id":"17","pokemon_move_method_id":"1","level":"17","pokemon_id":"169"}{"order":"","version_group_id":"8","move_id":"19","pokemon_move_method_id":"4","level":"0","pokemon_id":"169"}{"order":"","version_group_id":"8","move_id":"44","pokemon_move_method_id":"1","level":"13","pokemon_id":"169"}{"order":"4","version_group_id":"8","move_id":"48","pokemon_move_method_id":"1","level":"1","pokemon_id":"169"}{"order":"","version_group_id":"8","move_id":"48","pokemon_move_method_id":"1","level":"5","pokemon_id":"169"}{"order":"","version_group_id":"8","move_id":"63","pokemon_move_method_id":"4","level":"0","pokemon_id":"169"}{"order":"","version_group_id":"8","move_id":"92","pokemon_move_method_id":"4","level":"0","pokemon_id":"169"}{"order":"2","version_group_id":"8","move_id":"103","pokemon_move_method_id":"1","level":"1","pokemon_id":"169"}{"order":"","version_group_id":"8","move_id":"104","pokemon_move_method_id":"4","level":"0","pokemon_id":"169"}{"order":"","version_group_id":"8","move_id":"109","pokemon_move_method_id":"1","level":"21","pokemon_id":"169"}{"order":"","version_group_id":"8","move_id":"114","pokemon_move_method_id":"1","level":"45","pokemon_id":"169"}{"order":"3","version_group_id":"8","move_id":"141","pokemon_move_method_id":"1","level":"1","pokemon_id":"169"}{"order":"","version_group_id":"8","move_id":"156","pokemon_move_method_id":"4","level":"0","pokemon_id":"169"}{"order":"","version_group_id":"8","move_id":"164","pokemon_move_method_id":"4","level":"0","pokemon_id":"169"}{"order":"","version_group_id":"8","move_id":"168","pokemon_move_method_id":"4","level":"0","pokemon_id":"169"}{"order":"","version_group_id":"8","move_id":"182","pokemon_move_method_id":"4","level":"0","pokemon_id":"169"}{"order":"","version_group_id":"8","move_id":"188","pokemon_move_method_id":"4","level":"0","pokemon_id":"169"}{"order":"","version_group_id":"8","move_id":"202","pokemon_move_method_id":"4","level":"0","pokemon_id":"169"}{"order":"","version_group_id":"8","move_id":"203","pokemon_move_method_id":"4","level":"0","pokemon_id":"169"}{"order":"","version_group_id":"8","move_id":"207","pokemon_move_method_id":"4","level":"0","pokemon_id":"169"}{"order":"","version_group_id":"8","move_id":"211","pokemon_move_method_id":"4","level":"0","pokemon_id":"169"}{"order":"","version_group_id":"8","move_id":"212","pokemon_move_method_id":"1","level":"33","pokemon_id":"169"}{"order":"","version_group_id":"8","move_id":"213","pokemon_move_method_id":"4","level":"0","pokemon_id":"169"}{"order":"","version_group_id":"8","move_id":"214","pokemon_move_method_id":"4","level":"0","pokemon_id":"169"}{"order":"","version_group_id":"8","move_id":"216","pokemon_move_method_id":"4","level":"0","pokemon_id":"169"}{"order":"","version_group_id":"8","move_id":"218","pokemon_move_method_id":"4","level":"0","pokemon_id":"169"}{"order":"","version_group_id":"8","move_id":"237","pokemon_move_method_id":"4","level":"0","pokemon_id":"169"}{"order":"","version_group_id":"8","move_id":"240","pokemon_move_method_id":"4","level":"0","pokemon_id":"169"}{"order":"","version_group_id":"8","move_id":"241","pokemon_move_method_id":"4","level":"0","pokemon_id":"169"}{"order":"","version_group_id":"8","move_id":"247","pokemon_move_method_id":"4","level":"0","pokemon_id":"169"}{"order":"","version_group_id":"8","move_id":"259","pokemon_move_method_id":"4","level":"0","pokemon_id":"169"}{"order":"","version_group_id":"8","move_id":"263","pokemon_move_method_id":"4","level":"0","pokemon_id":"169"}{"order":"","version_group_id":"8","move_id":"269","pokemon_move_method_id":"4","level":"0","pokemon_id":"169"}{"order":"","version_group_id":"8","move_id":"289","pokemon_move_method_id":"4","level":"0","pokemon_id":"169"}{"order":"","version_group_id":"8","move_id":"290","pokemon_move_method_id":"4","level":"0","pokemon_id":"169"}{"order":"","version_group_id":"8","move_id":"305","pokemon_move_method_id":"1","level":"39","pokemon_id":"169"}{"order":"5","version_group_id":"8","move_id":"310","pokemon_move_method_id":"1","level":"1","pokemon_id":"169"}{"order":"","version_group_id":"8","move_id":"310","pokemon_move_method_id":"1","level":"9","pokemon_id":"169"}{"order":"","version_group_id":"8","move_id":"314","pokemon_move_method_id":"1","level":"27","pokemon_id":"169"}{"order":"","version_group_id":"8","move_id":"332","pokemon_move_method_id":"4","level":"0","pokemon_id":"169"}{"order":"","version_group_id":"8","move_id":"355","pokemon_move_method_id":"4","level":"0","pokemon_id":"169"}{"order":"","version_group_id":"8","move_id":"363","pokemon_move_method_id":"4","level":"0","pokemon_id":"169"}{"order":"","version_group_id":"8","move_id":"365","pokemon_move_method_id":"4","level":"0","pokemon_id":"169"}{"order":"","version_group_id":"8","move_id":"369","pokemon_move_method_id":"4","level":"0","pokemon_id":"169"}{"order":"","version_group_id":"8","move_id":"371","pokemon_move_method_id":"4","level":"0","pokemon_id":"169"}{"order":"","version_group_id":"8","move_id":"399","pokemon_move_method_id":"4","level":"0","pokemon_id":"169"}{"order":"","version_group_id":"8","move_id":"403","pokemon_move_method_id":"1","level":"51","pokemon_id":"169"}{"order":"","version_group_id":"8","move_id":"404","pokemon_move_method_id":"4","level":"0","pokemon_id":"169"}{"order":"","version_group_id":"8","move_id":"416","pokemon_move_method_id":"4","level":"0","pokemon_id":"169"}{"order":"","version_group_id":"8","move_id":"432","pokemon_move_method_id":"4","level":"0","pokemon_id":"169"}{"order":"1","version_group_id":"8","move_id":"440","pokemon_move_method_id":"1","level":"1","pokemon_id":"169"}{"order":"","version_group_id":"8","move_id":"445","pokemon_move_method_id":"4","level":"0","pokemon_id":"169"}{"order":"","version_group_id":"9","move_id":"17","pokemon_move_method_id":"1","level":"17","pokemon_id":"169"}{"order":"","version_group_id":"9","move_id":"19","pokemon_move_method_id":"4","level":"0","pokemon_id":"169"}{"order":"","version_group_id":"9","move_id":"44","pokemon_move_method_id":"1","level":"13","pokemon_id":"169"}{"order":"4","version_group_id":"9","move_id":"48","pokemon_move_method_id":"1","level":"1","pokemon_id":"169"}{"order":"","version_group_id":"9","move_id":"48","pokemon_move_method_id":"1","level":"5","pokemon_id":"169"}{"order":"","version_group_id":"9","move_id":"63","pokemon_move_method_id":"4","level":"0","pokemon_id":"169"}{"order":"","version_group_id":"9","move_id":"92","pokemon_move_method_id":"4","level":"0","pokemon_id":"169"}{"order":"2","version_group_id":"9","move_id":"103","pokemon_move_method_id":"1","level":"1","pokemon_id":"169"}{"order":"","version_group_id":"9","move_id":"104","pokemon_move_method_id":"4","level":"0","pokemon_id":"169"}{"order":"","version_group_id":"9","move_id":"109","pokemon_move_method_id":"1","level":"21","pokemon_id":"169"}{"order":"","version_group_id":"9","move_id":"114","pokemon_move_method_id":"1","level":"45","pokemon_id":"169"}{"order":"","version_group_id":"9","move_id":"129","pokemon_move_method_id":"3","level":"0","pokemon_id":"169"}{"order":"3","version_group_id":"9","move_id":"141","pokemon_move_method_id":"1","level":"1","pokemon_id":"169"}{"order":"","version_group_id":"9","move_id":"156","pokemon_move_method_id":"4","level":"0","pokemon_id":"169"}{"order":"","version_group_id":"9","move_id":"164","pokemon_move_method_id":"4","level":"0","pokemon_id":"169"}{"order":"","version_group_id":"9","move_id":"168","pokemon_move_method_id":"4","level":"0","pokemon_id":"169"}{"order":"","version_group_id":"9","move_id":"173","pokemon_move_method_id":"3","level":"0","pokemon_id":"169"}{"order":"","version_group_id":"9","move_id":"182","pokemon_move_method_id":"4","level":"0","pokemon_id":"169"}{"order":"","version_group_id":"9","move_id":"188","pokemon_move_method_id":"4","level":"0","pokemon_id":"169"}{"order":"","version_group_id":"9","move_id":"202","pokemon_move_method_id":"4","level":"0","pokemon_id":"169"}{"order":"","version_group_id":"9","move_id":"203","pokemon_move_method_id":"4","level":"0","pokemon_id":"169"}{"order":"","version_group_id":"9","move_id":"207","pokemon_move_method_id":"4","level":"0","pokemon_id":"169"}{"order":"","version_group_id":"9","move_id":"211","pokemon_move_method_id":"4","level":"0","pokemon_id":"169"}{"order":"","version_group_id":"9","move_id":"212","pokemon_move_method_id":"1","level":"33","pokemon_id":"169"}{"order":"","version_group_id":"9","move_id":"213","pokemon_move_method_id":"4","level":"0","pokemon_id":"169"}{"order":"","version_group_id":"9","move_id":"214","pokemon_move_method_id":"4","level":"0","pokemon_id":"169"}{"order":"","version_group_id":"9","move_id":"216","pokemon_move_method_id":"4","level":"0","pokemon_id":"169"}{"order":"","version_group_id":"9","move_id":"218","pokemon_move_method_id":"4","level":"0","pokemon_id":"169"}{"order":"","version_group_id":"9","move_id":"237","pokemon_move_method_id":"4","level":"0","pokemon_id":"169"}{"order":"","version_group_id":"9","move_id":"239","pokemon_move_method_id":"3","level":"0","pokemon_id":"169"}{"order":"","version_group_id":"9","move_id":"240","pokemon_move_method_id":"4","level":"0","pokemon_id":"169"}{"order":"","version_group_id":"9","move_id":"241","pokemon_move_method_id":"4","level":"0","pokemon_id":"169"}{"order":"","version_group_id":"9","move_id":"247","pokemon_move_method_id":"4","level":"0","pokemon_id":"169"}{"order":"","version_group_id":"9","move_id":"253","pokemon_move_method_id":"3","level":"0","pokemon_id":"169"}{"order":"","version_group_id":"9","move_id":"257","pokemon_move_method_id":"3","level":"0","pokemon_id":"169"}{"order":"","version_group_id":"9","move_id":"259","pokemon_move_method_id":"4","level":"0","pokemon_id":"169"}{"order":"","version_group_id":"9","move_id":"263","pokemon_move_method_id":"4","level":"0","pokemon_id":"169"}{"order":"","version_group_id":"9","move_id":"269","pokemon_move_method_id":"4","level":"0","pokemon_id":"169"}{"order":"","version_group_id":"9","move_id":"289","pokemon_move_method_id":"4","level":"0","pokemon_id":"169"}{"order":"","version_group_id":"9","move_id":"290","pokemon_move_method_id":"4","level":"0","pokemon_id":"169"}{"order":"","version_group_id":"9","move_id":"305","pokemon_move_method_id":"1","level":"39","pokemon_id":"169"}{"order":"5","version_group_id":"9","move_id":"310","pokemon_move_method_id":"1","level":"1","pokemon_id":"169"}{"order":"","version_group_id":"9","move_id":"310","pokemon_move_method_id":"1","level":"9","pokemon_id":"169"}{"order":"","version_group_id":"9","move_id":"314","pokemon_move_method_id":"1","level":"27","pokemon_id":"169"}{"order":"","version_group_id":"9","move_id":"314","pokemon_move_method_id":"3","level":"0","pokemon_id":"169"}{"order":"","version_group_id":"9","move_id":"332","pokemon_move_method_id":"4","level":"0","pokemon_id":"169"}{"order":"","version_group_id":"9","move_id":"355","pokemon_move_method_id":"4","level":"0","pokemon_id":"169"}{"order":"","version_group_id":"9","move_id":"363","pokemon_move_method_id":"4","level":"0","pokemon_id":"169"}{"order":"","version_group_id":"9","move_id":"365","pokemon_move_method_id":"4","level":"0","pokemon_id":"169"}{"order":"","version_group_id":"9","move_id":"369","pokemon_move_method_id":"4","level":"0","pokemon_id":"169"}{"order":"","version_group_id":"9","move_id":"371","pokemon_move_method_id":"4","level":"0","pokemon_id":"169"}{"order":"","version_group_id":"9","move_id":"399","pokemon_move_method_id":"4","level":"0","pokemon_id":"169"}{"order":"","version_group_id":"9","move_id":"403","pokemon_move_method_id":"1","level":"51","pokemon_id":"169"}{"order":"","version_group_id":"9","move_id":"404","pokemon_move_method_id":"4","level":"0","pokemon_id":"169"}{"order":"","version_group_id":"9","move_id":"416","pokemon_move_method_id":"4","level":"0","pokemon_id":"169"}{"order":"","version_group_id":"9","move_id":"428","pokemon_move_method_id":"3","level":"0","pokemon_id":"169"}{"order":"","version_group_id":"9","move_id":"432","pokemon_move_method_id":"4","level":"0","pokemon_id":"169"}{"order":"1","version_group_id":"9","move_id":"440","pokemon_move_method_id":"1","level":"1","pokemon_id":"169"}{"order":"","version_group_id":"9","move_id":"445","pokemon_move_method_id":"4","level":"0","pokemon_id":"169"}{"order":"","version_group_id":"9","move_id":"466","pokemon_move_method_id":"3","level":"0","pokemon_id":"169"}{"order":"","version_group_id":"10","move_id":"17","pokemon_move_method_id":"1","level":"17","pokemon_id":"169"}{"order":"","version_group_id":"10","move_id":"19","pokemon_move_method_id":"4","level":"0","pokemon_id":"169"}{"order":"","version_group_id":"10","move_id":"44","pokemon_move_method_id":"1","level":"13","pokemon_id":"169"}{"order":"4","version_group_id":"10","move_id":"48","pokemon_move_method_id":"1","level":"1","pokemon_id":"169"}{"order":"","version_group_id":"10","move_id":"48","pokemon_move_method_id":"1","level":"5","pokemon_id":"169"}{"order":"","version_group_id":"10","move_id":"63","pokemon_move_method_id":"4","level":"0","pokemon_id":"169"}{"order":"","version_group_id":"10","move_id":"92","pokemon_move_method_id":"4","level":"0","pokemon_id":"169"}{"order":"2","version_group_id":"10","move_id":"103","pokemon_move_method_id":"1","level":"1","pokemon_id":"169"}{"order":"","version_group_id":"10","move_id":"104","pokemon_move_method_id":"4","level":"0","pokemon_id":"169"}{"order":"","version_group_id":"10","move_id":"109","pokemon_move_method_id":"1","level":"21","pokemon_id":"169"}{"order":"","version_group_id":"10","move_id":"114","pokemon_move_method_id":"1","level":"45","pokemon_id":"169"}{"order":"","version_group_id":"10","move_id":"129","pokemon_move_method_id":"3","level":"0","pokemon_id":"169"}{"order":"3","version_group_id":"10","move_id":"141","pokemon_move_method_id":"1","level":"1","pokemon_id":"169"}{"order":"","version_group_id":"10","move_id":"143","pokemon_move_method_id":"3","level":"0","pokemon_id":"169"}{"order":"","version_group_id":"10","move_id":"156","pokemon_move_method_id":"4","level":"0","pokemon_id":"169"}{"order":"","version_group_id":"10","move_id":"162","pokemon_move_method_id":"3","level":"0","pokemon_id":"169"}{"order":"","version_group_id":"10","move_id":"164","pokemon_move_method_id":"4","level":"0","pokemon_id":"169"}{"order":"","version_group_id":"10","move_id":"168","pokemon_move_method_id":"4","level":"0","pokemon_id":"169"}{"order":"","version_group_id":"10","move_id":"173","pokemon_move_method_id":"3","level":"0","pokemon_id":"169"}{"order":"","version_group_id":"10","move_id":"182","pokemon_move_method_id":"4","level":"0","pokemon_id":"169"}{"order":"","version_group_id":"10","move_id":"188","pokemon_move_method_id":"4","level":"0","pokemon_id":"169"}{"order":"","version_group_id":"10","move_id":"202","pokemon_move_method_id":"4","level":"0","pokemon_id":"169"}{"order":"","version_group_id":"10","move_id":"203","pokemon_move_method_id":"4","level":"0","pokemon_id":"169"}{"order":"","version_group_id":"10","move_id":"207","pokemon_move_method_id":"4","level":"0","pokemon_id":"169"}{"order":"","version_group_id":"10","move_id":"211","pokemon_move_method_id":"4","level":"0","pokemon_id":"169"}{"order":"","version_group_id":"10","move_id":"212","pokemon_move_method_id":"1","level":"33","pokemon_id":"169"}{"order":"","version_group_id":"10","move_id":"213","pokemon_move_method_id":"4","level":"0","pokemon_id":"169"}{"order":"","version_group_id":"10","move_id":"214","pokemon_move_method_id":"4","level":"0","pokemon_id":"169"}{"order":"","version_group_id":"10","move_id":"216","pokemon_move_method_id":"4","level":"0","pokemon_id":"169"}{"order":"","version_group_id":"10","move_id":"218","pokemon_move_method_id":"4","level":"0","pokemon_id":"169"}{"order":"","version_group_id":"10","move_id":"237","pokemon_move_method_id":"4","level":"0","pokemon_id":"169"}{"order":"","version_group_id":"10","move_id":"239","pokemon_move_method_id":"3","level":"0","pokemon_id":"169"}{"order":"","version_group_id":"10","move_id":"240","pokemon_move_method_id":"4","level":"0","pokemon_id":"169"}{"order":"","version_group_id":"10","move_id":"241","pokemon_move_method_id":"4","level":"0","pokemon_id":"169"}{"order":"","version_group_id":"10","move_id":"247","pokemon_move_method_id":"4","level":"0","pokemon_id":"169"}{"order":"","version_group_id":"10","move_id":"253","pokemon_move_method_id":"3","level":"0","pokemon_id":"169"}{"order":"","version_group_id":"10","move_id":"257","pokemon_move_method_id":"3","level":"0","pokemon_id":"169"}{"order":"","version_group_id":"10","move_id":"259","pokemon_move_method_id":"4","level":"0","pokemon_id":"169"}{"order":"","version_group_id":"10","move_id":"263","pokemon_move_method_id":"4","level":"0","pokemon_id":"169"}{"order":"","version_group_id":"10","move_id":"269","pokemon_move_method_id":"4","level":"0","pokemon_id":"169"}{"order":"","version_group_id":"10","move_id":"289","pokemon_move_method_id":"4","level":"0","pokemon_id":"169"}{"order":"","version_group_id":"10","move_id":"290","pokemon_move_method_id":"4","level":"0","pokemon_id":"169"}{"order":"","version_group_id":"10","move_id":"305","pokemon_move_method_id":"1","level":"39","pokemon_id":"169"}{"order":"5","version_group_id":"10","move_id":"310","pokemon_move_method_id":"1","level":"1","pokemon_id":"169"}{"order":"","version_group_id":"10","move_id":"310","pokemon_move_method_id":"1","level":"9","pokemon_id":"169"}{"order":"","version_group_id":"10","move_id":"314","pokemon_move_method_id":"1","level":"27","pokemon_id":"169"}{"order":"","version_group_id":"10","move_id":"314","pokemon_move_method_id":"3","level":"0","pokemon_id":"169"}{"order":"","version_group_id":"10","move_id":"332","pokemon_move_method_id":"4","level":"0","pokemon_id":"169"}{"order":"","version_group_id":"10","move_id":"355","pokemon_move_method_id":"4","level":"0","pokemon_id":"169"}{"order":"","version_group_id":"10","move_id":"363","pokemon_move_method_id":"4","level":"0","pokemon_id":"169"}{"order":"","version_group_id":"10","move_id":"365","pokemon_move_method_id":"4","level":"0","pokemon_id":"169"}{"order":"","version_group_id":"10","move_id":"366","pokemon_move_method_id":"3","level":"0","pokemon_id":"169"}{"order":"","version_group_id":"10","move_id":"369","pokemon_move_method_id":"4","level":"0","pokemon_id":"169"}{"order":"","version_group_id":"10","move_id":"371","pokemon_move_method_id":"4","level":"0","pokemon_id":"169"}{"order":"","version_group_id":"10","move_id":"399","pokemon_move_method_id":"4","level":"0","pokemon_id":"169"}{"order":"","version_group_id":"10","move_id":"403","pokemon_move_method_id":"1","level":"51","pokemon_id":"169"}{"order":"","version_group_id":"10","move_id":"404","pokemon_move_method_id":"4","level":"0","pokemon_id":"169"}{"order":"","version_group_id":"10","move_id":"416","pokemon_move_method_id":"4","level":"0","pokemon_id":"169"}{"order":"","version_group_id":"10","move_id":"428","pokemon_move_method_id":"3","level":"0","pokemon_id":"169"}{"order":"1","version_group_id":"10","move_id":"440","pokemon_move_method_id":"1","level":"1","pokemon_id":"169"}{"order":"","version_group_id":"10","move_id":"445","pokemon_move_method_id":"4","level":"0","pokemon_id":"169"}{"order":"","version_group_id":"10","move_id":"466","pokemon_move_method_id":"3","level":"0","pokemon_id":"169"}{"order":"","version_group_id":"11","move_id":"17","pokemon_move_method_id":"1","level":"17","pokemon_id":"169"}{"order":"","version_group_id":"11","move_id":"19","pokemon_move_method_id":"4","level":"0","pokemon_id":"169"}{"order":"","version_group_id":"11","move_id":"44","pokemon_move_method_id":"1","level":"13","pokemon_id":"169"}{"order":"4","version_group_id":"11","move_id":"48","pokemon_move_method_id":"1","level":"1","pokemon_id":"169"}{"order":"","version_group_id":"11","move_id":"48","pokemon_move_method_id":"1","level":"5","pokemon_id":"169"}{"order":"","version_group_id":"11","move_id":"63","pokemon_move_method_id":"4","level":"0","pokemon_id":"169"}{"order":"","version_group_id":"11","move_id":"92","pokemon_move_method_id":"4","level":"0","pokemon_id":"169"}{"order":"2","version_group_id":"11","move_id":"103","pokemon_move_method_id":"1","level":"1","pokemon_id":"169"}{"order":"","version_group_id":"11","move_id":"104","pokemon_move_method_id":"4","level":"0","pokemon_id":"169"}{"order":"","version_group_id":"11","move_id":"109","pokemon_move_method_id":"1","level":"21","pokemon_id":"169"}{"order":"","version_group_id":"11","move_id":"114","pokemon_move_method_id":"1","level":"51","pokemon_id":"169"}{"order":"3","version_group_id":"11","move_id":"141","pokemon_move_method_id":"1","level":"1","pokemon_id":"169"}{"order":"","version_group_id":"11","move_id":"156","pokemon_move_method_id":"4","level":"0","pokemon_id":"169"}{"order":"","version_group_id":"11","move_id":"164","pokemon_move_method_id":"4","level":"0","pokemon_id":"169"}{"order":"","version_group_id":"11","move_id":"168","pokemon_move_method_id":"4","level":"0","pokemon_id":"169"}{"order":"","version_group_id":"11","move_id":"182","pokemon_move_method_id":"4","level":"0","pokemon_id":"169"}{"order":"","version_group_id":"11","move_id":"188","pokemon_move_method_id":"4","level":"0","pokemon_id":"169"}{"order":"","version_group_id":"11","move_id":"207","pokemon_move_method_id":"4","level":"0","pokemon_id":"169"}{"order":"","version_group_id":"11","move_id":"212","pokemon_move_method_id":"1","level":"33","pokemon_id":"169"}{"order":"","version_group_id":"11","move_id":"213","pokemon_move_method_id":"4","level":"0","pokemon_id":"169"}{"order":"","version_group_id":"11","move_id":"216","pokemon_move_method_id":"4","level":"0","pokemon_id":"169"}{"order":"","version_group_id":"11","move_id":"218","pokemon_move_method_id":"4","level":"0","pokemon_id":"169"}{"order":"","version_group_id":"11","move_id":"237","pokemon_move_method_id":"4","level":"0","pokemon_id":"169"}{"order":"","version_group_id":"11","move_id":"240","pokemon_move_method_id":"4","level":"0","pokemon_id":"169"}{"order":"","version_group_id":"11","move_id":"241","pokemon_move_method_id":"4","level":"0","pokemon_id":"169"}{"order":"","version_group_id":"11","move_id":"247","pokemon_move_method_id":"4","level":"0","pokemon_id":"169"}{"order":"","version_group_id":"11","move_id":"259","pokemon_move_method_id":"4","level":"0","pokemon_id":"169"}{"order":"","version_group_id":"11","move_id":"263","pokemon_move_method_id":"4","level":"0","pokemon_id":"169"}{"order":"","version_group_id":"11","move_id":"269","pokemon_move_method_id":"4","level":"0","pokemon_id":"169"}{"order":"","version_group_id":"11","move_id":"305","pokemon_move_method_id":"1","level":"45","pokemon_id":"169"}{"order":"5","version_group_id":"11","move_id":"310","pokemon_move_method_id":"1","level":"1","pokemon_id":"169"}{"order":"","version_group_id":"11","move_id":"310","pokemon_move_method_id":"1","level":"9","pokemon_id":"169"}{"order":"","version_group_id":"11","move_id":"314","pokemon_move_method_id":"1","level":"27","pokemon_id":"169"}{"order":"","version_group_id":"11","move_id":"332","pokemon_move_method_id":"4","level":"0","pokemon_id":"169"}{"order":"","version_group_id":"11","move_id":"365","pokemon_move_method_id":"4","level":"0","pokemon_id":"169"}{"order":"","version_group_id":"11","move_id":"369","pokemon_move_method_id":"4","level":"0","pokemon_id":"169"}{"order":"","version_group_id":"11","move_id":"371","pokemon_move_method_id":"4","level":"0","pokemon_id":"169"}{"order":"","version_group_id":"11","move_id":"403","pokemon_move_method_id":"1","level":"57","pokemon_id":"169"}{"order":"","version_group_id":"11","move_id":"404","pokemon_move_method_id":"4","level":"0","pokemon_id":"169"}{"order":"","version_group_id":"11","move_id":"416","pokemon_move_method_id":"4","level":"0","pokemon_id":"169"}{"order":"1","version_group_id":"11","move_id":"440","pokemon_move_method_id":"1","level":"1","pokemon_id":"169"}{"order":"","version_group_id":"11","move_id":"474","pokemon_move_method_id":"4","level":"0","pokemon_id":"169"}{"order":"","version_group_id":"11","move_id":"496","pokemon_move_method_id":"4","level":"0","pokemon_id":"169"}{"order":"","version_group_id":"11","move_id":"512","pokemon_move_method_id":"1","level":"39","pokemon_id":"169"}{"order":"","version_group_id":"11","move_id":"512","pokemon_move_method_id":"4","level":"0","pokemon_id":"169"}{"order":"","version_group_id":"12","move_id":"17","pokemon_move_method_id":"1","level":"21","pokemon_id":"169"}{"order":"","version_group_id":"12","move_id":"19","pokemon_move_method_id":"4","level":"0","pokemon_id":"169"}{"order":"","version_group_id":"12","move_id":"44","pokemon_move_method_id":"1","level":"16","pokemon_id":"169"}{"order":"3","version_group_id":"12","move_id":"48","pokemon_move_method_id":"1","level":"1","pokemon_id":"169"}{"order":"","version_group_id":"12","move_id":"48","pokemon_move_method_id":"1","level":"6","pokemon_id":"169"}{"order":"","version_group_id":"12","move_id":"63","pokemon_move_method_id":"4","level":"0","pokemon_id":"169"}{"order":"","version_group_id":"12","move_id":"92","pokemon_move_method_id":"4","level":"0","pokemon_id":"169"}{"order":"1","version_group_id":"12","move_id":"103","pokemon_move_method_id":"1","level":"1","pokemon_id":"169"}{"order":"","version_group_id":"12","move_id":"104","pokemon_move_method_id":"4","level":"0","pokemon_id":"169"}{"order":"","version_group_id":"12","move_id":"109","pokemon_move_method_id":"1","level":"28","pokemon_id":"169"}{"order":"","version_group_id":"12","move_id":"114","pokemon_move_method_id":"1","level":"56","pokemon_id":"169"}{"order":"2","version_group_id":"12","move_id":"141","pokemon_move_method_id":"1","level":"1","pokemon_id":"169"}{"order":"","version_group_id":"12","move_id":"156","pokemon_move_method_id":"4","level":"0","pokemon_id":"169"}{"order":"","version_group_id":"12","move_id":"168","pokemon_move_method_id":"4","level":"0","pokemon_id":"169"}{"order":"","version_group_id":"12","move_id":"182","pokemon_move_method_id":"4","level":"0","pokemon_id":"169"}{"order":"","version_group_id":"12","move_id":"188","pokemon_move_method_id":"4","level":"0","pokemon_id":"169"}{"order":"","version_group_id":"12","move_id":"202","pokemon_move_method_id":"4","level":"0","pokemon_id":"169"}{"order":"","version_group_id":"12","move_id":"211","pokemon_move_method_id":"4","level":"0","pokemon_id":"169"}{"order":"","version_group_id":"12","move_id":"212","pokemon_move_method_id":"1","level":"42","pokemon_id":"169"}{"order":"","version_group_id":"12","move_id":"213","pokemon_move_method_id":"4","level":"0","pokemon_id":"169"}{"order":"","version_group_id":"12","move_id":"216","pokemon_move_method_id":"4","level":"0","pokemon_id":"169"}{"order":"","version_group_id":"12","move_id":"218","pokemon_move_method_id":"4","level":"0","pokemon_id":"169"}{"order":"","version_group_id":"12","move_id":"237","pokemon_move_method_id":"4","level":"0","pokemon_id":"169"}{"order":"","version_group_id":"12","move_id":"240","pokemon_move_method_id":"4","level":"0","pokemon_id":"169"}{"order":"","version_group_id":"12","move_id":"241","pokemon_move_method_id":"4","level":"0","pokemon_id":"169"}{"order":"","version_group_id":"12","move_id":"247","pokemon_move_method_id":"4","level":"0","pokemon_id":"169"}{"order":"","version_group_id":"12","move_id":"259","pokemon_move_method_id":"4","level":"0","pokemon_id":"169"}{"order":"","version_group_id":"12","move_id":"263","pokemon_move_method_id":"4","level":"0","pokemon_id":"169"}{"order":"","version_group_id":"12","move_id":"269","pokemon_move_method_id":"4","level":"0","pokemon_id":"169"}{"order":"","version_group_id":"12","move_id":"289","pokemon_move_method_id":"4","level":"0","pokemon_id":"169"}{"order":"","version_group_id":"12","move_id":"290","pokemon_move_method_id":"4","level":"0","pokemon_id":"169"}{"order":"","version_group_id":"12","move_id":"305","pokemon_move_method_id":"1","level":"49","pokemon_id":"169"}{"order":"4","version_group_id":"12","move_id":"310","pokemon_move_method_id":"1","level":"1","pokemon_id":"169"}{"order":"","version_group_id":"12","move_id":"310","pokemon_move_method_id":"1","level":"11","pokemon_id":"169"}{"order":"","version_group_id":"12","move_id":"314","pokemon_move_method_id":"1","level":"35","pokemon_id":"169"}{"order":"","version_group_id":"12","move_id":"332","pokemon_move_method_id":"4","level":"0","pokemon_id":"169"}{"order":"","version_group_id":"13","move_id":"17","pokemon_move_method_id":"1","level":"21","pokemon_id":"169"}{"order":"","version_group_id":"13","move_id":"19","pokemon_move_method_id":"4","level":"0","pokemon_id":"169"}{"order":"","version_group_id":"13","move_id":"38","pokemon_move_method_id":"3","level":"0","pokemon_id":"169"}{"order":"","version_group_id":"13","move_id":"44","pokemon_move_method_id":"1","level":"16","pokemon_id":"169"}{"order":"3","version_group_id":"13","move_id":"48","pokemon_move_method_id":"1","level":"1","pokemon_id":"169"}{"order":"","version_group_id":"13","move_id":"48","pokemon_move_method_id":"1","level":"6","pokemon_id":"169"}{"order":"","version_group_id":"13","move_id":"63","pokemon_move_method_id":"4","level":"0","pokemon_id":"169"}{"order":"","version_group_id":"13","move_id":"92","pokemon_move_method_id":"4","level":"0","pokemon_id":"169"}{"order":"","version_group_id":"13","move_id":"102","pokemon_move_method_id":"3","level":"0","pokemon_id":"169"}{"order":"1","version_group_id":"13","move_id":"103","pokemon_move_method_id":"1","level":"1","pokemon_id":"169"}{"order":"","version_group_id":"13","move_id":"104","pokemon_move_method_id":"4","level":"0","pokemon_id":"169"}{"order":"","version_group_id":"13","move_id":"109","pokemon_move_method_id":"1","level":"28","pokemon_id":"169"}{"order":"","version_group_id":"13","move_id":"114","pokemon_move_method_id":"1","level":"56","pokemon_id":"169"}{"order":"2","version_group_id":"13","move_id":"141","pokemon_move_method_id":"1","level":"1","pokemon_id":"169"}{"order":"","version_group_id":"13","move_id":"156","pokemon_move_method_id":"4","level":"0","pokemon_id":"169"}{"order":"","version_group_id":"13","move_id":"164","pokemon_move_method_id":"3","level":"0","pokemon_id":"169"}{"order":"","version_group_id":"13","move_id":"168","pokemon_move_method_id":"4","level":"0","pokemon_id":"169"}{"order":"","version_group_id":"13","move_id":"182","pokemon_move_method_id":"4","level":"0","pokemon_id":"169"}{"order":"","version_group_id":"13","move_id":"188","pokemon_move_method_id":"4","level":"0","pokemon_id":"169"}{"order":"","version_group_id":"13","move_id":"202","pokemon_move_method_id":"4","level":"0","pokemon_id":"169"}{"order":"","version_group_id":"13","move_id":"207","pokemon_move_method_id":"3","level":"0","pokemon_id":"169"}{"order":"","version_group_id":"13","move_id":"211","pokemon_move_method_id":"4","level":"0","pokemon_id":"169"}{"order":"","version_group_id":"13","move_id":"212","pokemon_move_method_id":"1","level":"42","pokemon_id":"169"}{"order":"","version_group_id":"13","move_id":"213","pokemon_move_method_id":"4","level":"0","pokemon_id":"169"}{"order":"","version_group_id":"13","move_id":"216","pokemon_move_method_id":"4","level":"0","pokemon_id":"169"}{"order":"","version_group_id":"13","move_id":"218","pokemon_move_method_id":"4","level":"0","pokemon_id":"169"}{"order":"","version_group_id":"13","move_id":"237","pokemon_move_method_id":"4","level":"0","pokemon_id":"169"}{"order":"","version_group_id":"13","move_id":"240","pokemon_move_method_id":"4","level":"0","pokemon_id":"169"}{"order":"","version_group_id":"13","move_id":"241","pokemon_move_method_id":"4","level":"0","pokemon_id":"169"}{"order":"","version_group_id":"13","move_id":"247","pokemon_move_method_id":"4","level":"0","pokemon_id":"169"}{"order":"","version_group_id":"13","move_id":"259","pokemon_move_method_id":"4","level":"0","pokemon_id":"169"}{"order":"","version_group_id":"13","move_id":"263","pokemon_move_method_id":"4","level":"0","pokemon_id":"169"}{"order":"","version_group_id":"13","move_id":"269","pokemon_move_method_id":"4","level":"0","pokemon_id":"169"}{"order":"","version_group_id":"13","move_id":"289","pokemon_move_method_id":"4","level":"0","pokemon_id":"169"}{"order":"","version_group_id":"13","move_id":"290","pokemon_move_method_id":"4","level":"0","pokemon_id":"169"}{"order":"","version_group_id":"13","move_id":"305","pokemon_move_method_id":"1","level":"49","pokemon_id":"169"}{"order":"4","version_group_id":"13","move_id":"310","pokemon_move_method_id":"1","level":"1","pokemon_id":"169"}{"order":"","version_group_id":"13","move_id":"310","pokemon_move_method_id":"1","level":"11","pokemon_id":"169"}{"order":"","version_group_id":"13","move_id":"314","pokemon_move_method_id":"1","level":"35","pokemon_id":"169"}{"order":"","version_group_id":"13","move_id":"332","pokemon_move_method_id":"4","level":"0","pokemon_id":"169"}{"order":"","version_group_id":"14","move_id":"17","pokemon_move_method_id":"1","level":"15","pokemon_id":"169"}{"order":"","version_group_id":"14","move_id":"19","pokemon_move_method_id":"4","level":"0","pokemon_id":"169"}{"order":"","version_group_id":"14","move_id":"44","pokemon_move_method_id":"1","level":"12","pokemon_id":"169"}{"order":"4","version_group_id":"14","move_id":"48","pokemon_move_method_id":"1","level":"1","pokemon_id":"169"}{"order":"","version_group_id":"14","move_id":"48","pokemon_move_method_id":"1","level":"4","pokemon_id":"169"}{"order":"","version_group_id":"14","move_id":"63","pokemon_move_method_id":"4","level":"0","pokemon_id":"169"}{"order":"","version_group_id":"14","move_id":"92","pokemon_move_method_id":"4","level":"0","pokemon_id":"169"}{"order":"2","version_group_id":"14","move_id":"103","pokemon_move_method_id":"1","level":"1","pokemon_id":"169"}{"order":"","version_group_id":"14","move_id":"104","pokemon_move_method_id":"4","level":"0","pokemon_id":"169"}{"order":"","version_group_id":"14","move_id":"109","pokemon_move_method_id":"1","level":"19","pokemon_id":"169"}{"order":"","version_group_id":"14","move_id":"114","pokemon_move_method_id":"1","level":"47","pokemon_id":"169"}{"order":"","version_group_id":"14","move_id":"129","pokemon_move_method_id":"1","level":"24","pokemon_id":"169"}{"order":"3","version_group_id":"14","move_id":"141","pokemon_move_method_id":"1","level":"1","pokemon_id":"169"}{"order":"","version_group_id":"14","move_id":"143","pokemon_move_method_id":"3","level":"0","pokemon_id":"169"}{"order":"","version_group_id":"14","move_id":"156","pokemon_move_method_id":"4","level":"0","pokemon_id":"169"}{"order":"","version_group_id":"14","move_id":"162","pokemon_move_method_id":"3","level":"0","pokemon_id":"169"}{"order":"","version_group_id":"14","move_id":"164","pokemon_move_method_id":"4","level":"0","pokemon_id":"169"}{"order":"","version_group_id":"14","move_id":"168","pokemon_move_method_id":"4","level":"0","pokemon_id":"169"}{"order":"","version_group_id":"14","move_id":"173","pokemon_move_method_id":"3","level":"0","pokemon_id":"169"}{"order":"","version_group_id":"14","move_id":"182","pokemon_move_method_id":"4","level":"0","pokemon_id":"169"}{"order":"","version_group_id":"14","move_id":"188","pokemon_move_method_id":"4","level":"0","pokemon_id":"169"}{"order":"","version_group_id":"14","move_id":"202","pokemon_move_method_id":"3","level":"0","pokemon_id":"169"}{"order":"","version_group_id":"14","move_id":"207","pokemon_move_method_id":"4","level":"0","pokemon_id":"169"}{"order":"","version_group_id":"14","move_id":"212","pokemon_move_method_id":"1","level":"38","pokemon_id":"169"}{"order":"","version_group_id":"14","move_id":"213","pokemon_move_method_id":"4","level":"0","pokemon_id":"169"}{"order":"","version_group_id":"14","move_id":"214","pokemon_move_method_id":"3","level":"0","pokemon_id":"169"}{"order":"","version_group_id":"14","move_id":"216","pokemon_move_method_id":"4","level":"0","pokemon_id":"169"}{"order":"","version_group_id":"14","move_id":"218","pokemon_move_method_id":"4","level":"0","pokemon_id":"169"}{"order":"","version_group_id":"14","move_id":"237","pokemon_move_method_id":"4","level":"0","pokemon_id":"169"}{"order":"","version_group_id":"14","move_id":"240","pokemon_move_method_id":"4","level":"0","pokemon_id":"169"}{"order":"","version_group_id":"14","move_id":"241","pokemon_move_method_id":"4","level":"0","pokemon_id":"169"}{"order":"","version_group_id":"14","move_id":"247","pokemon_move_method_id":"4","level":"0","pokemon_id":"169"}{"order":"","version_group_id":"14","move_id":"253","pokemon_move_method_id":"3","level":"0","pokemon_id":"169"}{"order":"","version_group_id":"14","move_id":"257","pokemon_move_method_id":"3","level":"0","pokemon_id":"169"}{"order":"","version_group_id":"14","move_id":"259","pokemon_move_method_id":"4","level":"0","pokemon_id":"169"}{"order":"","version_group_id":"14","move_id":"263","pokemon_move_method_id":"4","level":"0","pokemon_id":"169"}{"order":"","version_group_id":"14","move_id":"269","pokemon_move_method_id":"4","level":"0","pokemon_id":"169"}{"order":"","version_group_id":"14","move_id":"289","pokemon_move_method_id":"3","level":"0","pokemon_id":"169"}{"order":"","version_group_id":"14","move_id":"305","pokemon_move_method_id":"1","level":"42","pokemon_id":"169"}{"order":"5","version_group_id":"14","move_id":"310","pokemon_move_method_id":"1","level":"1","pokemon_id":"169"}{"order":"","version_group_id":"14","move_id":"310","pokemon_move_method_id":"1","level":"8","pokemon_id":"169"}{"order":"","version_group_id":"14","move_id":"314","pokemon_move_method_id":"1","level":"28","pokemon_id":"169"}{"order":"","version_group_id":"14","move_id":"332","pokemon_move_method_id":"4","level":"0","pokemon_id":"169"}{"order":"","version_group_id":"14","move_id":"355","pokemon_move_method_id":"3","level":"0","pokemon_id":"169"}{"order":"","version_group_id":"14","move_id":"365","pokemon_move_method_id":"4","level":"0","pokemon_id":"169"}{"order":"","version_group_id":"14","move_id":"366","pokemon_move_method_id":"3","level":"0","pokemon_id":"169"}{"order":"","version_group_id":"14","move_id":"369","pokemon_move_method_id":"4","level":"0","pokemon_id":"169"}{"order":"","version_group_id":"14","move_id":"371","pokemon_move_method_id":"4","level":"0","pokemon_id":"169"}{"order":"","version_group_id":"14","move_id":"399","pokemon_move_method_id":"3","level":"0","pokemon_id":"169"}{"order":"","version_group_id":"14","move_id":"403","pokemon_move_method_id":"1","level":"52","pokemon_id":"169"}{"order":"","version_group_id":"14","move_id":"404","pokemon_move_method_id":"4","level":"0","pokemon_id":"169"}{"order":"","version_group_id":"14","move_id":"416","pokemon_move_method_id":"4","level":"0","pokemon_id":"169"}{"order":"","version_group_id":"14","move_id":"428","pokemon_move_method_id":"3","level":"0","pokemon_id":"169"}{"order":"1","version_group_id":"14","move_id":"440","pokemon_move_method_id":"1","level":"1","pokemon_id":"169"}{"order":"","version_group_id":"14","move_id":"474","pokemon_move_method_id":"4","level":"0","pokemon_id":"169"}{"order":"","version_group_id":"14","move_id":"496","pokemon_move_method_id":"4","level":"0","pokemon_id":"169"}{"order":"","version_group_id":"14","move_id":"512","pokemon_move_method_id":"1","level":"33","pokemon_id":"169"}{"order":"","version_group_id":"14","move_id":"512","pokemon_move_method_id":"4","level":"0","pokemon_id":"169"}{"order":"","version_group_id":"15","move_id":"17","pokemon_move_method_id":"1","level":"15","pokemon_id":"169"}{"order":"","version_group_id":"15","move_id":"19","pokemon_move_method_id":"4","level":"0","pokemon_id":"169"}{"order":"","version_group_id":"15","move_id":"44","pokemon_move_method_id":"1","level":"12","pokemon_id":"169"}{"order":"4","version_group_id":"15","move_id":"48","pokemon_move_method_id":"1","level":"1","pokemon_id":"169"}{"order":"","version_group_id":"15","move_id":"48","pokemon_move_method_id":"1","level":"4","pokemon_id":"169"}{"order":"","version_group_id":"15","move_id":"63","pokemon_move_method_id":"4","level":"0","pokemon_id":"169"}{"order":"","version_group_id":"15","move_id":"92","pokemon_move_method_id":"4","level":"0","pokemon_id":"169"}{"order":"2","version_group_id":"15","move_id":"103","pokemon_move_method_id":"1","level":"1","pokemon_id":"169"}{"order":"","version_group_id":"15","move_id":"104","pokemon_move_method_id":"4","level":"0","pokemon_id":"169"}{"order":"","version_group_id":"15","move_id":"109","pokemon_move_method_id":"1","level":"19","pokemon_id":"169"}{"order":"","version_group_id":"15","move_id":"114","pokemon_move_method_id":"1","level":"47","pokemon_id":"169"}{"order":"","version_group_id":"15","move_id":"129","pokemon_move_method_id":"1","level":"24","pokemon_id":"169"}{"order":"3","version_group_id":"15","move_id":"141","pokemon_move_method_id":"1","level":"1","pokemon_id":"169"}{"order":"","version_group_id":"15","move_id":"156","pokemon_move_method_id":"4","level":"0","pokemon_id":"169"}{"order":"","version_group_id":"15","move_id":"164","pokemon_move_method_id":"4","level":"0","pokemon_id":"169"}{"order":"","version_group_id":"15","move_id":"168","pokemon_move_method_id":"4","level":"0","pokemon_id":"169"}{"order":"","version_group_id":"15","move_id":"182","pokemon_move_method_id":"4","level":"0","pokemon_id":"169"}{"order":"","version_group_id":"15","move_id":"188","pokemon_move_method_id":"4","level":"0","pokemon_id":"169"}{"order":"","version_group_id":"15","move_id":"207","pokemon_move_method_id":"4","level":"0","pokemon_id":"169"}{"order":"","version_group_id":"15","move_id":"211","pokemon_move_method_id":"4","level":"0","pokemon_id":"169"}{"order":"","version_group_id":"15","move_id":"212","pokemon_move_method_id":"1","level":"38","pokemon_id":"169"}{"order":"","version_group_id":"15","move_id":"213","pokemon_move_method_id":"4","level":"0","pokemon_id":"169"}{"order":"","version_group_id":"15","move_id":"214","pokemon_move_method_id":"4","level":"0","pokemon_id":"169"}{"order":"","version_group_id":"15","move_id":"216","pokemon_move_method_id":"4","level":"0","pokemon_id":"169"}{"order":"","version_group_id":"15","move_id":"218","pokemon_move_method_id":"4","level":"0","pokemon_id":"169"}{"order":"","version_group_id":"15","move_id":"237","pokemon_move_method_id":"4","level":"0","pokemon_id":"169"}{"order":"","version_group_id":"15","move_id":"240","pokemon_move_method_id":"4","level":"0","pokemon_id":"169"}{"order":"","version_group_id":"15","move_id":"241","pokemon_move_method_id":"4","level":"0","pokemon_id":"169"}{"order":"","version_group_id":"15","move_id":"247","pokemon_move_method_id":"4","level":"0","pokemon_id":"169"}{"order":"","version_group_id":"15","move_id":"259","pokemon_move_method_id":"4","level":"0","pokemon_id":"169"}{"order":"","version_group_id":"15","move_id":"263","pokemon_move_method_id":"4","level":"0","pokemon_id":"169"}{"order":"","version_group_id":"15","move_id":"269","pokemon_move_method_id":"4","level":"0","pokemon_id":"169"}{"order":"","version_group_id":"15","move_id":"305","pokemon_move_method_id":"1","level":"42","pokemon_id":"169"}{"order":"5","version_group_id":"15","move_id":"310","pokemon_move_method_id":"1","level":"1","pokemon_id":"169"}{"order":"","version_group_id":"15","move_id":"310","pokemon_move_method_id":"1","level":"8","pokemon_id":"169"}{"order":"","version_group_id":"15","move_id":"314","pokemon_move_method_id":"1","level":"28","pokemon_id":"169"}{"order":"","version_group_id":"15","move_id":"332","pokemon_move_method_id":"4","level":"0","pokemon_id":"169"}{"order":"","version_group_id":"15","move_id":"355","pokemon_move_method_id":"4","level":"0","pokemon_id":"169"}{"order":"","version_group_id":"15","move_id":"369","pokemon_move_method_id":"4","level":"0","pokemon_id":"169"}{"order":"","version_group_id":"15","move_id":"371","pokemon_move_method_id":"4","level":"0","pokemon_id":"169"}{"order":"","version_group_id":"15","move_id":"399","pokemon_move_method_id":"4","level":"0","pokemon_id":"169"}{"order":"","version_group_id":"15","move_id":"403","pokemon_move_method_id":"1","level":"52","pokemon_id":"169"}{"order":"","version_group_id":"15","move_id":"404","pokemon_move_method_id":"4","level":"0","pokemon_id":"169"}{"order":"","version_group_id":"15","move_id":"416","pokemon_move_method_id":"4","level":"0","pokemon_id":"169"}{"order":"1","version_group_id":"15","move_id":"440","pokemon_move_method_id":"1","level":"1","pokemon_id":"169"}{"order":"","version_group_id":"15","move_id":"474","pokemon_move_method_id":"4","level":"0","pokemon_id":"169"}{"order":"","version_group_id":"15","move_id":"496","pokemon_move_method_id":"4","level":"0","pokemon_id":"169"}{"order":"","version_group_id":"15","move_id":"512","pokemon_move_method_id":"1","level":"33","pokemon_id":"169"}{"order":"","version_group_id":"15","move_id":"512","pokemon_move_method_id":"4","level":"0","pokemon_id":"169"}{"order":"","version_group_id":"15","move_id":"590","pokemon_move_method_id":"4","level":"0","pokemon_id":"169"}