{"order":"","version_group_id":"3","move_id":"2","pokemon_move_method_id":"2","level":"0","pokemon_id":"239"}{"order":"","version_group_id":"3","move_id":"7","pokemon_move_method_id":"4","level":"0","pokemon_id":"239"}{"order":"","version_group_id":"3","move_id":"8","pokemon_move_method_id":"4","level":"0","pokemon_id":"239"}{"order":"","version_group_id":"3","move_id":"9","pokemon_move_method_id":"1","level":"9","pokemon_id":"239"}{"order":"","version_group_id":"3","move_id":"9","pokemon_move_method_id":"4","level":"0","pokemon_id":"239"}{"order":"","version_group_id":"3","move_id":"27","pokemon_move_method_id":"2","level":"0","pokemon_id":"239"}{"order":"","version_group_id":"3","move_id":"29","pokemon_move_method_id":"4","level":"0","pokemon_id":"239"}{"order":"2","version_group_id":"3","move_id":"43","pokemon_move_method_id":"1","level":"1","pokemon_id":"239"}{"order":"","version_group_id":"3","move_id":"85","pokemon_move_method_id":"1","level":"41","pokemon_id":"239"}{"order":"","version_group_id":"3","move_id":"87","pokemon_move_method_id":"1","level":"49","pokemon_id":"239"}{"order":"","version_group_id":"3","move_id":"87","pokemon_move_method_id":"4","level":"0","pokemon_id":"239"}{"order":"","version_group_id":"3","move_id":"92","pokemon_move_method_id":"4","level":"0","pokemon_id":"239"}{"order":"","version_group_id":"3","move_id":"94","pokemon_move_method_id":"4","level":"0","pokemon_id":"239"}{"order":"","version_group_id":"3","move_id":"96","pokemon_move_method_id":"2","level":"0","pokemon_id":"239"}{"order":"1","version_group_id":"3","move_id":"98","pokemon_move_method_id":"1","level":"1","pokemon_id":"239"}{"order":"","version_group_id":"3","move_id":"103","pokemon_move_method_id":"1","level":"33","pokemon_id":"239"}{"order":"","version_group_id":"3","move_id":"104","pokemon_move_method_id":"4","level":"0","pokemon_id":"239"}{"order":"","version_group_id":"3","move_id":"112","pokemon_move_method_id":"2","level":"0","pokemon_id":"239"}{"order":"","version_group_id":"3","move_id":"113","pokemon_move_method_id":"1","level":"17","pokemon_id":"239"}{"order":"","version_group_id":"3","move_id":"129","pokemon_move_method_id":"1","level":"25","pokemon_id":"239"}{"order":"","version_group_id":"3","move_id":"129","pokemon_move_method_id":"4","level":"0","pokemon_id":"239"}{"order":"","version_group_id":"3","move_id":"148","pokemon_move_method_id":"4","level":"0","pokemon_id":"239"}{"order":"","version_group_id":"3","move_id":"156","pokemon_move_method_id":"4","level":"0","pokemon_id":"239"}{"order":"","version_group_id":"3","move_id":"168","pokemon_move_method_id":"4","level":"0","pokemon_id":"239"}{"order":"","version_group_id":"3","move_id":"173","pokemon_move_method_id":"4","level":"0","pokemon_id":"239"}{"order":"","version_group_id":"3","move_id":"174","pokemon_move_method_id":"4","level":"0","pokemon_id":"239"}{"order":"","version_group_id":"3","move_id":"182","pokemon_move_method_id":"4","level":"0","pokemon_id":"239"}{"order":"","version_group_id":"3","move_id":"189","pokemon_move_method_id":"4","level":"0","pokemon_id":"239"}{"order":"","version_group_id":"3","move_id":"192","pokemon_move_method_id":"4","level":"0","pokemon_id":"239"}{"order":"","version_group_id":"3","move_id":"197","pokemon_move_method_id":"4","level":"0","pokemon_id":"239"}{"order":"","version_group_id":"3","move_id":"203","pokemon_move_method_id":"4","level":"0","pokemon_id":"239"}{"order":"","version_group_id":"3","move_id":"207","pokemon_move_method_id":"4","level":"0","pokemon_id":"239"}{"order":"","version_group_id":"3","move_id":"213","pokemon_move_method_id":"4","level":"0","pokemon_id":"239"}{"order":"","version_group_id":"3","move_id":"214","pokemon_move_method_id":"4","level":"0","pokemon_id":"239"}{"order":"","version_group_id":"3","move_id":"216","pokemon_move_method_id":"4","level":"0","pokemon_id":"239"}{"order":"","version_group_id":"3","move_id":"218","pokemon_move_method_id":"4","level":"0","pokemon_id":"239"}{"order":"","version_group_id":"3","move_id":"223","pokemon_move_method_id":"4","level":"0","pokemon_id":"239"}{"order":"","version_group_id":"3","move_id":"237","pokemon_move_method_id":"4","level":"0","pokemon_id":"239"}{"order":"","version_group_id":"3","move_id":"240","pokemon_move_method_id":"4","level":"0","pokemon_id":"239"}{"order":"","version_group_id":"4","move_id":"2","pokemon_move_method_id":"2","level":"0","pokemon_id":"239"}{"order":"","version_group_id":"4","move_id":"7","pokemon_move_method_id":"4","level":"0","pokemon_id":"239"}{"order":"","version_group_id":"4","move_id":"8","pokemon_move_method_id":"4","level":"0","pokemon_id":"239"}{"order":"","version_group_id":"4","move_id":"9","pokemon_move_method_id":"1","level":"9","pokemon_id":"239"}{"order":"","version_group_id":"4","move_id":"9","pokemon_move_method_id":"4","level":"0","pokemon_id":"239"}{"order":"","version_group_id":"4","move_id":"27","pokemon_move_method_id":"2","level":"0","pokemon_id":"239"}{"order":"","version_group_id":"4","move_id":"29","pokemon_move_method_id":"4","level":"0","pokemon_id":"239"}{"order":"2","version_group_id":"4","move_id":"43","pokemon_move_method_id":"1","level":"1","pokemon_id":"239"}{"order":"","version_group_id":"4","move_id":"85","pokemon_move_method_id":"1","level":"41","pokemon_id":"239"}{"order":"","version_group_id":"4","move_id":"85","pokemon_move_method_id":"3","level":"0","pokemon_id":"239"}{"order":"","version_group_id":"4","move_id":"87","pokemon_move_method_id":"1","level":"49","pokemon_id":"239"}{"order":"","version_group_id":"4","move_id":"87","pokemon_move_method_id":"4","level":"0","pokemon_id":"239"}{"order":"","version_group_id":"4","move_id":"92","pokemon_move_method_id":"4","level":"0","pokemon_id":"239"}{"order":"","version_group_id":"4","move_id":"94","pokemon_move_method_id":"4","level":"0","pokemon_id":"239"}{"order":"","version_group_id":"4","move_id":"96","pokemon_move_method_id":"2","level":"0","pokemon_id":"239"}{"order":"1","version_group_id":"4","move_id":"98","pokemon_move_method_id":"1","level":"1","pokemon_id":"239"}{"order":"","version_group_id":"4","move_id":"103","pokemon_move_method_id":"1","level":"33","pokemon_id":"239"}{"order":"","version_group_id":"4","move_id":"104","pokemon_move_method_id":"4","level":"0","pokemon_id":"239"}{"order":"","version_group_id":"4","move_id":"112","pokemon_move_method_id":"2","level":"0","pokemon_id":"239"}{"order":"","version_group_id":"4","move_id":"113","pokemon_move_method_id":"1","level":"17","pokemon_id":"239"}{"order":"","version_group_id":"4","move_id":"129","pokemon_move_method_id":"1","level":"25","pokemon_id":"239"}{"order":"","version_group_id":"4","move_id":"129","pokemon_move_method_id":"4","level":"0","pokemon_id":"239"}{"order":"","version_group_id":"4","move_id":"148","pokemon_move_method_id":"4","level":"0","pokemon_id":"239"}{"order":"","version_group_id":"4","move_id":"156","pokemon_move_method_id":"4","level":"0","pokemon_id":"239"}{"order":"","version_group_id":"4","move_id":"168","pokemon_move_method_id":"4","level":"0","pokemon_id":"239"}{"order":"","version_group_id":"4","move_id":"173","pokemon_move_method_id":"4","level":"0","pokemon_id":"239"}{"order":"","version_group_id":"4","move_id":"174","pokemon_move_method_id":"4","level":"0","pokemon_id":"239"}{"order":"","version_group_id":"4","move_id":"182","pokemon_move_method_id":"4","level":"0","pokemon_id":"239"}{"order":"","version_group_id":"4","move_id":"189","pokemon_move_method_id":"4","level":"0","pokemon_id":"239"}{"order":"","version_group_id":"4","move_id":"192","pokemon_move_method_id":"4","level":"0","pokemon_id":"239"}{"order":"","version_group_id":"4","move_id":"197","pokemon_move_method_id":"4","level":"0","pokemon_id":"239"}{"order":"","version_group_id":"4","move_id":"203","pokemon_move_method_id":"4","level":"0","pokemon_id":"239"}{"order":"","version_group_id":"4","move_id":"207","pokemon_move_method_id":"4","level":"0","pokemon_id":"239"}{"order":"","version_group_id":"4","move_id":"213","pokemon_move_method_id":"4","level":"0","pokemon_id":"239"}{"order":"","version_group_id":"4","move_id":"214","pokemon_move_method_id":"4","level":"0","pokemon_id":"239"}{"order":"","version_group_id":"4","move_id":"216","pokemon_move_method_id":"4","level":"0","pokemon_id":"239"}{"order":"","version_group_id":"4","move_id":"218","pokemon_move_method_id":"4","level":"0","pokemon_id":"239"}{"order":"","version_group_id":"4","move_id":"223","pokemon_move_method_id":"4","level":"0","pokemon_id":"239"}{"order":"","version_group_id":"4","move_id":"237","pokemon_move_method_id":"4","level":"0","pokemon_id":"239"}{"order":"","version_group_id":"4","move_id":"238","pokemon_move_method_id":"2","level":"0","pokemon_id":"239"}{"order":"","version_group_id":"4","move_id":"240","pokemon_move_method_id":"4","level":"0","pokemon_id":"239"}{"order":"","version_group_id":"5","move_id":"2","pokemon_move_method_id":"2","level":"0","pokemon_id":"239"}{"order":"","version_group_id":"5","move_id":"7","pokemon_move_method_id":"2","level":"0","pokemon_id":"239"}{"order":"","version_group_id":"5","move_id":"8","pokemon_move_method_id":"2","level":"0","pokemon_id":"239"}{"order":"","version_group_id":"5","move_id":"9","pokemon_move_method_id":"1","level":"9","pokemon_id":"239"}{"order":"","version_group_id":"5","move_id":"27","pokemon_move_method_id":"2","level":"0","pokemon_id":"239"}{"order":"2","version_group_id":"5","move_id":"43","pokemon_move_method_id":"1","level":"1","pokemon_id":"239"}{"order":"","version_group_id":"5","move_id":"85","pokemon_move_method_id":"1","level":"41","pokemon_id":"239"}{"order":"","version_group_id":"5","move_id":"85","pokemon_move_method_id":"4","level":"0","pokemon_id":"239"}{"order":"","version_group_id":"5","move_id":"87","pokemon_move_method_id":"1","level":"49","pokemon_id":"239"}{"order":"","version_group_id":"5","move_id":"87","pokemon_move_method_id":"4","level":"0","pokemon_id":"239"}{"order":"","version_group_id":"5","move_id":"92","pokemon_move_method_id":"4","level":"0","pokemon_id":"239"}{"order":"","version_group_id":"5","move_id":"94","pokemon_move_method_id":"4","level":"0","pokemon_id":"239"}{"order":"","version_group_id":"5","move_id":"96","pokemon_move_method_id":"2","level":"0","pokemon_id":"239"}{"order":"1","version_group_id":"5","move_id":"98","pokemon_move_method_id":"1","level":"1","pokemon_id":"239"}{"order":"","version_group_id":"5","move_id":"103","pokemon_move_method_id":"1","level":"33","pokemon_id":"239"}{"order":"","version_group_id":"5","move_id":"104","pokemon_move_method_id":"4","level":"0","pokemon_id":"239"}{"order":"","version_group_id":"5","move_id":"112","pokemon_move_method_id":"2","level":"0","pokemon_id":"239"}{"order":"","version_group_id":"5","move_id":"113","pokemon_move_method_id":"1","level":"17","pokemon_id":"239"}{"order":"","version_group_id":"5","move_id":"113","pokemon_move_method_id":"4","level":"0","pokemon_id":"239"}{"order":"","version_group_id":"5","move_id":"129","pokemon_move_method_id":"1","level":"25","pokemon_id":"239"}{"order":"","version_group_id":"5","move_id":"148","pokemon_move_method_id":"4","level":"0","pokemon_id":"239"}{"order":"","version_group_id":"5","move_id":"156","pokemon_move_method_id":"4","level":"0","pokemon_id":"239"}{"order":"","version_group_id":"5","move_id":"168","pokemon_move_method_id":"4","level":"0","pokemon_id":"239"}{"order":"","version_group_id":"5","move_id":"182","pokemon_move_method_id":"4","level":"0","pokemon_id":"239"}{"order":"","version_group_id":"5","move_id":"213","pokemon_move_method_id":"4","level":"0","pokemon_id":"239"}{"order":"","version_group_id":"5","move_id":"216","pokemon_move_method_id":"4","level":"0","pokemon_id":"239"}{"order":"","version_group_id":"5","move_id":"218","pokemon_move_method_id":"4","level":"0","pokemon_id":"239"}{"order":"","version_group_id":"5","move_id":"237","pokemon_move_method_id":"4","level":"0","pokemon_id":"239"}{"order":"","version_group_id":"5","move_id":"238","pokemon_move_method_id":"2","level":"0","pokemon_id":"239"}{"order":"","version_group_id":"5","move_id":"240","pokemon_move_method_id":"4","level":"0","pokemon_id":"239"}{"order":"","version_group_id":"5","move_id":"249","pokemon_move_method_id":"4","level":"0","pokemon_id":"239"}{"order":"","version_group_id":"5","move_id":"263","pokemon_move_method_id":"4","level":"0","pokemon_id":"239"}{"order":"","version_group_id":"5","move_id":"264","pokemon_move_method_id":"4","level":"0","pokemon_id":"239"}{"order":"","version_group_id":"5","move_id":"280","pokemon_move_method_id":"4","level":"0","pokemon_id":"239"}{"order":"","version_group_id":"5","move_id":"290","pokemon_move_method_id":"4","level":"0","pokemon_id":"239"}{"order":"","version_group_id":"5","move_id":"351","pokemon_move_method_id":"4","level":"0","pokemon_id":"239"}{"order":"","version_group_id":"6","move_id":"2","pokemon_move_method_id":"2","level":"0","pokemon_id":"239"}{"order":"","version_group_id":"6","move_id":"5","pokemon_move_method_id":"3","level":"0","pokemon_id":"239"}{"order":"","version_group_id":"6","move_id":"7","pokemon_move_method_id":"2","level":"0","pokemon_id":"239"}{"order":"","version_group_id":"6","move_id":"7","pokemon_move_method_id":"3","level":"0","pokemon_id":"239"}{"order":"","version_group_id":"6","move_id":"8","pokemon_move_method_id":"2","level":"0","pokemon_id":"239"}{"order":"","version_group_id":"6","move_id":"8","pokemon_move_method_id":"3","level":"0","pokemon_id":"239"}{"order":"","version_group_id":"6","move_id":"9","pokemon_move_method_id":"1","level":"9","pokemon_id":"239"}{"order":"","version_group_id":"6","move_id":"9","pokemon_move_method_id":"3","level":"0","pokemon_id":"239"}{"order":"","version_group_id":"6","move_id":"25","pokemon_move_method_id":"3","level":"0","pokemon_id":"239"}{"order":"","version_group_id":"6","move_id":"27","pokemon_move_method_id":"2","level":"0","pokemon_id":"239"}{"order":"","version_group_id":"6","move_id":"34","pokemon_move_method_id":"3","level":"0","pokemon_id":"239"}{"order":"","version_group_id":"6","move_id":"38","pokemon_move_method_id":"3","level":"0","pokemon_id":"239"}{"order":"2","version_group_id":"6","move_id":"43","pokemon_move_method_id":"1","level":"1","pokemon_id":"239"}{"order":"","version_group_id":"6","move_id":"68","pokemon_move_method_id":"3","level":"0","pokemon_id":"239"}{"order":"","version_group_id":"6","move_id":"69","pokemon_move_method_id":"3","level":"0","pokemon_id":"239"}{"order":"","version_group_id":"6","move_id":"85","pokemon_move_method_id":"1","level":"41","pokemon_id":"239"}{"order":"","version_group_id":"6","move_id":"85","pokemon_move_method_id":"4","level":"0","pokemon_id":"239"}{"order":"","version_group_id":"6","move_id":"86","pokemon_move_method_id":"3","level":"0","pokemon_id":"239"}{"order":"","version_group_id":"6","move_id":"87","pokemon_move_method_id":"1","level":"49","pokemon_id":"239"}{"order":"","version_group_id":"6","move_id":"87","pokemon_move_method_id":"4","level":"0","pokemon_id":"239"}{"order":"","version_group_id":"6","move_id":"92","pokemon_move_method_id":"4","level":"0","pokemon_id":"239"}{"order":"","version_group_id":"6","move_id":"94","pokemon_move_method_id":"4","level":"0","pokemon_id":"239"}{"order":"","version_group_id":"6","move_id":"96","pokemon_move_method_id":"2","level":"0","pokemon_id":"239"}{"order":"1","version_group_id":"6","move_id":"98","pokemon_move_method_id":"1","level":"1","pokemon_id":"239"}{"order":"","version_group_id":"6","move_id":"102","pokemon_move_method_id":"3","level":"0","pokemon_id":"239"}{"order":"","version_group_id":"6","move_id":"103","pokemon_move_method_id":"1","level":"33","pokemon_id":"239"}{"order":"","version_group_id":"6","move_id":"104","pokemon_move_method_id":"4","level":"0","pokemon_id":"239"}{"order":"","version_group_id":"6","move_id":"112","pokemon_move_method_id":"2","level":"0","pokemon_id":"239"}{"order":"","version_group_id":"6","move_id":"113","pokemon_move_method_id":"1","level":"17","pokemon_id":"239"}{"order":"","version_group_id":"6","move_id":"113","pokemon_move_method_id":"4","level":"0","pokemon_id":"239"}{"order":"","version_group_id":"6","move_id":"129","pokemon_move_method_id":"1","level":"25","pokemon_id":"239"}{"order":"","version_group_id":"6","move_id":"129","pokemon_move_method_id":"3","level":"0","pokemon_id":"239"}{"order":"","version_group_id":"6","move_id":"148","pokemon_move_method_id":"4","level":"0","pokemon_id":"239"}{"order":"","version_group_id":"6","move_id":"156","pokemon_move_method_id":"4","level":"0","pokemon_id":"239"}{"order":"","version_group_id":"6","move_id":"164","pokemon_move_method_id":"3","level":"0","pokemon_id":"239"}{"order":"","version_group_id":"6","move_id":"168","pokemon_move_method_id":"4","level":"0","pokemon_id":"239"}{"order":"","version_group_id":"6","move_id":"173","pokemon_move_method_id":"3","level":"0","pokemon_id":"239"}{"order":"","version_group_id":"6","move_id":"182","pokemon_move_method_id":"4","level":"0","pokemon_id":"239"}{"order":"","version_group_id":"6","move_id":"189","pokemon_move_method_id":"3","level":"0","pokemon_id":"239"}{"order":"","version_group_id":"6","move_id":"203","pokemon_move_method_id":"3","level":"0","pokemon_id":"239"}{"order":"","version_group_id":"6","move_id":"207","pokemon_move_method_id":"3","level":"0","pokemon_id":"239"}{"order":"","version_group_id":"6","move_id":"213","pokemon_move_method_id":"4","level":"0","pokemon_id":"239"}{"order":"","version_group_id":"6","move_id":"214","pokemon_move_method_id":"3","level":"0","pokemon_id":"239"}{"order":"","version_group_id":"6","move_id":"216","pokemon_move_method_id":"4","level":"0","pokemon_id":"239"}{"order":"","version_group_id":"6","move_id":"218","pokemon_move_method_id":"4","level":"0","pokemon_id":"239"}{"order":"","version_group_id":"6","move_id":"223","pokemon_move_method_id":"3","level":"0","pokemon_id":"239"}{"order":"","version_group_id":"6","move_id":"237","pokemon_move_method_id":"4","level":"0","pokemon_id":"239"}{"order":"","version_group_id":"6","move_id":"238","pokemon_move_method_id":"2","level":"0","pokemon_id":"239"}{"order":"","version_group_id":"6","move_id":"240","pokemon_move_method_id":"4","level":"0","pokemon_id":"239"}{"order":"","version_group_id":"6","move_id":"249","pokemon_move_method_id":"4","level":"0","pokemon_id":"239"}{"order":"","version_group_id":"6","move_id":"263","pokemon_move_method_id":"4","level":"0","pokemon_id":"239"}{"order":"","version_group_id":"6","move_id":"264","pokemon_move_method_id":"4","level":"0","pokemon_id":"239"}{"order":"","version_group_id":"6","move_id":"280","pokemon_move_method_id":"4","level":"0","pokemon_id":"239"}{"order":"","version_group_id":"6","move_id":"290","pokemon_move_method_id":"4","level":"0","pokemon_id":"239"}{"order":"","version_group_id":"6","move_id":"351","pokemon_move_method_id":"4","level":"0","pokemon_id":"239"}{"order":"","version_group_id":"7","move_id":"2","pokemon_move_method_id":"2","level":"0","pokemon_id":"239"}{"order":"","version_group_id":"7","move_id":"5","pokemon_move_method_id":"3","level":"0","pokemon_id":"239"}{"order":"","version_group_id":"7","move_id":"7","pokemon_move_method_id":"2","level":"0","pokemon_id":"239"}{"order":"","version_group_id":"7","move_id":"8","pokemon_move_method_id":"2","level":"0","pokemon_id":"239"}{"order":"","version_group_id":"7","move_id":"9","pokemon_move_method_id":"1","level":"9","pokemon_id":"239"}{"order":"","version_group_id":"7","move_id":"25","pokemon_move_method_id":"3","level":"0","pokemon_id":"239"}{"order":"","version_group_id":"7","move_id":"27","pokemon_move_method_id":"2","level":"0","pokemon_id":"239"}{"order":"","version_group_id":"7","move_id":"34","pokemon_move_method_id":"3","level":"0","pokemon_id":"239"}{"order":"","version_group_id":"7","move_id":"38","pokemon_move_method_id":"3","level":"0","pokemon_id":"239"}{"order":"2","version_group_id":"7","move_id":"43","pokemon_move_method_id":"1","level":"1","pokemon_id":"239"}{"order":"","version_group_id":"7","move_id":"68","pokemon_move_method_id":"3","level":"0","pokemon_id":"239"}{"order":"","version_group_id":"7","move_id":"69","pokemon_move_method_id":"3","level":"0","pokemon_id":"239"}{"order":"","version_group_id":"7","move_id":"85","pokemon_move_method_id":"1","level":"41","pokemon_id":"239"}{"order":"","version_group_id":"7","move_id":"85","pokemon_move_method_id":"4","level":"0","pokemon_id":"239"}{"order":"","version_group_id":"7","move_id":"86","pokemon_move_method_id":"3","level":"0","pokemon_id":"239"}{"order":"","version_group_id":"7","move_id":"87","pokemon_move_method_id":"1","level":"49","pokemon_id":"239"}{"order":"","version_group_id":"7","move_id":"87","pokemon_move_method_id":"4","level":"0","pokemon_id":"239"}{"order":"","version_group_id":"7","move_id":"92","pokemon_move_method_id":"4","level":"0","pokemon_id":"239"}{"order":"","version_group_id":"7","move_id":"94","pokemon_move_method_id":"4","level":"0","pokemon_id":"239"}{"order":"","version_group_id":"7","move_id":"96","pokemon_move_method_id":"2","level":"0","pokemon_id":"239"}{"order":"1","version_group_id":"7","move_id":"98","pokemon_move_method_id":"1","level":"1","pokemon_id":"239"}{"order":"","version_group_id":"7","move_id":"102","pokemon_move_method_id":"3","level":"0","pokemon_id":"239"}{"order":"","version_group_id":"7","move_id":"103","pokemon_move_method_id":"1","level":"33","pokemon_id":"239"}{"order":"","version_group_id":"7","move_id":"104","pokemon_move_method_id":"4","level":"0","pokemon_id":"239"}{"order":"","version_group_id":"7","move_id":"112","pokemon_move_method_id":"2","level":"0","pokemon_id":"239"}{"order":"","version_group_id":"7","move_id":"113","pokemon_move_method_id":"1","level":"17","pokemon_id":"239"}{"order":"","version_group_id":"7","move_id":"113","pokemon_move_method_id":"4","level":"0","pokemon_id":"239"}{"order":"","version_group_id":"7","move_id":"129","pokemon_move_method_id":"1","level":"25","pokemon_id":"239"}{"order":"","version_group_id":"7","move_id":"148","pokemon_move_method_id":"4","level":"0","pokemon_id":"239"}{"order":"","version_group_id":"7","move_id":"156","pokemon_move_method_id":"4","level":"0","pokemon_id":"239"}{"order":"","version_group_id":"7","move_id":"164","pokemon_move_method_id":"3","level":"0","pokemon_id":"239"}{"order":"","version_group_id":"7","move_id":"168","pokemon_move_method_id":"4","level":"0","pokemon_id":"239"}{"order":"","version_group_id":"7","move_id":"182","pokemon_move_method_id":"4","level":"0","pokemon_id":"239"}{"order":"","version_group_id":"7","move_id":"213","pokemon_move_method_id":"4","level":"0","pokemon_id":"239"}{"order":"","version_group_id":"7","move_id":"216","pokemon_move_method_id":"4","level":"0","pokemon_id":"239"}{"order":"","version_group_id":"7","move_id":"218","pokemon_move_method_id":"4","level":"0","pokemon_id":"239"}{"order":"","version_group_id":"7","move_id":"237","pokemon_move_method_id":"4","level":"0","pokemon_id":"239"}{"order":"","version_group_id":"7","move_id":"238","pokemon_move_method_id":"2","level":"0","pokemon_id":"239"}{"order":"","version_group_id":"7","move_id":"240","pokemon_move_method_id":"4","level":"0","pokemon_id":"239"}{"order":"","version_group_id":"7","move_id":"249","pokemon_move_method_id":"4","level":"0","pokemon_id":"239"}{"order":"","version_group_id":"7","move_id":"263","pokemon_move_method_id":"4","level":"0","pokemon_id":"239"}{"order":"","version_group_id":"7","move_id":"264","pokemon_move_method_id":"4","level":"0","pokemon_id":"239"}{"order":"","version_group_id":"7","move_id":"280","pokemon_move_method_id":"4","level":"0","pokemon_id":"239"}{"order":"","version_group_id":"7","move_id":"290","pokemon_move_method_id":"4","level":"0","pokemon_id":"239"}{"order":"","version_group_id":"7","move_id":"351","pokemon_move_method_id":"4","level":"0","pokemon_id":"239"}{"order":"","version_group_id":"8","move_id":"2","pokemon_move_method_id":"2","level":"0","pokemon_id":"239"}{"order":"","version_group_id":"8","move_id":"7","pokemon_move_method_id":"2","level":"0","pokemon_id":"239"}{"order":"","version_group_id":"8","move_id":"8","pokemon_move_method_id":"2","level":"0","pokemon_id":"239"}{"order":"","version_group_id":"8","move_id":"9","pokemon_move_method_id":"1","level":"28","pokemon_id":"239"}{"order":"","version_group_id":"8","move_id":"27","pokemon_move_method_id":"2","level":"0","pokemon_id":"239"}{"order":"2","version_group_id":"8","move_id":"43","pokemon_move_method_id":"1","level":"1","pokemon_id":"239"}{"order":"","version_group_id":"8","move_id":"67","pokemon_move_method_id":"1","level":"10","pokemon_id":"239"}{"order":"","version_group_id":"8","move_id":"84","pokemon_move_method_id":"1","level":"7","pokemon_id":"239"}{"order":"","version_group_id":"8","move_id":"85","pokemon_move_method_id":"1","level":"37","pokemon_id":"239"}{"order":"","version_group_id":"8","move_id":"85","pokemon_move_method_id":"4","level":"0","pokemon_id":"239"}{"order":"","version_group_id":"8","move_id":"86","pokemon_move_method_id":"4","level":"0","pokemon_id":"239"}{"order":"","version_group_id":"8","move_id":"87","pokemon_move_method_id":"1","level":"46","pokemon_id":"239"}{"order":"","version_group_id":"8","move_id":"87","pokemon_move_method_id":"4","level":"0","pokemon_id":"239"}{"order":"","version_group_id":"8","move_id":"92","pokemon_move_method_id":"4","level":"0","pokemon_id":"239"}{"order":"","version_group_id":"8","move_id":"94","pokemon_move_method_id":"4","level":"0","pokemon_id":"239"}{"order":"","version_group_id":"8","move_id":"96","pokemon_move_method_id":"2","level":"0","pokemon_id":"239"}{"order":"1","version_group_id":"8","move_id":"98","pokemon_move_method_id":"1","level":"1","pokemon_id":"239"}{"order":"","version_group_id":"8","move_id":"103","pokemon_move_method_id":"1","level":"43","pokemon_id":"239"}{"order":"","version_group_id":"8","move_id":"104","pokemon_move_method_id":"4","level":"0","pokemon_id":"239"}{"order":"","version_group_id":"8","move_id":"112","pokemon_move_method_id":"2","level":"0","pokemon_id":"239"}{"order":"","version_group_id":"8","move_id":"113","pokemon_move_method_id":"1","level":"25","pokemon_id":"239"}{"order":"","version_group_id":"8","move_id":"113","pokemon_move_method_id":"4","level":"0","pokemon_id":"239"}{"order":"","version_group_id":"8","move_id":"129","pokemon_move_method_id":"1","level":"16","pokemon_id":"239"}{"order":"","version_group_id":"8","move_id":"148","pokemon_move_method_id":"4","level":"0","pokemon_id":"239"}{"order":"","version_group_id":"8","move_id":"156","pokemon_move_method_id":"4","level":"0","pokemon_id":"239"}{"order":"","version_group_id":"8","move_id":"164","pokemon_move_method_id":"4","level":"0","pokemon_id":"239"}{"order":"","version_group_id":"8","move_id":"168","pokemon_move_method_id":"4","level":"0","pokemon_id":"239"}{"order":"","version_group_id":"8","move_id":"182","pokemon_move_method_id":"4","level":"0","pokemon_id":"239"}{"order":"","version_group_id":"8","move_id":"203","pokemon_move_method_id":"4","level":"0","pokemon_id":"239"}{"order":"","version_group_id":"8","move_id":"207","pokemon_move_method_id":"4","level":"0","pokemon_id":"239"}{"order":"","version_group_id":"8","move_id":"213","pokemon_move_method_id":"4","level":"0","pokemon_id":"239"}{"order":"","version_group_id":"8","move_id":"214","pokemon_move_method_id":"4","level":"0","pokemon_id":"239"}{"order":"","version_group_id":"8","move_id":"216","pokemon_move_method_id":"4","level":"0","pokemon_id":"239"}{"order":"","version_group_id":"8","move_id":"218","pokemon_move_method_id":"4","level":"0","pokemon_id":"239"}{"order":"","version_group_id":"8","move_id":"223","pokemon_move_method_id":"2","level":"0","pokemon_id":"239"}{"order":"","version_group_id":"8","move_id":"237","pokemon_move_method_id":"4","level":"0","pokemon_id":"239"}{"order":"","version_group_id":"8","move_id":"238","pokemon_move_method_id":"2","level":"0","pokemon_id":"239"}{"order":"","version_group_id":"8","move_id":"240","pokemon_move_method_id":"4","level":"0","pokemon_id":"239"}{"order":"","version_group_id":"8","move_id":"249","pokemon_move_method_id":"4","level":"0","pokemon_id":"239"}{"order":"","version_group_id":"8","move_id":"263","pokemon_move_method_id":"4","level":"0","pokemon_id":"239"}{"order":"","version_group_id":"8","move_id":"264","pokemon_move_method_id":"4","level":"0","pokemon_id":"239"}{"order":"","version_group_id":"8","move_id":"280","pokemon_move_method_id":"4","level":"0","pokemon_id":"239"}{"order":"","version_group_id":"8","move_id":"290","pokemon_move_method_id":"4","level":"0","pokemon_id":"239"}{"order":"","version_group_id":"8","move_id":"351","pokemon_move_method_id":"1","level":"19","pokemon_id":"239"}{"order":"","version_group_id":"8","move_id":"351","pokemon_move_method_id":"4","level":"0","pokemon_id":"239"}{"order":"","version_group_id":"8","move_id":"363","pokemon_move_method_id":"4","level":"0","pokemon_id":"239"}{"order":"","version_group_id":"8","move_id":"374","pokemon_move_method_id":"4","level":"0","pokemon_id":"239"}{"order":"","version_group_id":"8","move_id":"435","pokemon_move_method_id":"1","level":"34","pokemon_id":"239"}{"order":"","version_group_id":"8","move_id":"445","pokemon_move_method_id":"4","level":"0","pokemon_id":"239"}{"order":"","version_group_id":"8","move_id":"451","pokemon_move_method_id":"4","level":"0","pokemon_id":"239"}{"order":"","version_group_id":"9","move_id":"2","pokemon_move_method_id":"2","level":"0","pokemon_id":"239"}{"order":"","version_group_id":"9","move_id":"7","pokemon_move_method_id":"2","level":"0","pokemon_id":"239"}{"order":"","version_group_id":"9","move_id":"7","pokemon_move_method_id":"3","level":"0","pokemon_id":"239"}{"order":"","version_group_id":"9","move_id":"8","pokemon_move_method_id":"2","level":"0","pokemon_id":"239"}{"order":"","version_group_id":"9","move_id":"8","pokemon_move_method_id":"3","level":"0","pokemon_id":"239"}{"order":"","version_group_id":"9","move_id":"9","pokemon_move_method_id":"1","level":"28","pokemon_id":"239"}{"order":"","version_group_id":"9","move_id":"9","pokemon_move_method_id":"3","level":"0","pokemon_id":"239"}{"order":"","version_group_id":"9","move_id":"27","pokemon_move_method_id":"2","level":"0","pokemon_id":"239"}{"order":"2","version_group_id":"9","move_id":"43","pokemon_move_method_id":"1","level":"1","pokemon_id":"239"}{"order":"","version_group_id":"9","move_id":"67","pokemon_move_method_id":"1","level":"10","pokemon_id":"239"}{"order":"","version_group_id":"9","move_id":"84","pokemon_move_method_id":"1","level":"7","pokemon_id":"239"}{"order":"","version_group_id":"9","move_id":"85","pokemon_move_method_id":"1","level":"37","pokemon_id":"239"}{"order":"","version_group_id":"9","move_id":"85","pokemon_move_method_id":"4","level":"0","pokemon_id":"239"}{"order":"","version_group_id":"9","move_id":"86","pokemon_move_method_id":"4","level":"0","pokemon_id":"239"}{"order":"","version_group_id":"9","move_id":"87","pokemon_move_method_id":"1","level":"46","pokemon_id":"239"}{"order":"","version_group_id":"9","move_id":"87","pokemon_move_method_id":"4","level":"0","pokemon_id":"239"}{"order":"","version_group_id":"9","move_id":"92","pokemon_move_method_id":"4","level":"0","pokemon_id":"239"}{"order":"","version_group_id":"9","move_id":"94","pokemon_move_method_id":"4","level":"0","pokemon_id":"239"}{"order":"","version_group_id":"9","move_id":"96","pokemon_move_method_id":"2","level":"0","pokemon_id":"239"}{"order":"1","version_group_id":"9","move_id":"98","pokemon_move_method_id":"1","level":"1","pokemon_id":"239"}{"order":"","version_group_id":"9","move_id":"103","pokemon_move_method_id":"1","level":"43","pokemon_id":"239"}{"order":"","version_group_id":"9","move_id":"104","pokemon_move_method_id":"4","level":"0","pokemon_id":"239"}{"order":"","version_group_id":"9","move_id":"112","pokemon_move_method_id":"2","level":"0","pokemon_id":"239"}{"order":"","version_group_id":"9","move_id":"113","pokemon_move_method_id":"1","level":"25","pokemon_id":"239"}{"order":"","version_group_id":"9","move_id":"113","pokemon_move_method_id":"4","level":"0","pokemon_id":"239"}{"order":"","version_group_id":"9","move_id":"129","pokemon_move_method_id":"1","level":"16","pokemon_id":"239"}{"order":"","version_group_id":"9","move_id":"129","pokemon_move_method_id":"3","level":"0","pokemon_id":"239"}{"order":"","version_group_id":"9","move_id":"148","pokemon_move_method_id":"4","level":"0","pokemon_id":"239"}{"order":"","version_group_id":"9","move_id":"156","pokemon_move_method_id":"4","level":"0","pokemon_id":"239"}{"order":"","version_group_id":"9","move_id":"164","pokemon_move_method_id":"4","level":"0","pokemon_id":"239"}{"order":"","version_group_id":"9","move_id":"168","pokemon_move_method_id":"4","level":"0","pokemon_id":"239"}{"order":"","version_group_id":"9","move_id":"173","pokemon_move_method_id":"3","level":"0","pokemon_id":"239"}{"order":"","version_group_id":"9","move_id":"182","pokemon_move_method_id":"4","level":"0","pokemon_id":"239"}{"order":"","version_group_id":"9","move_id":"189","pokemon_move_method_id":"3","level":"0","pokemon_id":"239"}{"order":"","version_group_id":"9","move_id":"203","pokemon_move_method_id":"4","level":"0","pokemon_id":"239"}{"order":"","version_group_id":"9","move_id":"207","pokemon_move_method_id":"4","level":"0","pokemon_id":"239"}{"order":"","version_group_id":"9","move_id":"213","pokemon_move_method_id":"4","level":"0","pokemon_id":"239"}{"order":"","version_group_id":"9","move_id":"214","pokemon_move_method_id":"4","level":"0","pokemon_id":"239"}{"order":"","version_group_id":"9","move_id":"216","pokemon_move_method_id":"4","level":"0","pokemon_id":"239"}{"order":"","version_group_id":"9","move_id":"218","pokemon_move_method_id":"4","level":"0","pokemon_id":"239"}{"order":"","version_group_id":"9","move_id":"223","pokemon_move_method_id":"2","level":"0","pokemon_id":"239"}{"order":"","version_group_id":"9","move_id":"237","pokemon_move_method_id":"4","level":"0","pokemon_id":"239"}{"order":"","version_group_id":"9","move_id":"238","pokemon_move_method_id":"2","level":"0","pokemon_id":"239"}{"order":"","version_group_id":"9","move_id":"240","pokemon_move_method_id":"4","level":"0","pokemon_id":"239"}{"order":"","version_group_id":"9","move_id":"249","pokemon_move_method_id":"4","level":"0","pokemon_id":"239"}{"order":"","version_group_id":"9","move_id":"253","pokemon_move_method_id":"3","level":"0","pokemon_id":"239"}{"order":"","version_group_id":"9","move_id":"263","pokemon_move_method_id":"4","level":"0","pokemon_id":"239"}{"order":"","version_group_id":"9","move_id":"264","pokemon_move_method_id":"4","level":"0","pokemon_id":"239"}{"order":"","version_group_id":"9","move_id":"270","pokemon_move_method_id":"3","level":"0","pokemon_id":"239"}{"order":"","version_group_id":"9","move_id":"280","pokemon_move_method_id":"4","level":"0","pokemon_id":"239"}{"order":"","version_group_id":"9","move_id":"290","pokemon_move_method_id":"4","level":"0","pokemon_id":"239"}{"order":"","version_group_id":"9","move_id":"324","pokemon_move_method_id":"3","level":"0","pokemon_id":"239"}{"order":"","version_group_id":"9","move_id":"351","pokemon_move_method_id":"1","level":"19","pokemon_id":"239"}{"order":"","version_group_id":"9","move_id":"351","pokemon_move_method_id":"4","level":"0","pokemon_id":"239"}{"order":"","version_group_id":"9","move_id":"363","pokemon_move_method_id":"4","level":"0","pokemon_id":"239"}{"order":"","version_group_id":"9","move_id":"374","pokemon_move_method_id":"4","level":"0","pokemon_id":"239"}{"order":"","version_group_id":"9","move_id":"393","pokemon_move_method_id":"3","level":"0","pokemon_id":"239"}{"order":"","version_group_id":"9","move_id":"435","pokemon_move_method_id":"1","level":"34","pokemon_id":"239"}{"order":"","version_group_id":"9","move_id":"445","pokemon_move_method_id":"4","level":"0","pokemon_id":"239"}{"order":"","version_group_id":"9","move_id":"451","pokemon_move_method_id":"4","level":"0","pokemon_id":"239"}{"order":"","version_group_id":"10","move_id":"2","pokemon_move_method_id":"2","level":"0","pokemon_id":"239"}{"order":"","version_group_id":"10","move_id":"7","pokemon_move_method_id":"2","level":"0","pokemon_id":"239"}{"order":"","version_group_id":"10","move_id":"7","pokemon_move_method_id":"3","level":"0","pokemon_id":"239"}{"order":"","version_group_id":"10","move_id":"8","pokemon_move_method_id":"2","level":"0","pokemon_id":"239"}{"order":"","version_group_id":"10","move_id":"8","pokemon_move_method_id":"3","level":"0","pokemon_id":"239"}{"order":"","version_group_id":"10","move_id":"9","pokemon_move_method_id":"1","level":"28","pokemon_id":"239"}{"order":"","version_group_id":"10","move_id":"9","pokemon_move_method_id":"3","level":"0","pokemon_id":"239"}{"order":"","version_group_id":"10","move_id":"27","pokemon_move_method_id":"2","level":"0","pokemon_id":"239"}{"order":"","version_group_id":"10","move_id":"29","pokemon_move_method_id":"3","level":"0","pokemon_id":"239"}{"order":"2","version_group_id":"10","move_id":"43","pokemon_move_method_id":"1","level":"1","pokemon_id":"239"}{"order":"","version_group_id":"10","move_id":"67","pokemon_move_method_id":"1","level":"10","pokemon_id":"239"}{"order":"","version_group_id":"10","move_id":"67","pokemon_move_method_id":"3","level":"0","pokemon_id":"239"}{"order":"","version_group_id":"10","move_id":"84","pokemon_move_method_id":"1","level":"7","pokemon_id":"239"}{"order":"","version_group_id":"10","move_id":"85","pokemon_move_method_id":"1","level":"37","pokemon_id":"239"}{"order":"","version_group_id":"10","move_id":"85","pokemon_move_method_id":"4","level":"0","pokemon_id":"239"}{"order":"","version_group_id":"10","move_id":"86","pokemon_move_method_id":"4","level":"0","pokemon_id":"239"}{"order":"","version_group_id":"10","move_id":"87","pokemon_move_method_id":"1","level":"46","pokemon_id":"239"}{"order":"","version_group_id":"10","move_id":"87","pokemon_move_method_id":"4","level":"0","pokemon_id":"239"}{"order":"","version_group_id":"10","move_id":"92","pokemon_move_method_id":"4","level":"0","pokemon_id":"239"}{"order":"","version_group_id":"10","move_id":"94","pokemon_move_method_id":"4","level":"0","pokemon_id":"239"}{"order":"","version_group_id":"10","move_id":"96","pokemon_move_method_id":"2","level":"0","pokemon_id":"239"}{"order":"1","version_group_id":"10","move_id":"98","pokemon_move_method_id":"1","level":"1","pokemon_id":"239"}{"order":"","version_group_id":"10","move_id":"103","pokemon_move_method_id":"1","level":"43","pokemon_id":"239"}{"order":"","version_group_id":"10","move_id":"104","pokemon_move_method_id":"4","level":"0","pokemon_id":"239"}{"order":"","version_group_id":"10","move_id":"112","pokemon_move_method_id":"2","level":"0","pokemon_id":"239"}{"order":"","version_group_id":"10","move_id":"113","pokemon_move_method_id":"1","level":"25","pokemon_id":"239"}{"order":"","version_group_id":"10","move_id":"113","pokemon_move_method_id":"4","level":"0","pokemon_id":"239"}{"order":"","version_group_id":"10","move_id":"129","pokemon_move_method_id":"1","level":"16","pokemon_id":"239"}{"order":"","version_group_id":"10","move_id":"129","pokemon_move_method_id":"3","level":"0","pokemon_id":"239"}{"order":"","version_group_id":"10","move_id":"148","pokemon_move_method_id":"4","level":"0","pokemon_id":"239"}{"order":"","version_group_id":"10","move_id":"156","pokemon_move_method_id":"4","level":"0","pokemon_id":"239"}{"order":"","version_group_id":"10","move_id":"164","pokemon_move_method_id":"4","level":"0","pokemon_id":"239"}{"order":"","version_group_id":"10","move_id":"168","pokemon_move_method_id":"4","level":"0","pokemon_id":"239"}{"order":"","version_group_id":"10","move_id":"173","pokemon_move_method_id":"3","level":"0","pokemon_id":"239"}{"order":"","version_group_id":"10","move_id":"182","pokemon_move_method_id":"4","level":"0","pokemon_id":"239"}{"order":"","version_group_id":"10","move_id":"189","pokemon_move_method_id":"3","level":"0","pokemon_id":"239"}{"order":"","version_group_id":"10","move_id":"203","pokemon_move_method_id":"4","level":"0","pokemon_id":"239"}{"order":"","version_group_id":"10","move_id":"207","pokemon_move_method_id":"4","level":"0","pokemon_id":"239"}{"order":"","version_group_id":"10","move_id":"213","pokemon_move_method_id":"4","level":"0","pokemon_id":"239"}{"order":"","version_group_id":"10","move_id":"214","pokemon_move_method_id":"4","level":"0","pokemon_id":"239"}{"order":"","version_group_id":"10","move_id":"216","pokemon_move_method_id":"4","level":"0","pokemon_id":"239"}{"order":"","version_group_id":"10","move_id":"218","pokemon_move_method_id":"4","level":"0","pokemon_id":"239"}{"order":"","version_group_id":"10","move_id":"223","pokemon_move_method_id":"2","level":"0","pokemon_id":"239"}{"order":"","version_group_id":"10","move_id":"237","pokemon_move_method_id":"4","level":"0","pokemon_id":"239"}{"order":"","version_group_id":"10","move_id":"238","pokemon_move_method_id":"2","level":"0","pokemon_id":"239"}{"order":"","version_group_id":"10","move_id":"240","pokemon_move_method_id":"4","level":"0","pokemon_id":"239"}{"order":"","version_group_id":"10","move_id":"249","pokemon_move_method_id":"4","level":"0","pokemon_id":"239"}{"order":"","version_group_id":"10","move_id":"253","pokemon_move_method_id":"3","level":"0","pokemon_id":"239"}{"order":"","version_group_id":"10","move_id":"263","pokemon_move_method_id":"4","level":"0","pokemon_id":"239"}{"order":"","version_group_id":"10","move_id":"264","pokemon_move_method_id":"4","level":"0","pokemon_id":"239"}{"order":"","version_group_id":"10","move_id":"270","pokemon_move_method_id":"3","level":"0","pokemon_id":"239"}{"order":"","version_group_id":"10","move_id":"280","pokemon_move_method_id":"4","level":"0","pokemon_id":"239"}{"order":"","version_group_id":"10","move_id":"290","pokemon_move_method_id":"4","level":"0","pokemon_id":"239"}{"order":"","version_group_id":"10","move_id":"324","pokemon_move_method_id":"3","level":"0","pokemon_id":"239"}{"order":"","version_group_id":"10","move_id":"351","pokemon_move_method_id":"1","level":"19","pokemon_id":"239"}{"order":"","version_group_id":"10","move_id":"351","pokemon_move_method_id":"4","level":"0","pokemon_id":"239"}{"order":"","version_group_id":"10","move_id":"363","pokemon_move_method_id":"4","level":"0","pokemon_id":"239"}{"order":"","version_group_id":"10","move_id":"364","pokemon_move_method_id":"2","level":"0","pokemon_id":"239"}{"order":"","version_group_id":"10","move_id":"374","pokemon_move_method_id":"4","level":"0","pokemon_id":"239"}{"order":"","version_group_id":"10","move_id":"393","pokemon_move_method_id":"3","level":"0","pokemon_id":"239"}{"order":"","version_group_id":"10","move_id":"435","pokemon_move_method_id":"1","level":"34","pokemon_id":"239"}{"order":"","version_group_id":"10","move_id":"445","pokemon_move_method_id":"4","level":"0","pokemon_id":"239"}{"order":"","version_group_id":"10","move_id":"451","pokemon_move_method_id":"4","level":"0","pokemon_id":"239"}{"order":"","version_group_id":"11","move_id":"2","pokemon_move_method_id":"2","level":"0","pokemon_id":"239"}{"order":"","version_group_id":"11","move_id":"7","pokemon_move_method_id":"2","level":"0","pokemon_id":"239"}{"order":"","version_group_id":"11","move_id":"8","pokemon_move_method_id":"2","level":"0","pokemon_id":"239"}{"order":"","version_group_id":"11","move_id":"9","pokemon_move_method_id":"1","level":"36","pokemon_id":"239"}{"order":"","version_group_id":"11","move_id":"27","pokemon_move_method_id":"2","level":"0","pokemon_id":"239"}{"order":"2","version_group_id":"11","move_id":"43","pokemon_move_method_id":"1","level":"1","pokemon_id":"239"}{"order":"","version_group_id":"11","move_id":"67","pokemon_move_method_id":"1","level":"11","pokemon_id":"239"}{"order":"","version_group_id":"11","move_id":"84","pokemon_move_method_id":"1","level":"6","pokemon_id":"239"}{"order":"","version_group_id":"11","move_id":"85","pokemon_move_method_id":"1","level":"46","pokemon_id":"239"}{"order":"","version_group_id":"11","move_id":"85","pokemon_move_method_id":"4","level":"0","pokemon_id":"239"}{"order":"","version_group_id":"11","move_id":"86","pokemon_move_method_id":"4","level":"0","pokemon_id":"239"}{"order":"","version_group_id":"11","move_id":"87","pokemon_move_method_id":"1","level":"56","pokemon_id":"239"}{"order":"","version_group_id":"11","move_id":"87","pokemon_move_method_id":"4","level":"0","pokemon_id":"239"}{"order":"","version_group_id":"11","move_id":"92","pokemon_move_method_id":"4","level":"0","pokemon_id":"239"}{"order":"","version_group_id":"11","move_id":"94","pokemon_move_method_id":"4","level":"0","pokemon_id":"239"}{"order":"","version_group_id":"11","move_id":"96","pokemon_move_method_id":"2","level":"0","pokemon_id":"239"}{"order":"1","version_group_id":"11","move_id":"98","pokemon_move_method_id":"1","level":"1","pokemon_id":"239"}{"order":"","version_group_id":"11","move_id":"103","pokemon_move_method_id":"1","level":"51","pokemon_id":"239"}{"order":"","version_group_id":"11","move_id":"104","pokemon_move_method_id":"4","level":"0","pokemon_id":"239"}{"order":"","version_group_id":"11","move_id":"112","pokemon_move_method_id":"2","level":"0","pokemon_id":"239"}{"order":"","version_group_id":"11","move_id":"113","pokemon_move_method_id":"1","level":"26","pokemon_id":"239"}{"order":"","version_group_id":"11","move_id":"113","pokemon_move_method_id":"4","level":"0","pokemon_id":"239"}{"order":"","version_group_id":"11","move_id":"129","pokemon_move_method_id":"1","level":"16","pokemon_id":"239"}{"order":"","version_group_id":"11","move_id":"148","pokemon_move_method_id":"4","level":"0","pokemon_id":"239"}{"order":"","version_group_id":"11","move_id":"156","pokemon_move_method_id":"4","level":"0","pokemon_id":"239"}{"order":"","version_group_id":"11","move_id":"164","pokemon_move_method_id":"4","level":"0","pokemon_id":"239"}{"order":"","version_group_id":"11","move_id":"168","pokemon_move_method_id":"4","level":"0","pokemon_id":"239"}{"order":"","version_group_id":"11","move_id":"182","pokemon_move_method_id":"4","level":"0","pokemon_id":"239"}{"order":"","version_group_id":"11","move_id":"207","pokemon_move_method_id":"4","level":"0","pokemon_id":"239"}{"order":"","version_group_id":"11","move_id":"213","pokemon_move_method_id":"4","level":"0","pokemon_id":"239"}{"order":"","version_group_id":"11","move_id":"216","pokemon_move_method_id":"4","level":"0","pokemon_id":"239"}{"order":"","version_group_id":"11","move_id":"218","pokemon_move_method_id":"4","level":"0","pokemon_id":"239"}{"order":"","version_group_id":"11","move_id":"223","pokemon_move_method_id":"2","level":"0","pokemon_id":"239"}{"order":"","version_group_id":"11","move_id":"237","pokemon_move_method_id":"4","level":"0","pokemon_id":"239"}{"order":"","version_group_id":"11","move_id":"238","pokemon_move_method_id":"2","level":"0","pokemon_id":"239"}{"order":"","version_group_id":"11","move_id":"240","pokemon_move_method_id":"4","level":"0","pokemon_id":"239"}{"order":"","version_group_id":"11","move_id":"249","pokemon_move_method_id":"4","level":"0","pokemon_id":"239"}{"order":"","version_group_id":"11","move_id":"263","pokemon_move_method_id":"4","level":"0","pokemon_id":"239"}{"order":"","version_group_id":"11","move_id":"264","pokemon_move_method_id":"2","level":"0","pokemon_id":"239"}{"order":"","version_group_id":"11","move_id":"280","pokemon_move_method_id":"4","level":"0","pokemon_id":"239"}{"order":"","version_group_id":"11","move_id":"351","pokemon_move_method_id":"1","level":"21","pokemon_id":"239"}{"order":"","version_group_id":"11","move_id":"359","pokemon_move_method_id":"2","level":"0","pokemon_id":"239"}{"order":"","version_group_id":"11","move_id":"364","pokemon_move_method_id":"2","level":"0","pokemon_id":"239"}{"order":"","version_group_id":"11","move_id":"374","pokemon_move_method_id":"4","level":"0","pokemon_id":"239"}{"order":"","version_group_id":"11","move_id":"435","pokemon_move_method_id":"1","level":"41","pokemon_id":"239"}{"order":"","version_group_id":"11","move_id":"451","pokemon_move_method_id":"4","level":"0","pokemon_id":"239"}{"order":"","version_group_id":"11","move_id":"486","pokemon_move_method_id":"1","level":"31","pokemon_id":"239"}{"order":"","version_group_id":"11","move_id":"496","pokemon_move_method_id":"4","level":"0","pokemon_id":"239"}{"order":"","version_group_id":"11","move_id":"521","pokemon_move_method_id":"4","level":"0","pokemon_id":"239"}{"order":"","version_group_id":"11","move_id":"528","pokemon_move_method_id":"4","level":"0","pokemon_id":"239"}{"order":"","version_group_id":"12","move_id":"9","pokemon_move_method_id":"1","level":"9","pokemon_id":"239"}{"order":"2","version_group_id":"12","move_id":"43","pokemon_move_method_id":"1","level":"1","pokemon_id":"239"}{"order":"","version_group_id":"12","move_id":"85","pokemon_move_method_id":"1","level":"41","pokemon_id":"239"}{"order":"","version_group_id":"12","move_id":"85","pokemon_move_method_id":"4","level":"0","pokemon_id":"239"}{"order":"","version_group_id":"12","move_id":"87","pokemon_move_method_id":"1","level":"49","pokemon_id":"239"}{"order":"","version_group_id":"12","move_id":"87","pokemon_move_method_id":"4","level":"0","pokemon_id":"239"}{"order":"","version_group_id":"12","move_id":"92","pokemon_move_method_id":"4","level":"0","pokemon_id":"239"}{"order":"","version_group_id":"12","move_id":"94","pokemon_move_method_id":"4","level":"0","pokemon_id":"239"}{"order":"1","version_group_id":"12","move_id":"98","pokemon_move_method_id":"1","level":"1","pokemon_id":"239"}{"order":"","version_group_id":"12","move_id":"103","pokemon_move_method_id":"1","level":"33","pokemon_id":"239"}{"order":"","version_group_id":"12","move_id":"104","pokemon_move_method_id":"4","level":"0","pokemon_id":"239"}{"order":"","version_group_id":"12","move_id":"113","pokemon_move_method_id":"1","level":"17","pokemon_id":"239"}{"order":"","version_group_id":"12","move_id":"113","pokemon_move_method_id":"4","level":"0","pokemon_id":"239"}{"order":"","version_group_id":"12","move_id":"129","pokemon_move_method_id":"1","level":"25","pokemon_id":"239"}{"order":"","version_group_id":"12","move_id":"148","pokemon_move_method_id":"4","level":"0","pokemon_id":"239"}{"order":"","version_group_id":"12","move_id":"156","pokemon_move_method_id":"4","level":"0","pokemon_id":"239"}{"order":"","version_group_id":"12","move_id":"168","pokemon_move_method_id":"4","level":"0","pokemon_id":"239"}{"order":"","version_group_id":"12","move_id":"182","pokemon_move_method_id":"4","level":"0","pokemon_id":"239"}{"order":"","version_group_id":"12","move_id":"213","pokemon_move_method_id":"4","level":"0","pokemon_id":"239"}{"order":"","version_group_id":"12","move_id":"216","pokemon_move_method_id":"4","level":"0","pokemon_id":"239"}{"order":"","version_group_id":"12","move_id":"218","pokemon_move_method_id":"4","level":"0","pokemon_id":"239"}{"order":"","version_group_id":"12","move_id":"237","pokemon_move_method_id":"4","level":"0","pokemon_id":"239"}{"order":"","version_group_id":"12","move_id":"240","pokemon_move_method_id":"4","level":"0","pokemon_id":"239"}{"order":"","version_group_id":"12","move_id":"249","pokemon_move_method_id":"4","level":"0","pokemon_id":"239"}{"order":"","version_group_id":"12","move_id":"263","pokemon_move_method_id":"4","level":"0","pokemon_id":"239"}{"order":"","version_group_id":"12","move_id":"264","pokemon_move_method_id":"4","level":"0","pokemon_id":"239"}{"order":"","version_group_id":"12","move_id":"280","pokemon_move_method_id":"4","level":"0","pokemon_id":"239"}{"order":"","version_group_id":"12","move_id":"290","pokemon_move_method_id":"4","level":"0","pokemon_id":"239"}{"order":"","version_group_id":"12","move_id":"351","pokemon_move_method_id":"4","level":"0","pokemon_id":"239"}{"order":"","version_group_id":"13","move_id":"9","pokemon_move_method_id":"1","level":"9","pokemon_id":"239"}{"order":"","version_group_id":"13","move_id":"34","pokemon_move_method_id":"3","level":"0","pokemon_id":"239"}{"order":"","version_group_id":"13","move_id":"38","pokemon_move_method_id":"3","level":"0","pokemon_id":"239"}{"order":"2","version_group_id":"13","move_id":"43","pokemon_move_method_id":"1","level":"1","pokemon_id":"239"}{"order":"","version_group_id":"13","move_id":"69","pokemon_move_method_id":"3","level":"0","pokemon_id":"239"}{"order":"","version_group_id":"13","move_id":"85","pokemon_move_method_id":"1","level":"41","pokemon_id":"239"}{"order":"","version_group_id":"13","move_id":"85","pokemon_move_method_id":"4","level":"0","pokemon_id":"239"}{"order":"","version_group_id":"13","move_id":"86","pokemon_move_method_id":"3","level":"0","pokemon_id":"239"}{"order":"","version_group_id":"13","move_id":"87","pokemon_move_method_id":"1","level":"49","pokemon_id":"239"}{"order":"","version_group_id":"13","move_id":"87","pokemon_move_method_id":"4","level":"0","pokemon_id":"239"}{"order":"","version_group_id":"13","move_id":"92","pokemon_move_method_id":"4","level":"0","pokemon_id":"239"}{"order":"","version_group_id":"13","move_id":"94","pokemon_move_method_id":"4","level":"0","pokemon_id":"239"}{"order":"1","version_group_id":"13","move_id":"98","pokemon_move_method_id":"1","level":"1","pokemon_id":"239"}{"order":"","version_group_id":"13","move_id":"102","pokemon_move_method_id":"3","level":"0","pokemon_id":"239"}{"order":"","version_group_id":"13","move_id":"103","pokemon_move_method_id":"1","level":"33","pokemon_id":"239"}{"order":"","version_group_id":"13","move_id":"104","pokemon_move_method_id":"4","level":"0","pokemon_id":"239"}{"order":"","version_group_id":"13","move_id":"113","pokemon_move_method_id":"1","level":"17","pokemon_id":"239"}{"order":"","version_group_id":"13","move_id":"113","pokemon_move_method_id":"4","level":"0","pokemon_id":"239"}{"order":"","version_group_id":"13","move_id":"129","pokemon_move_method_id":"1","level":"25","pokemon_id":"239"}{"order":"","version_group_id":"13","move_id":"148","pokemon_move_method_id":"4","level":"0","pokemon_id":"239"}{"order":"","version_group_id":"13","move_id":"156","pokemon_move_method_id":"4","level":"0","pokemon_id":"239"}{"order":"","version_group_id":"13","move_id":"164","pokemon_move_method_id":"3","level":"0","pokemon_id":"239"}{"order":"","version_group_id":"13","move_id":"168","pokemon_move_method_id":"4","level":"0","pokemon_id":"239"}{"order":"","version_group_id":"13","move_id":"182","pokemon_move_method_id":"4","level":"0","pokemon_id":"239"}{"order":"","version_group_id":"13","move_id":"207","pokemon_move_method_id":"3","level":"0","pokemon_id":"239"}{"order":"","version_group_id":"13","move_id":"213","pokemon_move_method_id":"4","level":"0","pokemon_id":"239"}{"order":"","version_group_id":"13","move_id":"216","pokemon_move_method_id":"4","level":"0","pokemon_id":"239"}{"order":"","version_group_id":"13","move_id":"218","pokemon_move_method_id":"4","level":"0","pokemon_id":"239"}{"order":"","version_group_id":"13","move_id":"237","pokemon_move_method_id":"4","level":"0","pokemon_id":"239"}{"order":"","version_group_id":"13","move_id":"240","pokemon_move_method_id":"4","level":"0","pokemon_id":"239"}{"order":"","version_group_id":"13","move_id":"249","pokemon_move_method_id":"4","level":"0","pokemon_id":"239"}{"order":"","version_group_id":"13","move_id":"263","pokemon_move_method_id":"4","level":"0","pokemon_id":"239"}{"order":"","version_group_id":"13","move_id":"264","pokemon_move_method_id":"4","level":"0","pokemon_id":"239"}{"order":"","version_group_id":"13","move_id":"280","pokemon_move_method_id":"4","level":"0","pokemon_id":"239"}{"order":"","version_group_id":"13","move_id":"290","pokemon_move_method_id":"4","level":"0","pokemon_id":"239"}{"order":"","version_group_id":"13","move_id":"351","pokemon_move_method_id":"4","level":"0","pokemon_id":"239"}{"order":"","version_group_id":"14","move_id":"2","pokemon_move_method_id":"2","level":"0","pokemon_id":"239"}{"order":"","version_group_id":"14","move_id":"7","pokemon_move_method_id":"2","level":"0","pokemon_id":"239"}{"order":"","version_group_id":"14","move_id":"7","pokemon_move_method_id":"3","level":"0","pokemon_id":"239"}{"order":"","version_group_id":"14","move_id":"8","pokemon_move_method_id":"2","level":"0","pokemon_id":"239"}{"order":"","version_group_id":"14","move_id":"8","pokemon_move_method_id":"3","level":"0","pokemon_id":"239"}{"order":"","version_group_id":"14","move_id":"9","pokemon_move_method_id":"1","level":"29","pokemon_id":"239"}{"order":"","version_group_id":"14","move_id":"9","pokemon_move_method_id":"3","level":"0","pokemon_id":"239"}{"order":"","version_group_id":"14","move_id":"27","pokemon_move_method_id":"2","level":"0","pokemon_id":"239"}{"order":"2","version_group_id":"14","move_id":"43","pokemon_move_method_id":"1","level":"1","pokemon_id":"239"}{"order":"","version_group_id":"14","move_id":"67","pokemon_move_method_id":"1","level":"8","pokemon_id":"239"}{"order":"","version_group_id":"14","move_id":"67","pokemon_move_method_id":"3","level":"0","pokemon_id":"239"}{"order":"","version_group_id":"14","move_id":"84","pokemon_move_method_id":"1","level":"5","pokemon_id":"239"}{"order":"","version_group_id":"14","move_id":"85","pokemon_move_method_id":"1","level":"40","pokemon_id":"239"}{"order":"","version_group_id":"14","move_id":"85","pokemon_move_method_id":"4","level":"0","pokemon_id":"239"}{"order":"","version_group_id":"14","move_id":"86","pokemon_move_method_id":"1","level":"19","pokemon_id":"239"}{"order":"","version_group_id":"14","move_id":"86","pokemon_move_method_id":"4","level":"0","pokemon_id":"239"}{"order":"","version_group_id":"14","move_id":"87","pokemon_move_method_id":"1","level":"43","pokemon_id":"239"}{"order":"","version_group_id":"14","move_id":"87","pokemon_move_method_id":"4","level":"0","pokemon_id":"239"}{"order":"","version_group_id":"14","move_id":"92","pokemon_move_method_id":"4","level":"0","pokemon_id":"239"}{"order":"","version_group_id":"14","move_id":"94","pokemon_move_method_id":"4","level":"0","pokemon_id":"239"}{"order":"","version_group_id":"14","move_id":"96","pokemon_move_method_id":"2","level":"0","pokemon_id":"239"}{"order":"1","version_group_id":"14","move_id":"98","pokemon_move_method_id":"1","level":"1","pokemon_id":"239"}{"order":"","version_group_id":"14","move_id":"103","pokemon_move_method_id":"1","level":"36","pokemon_id":"239"}{"order":"","version_group_id":"14","move_id":"104","pokemon_move_method_id":"4","level":"0","pokemon_id":"239"}{"order":"","version_group_id":"14","move_id":"112","pokemon_move_method_id":"2","level":"0","pokemon_id":"239"}{"order":"","version_group_id":"14","move_id":"113","pokemon_move_method_id":"1","level":"26","pokemon_id":"239"}{"order":"","version_group_id":"14","move_id":"113","pokemon_move_method_id":"4","level":"0","pokemon_id":"239"}{"order":"","version_group_id":"14","move_id":"129","pokemon_move_method_id":"1","level":"12","pokemon_id":"239"}{"order":"","version_group_id":"14","move_id":"148","pokemon_move_method_id":"4","level":"0","pokemon_id":"239"}{"order":"","version_group_id":"14","move_id":"156","pokemon_move_method_id":"4","level":"0","pokemon_id":"239"}{"order":"","version_group_id":"14","move_id":"164","pokemon_move_method_id":"4","level":"0","pokemon_id":"239"}{"order":"","version_group_id":"14","move_id":"168","pokemon_move_method_id":"4","level":"0","pokemon_id":"239"}{"order":"","version_group_id":"14","move_id":"173","pokemon_move_method_id":"3","level":"0","pokemon_id":"239"}{"order":"","version_group_id":"14","move_id":"182","pokemon_move_method_id":"4","level":"0","pokemon_id":"239"}{"order":"","version_group_id":"14","move_id":"207","pokemon_move_method_id":"4","level":"0","pokemon_id":"239"}{"order":"","version_group_id":"14","move_id":"213","pokemon_move_method_id":"4","level":"0","pokemon_id":"239"}{"order":"","version_group_id":"14","move_id":"214","pokemon_move_method_id":"3","level":"0","pokemon_id":"239"}{"order":"","version_group_id":"14","move_id":"216","pokemon_move_method_id":"4","level":"0","pokemon_id":"239"}{"order":"","version_group_id":"14","move_id":"218","pokemon_move_method_id":"4","level":"0","pokemon_id":"239"}{"order":"","version_group_id":"14","move_id":"223","pokemon_move_method_id":"2","level":"0","pokemon_id":"239"}{"order":"","version_group_id":"14","move_id":"237","pokemon_move_method_id":"4","level":"0","pokemon_id":"239"}{"order":"","version_group_id":"14","move_id":"238","pokemon_move_method_id":"2","level":"0","pokemon_id":"239"}{"order":"","version_group_id":"14","move_id":"240","pokemon_move_method_id":"4","level":"0","pokemon_id":"239"}{"order":"","version_group_id":"14","move_id":"249","pokemon_move_method_id":"4","level":"0","pokemon_id":"239"}{"order":"","version_group_id":"14","move_id":"253","pokemon_move_method_id":"3","level":"0","pokemon_id":"239"}{"order":"","version_group_id":"14","move_id":"263","pokemon_move_method_id":"4","level":"0","pokemon_id":"239"}{"order":"","version_group_id":"14","move_id":"264","pokemon_move_method_id":"2","level":"0","pokemon_id":"239"}{"order":"","version_group_id":"14","move_id":"270","pokemon_move_method_id":"3","level":"0","pokemon_id":"239"}{"order":"","version_group_id":"14","move_id":"280","pokemon_move_method_id":"4","level":"0","pokemon_id":"239"}{"order":"","version_group_id":"14","move_id":"324","pokemon_move_method_id":"3","level":"0","pokemon_id":"239"}{"order":"","version_group_id":"14","move_id":"343","pokemon_move_method_id":"3","level":"0","pokemon_id":"239"}{"order":"","version_group_id":"14","move_id":"351","pokemon_move_method_id":"1","level":"15","pokemon_id":"239"}{"order":"","version_group_id":"14","move_id":"359","pokemon_move_method_id":"2","level":"0","pokemon_id":"239"}{"order":"","version_group_id":"14","move_id":"364","pokemon_move_method_id":"2","level":"0","pokemon_id":"239"}{"order":"","version_group_id":"14","move_id":"374","pokemon_move_method_id":"4","level":"0","pokemon_id":"239"}{"order":"","version_group_id":"14","move_id":"393","pokemon_move_method_id":"3","level":"0","pokemon_id":"239"}{"order":"","version_group_id":"14","move_id":"435","pokemon_move_method_id":"1","level":"33","pokemon_id":"239"}{"order":"","version_group_id":"14","move_id":"451","pokemon_move_method_id":"4","level":"0","pokemon_id":"239"}{"order":"","version_group_id":"14","move_id":"486","pokemon_move_method_id":"1","level":"22","pokemon_id":"239"}{"order":"","version_group_id":"14","move_id":"496","pokemon_move_method_id":"4","level":"0","pokemon_id":"239"}{"order":"","version_group_id":"14","move_id":"521","pokemon_move_method_id":"4","level":"0","pokemon_id":"239"}{"order":"","version_group_id":"14","move_id":"527","pokemon_move_method_id":"3","level":"0","pokemon_id":"239"}{"order":"","version_group_id":"14","move_id":"528","pokemon_move_method_id":"4","level":"0","pokemon_id":"239"}{"order":"","version_group_id":"14","move_id":"530","pokemon_move_method_id":"3","level":"0","pokemon_id":"239"}{"order":"","version_group_id":"15","move_id":"2","pokemon_move_method_id":"2","level":"0","pokemon_id":"239"}{"order":"","version_group_id":"15","move_id":"7","pokemon_move_method_id":"2","level":"0","pokemon_id":"239"}{"order":"","version_group_id":"15","move_id":"8","pokemon_move_method_id":"2","level":"0","pokemon_id":"239"}{"order":"","version_group_id":"15","move_id":"9","pokemon_move_method_id":"1","level":"29","pokemon_id":"239"}{"order":"","version_group_id":"15","move_id":"27","pokemon_move_method_id":"2","level":"0","pokemon_id":"239"}{"order":"2","version_group_id":"15","move_id":"43","pokemon_move_method_id":"1","level":"1","pokemon_id":"239"}{"order":"","version_group_id":"15","move_id":"67","pokemon_move_method_id":"1","level":"8","pokemon_id":"239"}{"order":"","version_group_id":"15","move_id":"84","pokemon_move_method_id":"1","level":"5","pokemon_id":"239"}{"order":"","version_group_id":"15","move_id":"85","pokemon_move_method_id":"1","level":"40","pokemon_id":"239"}{"order":"","version_group_id":"15","move_id":"85","pokemon_move_method_id":"4","level":"0","pokemon_id":"239"}{"order":"","version_group_id":"15","move_id":"86","pokemon_move_method_id":"1","level":"19","pokemon_id":"239"}{"order":"","version_group_id":"15","move_id":"86","pokemon_move_method_id":"4","level":"0","pokemon_id":"239"}{"order":"","version_group_id":"15","move_id":"87","pokemon_move_method_id":"1","level":"43","pokemon_id":"239"}{"order":"","version_group_id":"15","move_id":"87","pokemon_move_method_id":"4","level":"0","pokemon_id":"239"}{"order":"","version_group_id":"15","move_id":"92","pokemon_move_method_id":"4","level":"0","pokemon_id":"239"}{"order":"","version_group_id":"15","move_id":"94","pokemon_move_method_id":"4","level":"0","pokemon_id":"239"}{"order":"","version_group_id":"15","move_id":"96","pokemon_move_method_id":"2","level":"0","pokemon_id":"239"}{"order":"1","version_group_id":"15","move_id":"98","pokemon_move_method_id":"1","level":"1","pokemon_id":"239"}{"order":"","version_group_id":"15","move_id":"103","pokemon_move_method_id":"1","level":"36","pokemon_id":"239"}{"order":"","version_group_id":"15","move_id":"104","pokemon_move_method_id":"4","level":"0","pokemon_id":"239"}{"order":"","version_group_id":"15","move_id":"112","pokemon_move_method_id":"2","level":"0","pokemon_id":"239"}{"order":"","version_group_id":"15","move_id":"113","pokemon_move_method_id":"1","level":"26","pokemon_id":"239"}{"order":"","version_group_id":"15","move_id":"113","pokemon_move_method_id":"4","level":"0","pokemon_id":"239"}{"order":"","version_group_id":"15","move_id":"129","pokemon_move_method_id":"1","level":"12","pokemon_id":"239"}{"order":"","version_group_id":"15","move_id":"148","pokemon_move_method_id":"4","level":"0","pokemon_id":"239"}{"order":"","version_group_id":"15","move_id":"156","pokemon_move_method_id":"4","level":"0","pokemon_id":"239"}{"order":"","version_group_id":"15","move_id":"164","pokemon_move_method_id":"4","level":"0","pokemon_id":"239"}{"order":"","version_group_id":"15","move_id":"168","pokemon_move_method_id":"4","level":"0","pokemon_id":"239"}{"order":"","version_group_id":"15","move_id":"182","pokemon_move_method_id":"4","level":"0","pokemon_id":"239"}{"order":"","version_group_id":"15","move_id":"207","pokemon_move_method_id":"4","level":"0","pokemon_id":"239"}{"order":"","version_group_id":"15","move_id":"213","pokemon_move_method_id":"4","level":"0","pokemon_id":"239"}{"order":"","version_group_id":"15","move_id":"214","pokemon_move_method_id":"4","level":"0","pokemon_id":"239"}{"order":"","version_group_id":"15","move_id":"216","pokemon_move_method_id":"4","level":"0","pokemon_id":"239"}{"order":"","version_group_id":"15","move_id":"218","pokemon_move_method_id":"4","level":"0","pokemon_id":"239"}{"order":"","version_group_id":"15","move_id":"223","pokemon_move_method_id":"2","level":"0","pokemon_id":"239"}{"order":"","version_group_id":"15","move_id":"237","pokemon_move_method_id":"4","level":"0","pokemon_id":"239"}{"order":"","version_group_id":"15","move_id":"238","pokemon_move_method_id":"2","level":"0","pokemon_id":"239"}{"order":"","version_group_id":"15","move_id":"240","pokemon_move_method_id":"4","level":"0","pokemon_id":"239"}{"order":"","version_group_id":"15","move_id":"249","pokemon_move_method_id":"4","level":"0","pokemon_id":"239"}{"order":"","version_group_id":"15","move_id":"263","pokemon_move_method_id":"4","level":"0","pokemon_id":"239"}{"order":"","version_group_id":"15","move_id":"264","pokemon_move_method_id":"2","level":"0","pokemon_id":"239"}{"order":"","version_group_id":"15","move_id":"280","pokemon_move_method_id":"4","level":"0","pokemon_id":"239"}{"order":"","version_group_id":"15","move_id":"351","pokemon_move_method_id":"1","level":"15","pokemon_id":"239"}{"order":"","version_group_id":"15","move_id":"359","pokemon_move_method_id":"2","level":"0","pokemon_id":"239"}{"order":"","version_group_id":"15","move_id":"364","pokemon_move_method_id":"2","level":"0","pokemon_id":"239"}{"order":"","version_group_id":"15","move_id":"374","pokemon_move_method_id":"4","level":"0","pokemon_id":"239"}{"order":"","version_group_id":"15","move_id":"435","pokemon_move_method_id":"1","level":"33","pokemon_id":"239"}{"order":"","version_group_id":"15","move_id":"451","pokemon_move_method_id":"4","level":"0","pokemon_id":"239"}{"order":"","version_group_id":"15","move_id":"486","pokemon_move_method_id":"1","level":"22","pokemon_id":"239"}{"order":"","version_group_id":"15","move_id":"496","pokemon_move_method_id":"4","level":"0","pokemon_id":"239"}{"order":"","version_group_id":"15","move_id":"521","pokemon_move_method_id":"4","level":"0","pokemon_id":"239"}{"order":"","version_group_id":"15","move_id":"528","pokemon_move_method_id":"4","level":"0","pokemon_id":"239"}{"order":"","version_group_id":"15","move_id":"590","pokemon_move_method_id":"4","level":"0","pokemon_id":"239"}{"order":"","version_group_id":"15","move_id":"612","pokemon_move_method_id":"4","level":"0","pokemon_id":"239"}