{"order":"","version_group_id":"8","move_id":"15","pokemon_move_method_id":"4","level":"0","pokemon_id":"426"}{"order":"4","version_group_id":"8","move_id":"16","pokemon_move_method_id":"1","level":"1","pokemon_id":"426"}{"order":"","version_group_id":"8","move_id":"16","pokemon_move_method_id":"1","level":"11","pokemon_id":"426"}{"order":"","version_group_id":"8","move_id":"19","pokemon_move_method_id":"4","level":"0","pokemon_id":"426"}{"order":"","version_group_id":"8","move_id":"63","pokemon_move_method_id":"4","level":"0","pokemon_id":"426"}{"order":"","version_group_id":"8","move_id":"85","pokemon_move_method_id":"4","level":"0","pokemon_id":"426"}{"order":"","version_group_id":"8","move_id":"86","pokemon_move_method_id":"4","level":"0","pokemon_id":"426"}{"order":"","version_group_id":"8","move_id":"87","pokemon_move_method_id":"4","level":"0","pokemon_id":"426"}{"order":"","version_group_id":"8","move_id":"92","pokemon_move_method_id":"4","level":"0","pokemon_id":"426"}{"order":"","version_group_id":"8","move_id":"94","pokemon_move_method_id":"4","level":"0","pokemon_id":"426"}{"order":"","version_group_id":"8","move_id":"104","pokemon_move_method_id":"4","level":"0","pokemon_id":"426"}{"order":"2","version_group_id":"8","move_id":"107","pokemon_move_method_id":"1","level":"1","pokemon_id":"426"}{"order":"","version_group_id":"8","move_id":"116","pokemon_move_method_id":"1","level":"14","pokemon_id":"426"}{"order":"1","version_group_id":"8","move_id":"132","pokemon_move_method_id":"1","level":"1","pokemon_id":"426"}{"order":"","version_group_id":"8","move_id":"138","pokemon_move_method_id":"4","level":"0","pokemon_id":"426"}{"order":"","version_group_id":"8","move_id":"148","pokemon_move_method_id":"4","level":"0","pokemon_id":"426"}{"order":"","version_group_id":"8","move_id":"153","pokemon_move_method_id":"1","level":"51","pokemon_id":"426"}{"order":"","version_group_id":"8","move_id":"153","pokemon_move_method_id":"4","level":"0","pokemon_id":"426"}{"order":"","version_group_id":"8","move_id":"156","pokemon_move_method_id":"4","level":"0","pokemon_id":"426"}{"order":"","version_group_id":"8","move_id":"164","pokemon_move_method_id":"4","level":"0","pokemon_id":"426"}{"order":"","version_group_id":"8","move_id":"168","pokemon_move_method_id":"4","level":"0","pokemon_id":"426"}{"order":"","version_group_id":"8","move_id":"182","pokemon_move_method_id":"4","level":"0","pokemon_id":"426"}{"order":"","version_group_id":"8","move_id":"203","pokemon_move_method_id":"4","level":"0","pokemon_id":"426"}{"order":"","version_group_id":"8","move_id":"207","pokemon_move_method_id":"4","level":"0","pokemon_id":"426"}{"order":"","version_group_id":"8","move_id":"213","pokemon_move_method_id":"4","level":"0","pokemon_id":"426"}{"order":"","version_group_id":"8","move_id":"214","pokemon_move_method_id":"4","level":"0","pokemon_id":"426"}{"order":"","version_group_id":"8","move_id":"216","pokemon_move_method_id":"4","level":"0","pokemon_id":"426"}{"order":"","version_group_id":"8","move_id":"218","pokemon_move_method_id":"4","level":"0","pokemon_id":"426"}{"order":"","version_group_id":"8","move_id":"226","pokemon_move_method_id":"1","level":"37","pokemon_id":"426"}{"order":"","version_group_id":"8","move_id":"237","pokemon_move_method_id":"4","level":"0","pokemon_id":"426"}{"order":"","version_group_id":"8","move_id":"240","pokemon_move_method_id":"4","level":"0","pokemon_id":"426"}{"order":"","version_group_id":"8","move_id":"241","pokemon_move_method_id":"4","level":"0","pokemon_id":"426"}{"order":"","version_group_id":"8","move_id":"244","pokemon_move_method_id":"4","level":"0","pokemon_id":"426"}{"order":"","version_group_id":"8","move_id":"247","pokemon_move_method_id":"1","level":"44","pokemon_id":"426"}{"order":"","version_group_id":"8","move_id":"247","pokemon_move_method_id":"4","level":"0","pokemon_id":"426"}{"order":"","version_group_id":"8","move_id":"254","pokemon_move_method_id":"1","level":"22","pokemon_id":"426"}{"order":"2","version_group_id":"8","move_id":"255","pokemon_move_method_id":"1","level":"27","pokemon_id":"426"}{"order":"1","version_group_id":"8","move_id":"256","pokemon_move_method_id":"1","level":"27","pokemon_id":"426"}{"order":"","version_group_id":"8","move_id":"261","pokemon_move_method_id":"4","level":"0","pokemon_id":"426"}{"order":"","version_group_id":"8","move_id":"263","pokemon_move_method_id":"4","level":"0","pokemon_id":"426"}{"order":"","version_group_id":"8","move_id":"278","pokemon_move_method_id":"4","level":"0","pokemon_id":"426"}{"order":"","version_group_id":"8","move_id":"285","pokemon_move_method_id":"4","level":"0","pokemon_id":"426"}{"order":"","version_group_id":"8","move_id":"290","pokemon_move_method_id":"4","level":"0","pokemon_id":"426"}{"order":"3","version_group_id":"8","move_id":"310","pokemon_move_method_id":"1","level":"1","pokemon_id":"426"}{"order":"","version_group_id":"8","move_id":"310","pokemon_move_method_id":"1","level":"6","pokemon_id":"426"}{"order":"","version_group_id":"8","move_id":"318","pokemon_move_method_id":"4","level":"0","pokemon_id":"426"}{"order":"","version_group_id":"8","move_id":"347","pokemon_move_method_id":"4","level":"0","pokemon_id":"426"}{"order":"","version_group_id":"8","move_id":"351","pokemon_move_method_id":"4","level":"0","pokemon_id":"426"}{"order":"","version_group_id":"8","move_id":"360","pokemon_move_method_id":"4","level":"0","pokemon_id":"426"}{"order":"","version_group_id":"8","move_id":"363","pokemon_move_method_id":"4","level":"0","pokemon_id":"426"}{"order":"","version_group_id":"8","move_id":"371","pokemon_move_method_id":"1","level":"17","pokemon_id":"426"}{"order":"","version_group_id":"8","move_id":"371","pokemon_move_method_id":"4","level":"0","pokemon_id":"426"}{"order":"","version_group_id":"8","move_id":"373","pokemon_move_method_id":"4","level":"0","pokemon_id":"426"}{"order":"","version_group_id":"8","move_id":"416","pokemon_move_method_id":"4","level":"0","pokemon_id":"426"}{"order":"","version_group_id":"8","move_id":"432","pokemon_move_method_id":"4","level":"0","pokemon_id":"426"}{"order":"","version_group_id":"8","move_id":"445","pokemon_move_method_id":"4","level":"0","pokemon_id":"426"}{"order":"","version_group_id":"8","move_id":"451","pokemon_move_method_id":"4","level":"0","pokemon_id":"426"}{"order":"","version_group_id":"8","move_id":"466","pokemon_move_method_id":"1","level":"32","pokemon_id":"426"}{"order":"","version_group_id":"9","move_id":"15","pokemon_move_method_id":"4","level":"0","pokemon_id":"426"}{"order":"4","version_group_id":"9","move_id":"16","pokemon_move_method_id":"1","level":"1","pokemon_id":"426"}{"order":"","version_group_id":"9","move_id":"16","pokemon_move_method_id":"1","level":"11","pokemon_id":"426"}{"order":"","version_group_id":"9","move_id":"19","pokemon_move_method_id":"4","level":"0","pokemon_id":"426"}{"order":"","version_group_id":"9","move_id":"63","pokemon_move_method_id":"4","level":"0","pokemon_id":"426"}{"order":"","version_group_id":"9","move_id":"85","pokemon_move_method_id":"4","level":"0","pokemon_id":"426"}{"order":"","version_group_id":"9","move_id":"86","pokemon_move_method_id":"4","level":"0","pokemon_id":"426"}{"order":"","version_group_id":"9","move_id":"87","pokemon_move_method_id":"4","level":"0","pokemon_id":"426"}{"order":"","version_group_id":"9","move_id":"92","pokemon_move_method_id":"4","level":"0","pokemon_id":"426"}{"order":"","version_group_id":"9","move_id":"94","pokemon_move_method_id":"4","level":"0","pokemon_id":"426"}{"order":"","version_group_id":"9","move_id":"104","pokemon_move_method_id":"4","level":"0","pokemon_id":"426"}{"order":"2","version_group_id":"9","move_id":"107","pokemon_move_method_id":"1","level":"1","pokemon_id":"426"}{"order":"","version_group_id":"9","move_id":"116","pokemon_move_method_id":"1","level":"14","pokemon_id":"426"}{"order":"","version_group_id":"9","move_id":"129","pokemon_move_method_id":"3","level":"0","pokemon_id":"426"}{"order":"1","version_group_id":"9","move_id":"132","pokemon_move_method_id":"1","level":"1","pokemon_id":"426"}{"order":"","version_group_id":"9","move_id":"138","pokemon_move_method_id":"4","level":"0","pokemon_id":"426"}{"order":"","version_group_id":"9","move_id":"148","pokemon_move_method_id":"4","level":"0","pokemon_id":"426"}{"order":"","version_group_id":"9","move_id":"153","pokemon_move_method_id":"1","level":"51","pokemon_id":"426"}{"order":"","version_group_id":"9","move_id":"153","pokemon_move_method_id":"4","level":"0","pokemon_id":"426"}{"order":"","version_group_id":"9","move_id":"156","pokemon_move_method_id":"4","level":"0","pokemon_id":"426"}{"order":"","version_group_id":"9","move_id":"164","pokemon_move_method_id":"4","level":"0","pokemon_id":"426"}{"order":"","version_group_id":"9","move_id":"168","pokemon_move_method_id":"4","level":"0","pokemon_id":"426"}{"order":"","version_group_id":"9","move_id":"173","pokemon_move_method_id":"3","level":"0","pokemon_id":"426"}{"order":"","version_group_id":"9","move_id":"180","pokemon_move_method_id":"3","level":"0","pokemon_id":"426"}{"order":"","version_group_id":"9","move_id":"182","pokemon_move_method_id":"4","level":"0","pokemon_id":"426"}{"order":"","version_group_id":"9","move_id":"189","pokemon_move_method_id":"3","level":"0","pokemon_id":"426"}{"order":"","version_group_id":"9","move_id":"196","pokemon_move_method_id":"3","level":"0","pokemon_id":"426"}{"order":"","version_group_id":"9","move_id":"203","pokemon_move_method_id":"4","level":"0","pokemon_id":"426"}{"order":"","version_group_id":"9","move_id":"205","pokemon_move_method_id":"3","level":"0","pokemon_id":"426"}{"order":"","version_group_id":"9","move_id":"207","pokemon_move_method_id":"4","level":"0","pokemon_id":"426"}{"order":"","version_group_id":"9","move_id":"213","pokemon_move_method_id":"4","level":"0","pokemon_id":"426"}{"order":"","version_group_id":"9","move_id":"214","pokemon_move_method_id":"4","level":"0","pokemon_id":"426"}{"order":"","version_group_id":"9","move_id":"216","pokemon_move_method_id":"4","level":"0","pokemon_id":"426"}{"order":"","version_group_id":"9","move_id":"218","pokemon_move_method_id":"4","level":"0","pokemon_id":"426"}{"order":"","version_group_id":"9","move_id":"226","pokemon_move_method_id":"1","level":"37","pokemon_id":"426"}{"order":"","version_group_id":"9","move_id":"237","pokemon_move_method_id":"4","level":"0","pokemon_id":"426"}{"order":"","version_group_id":"9","move_id":"240","pokemon_move_method_id":"4","level":"0","pokemon_id":"426"}{"order":"","version_group_id":"9","move_id":"241","pokemon_move_method_id":"4","level":"0","pokemon_id":"426"}{"order":"","version_group_id":"9","move_id":"244","pokemon_move_method_id":"4","level":"0","pokemon_id":"426"}{"order":"","version_group_id":"9","move_id":"247","pokemon_move_method_id":"1","level":"44","pokemon_id":"426"}{"order":"","version_group_id":"9","move_id":"247","pokemon_move_method_id":"4","level":"0","pokemon_id":"426"}{"order":"","version_group_id":"9","move_id":"254","pokemon_move_method_id":"1","level":"22","pokemon_id":"426"}{"order":"2","version_group_id":"9","move_id":"255","pokemon_move_method_id":"1","level":"27","pokemon_id":"426"}{"order":"1","version_group_id":"9","move_id":"256","pokemon_move_method_id":"1","level":"27","pokemon_id":"426"}{"order":"","version_group_id":"9","move_id":"261","pokemon_move_method_id":"4","level":"0","pokemon_id":"426"}{"order":"","version_group_id":"9","move_id":"263","pokemon_move_method_id":"4","level":"0","pokemon_id":"426"}{"order":"","version_group_id":"9","move_id":"271","pokemon_move_method_id":"3","level":"0","pokemon_id":"426"}{"order":"","version_group_id":"9","move_id":"278","pokemon_move_method_id":"4","level":"0","pokemon_id":"426"}{"order":"","version_group_id":"9","move_id":"282","pokemon_move_method_id":"3","level":"0","pokemon_id":"426"}{"order":"","version_group_id":"9","move_id":"285","pokemon_move_method_id":"4","level":"0","pokemon_id":"426"}{"order":"","version_group_id":"9","move_id":"290","pokemon_move_method_id":"4","level":"0","pokemon_id":"426"}{"order":"3","version_group_id":"9","move_id":"310","pokemon_move_method_id":"1","level":"1","pokemon_id":"426"}{"order":"","version_group_id":"9","move_id":"310","pokemon_move_method_id":"1","level":"6","pokemon_id":"426"}{"order":"","version_group_id":"9","move_id":"314","pokemon_move_method_id":"3","level":"0","pokemon_id":"426"}{"order":"","version_group_id":"9","move_id":"318","pokemon_move_method_id":"4","level":"0","pokemon_id":"426"}{"order":"","version_group_id":"9","move_id":"347","pokemon_move_method_id":"4","level":"0","pokemon_id":"426"}{"order":"","version_group_id":"9","move_id":"351","pokemon_move_method_id":"4","level":"0","pokemon_id":"426"}{"order":"","version_group_id":"9","move_id":"360","pokemon_move_method_id":"4","level":"0","pokemon_id":"426"}{"order":"","version_group_id":"9","move_id":"363","pokemon_move_method_id":"4","level":"0","pokemon_id":"426"}{"order":"","version_group_id":"9","move_id":"371","pokemon_move_method_id":"1","level":"17","pokemon_id":"426"}{"order":"","version_group_id":"9","move_id":"371","pokemon_move_method_id":"4","level":"0","pokemon_id":"426"}{"order":"","version_group_id":"9","move_id":"373","pokemon_move_method_id":"4","level":"0","pokemon_id":"426"}{"order":"","version_group_id":"9","move_id":"389","pokemon_move_method_id":"3","level":"0","pokemon_id":"426"}{"order":"","version_group_id":"9","move_id":"416","pokemon_move_method_id":"4","level":"0","pokemon_id":"426"}{"order":"","version_group_id":"9","move_id":"432","pokemon_move_method_id":"4","level":"0","pokemon_id":"426"}{"order":"","version_group_id":"9","move_id":"445","pokemon_move_method_id":"4","level":"0","pokemon_id":"426"}{"order":"","version_group_id":"9","move_id":"451","pokemon_move_method_id":"4","level":"0","pokemon_id":"426"}{"order":"","version_group_id":"9","move_id":"466","pokemon_move_method_id":"1","level":"32","pokemon_id":"426"}{"order":"","version_group_id":"9","move_id":"466","pokemon_move_method_id":"3","level":"0","pokemon_id":"426"}{"order":"","version_group_id":"10","move_id":"15","pokemon_move_method_id":"4","level":"0","pokemon_id":"426"}{"order":"4","version_group_id":"10","move_id":"16","pokemon_move_method_id":"1","level":"1","pokemon_id":"426"}{"order":"","version_group_id":"10","move_id":"16","pokemon_move_method_id":"1","level":"11","pokemon_id":"426"}{"order":"","version_group_id":"10","move_id":"19","pokemon_move_method_id":"4","level":"0","pokemon_id":"426"}{"order":"","version_group_id":"10","move_id":"63","pokemon_move_method_id":"4","level":"0","pokemon_id":"426"}{"order":"","version_group_id":"10","move_id":"85","pokemon_move_method_id":"4","level":"0","pokemon_id":"426"}{"order":"","version_group_id":"10","move_id":"86","pokemon_move_method_id":"4","level":"0","pokemon_id":"426"}{"order":"","version_group_id":"10","move_id":"87","pokemon_move_method_id":"4","level":"0","pokemon_id":"426"}{"order":"","version_group_id":"10","move_id":"92","pokemon_move_method_id":"4","level":"0","pokemon_id":"426"}{"order":"","version_group_id":"10","move_id":"94","pokemon_move_method_id":"4","level":"0","pokemon_id":"426"}{"order":"","version_group_id":"10","move_id":"104","pokemon_move_method_id":"4","level":"0","pokemon_id":"426"}{"order":"2","version_group_id":"10","move_id":"107","pokemon_move_method_id":"1","level":"1","pokemon_id":"426"}{"order":"","version_group_id":"10","move_id":"116","pokemon_move_method_id":"1","level":"14","pokemon_id":"426"}{"order":"","version_group_id":"10","move_id":"129","pokemon_move_method_id":"3","level":"0","pokemon_id":"426"}{"order":"1","version_group_id":"10","move_id":"132","pokemon_move_method_id":"1","level":"1","pokemon_id":"426"}{"order":"","version_group_id":"10","move_id":"138","pokemon_move_method_id":"4","level":"0","pokemon_id":"426"}{"order":"","version_group_id":"10","move_id":"148","pokemon_move_method_id":"4","level":"0","pokemon_id":"426"}{"order":"","version_group_id":"10","move_id":"153","pokemon_move_method_id":"1","level":"51","pokemon_id":"426"}{"order":"","version_group_id":"10","move_id":"153","pokemon_move_method_id":"4","level":"0","pokemon_id":"426"}{"order":"","version_group_id":"10","move_id":"156","pokemon_move_method_id":"4","level":"0","pokemon_id":"426"}{"order":"","version_group_id":"10","move_id":"164","pokemon_move_method_id":"4","level":"0","pokemon_id":"426"}{"order":"","version_group_id":"10","move_id":"168","pokemon_move_method_id":"4","level":"0","pokemon_id":"426"}{"order":"","version_group_id":"10","move_id":"173","pokemon_move_method_id":"3","level":"0","pokemon_id":"426"}{"order":"","version_group_id":"10","move_id":"180","pokemon_move_method_id":"3","level":"0","pokemon_id":"426"}{"order":"","version_group_id":"10","move_id":"182","pokemon_move_method_id":"4","level":"0","pokemon_id":"426"}{"order":"","version_group_id":"10","move_id":"189","pokemon_move_method_id":"3","level":"0","pokemon_id":"426"}{"order":"","version_group_id":"10","move_id":"196","pokemon_move_method_id":"3","level":"0","pokemon_id":"426"}{"order":"","version_group_id":"10","move_id":"203","pokemon_move_method_id":"4","level":"0","pokemon_id":"426"}{"order":"","version_group_id":"10","move_id":"205","pokemon_move_method_id":"3","level":"0","pokemon_id":"426"}{"order":"","version_group_id":"10","move_id":"207","pokemon_move_method_id":"4","level":"0","pokemon_id":"426"}{"order":"","version_group_id":"10","move_id":"213","pokemon_move_method_id":"4","level":"0","pokemon_id":"426"}{"order":"","version_group_id":"10","move_id":"214","pokemon_move_method_id":"4","level":"0","pokemon_id":"426"}{"order":"","version_group_id":"10","move_id":"216","pokemon_move_method_id":"4","level":"0","pokemon_id":"426"}{"order":"","version_group_id":"10","move_id":"218","pokemon_move_method_id":"4","level":"0","pokemon_id":"426"}{"order":"","version_group_id":"10","move_id":"220","pokemon_move_method_id":"3","level":"0","pokemon_id":"426"}{"order":"","version_group_id":"10","move_id":"226","pokemon_move_method_id":"1","level":"37","pokemon_id":"426"}{"order":"","version_group_id":"10","move_id":"237","pokemon_move_method_id":"4","level":"0","pokemon_id":"426"}{"order":"","version_group_id":"10","move_id":"240","pokemon_move_method_id":"4","level":"0","pokemon_id":"426"}{"order":"","version_group_id":"10","move_id":"241","pokemon_move_method_id":"4","level":"0","pokemon_id":"426"}{"order":"","version_group_id":"10","move_id":"244","pokemon_move_method_id":"4","level":"0","pokemon_id":"426"}{"order":"","version_group_id":"10","move_id":"247","pokemon_move_method_id":"1","level":"44","pokemon_id":"426"}{"order":"","version_group_id":"10","move_id":"247","pokemon_move_method_id":"4","level":"0","pokemon_id":"426"}{"order":"","version_group_id":"10","move_id":"254","pokemon_move_method_id":"1","level":"22","pokemon_id":"426"}{"order":"2","version_group_id":"10","move_id":"255","pokemon_move_method_id":"1","level":"27","pokemon_id":"426"}{"order":"1","version_group_id":"10","move_id":"256","pokemon_move_method_id":"1","level":"27","pokemon_id":"426"}{"order":"","version_group_id":"10","move_id":"261","pokemon_move_method_id":"4","level":"0","pokemon_id":"426"}{"order":"","version_group_id":"10","move_id":"263","pokemon_move_method_id":"4","level":"0","pokemon_id":"426"}{"order":"","version_group_id":"10","move_id":"271","pokemon_move_method_id":"3","level":"0","pokemon_id":"426"}{"order":"","version_group_id":"10","move_id":"277","pokemon_move_method_id":"3","level":"0","pokemon_id":"426"}{"order":"","version_group_id":"10","move_id":"278","pokemon_move_method_id":"4","level":"0","pokemon_id":"426"}{"order":"","version_group_id":"10","move_id":"282","pokemon_move_method_id":"3","level":"0","pokemon_id":"426"}{"order":"","version_group_id":"10","move_id":"285","pokemon_move_method_id":"4","level":"0","pokemon_id":"426"}{"order":"","version_group_id":"10","move_id":"290","pokemon_move_method_id":"4","level":"0","pokemon_id":"426"}{"order":"3","version_group_id":"10","move_id":"310","pokemon_move_method_id":"1","level":"1","pokemon_id":"426"}{"order":"","version_group_id":"10","move_id":"310","pokemon_move_method_id":"1","level":"6","pokemon_id":"426"}{"order":"","version_group_id":"10","move_id":"314","pokemon_move_method_id":"3","level":"0","pokemon_id":"426"}{"order":"","version_group_id":"10","move_id":"318","pokemon_move_method_id":"4","level":"0","pokemon_id":"426"}{"order":"","version_group_id":"10","move_id":"347","pokemon_move_method_id":"4","level":"0","pokemon_id":"426"}{"order":"","version_group_id":"10","move_id":"351","pokemon_move_method_id":"4","level":"0","pokemon_id":"426"}{"order":"","version_group_id":"10","move_id":"360","pokemon_move_method_id":"4","level":"0","pokemon_id":"426"}{"order":"","version_group_id":"10","move_id":"363","pokemon_move_method_id":"4","level":"0","pokemon_id":"426"}{"order":"","version_group_id":"10","move_id":"366","pokemon_move_method_id":"3","level":"0","pokemon_id":"426"}{"order":"","version_group_id":"10","move_id":"371","pokemon_move_method_id":"1","level":"17","pokemon_id":"426"}{"order":"","version_group_id":"10","move_id":"371","pokemon_move_method_id":"4","level":"0","pokemon_id":"426"}{"order":"","version_group_id":"10","move_id":"373","pokemon_move_method_id":"4","level":"0","pokemon_id":"426"}{"order":"","version_group_id":"10","move_id":"389","pokemon_move_method_id":"3","level":"0","pokemon_id":"426"}{"order":"","version_group_id":"10","move_id":"416","pokemon_move_method_id":"4","level":"0","pokemon_id":"426"}{"order":"","version_group_id":"10","move_id":"445","pokemon_move_method_id":"4","level":"0","pokemon_id":"426"}{"order":"","version_group_id":"10","move_id":"451","pokemon_move_method_id":"4","level":"0","pokemon_id":"426"}{"order":"","version_group_id":"10","move_id":"466","pokemon_move_method_id":"1","level":"32","pokemon_id":"426"}{"order":"","version_group_id":"10","move_id":"466","pokemon_move_method_id":"3","level":"0","pokemon_id":"426"}{"order":"","version_group_id":"11","move_id":"15","pokemon_move_method_id":"4","level":"0","pokemon_id":"426"}{"order":"4","version_group_id":"11","move_id":"16","pokemon_move_method_id":"1","level":"1","pokemon_id":"426"}{"order":"","version_group_id":"11","move_id":"16","pokemon_move_method_id":"1","level":"11","pokemon_id":"426"}{"order":"","version_group_id":"11","move_id":"19","pokemon_move_method_id":"4","level":"0","pokemon_id":"426"}{"order":"","version_group_id":"11","move_id":"63","pokemon_move_method_id":"4","level":"0","pokemon_id":"426"}{"order":"","version_group_id":"11","move_id":"85","pokemon_move_method_id":"4","level":"0","pokemon_id":"426"}{"order":"","version_group_id":"11","move_id":"86","pokemon_move_method_id":"4","level":"0","pokemon_id":"426"}{"order":"","version_group_id":"11","move_id":"87","pokemon_move_method_id":"4","level":"0","pokemon_id":"426"}{"order":"","version_group_id":"11","move_id":"92","pokemon_move_method_id":"4","level":"0","pokemon_id":"426"}{"order":"","version_group_id":"11","move_id":"94","pokemon_move_method_id":"4","level":"0","pokemon_id":"426"}{"order":"","version_group_id":"11","move_id":"104","pokemon_move_method_id":"4","level":"0","pokemon_id":"426"}{"order":"2","version_group_id":"11","move_id":"107","pokemon_move_method_id":"1","level":"1","pokemon_id":"426"}{"order":"","version_group_id":"11","move_id":"116","pokemon_move_method_id":"1","level":"14","pokemon_id":"426"}{"order":"1","version_group_id":"11","move_id":"132","pokemon_move_method_id":"1","level":"1","pokemon_id":"426"}{"order":"","version_group_id":"11","move_id":"138","pokemon_move_method_id":"4","level":"0","pokemon_id":"426"}{"order":"","version_group_id":"11","move_id":"148","pokemon_move_method_id":"4","level":"0","pokemon_id":"426"}{"order":"","version_group_id":"11","move_id":"153","pokemon_move_method_id":"1","level":"56","pokemon_id":"426"}{"order":"","version_group_id":"11","move_id":"153","pokemon_move_method_id":"4","level":"0","pokemon_id":"426"}{"order":"","version_group_id":"11","move_id":"156","pokemon_move_method_id":"4","level":"0","pokemon_id":"426"}{"order":"","version_group_id":"11","move_id":"164","pokemon_move_method_id":"4","level":"0","pokemon_id":"426"}{"order":"","version_group_id":"11","move_id":"168","pokemon_move_method_id":"4","level":"0","pokemon_id":"426"}{"order":"","version_group_id":"11","move_id":"182","pokemon_move_method_id":"4","level":"0","pokemon_id":"426"}{"order":"","version_group_id":"11","move_id":"207","pokemon_move_method_id":"4","level":"0","pokemon_id":"426"}{"order":"","version_group_id":"11","move_id":"213","pokemon_move_method_id":"4","level":"0","pokemon_id":"426"}{"order":"","version_group_id":"11","move_id":"216","pokemon_move_method_id":"4","level":"0","pokemon_id":"426"}{"order":"","version_group_id":"11","move_id":"218","pokemon_move_method_id":"4","level":"0","pokemon_id":"426"}{"order":"","version_group_id":"11","move_id":"226","pokemon_move_method_id":"1","level":"44","pokemon_id":"426"}{"order":"","version_group_id":"11","move_id":"237","pokemon_move_method_id":"4","level":"0","pokemon_id":"426"}{"order":"","version_group_id":"11","move_id":"240","pokemon_move_method_id":"4","level":"0","pokemon_id":"426"}{"order":"","version_group_id":"11","move_id":"241","pokemon_move_method_id":"4","level":"0","pokemon_id":"426"}{"order":"","version_group_id":"11","move_id":"244","pokemon_move_method_id":"4","level":"0","pokemon_id":"426"}{"order":"","version_group_id":"11","move_id":"247","pokemon_move_method_id":"1","level":"51","pokemon_id":"426"}{"order":"","version_group_id":"11","move_id":"247","pokemon_move_method_id":"4","level":"0","pokemon_id":"426"}{"order":"","version_group_id":"11","move_id":"254","pokemon_move_method_id":"1","level":"27","pokemon_id":"426"}{"order":"2","version_group_id":"11","move_id":"255","pokemon_move_method_id":"1","level":"32","pokemon_id":"426"}{"order":"1","version_group_id":"11","move_id":"256","pokemon_move_method_id":"1","level":"32","pokemon_id":"426"}{"order":"","version_group_id":"11","move_id":"261","pokemon_move_method_id":"4","level":"0","pokemon_id":"426"}{"order":"","version_group_id":"11","move_id":"263","pokemon_move_method_id":"4","level":"0","pokemon_id":"426"}{"order":"3","version_group_id":"11","move_id":"310","pokemon_move_method_id":"1","level":"1","pokemon_id":"426"}{"order":"","version_group_id":"11","move_id":"310","pokemon_move_method_id":"1","level":"6","pokemon_id":"426"}{"order":"","version_group_id":"11","move_id":"347","pokemon_move_method_id":"4","level":"0","pokemon_id":"426"}{"order":"","version_group_id":"11","move_id":"360","pokemon_move_method_id":"4","level":"0","pokemon_id":"426"}{"order":"","version_group_id":"11","move_id":"371","pokemon_move_method_id":"1","level":"17","pokemon_id":"426"}{"order":"","version_group_id":"11","move_id":"371","pokemon_move_method_id":"4","level":"0","pokemon_id":"426"}{"order":"","version_group_id":"11","move_id":"373","pokemon_move_method_id":"4","level":"0","pokemon_id":"426"}{"order":"","version_group_id":"11","move_id":"416","pokemon_move_method_id":"4","level":"0","pokemon_id":"426"}{"order":"","version_group_id":"11","move_id":"451","pokemon_move_method_id":"4","level":"0","pokemon_id":"426"}{"order":"","version_group_id":"11","move_id":"466","pokemon_move_method_id":"1","level":"37","pokemon_id":"426"}{"order":"","version_group_id":"11","move_id":"477","pokemon_move_method_id":"4","level":"0","pokemon_id":"426"}{"order":"","version_group_id":"11","move_id":"496","pokemon_move_method_id":"4","level":"0","pokemon_id":"426"}{"order":"","version_group_id":"11","move_id":"506","pokemon_move_method_id":"1","level":"22","pokemon_id":"426"}{"order":"","version_group_id":"11","move_id":"512","pokemon_move_method_id":"4","level":"0","pokemon_id":"426"}{"order":"","version_group_id":"14","move_id":"15","pokemon_move_method_id":"4","level":"0","pokemon_id":"426"}{"order":"4","version_group_id":"14","move_id":"16","pokemon_move_method_id":"1","level":"1","pokemon_id":"426"}{"order":"","version_group_id":"14","move_id":"16","pokemon_move_method_id":"1","level":"8","pokemon_id":"426"}{"order":"","version_group_id":"14","move_id":"19","pokemon_move_method_id":"4","level":"0","pokemon_id":"426"}{"order":"","version_group_id":"14","move_id":"20","pokemon_move_method_id":"3","level":"0","pokemon_id":"426"}{"order":"","version_group_id":"14","move_id":"63","pokemon_move_method_id":"4","level":"0","pokemon_id":"426"}{"order":"","version_group_id":"14","move_id":"85","pokemon_move_method_id":"4","level":"0","pokemon_id":"426"}{"order":"","version_group_id":"14","move_id":"86","pokemon_move_method_id":"4","level":"0","pokemon_id":"426"}{"order":"","version_group_id":"14","move_id":"87","pokemon_move_method_id":"4","level":"0","pokemon_id":"426"}{"order":"","version_group_id":"14","move_id":"92","pokemon_move_method_id":"4","level":"0","pokemon_id":"426"}{"order":"","version_group_id":"14","move_id":"94","pokemon_move_method_id":"4","level":"0","pokemon_id":"426"}{"order":"","version_group_id":"14","move_id":"104","pokemon_move_method_id":"4","level":"0","pokemon_id":"426"}{"order":"2","version_group_id":"14","move_id":"107","pokemon_move_method_id":"1","level":"1","pokemon_id":"426"}{"order":"","version_group_id":"14","move_id":"116","pokemon_move_method_id":"1","level":"13","pokemon_id":"426"}{"order":"1","version_group_id":"14","move_id":"132","pokemon_move_method_id":"1","level":"1","pokemon_id":"426"}{"order":"","version_group_id":"14","move_id":"133","pokemon_move_method_id":"1","level":"46","pokemon_id":"426"}{"order":"","version_group_id":"14","move_id":"138","pokemon_move_method_id":"4","level":"0","pokemon_id":"426"}{"order":"","version_group_id":"14","move_id":"148","pokemon_move_method_id":"4","level":"0","pokemon_id":"426"}{"order":"","version_group_id":"14","move_id":"153","pokemon_move_method_id":"1","level":"60","pokemon_id":"426"}{"order":"","version_group_id":"14","move_id":"153","pokemon_move_method_id":"4","level":"0","pokemon_id":"426"}{"order":"","version_group_id":"14","move_id":"156","pokemon_move_method_id":"4","level":"0","pokemon_id":"426"}{"order":"","version_group_id":"14","move_id":"164","pokemon_move_method_id":"4","level":"0","pokemon_id":"426"}{"order":"","version_group_id":"14","move_id":"168","pokemon_move_method_id":"4","level":"0","pokemon_id":"426"}{"order":"","version_group_id":"14","move_id":"173","pokemon_move_method_id":"3","level":"0","pokemon_id":"426"}{"order":"","version_group_id":"14","move_id":"180","pokemon_move_method_id":"3","level":"0","pokemon_id":"426"}{"order":"","version_group_id":"14","move_id":"182","pokemon_move_method_id":"4","level":"0","pokemon_id":"426"}{"order":"","version_group_id":"14","move_id":"196","pokemon_move_method_id":"3","level":"0","pokemon_id":"426"}{"order":"","version_group_id":"14","move_id":"207","pokemon_move_method_id":"4","level":"0","pokemon_id":"426"}{"order":"","version_group_id":"14","move_id":"213","pokemon_move_method_id":"4","level":"0","pokemon_id":"426"}{"order":"","version_group_id":"14","move_id":"214","pokemon_move_method_id":"3","level":"0","pokemon_id":"426"}{"order":"","version_group_id":"14","move_id":"216","pokemon_move_method_id":"4","level":"0","pokemon_id":"426"}{"order":"","version_group_id":"14","move_id":"218","pokemon_move_method_id":"4","level":"0","pokemon_id":"426"}{"order":"","version_group_id":"14","move_id":"220","pokemon_move_method_id":"3","level":"0","pokemon_id":"426"}{"order":"","version_group_id":"14","move_id":"226","pokemon_move_method_id":"1","level":"52","pokemon_id":"426"}{"order":"","version_group_id":"14","move_id":"237","pokemon_move_method_id":"4","level":"0","pokemon_id":"426"}{"order":"","version_group_id":"14","move_id":"240","pokemon_move_method_id":"4","level":"0","pokemon_id":"426"}{"order":"","version_group_id":"14","move_id":"241","pokemon_move_method_id":"4","level":"0","pokemon_id":"426"}{"order":"","version_group_id":"14","move_id":"244","pokemon_move_method_id":"4","level":"0","pokemon_id":"426"}{"order":"","version_group_id":"14","move_id":"247","pokemon_move_method_id":"1","level":"40","pokemon_id":"426"}{"order":"","version_group_id":"14","move_id":"247","pokemon_move_method_id":"4","level":"0","pokemon_id":"426"}{"order":"","version_group_id":"14","move_id":"254","pokemon_move_method_id":"1","level":"25","pokemon_id":"426"}{"order":"2","version_group_id":"14","move_id":"255","pokemon_move_method_id":"1","level":"34","pokemon_id":"426"}{"order":"1","version_group_id":"14","move_id":"256","pokemon_move_method_id":"1","level":"34","pokemon_id":"426"}{"order":"","version_group_id":"14","move_id":"261","pokemon_move_method_id":"4","level":"0","pokemon_id":"426"}{"order":"","version_group_id":"14","move_id":"263","pokemon_move_method_id":"4","level":"0","pokemon_id":"426"}{"order":"","version_group_id":"14","move_id":"271","pokemon_move_method_id":"3","level":"0","pokemon_id":"426"}{"order":"","version_group_id":"14","move_id":"277","pokemon_move_method_id":"3","level":"0","pokemon_id":"426"}{"order":"","version_group_id":"14","move_id":"278","pokemon_move_method_id":"3","level":"0","pokemon_id":"426"}{"order":"","version_group_id":"14","move_id":"282","pokemon_move_method_id":"3","level":"0","pokemon_id":"426"}{"order":"","version_group_id":"14","move_id":"285","pokemon_move_method_id":"3","level":"0","pokemon_id":"426"}{"order":"3","version_group_id":"14","move_id":"310","pokemon_move_method_id":"1","level":"1","pokemon_id":"426"}{"order":"","version_group_id":"14","move_id":"310","pokemon_move_method_id":"1","level":"4","pokemon_id":"426"}{"order":"","version_group_id":"14","move_id":"347","pokemon_move_method_id":"4","level":"0","pokemon_id":"426"}{"order":"","version_group_id":"14","move_id":"360","pokemon_move_method_id":"4","level":"0","pokemon_id":"426"}{"order":"","version_group_id":"14","move_id":"366","pokemon_move_method_id":"3","level":"0","pokemon_id":"426"}{"order":"","version_group_id":"14","move_id":"371","pokemon_move_method_id":"1","level":"16","pokemon_id":"426"}{"order":"","version_group_id":"14","move_id":"371","pokemon_move_method_id":"4","level":"0","pokemon_id":"426"}{"order":"","version_group_id":"14","move_id":"373","pokemon_move_method_id":"4","level":"0","pokemon_id":"426"}{"order":"","version_group_id":"14","move_id":"416","pokemon_move_method_id":"4","level":"0","pokemon_id":"426"}{"order":"","version_group_id":"14","move_id":"451","pokemon_move_method_id":"4","level":"0","pokemon_id":"426"}{"order":"","version_group_id":"14","move_id":"466","pokemon_move_method_id":"1","level":"20","pokemon_id":"426"}{"order":"","version_group_id":"14","move_id":"477","pokemon_move_method_id":"4","level":"0","pokemon_id":"426"}{"order":"","version_group_id":"14","move_id":"496","pokemon_move_method_id":"4","level":"0","pokemon_id":"426"}{"order":"","version_group_id":"14","move_id":"506","pokemon_move_method_id":"1","level":"27","pokemon_id":"426"}{"order":"","version_group_id":"14","move_id":"512","pokemon_move_method_id":"4","level":"0","pokemon_id":"426"}{"order":"","version_group_id":"15","move_id":"15","pokemon_move_method_id":"4","level":"0","pokemon_id":"426"}{"order":"5","version_group_id":"15","move_id":"16","pokemon_move_method_id":"1","level":"1","pokemon_id":"426"}{"order":"","version_group_id":"15","move_id":"16","pokemon_move_method_id":"1","level":"8","pokemon_id":"426"}{"order":"","version_group_id":"15","move_id":"19","pokemon_move_method_id":"4","level":"0","pokemon_id":"426"}{"order":"","version_group_id":"15","move_id":"63","pokemon_move_method_id":"4","level":"0","pokemon_id":"426"}{"order":"","version_group_id":"15","move_id":"85","pokemon_move_method_id":"4","level":"0","pokemon_id":"426"}{"order":"","version_group_id":"15","move_id":"86","pokemon_move_method_id":"4","level":"0","pokemon_id":"426"}{"order":"","version_group_id":"15","move_id":"87","pokemon_move_method_id":"4","level":"0","pokemon_id":"426"}{"order":"","version_group_id":"15","move_id":"92","pokemon_move_method_id":"4","level":"0","pokemon_id":"426"}{"order":"","version_group_id":"15","move_id":"94","pokemon_move_method_id":"4","level":"0","pokemon_id":"426"}{"order":"","version_group_id":"15","move_id":"104","pokemon_move_method_id":"4","level":"0","pokemon_id":"426"}{"order":"3","version_group_id":"15","move_id":"107","pokemon_move_method_id":"1","level":"1","pokemon_id":"426"}{"order":"","version_group_id":"15","move_id":"116","pokemon_move_method_id":"1","level":"13","pokemon_id":"426"}{"order":"2","version_group_id":"15","move_id":"132","pokemon_move_method_id":"1","level":"1","pokemon_id":"426"}{"order":"","version_group_id":"15","move_id":"133","pokemon_move_method_id":"1","level":"46","pokemon_id":"426"}{"order":"","version_group_id":"15","move_id":"138","pokemon_move_method_id":"4","level":"0","pokemon_id":"426"}{"order":"","version_group_id":"15","move_id":"148","pokemon_move_method_id":"4","level":"0","pokemon_id":"426"}{"order":"","version_group_id":"15","move_id":"153","pokemon_move_method_id":"1","level":"60","pokemon_id":"426"}{"order":"","version_group_id":"15","move_id":"153","pokemon_move_method_id":"4","level":"0","pokemon_id":"426"}{"order":"","version_group_id":"15","move_id":"156","pokemon_move_method_id":"4","level":"0","pokemon_id":"426"}{"order":"","version_group_id":"15","move_id":"164","pokemon_move_method_id":"4","level":"0","pokemon_id":"426"}{"order":"","version_group_id":"15","move_id":"168","pokemon_move_method_id":"4","level":"0","pokemon_id":"426"}{"order":"","version_group_id":"15","move_id":"182","pokemon_move_method_id":"4","level":"0","pokemon_id":"426"}{"order":"","version_group_id":"15","move_id":"207","pokemon_move_method_id":"4","level":"0","pokemon_id":"426"}{"order":"","version_group_id":"15","move_id":"213","pokemon_move_method_id":"4","level":"0","pokemon_id":"426"}{"order":"","version_group_id":"15","move_id":"214","pokemon_move_method_id":"4","level":"0","pokemon_id":"426"}{"order":"","version_group_id":"15","move_id":"216","pokemon_move_method_id":"4","level":"0","pokemon_id":"426"}{"order":"","version_group_id":"15","move_id":"218","pokemon_move_method_id":"4","level":"0","pokemon_id":"426"}{"order":"","version_group_id":"15","move_id":"226","pokemon_move_method_id":"1","level":"52","pokemon_id":"426"}{"order":"","version_group_id":"15","move_id":"237","pokemon_move_method_id":"4","level":"0","pokemon_id":"426"}{"order":"","version_group_id":"15","move_id":"240","pokemon_move_method_id":"4","level":"0","pokemon_id":"426"}{"order":"","version_group_id":"15","move_id":"241","pokemon_move_method_id":"4","level":"0","pokemon_id":"426"}{"order":"","version_group_id":"15","move_id":"244","pokemon_move_method_id":"4","level":"0","pokemon_id":"426"}{"order":"","version_group_id":"15","move_id":"247","pokemon_move_method_id":"1","level":"40","pokemon_id":"426"}{"order":"","version_group_id":"15","move_id":"247","pokemon_move_method_id":"4","level":"0","pokemon_id":"426"}{"order":"","version_group_id":"15","move_id":"254","pokemon_move_method_id":"1","level":"25","pokemon_id":"426"}{"order":"2","version_group_id":"15","move_id":"255","pokemon_move_method_id":"1","level":"34","pokemon_id":"426"}{"order":"1","version_group_id":"15","move_id":"256","pokemon_move_method_id":"1","level":"34","pokemon_id":"426"}{"order":"","version_group_id":"15","move_id":"261","pokemon_move_method_id":"4","level":"0","pokemon_id":"426"}{"order":"","version_group_id":"15","move_id":"263","pokemon_move_method_id":"4","level":"0","pokemon_id":"426"}{"order":"4","version_group_id":"15","move_id":"310","pokemon_move_method_id":"1","level":"1","pokemon_id":"426"}{"order":"","version_group_id":"15","move_id":"310","pokemon_move_method_id":"1","level":"4","pokemon_id":"426"}{"order":"","version_group_id":"15","move_id":"347","pokemon_move_method_id":"4","level":"0","pokemon_id":"426"}{"order":"","version_group_id":"15","move_id":"360","pokemon_move_method_id":"4","level":"0","pokemon_id":"426"}{"order":"","version_group_id":"15","move_id":"371","pokemon_move_method_id":"1","level":"16","pokemon_id":"426"}{"order":"","version_group_id":"15","move_id":"371","pokemon_move_method_id":"4","level":"0","pokemon_id":"426"}{"order":"","version_group_id":"15","move_id":"373","pokemon_move_method_id":"4","level":"0","pokemon_id":"426"}{"order":"","version_group_id":"15","move_id":"416","pokemon_move_method_id":"4","level":"0","pokemon_id":"426"}{"order":"","version_group_id":"15","move_id":"451","pokemon_move_method_id":"4","level":"0","pokemon_id":"426"}{"order":"","version_group_id":"15","move_id":"466","pokemon_move_method_id":"1","level":"20","pokemon_id":"426"}{"order":"","version_group_id":"15","move_id":"496","pokemon_move_method_id":"4","level":"0","pokemon_id":"426"}{"order":"","version_group_id":"15","move_id":"506","pokemon_move_method_id":"1","level":"27","pokemon_id":"426"}{"order":"","version_group_id":"15","move_id":"512","pokemon_move_method_id":"4","level":"0","pokemon_id":"426"}{"order":"1","version_group_id":"15","move_id":"566","pokemon_move_method_id":"1","level":"1","pokemon_id":"426"}{"order":"","version_group_id":"15","move_id":"566","pokemon_move_method_id":"1","level":"65","pokemon_id":"426"}{"order":"","version_group_id":"15","move_id":"590","pokemon_move_method_id":"4","level":"0","pokemon_id":"426"}