{"order":"","version_group_id":"1","move_id":"14","pokemon_move_method_id":"4","level":"0","pokemon_id":"69"}{"order":"","version_group_id":"1","move_id":"15","pokemon_move_method_id":"4","level":"0","pokemon_id":"69"}{"order":"","version_group_id":"1","move_id":"21","pokemon_move_method_id":"1","level":"42","pokemon_id":"69"}{"order":"1","version_group_id":"1","move_id":"22","pokemon_move_method_id":"1","level":"1","pokemon_id":"69"}{"order":"","version_group_id":"1","move_id":"35","pokemon_move_method_id":"1","level":"13","pokemon_id":"69"}{"order":"","version_group_id":"1","move_id":"36","pokemon_move_method_id":"4","level":"0","pokemon_id":"69"}{"order":"","version_group_id":"1","move_id":"38","pokemon_move_method_id":"4","level":"0","pokemon_id":"69"}{"order":"","version_group_id":"1","move_id":"51","pokemon_move_method_id":"1","level":"26","pokemon_id":"69"}{"order":"","version_group_id":"1","move_id":"72","pokemon_move_method_id":"4","level":"0","pokemon_id":"69"}{"order":"2","version_group_id":"1","move_id":"74","pokemon_move_method_id":"1","level":"1","pokemon_id":"69"}{"order":"","version_group_id":"1","move_id":"75","pokemon_move_method_id":"1","level":"33","pokemon_id":"69"}{"order":"","version_group_id":"1","move_id":"76","pokemon_move_method_id":"4","level":"0","pokemon_id":"69"}{"order":"","version_group_id":"1","move_id":"77","pokemon_move_method_id":"1","level":"15","pokemon_id":"69"}{"order":"","version_group_id":"1","move_id":"78","pokemon_move_method_id":"1","level":"21","pokemon_id":"69"}{"order":"","version_group_id":"1","move_id":"79","pokemon_move_method_id":"1","level":"18","pokemon_id":"69"}{"order":"","version_group_id":"1","move_id":"92","pokemon_move_method_id":"4","level":"0","pokemon_id":"69"}{"order":"","version_group_id":"1","move_id":"99","pokemon_move_method_id":"4","level":"0","pokemon_id":"69"}{"order":"","version_group_id":"1","move_id":"102","pokemon_move_method_id":"4","level":"0","pokemon_id":"69"}{"order":"","version_group_id":"1","move_id":"104","pokemon_move_method_id":"4","level":"0","pokemon_id":"69"}{"order":"","version_group_id":"1","move_id":"115","pokemon_move_method_id":"4","level":"0","pokemon_id":"69"}{"order":"","version_group_id":"1","move_id":"117","pokemon_move_method_id":"4","level":"0","pokemon_id":"69"}{"order":"","version_group_id":"1","move_id":"156","pokemon_move_method_id":"4","level":"0","pokemon_id":"69"}{"order":"","version_group_id":"1","move_id":"164","pokemon_move_method_id":"4","level":"0","pokemon_id":"69"}{"order":"","version_group_id":"2","move_id":"14","pokemon_move_method_id":"4","level":"0","pokemon_id":"69"}{"order":"","version_group_id":"2","move_id":"15","pokemon_move_method_id":"4","level":"0","pokemon_id":"69"}{"order":"","version_group_id":"2","move_id":"21","pokemon_move_method_id":"1","level":"42","pokemon_id":"69"}{"order":"1","version_group_id":"2","move_id":"22","pokemon_move_method_id":"1","level":"1","pokemon_id":"69"}{"order":"","version_group_id":"2","move_id":"35","pokemon_move_method_id":"1","level":"13","pokemon_id":"69"}{"order":"","version_group_id":"2","move_id":"36","pokemon_move_method_id":"4","level":"0","pokemon_id":"69"}{"order":"","version_group_id":"2","move_id":"38","pokemon_move_method_id":"4","level":"0","pokemon_id":"69"}{"order":"","version_group_id":"2","move_id":"51","pokemon_move_method_id":"1","level":"26","pokemon_id":"69"}{"order":"","version_group_id":"2","move_id":"72","pokemon_move_method_id":"4","level":"0","pokemon_id":"69"}{"order":"2","version_group_id":"2","move_id":"74","pokemon_move_method_id":"1","level":"1","pokemon_id":"69"}{"order":"","version_group_id":"2","move_id":"75","pokemon_move_method_id":"1","level":"33","pokemon_id":"69"}{"order":"","version_group_id":"2","move_id":"76","pokemon_move_method_id":"4","level":"0","pokemon_id":"69"}{"order":"","version_group_id":"2","move_id":"77","pokemon_move_method_id":"1","level":"15","pokemon_id":"69"}{"order":"","version_group_id":"2","move_id":"78","pokemon_move_method_id":"1","level":"21","pokemon_id":"69"}{"order":"","version_group_id":"2","move_id":"79","pokemon_move_method_id":"1","level":"18","pokemon_id":"69"}{"order":"","version_group_id":"2","move_id":"92","pokemon_move_method_id":"4","level":"0","pokemon_id":"69"}{"order":"","version_group_id":"2","move_id":"99","pokemon_move_method_id":"4","level":"0","pokemon_id":"69"}{"order":"","version_group_id":"2","move_id":"102","pokemon_move_method_id":"4","level":"0","pokemon_id":"69"}{"order":"","version_group_id":"2","move_id":"104","pokemon_move_method_id":"4","level":"0","pokemon_id":"69"}{"order":"","version_group_id":"2","move_id":"115","pokemon_move_method_id":"4","level":"0","pokemon_id":"69"}{"order":"","version_group_id":"2","move_id":"117","pokemon_move_method_id":"4","level":"0","pokemon_id":"69"}{"order":"","version_group_id":"2","move_id":"156","pokemon_move_method_id":"4","level":"0","pokemon_id":"69"}{"order":"","version_group_id":"2","move_id":"164","pokemon_move_method_id":"4","level":"0","pokemon_id":"69"}{"order":"","version_group_id":"3","move_id":"14","pokemon_move_method_id":"2","level":"0","pokemon_id":"69"}{"order":"","version_group_id":"3","move_id":"15","pokemon_move_method_id":"4","level":"0","pokemon_id":"69"}{"order":"","version_group_id":"3","move_id":"21","pokemon_move_method_id":"1","level":"45","pokemon_id":"69"}{"order":"","version_group_id":"3","move_id":"22","pokemon_move_method_id":"1","level":"1","pokemon_id":"69"}{"order":"","version_group_id":"3","move_id":"35","pokemon_move_method_id":"1","level":"11","pokemon_id":"69"}{"order":"","version_group_id":"3","move_id":"51","pokemon_move_method_id":"1","level":"23","pokemon_id":"69"}{"order":"","version_group_id":"3","move_id":"74","pokemon_move_method_id":"1","level":"6","pokemon_id":"69"}{"order":"","version_group_id":"3","move_id":"75","pokemon_move_method_id":"1","level":"37","pokemon_id":"69"}{"order":"","version_group_id":"3","move_id":"76","pokemon_move_method_id":"4","level":"0","pokemon_id":"69"}{"order":"","version_group_id":"3","move_id":"77","pokemon_move_method_id":"1","level":"17","pokemon_id":"69"}{"order":"","version_group_id":"3","move_id":"78","pokemon_move_method_id":"1","level":"19","pokemon_id":"69"}{"order":"","version_group_id":"3","move_id":"79","pokemon_move_method_id":"1","level":"15","pokemon_id":"69"}{"order":"","version_group_id":"3","move_id":"92","pokemon_move_method_id":"4","level":"0","pokemon_id":"69"}{"order":"","version_group_id":"3","move_id":"104","pokemon_move_method_id":"4","level":"0","pokemon_id":"69"}{"order":"","version_group_id":"3","move_id":"115","pokemon_move_method_id":"2","level":"0","pokemon_id":"69"}{"order":"","version_group_id":"3","move_id":"141","pokemon_move_method_id":"2","level":"0","pokemon_id":"69"}{"order":"","version_group_id":"3","move_id":"148","pokemon_move_method_id":"4","level":"0","pokemon_id":"69"}{"order":"","version_group_id":"3","move_id":"156","pokemon_move_method_id":"4","level":"0","pokemon_id":"69"}{"order":"","version_group_id":"3","move_id":"173","pokemon_move_method_id":"4","level":"0","pokemon_id":"69"}{"order":"","version_group_id":"3","move_id":"174","pokemon_move_method_id":"4","level":"0","pokemon_id":"69"}{"order":"","version_group_id":"3","move_id":"182","pokemon_move_method_id":"4","level":"0","pokemon_id":"69"}{"order":"","version_group_id":"3","move_id":"188","pokemon_move_method_id":"4","level":"0","pokemon_id":"69"}{"order":"","version_group_id":"3","move_id":"202","pokemon_move_method_id":"4","level":"0","pokemon_id":"69"}{"order":"","version_group_id":"3","move_id":"203","pokemon_move_method_id":"4","level":"0","pokemon_id":"69"}{"order":"","version_group_id":"3","move_id":"207","pokemon_move_method_id":"4","level":"0","pokemon_id":"69"}{"order":"","version_group_id":"3","move_id":"213","pokemon_move_method_id":"4","level":"0","pokemon_id":"69"}{"order":"","version_group_id":"3","move_id":"214","pokemon_move_method_id":"4","level":"0","pokemon_id":"69"}{"order":"","version_group_id":"3","move_id":"216","pokemon_move_method_id":"4","level":"0","pokemon_id":"69"}{"order":"","version_group_id":"3","move_id":"218","pokemon_move_method_id":"4","level":"0","pokemon_id":"69"}{"order":"","version_group_id":"3","move_id":"227","pokemon_move_method_id":"2","level":"0","pokemon_id":"69"}{"order":"","version_group_id":"3","move_id":"230","pokemon_move_method_id":"1","level":"30","pokemon_id":"69"}{"order":"","version_group_id":"3","move_id":"230","pokemon_move_method_id":"4","level":"0","pokemon_id":"69"}{"order":"","version_group_id":"3","move_id":"235","pokemon_move_method_id":"2","level":"0","pokemon_id":"69"}{"order":"","version_group_id":"3","move_id":"237","pokemon_move_method_id":"4","level":"0","pokemon_id":"69"}{"order":"","version_group_id":"3","move_id":"241","pokemon_move_method_id":"4","level":"0","pokemon_id":"69"}{"order":"","version_group_id":"4","move_id":"14","pokemon_move_method_id":"2","level":"0","pokemon_id":"69"}{"order":"","version_group_id":"4","move_id":"15","pokemon_move_method_id":"4","level":"0","pokemon_id":"69"}{"order":"","version_group_id":"4","move_id":"21","pokemon_move_method_id":"1","level":"45","pokemon_id":"69"}{"order":"","version_group_id":"4","move_id":"22","pokemon_move_method_id":"1","level":"1","pokemon_id":"69"}{"order":"","version_group_id":"4","move_id":"35","pokemon_move_method_id":"1","level":"11","pokemon_id":"69"}{"order":"","version_group_id":"4","move_id":"51","pokemon_move_method_id":"1","level":"23","pokemon_id":"69"}{"order":"","version_group_id":"4","move_id":"74","pokemon_move_method_id":"1","level":"6","pokemon_id":"69"}{"order":"","version_group_id":"4","move_id":"75","pokemon_move_method_id":"1","level":"37","pokemon_id":"69"}{"order":"","version_group_id":"4","move_id":"76","pokemon_move_method_id":"4","level":"0","pokemon_id":"69"}{"order":"","version_group_id":"4","move_id":"77","pokemon_move_method_id":"1","level":"17","pokemon_id":"69"}{"order":"","version_group_id":"4","move_id":"78","pokemon_move_method_id":"1","level":"19","pokemon_id":"69"}{"order":"","version_group_id":"4","move_id":"79","pokemon_move_method_id":"1","level":"15","pokemon_id":"69"}{"order":"","version_group_id":"4","move_id":"92","pokemon_move_method_id":"4","level":"0","pokemon_id":"69"}{"order":"","version_group_id":"4","move_id":"104","pokemon_move_method_id":"4","level":"0","pokemon_id":"69"}{"order":"","version_group_id":"4","move_id":"115","pokemon_move_method_id":"2","level":"0","pokemon_id":"69"}{"order":"","version_group_id":"4","move_id":"141","pokemon_move_method_id":"2","level":"0","pokemon_id":"69"}{"order":"","version_group_id":"4","move_id":"148","pokemon_move_method_id":"4","level":"0","pokemon_id":"69"}{"order":"","version_group_id":"4","move_id":"156","pokemon_move_method_id":"4","level":"0","pokemon_id":"69"}{"order":"","version_group_id":"4","move_id":"173","pokemon_move_method_id":"4","level":"0","pokemon_id":"69"}{"order":"","version_group_id":"4","move_id":"174","pokemon_move_method_id":"4","level":"0","pokemon_id":"69"}{"order":"","version_group_id":"4","move_id":"182","pokemon_move_method_id":"4","level":"0","pokemon_id":"69"}{"order":"","version_group_id":"4","move_id":"188","pokemon_move_method_id":"4","level":"0","pokemon_id":"69"}{"order":"","version_group_id":"4","move_id":"202","pokemon_move_method_id":"4","level":"0","pokemon_id":"69"}{"order":"","version_group_id":"4","move_id":"203","pokemon_move_method_id":"4","level":"0","pokemon_id":"69"}{"order":"","version_group_id":"4","move_id":"207","pokemon_move_method_id":"4","level":"0","pokemon_id":"69"}{"order":"","version_group_id":"4","move_id":"213","pokemon_move_method_id":"4","level":"0","pokemon_id":"69"}{"order":"","version_group_id":"4","move_id":"214","pokemon_move_method_id":"4","level":"0","pokemon_id":"69"}{"order":"","version_group_id":"4","move_id":"216","pokemon_move_method_id":"4","level":"0","pokemon_id":"69"}{"order":"","version_group_id":"4","move_id":"218","pokemon_move_method_id":"4","level":"0","pokemon_id":"69"}{"order":"","version_group_id":"4","move_id":"227","pokemon_move_method_id":"2","level":"0","pokemon_id":"69"}{"order":"","version_group_id":"4","move_id":"230","pokemon_move_method_id":"1","level":"30","pokemon_id":"69"}{"order":"","version_group_id":"4","move_id":"230","pokemon_move_method_id":"4","level":"0","pokemon_id":"69"}{"order":"","version_group_id":"4","move_id":"235","pokemon_move_method_id":"2","level":"0","pokemon_id":"69"}{"order":"","version_group_id":"4","move_id":"237","pokemon_move_method_id":"4","level":"0","pokemon_id":"69"}{"order":"","version_group_id":"4","move_id":"241","pokemon_move_method_id":"4","level":"0","pokemon_id":"69"}{"order":"","version_group_id":"5","move_id":"14","pokemon_move_method_id":"2","level":"0","pokemon_id":"69"}{"order":"","version_group_id":"5","move_id":"15","pokemon_move_method_id":"4","level":"0","pokemon_id":"69"}{"order":"","version_group_id":"5","move_id":"21","pokemon_move_method_id":"1","level":"45","pokemon_id":"69"}{"order":"","version_group_id":"5","move_id":"22","pokemon_move_method_id":"1","level":"1","pokemon_id":"69"}{"order":"","version_group_id":"5","move_id":"35","pokemon_move_method_id":"1","level":"11","pokemon_id":"69"}{"order":"","version_group_id":"5","move_id":"51","pokemon_move_method_id":"1","level":"23","pokemon_id":"69"}{"order":"","version_group_id":"5","move_id":"74","pokemon_move_method_id":"1","level":"6","pokemon_id":"69"}{"order":"","version_group_id":"5","move_id":"75","pokemon_move_method_id":"1","level":"37","pokemon_id":"69"}{"order":"","version_group_id":"5","move_id":"76","pokemon_move_method_id":"4","level":"0","pokemon_id":"69"}{"order":"","version_group_id":"5","move_id":"77","pokemon_move_method_id":"1","level":"17","pokemon_id":"69"}{"order":"","version_group_id":"5","move_id":"78","pokemon_move_method_id":"1","level":"19","pokemon_id":"69"}{"order":"","version_group_id":"5","move_id":"79","pokemon_move_method_id":"1","level":"15","pokemon_id":"69"}{"order":"","version_group_id":"5","move_id":"92","pokemon_move_method_id":"4","level":"0","pokemon_id":"69"}{"order":"","version_group_id":"5","move_id":"104","pokemon_move_method_id":"4","level":"0","pokemon_id":"69"}{"order":"","version_group_id":"5","move_id":"115","pokemon_move_method_id":"2","level":"0","pokemon_id":"69"}{"order":"","version_group_id":"5","move_id":"141","pokemon_move_method_id":"2","level":"0","pokemon_id":"69"}{"order":"","version_group_id":"5","move_id":"148","pokemon_move_method_id":"4","level":"0","pokemon_id":"69"}{"order":"","version_group_id":"5","move_id":"156","pokemon_move_method_id":"4","level":"0","pokemon_id":"69"}{"order":"","version_group_id":"5","move_id":"168","pokemon_move_method_id":"4","level":"0","pokemon_id":"69"}{"order":"","version_group_id":"5","move_id":"182","pokemon_move_method_id":"4","level":"0","pokemon_id":"69"}{"order":"","version_group_id":"5","move_id":"188","pokemon_move_method_id":"4","level":"0","pokemon_id":"69"}{"order":"","version_group_id":"5","move_id":"202","pokemon_move_method_id":"4","level":"0","pokemon_id":"69"}{"order":"","version_group_id":"5","move_id":"213","pokemon_move_method_id":"4","level":"0","pokemon_id":"69"}{"order":"","version_group_id":"5","move_id":"216","pokemon_move_method_id":"4","level":"0","pokemon_id":"69"}{"order":"","version_group_id":"5","move_id":"218","pokemon_move_method_id":"4","level":"0","pokemon_id":"69"}{"order":"","version_group_id":"5","move_id":"227","pokemon_move_method_id":"2","level":"0","pokemon_id":"69"}{"order":"","version_group_id":"5","move_id":"230","pokemon_move_method_id":"1","level":"30","pokemon_id":"69"}{"order":"","version_group_id":"5","move_id":"235","pokemon_move_method_id":"2","level":"0","pokemon_id":"69"}{"order":"","version_group_id":"5","move_id":"237","pokemon_move_method_id":"4","level":"0","pokemon_id":"69"}{"order":"","version_group_id":"5","move_id":"241","pokemon_move_method_id":"4","level":"0","pokemon_id":"69"}{"order":"","version_group_id":"5","move_id":"263","pokemon_move_method_id":"4","level":"0","pokemon_id":"69"}{"order":"","version_group_id":"5","move_id":"275","pokemon_move_method_id":"2","level":"0","pokemon_id":"69"}{"order":"","version_group_id":"5","move_id":"290","pokemon_move_method_id":"4","level":"0","pokemon_id":"69"}{"order":"","version_group_id":"5","move_id":"331","pokemon_move_method_id":"4","level":"0","pokemon_id":"69"}{"order":"","version_group_id":"5","move_id":"345","pokemon_move_method_id":"2","level":"0","pokemon_id":"69"}{"order":"","version_group_id":"6","move_id":"14","pokemon_move_method_id":"2","level":"0","pokemon_id":"69"}{"order":"","version_group_id":"6","move_id":"14","pokemon_move_method_id":"3","level":"0","pokemon_id":"69"}{"order":"","version_group_id":"6","move_id":"15","pokemon_move_method_id":"4","level":"0","pokemon_id":"69"}{"order":"","version_group_id":"6","move_id":"21","pokemon_move_method_id":"1","level":"45","pokemon_id":"69"}{"order":"","version_group_id":"6","move_id":"22","pokemon_move_method_id":"1","level":"1","pokemon_id":"69"}{"order":"","version_group_id":"6","move_id":"35","pokemon_move_method_id":"1","level":"11","pokemon_id":"69"}{"order":"","version_group_id":"6","move_id":"38","pokemon_move_method_id":"3","level":"0","pokemon_id":"69"}{"order":"","version_group_id":"6","move_id":"51","pokemon_move_method_id":"1","level":"23","pokemon_id":"69"}{"order":"","version_group_id":"6","move_id":"74","pokemon_move_method_id":"1","level":"6","pokemon_id":"69"}{"order":"","version_group_id":"6","move_id":"75","pokemon_move_method_id":"1","level":"37","pokemon_id":"69"}{"order":"","version_group_id":"6","move_id":"76","pokemon_move_method_id":"4","level":"0","pokemon_id":"69"}{"order":"","version_group_id":"6","move_id":"77","pokemon_move_method_id":"1","level":"17","pokemon_id":"69"}{"order":"","version_group_id":"6","move_id":"78","pokemon_move_method_id":"1","level":"19","pokemon_id":"69"}{"order":"","version_group_id":"6","move_id":"79","pokemon_move_method_id":"1","level":"15","pokemon_id":"69"}{"order":"","version_group_id":"6","move_id":"92","pokemon_move_method_id":"4","level":"0","pokemon_id":"69"}{"order":"","version_group_id":"6","move_id":"102","pokemon_move_method_id":"3","level":"0","pokemon_id":"69"}{"order":"","version_group_id":"6","move_id":"104","pokemon_move_method_id":"4","level":"0","pokemon_id":"69"}{"order":"","version_group_id":"6","move_id":"115","pokemon_move_method_id":"2","level":"0","pokemon_id":"69"}{"order":"","version_group_id":"6","move_id":"141","pokemon_move_method_id":"2","level":"0","pokemon_id":"69"}{"order":"","version_group_id":"6","move_id":"148","pokemon_move_method_id":"4","level":"0","pokemon_id":"69"}{"order":"","version_group_id":"6","move_id":"156","pokemon_move_method_id":"4","level":"0","pokemon_id":"69"}{"order":"","version_group_id":"6","move_id":"164","pokemon_move_method_id":"3","level":"0","pokemon_id":"69"}{"order":"","version_group_id":"6","move_id":"168","pokemon_move_method_id":"4","level":"0","pokemon_id":"69"}{"order":"","version_group_id":"6","move_id":"173","pokemon_move_method_id":"3","level":"0","pokemon_id":"69"}{"order":"","version_group_id":"6","move_id":"182","pokemon_move_method_id":"4","level":"0","pokemon_id":"69"}{"order":"","version_group_id":"6","move_id":"188","pokemon_move_method_id":"4","level":"0","pokemon_id":"69"}{"order":"","version_group_id":"6","move_id":"202","pokemon_move_method_id":"4","level":"0","pokemon_id":"69"}{"order":"","version_group_id":"6","move_id":"203","pokemon_move_method_id":"3","level":"0","pokemon_id":"69"}{"order":"","version_group_id":"6","move_id":"207","pokemon_move_method_id":"3","level":"0","pokemon_id":"69"}{"order":"","version_group_id":"6","move_id":"213","pokemon_move_method_id":"4","level":"0","pokemon_id":"69"}{"order":"","version_group_id":"6","move_id":"214","pokemon_move_method_id":"3","level":"0","pokemon_id":"69"}{"order":"","version_group_id":"6","move_id":"216","pokemon_move_method_id":"4","level":"0","pokemon_id":"69"}{"order":"","version_group_id":"6","move_id":"218","pokemon_move_method_id":"4","level":"0","pokemon_id":"69"}{"order":"","version_group_id":"6","move_id":"227","pokemon_move_method_id":"2","level":"0","pokemon_id":"69"}{"order":"","version_group_id":"6","move_id":"230","pokemon_move_method_id":"1","level":"30","pokemon_id":"69"}{"order":"","version_group_id":"6","move_id":"235","pokemon_move_method_id":"2","level":"0","pokemon_id":"69"}{"order":"","version_group_id":"6","move_id":"237","pokemon_move_method_id":"4","level":"0","pokemon_id":"69"}{"order":"","version_group_id":"6","move_id":"241","pokemon_move_method_id":"4","level":"0","pokemon_id":"69"}{"order":"","version_group_id":"6","move_id":"263","pokemon_move_method_id":"4","level":"0","pokemon_id":"69"}{"order":"","version_group_id":"6","move_id":"275","pokemon_move_method_id":"2","level":"0","pokemon_id":"69"}{"order":"","version_group_id":"6","move_id":"290","pokemon_move_method_id":"4","level":"0","pokemon_id":"69"}{"order":"","version_group_id":"6","move_id":"331","pokemon_move_method_id":"4","level":"0","pokemon_id":"69"}{"order":"","version_group_id":"6","move_id":"345","pokemon_move_method_id":"2","level":"0","pokemon_id":"69"}{"order":"","version_group_id":"7","move_id":"14","pokemon_move_method_id":"2","level":"0","pokemon_id":"69"}{"order":"","version_group_id":"7","move_id":"14","pokemon_move_method_id":"3","level":"0","pokemon_id":"69"}{"order":"","version_group_id":"7","move_id":"15","pokemon_move_method_id":"4","level":"0","pokemon_id":"69"}{"order":"","version_group_id":"7","move_id":"21","pokemon_move_method_id":"1","level":"45","pokemon_id":"69"}{"order":"","version_group_id":"7","move_id":"22","pokemon_move_method_id":"1","level":"1","pokemon_id":"69"}{"order":"","version_group_id":"7","move_id":"35","pokemon_move_method_id":"1","level":"11","pokemon_id":"69"}{"order":"","version_group_id":"7","move_id":"38","pokemon_move_method_id":"3","level":"0","pokemon_id":"69"}{"order":"","version_group_id":"7","move_id":"51","pokemon_move_method_id":"1","level":"23","pokemon_id":"69"}{"order":"","version_group_id":"7","move_id":"74","pokemon_move_method_id":"1","level":"6","pokemon_id":"69"}{"order":"","version_group_id":"7","move_id":"75","pokemon_move_method_id":"1","level":"37","pokemon_id":"69"}{"order":"","version_group_id":"7","move_id":"76","pokemon_move_method_id":"4","level":"0","pokemon_id":"69"}{"order":"","version_group_id":"7","move_id":"77","pokemon_move_method_id":"1","level":"17","pokemon_id":"69"}{"order":"","version_group_id":"7","move_id":"78","pokemon_move_method_id":"1","level":"19","pokemon_id":"69"}{"order":"","version_group_id":"7","move_id":"79","pokemon_move_method_id":"1","level":"15","pokemon_id":"69"}{"order":"","version_group_id":"7","move_id":"92","pokemon_move_method_id":"4","level":"0","pokemon_id":"69"}{"order":"","version_group_id":"7","move_id":"102","pokemon_move_method_id":"3","level":"0","pokemon_id":"69"}{"order":"","version_group_id":"7","move_id":"104","pokemon_move_method_id":"4","level":"0","pokemon_id":"69"}{"order":"","version_group_id":"7","move_id":"115","pokemon_move_method_id":"2","level":"0","pokemon_id":"69"}{"order":"","version_group_id":"7","move_id":"141","pokemon_move_method_id":"2","level":"0","pokemon_id":"69"}{"order":"","version_group_id":"7","move_id":"148","pokemon_move_method_id":"4","level":"0","pokemon_id":"69"}{"order":"","version_group_id":"7","move_id":"156","pokemon_move_method_id":"4","level":"0","pokemon_id":"69"}{"order":"","version_group_id":"7","move_id":"164","pokemon_move_method_id":"3","level":"0","pokemon_id":"69"}{"order":"","version_group_id":"7","move_id":"168","pokemon_move_method_id":"4","level":"0","pokemon_id":"69"}{"order":"","version_group_id":"7","move_id":"182","pokemon_move_method_id":"4","level":"0","pokemon_id":"69"}{"order":"","version_group_id":"7","move_id":"188","pokemon_move_method_id":"4","level":"0","pokemon_id":"69"}{"order":"","version_group_id":"7","move_id":"202","pokemon_move_method_id":"4","level":"0","pokemon_id":"69"}{"order":"","version_group_id":"7","move_id":"213","pokemon_move_method_id":"4","level":"0","pokemon_id":"69"}{"order":"","version_group_id":"7","move_id":"216","pokemon_move_method_id":"4","level":"0","pokemon_id":"69"}{"order":"","version_group_id":"7","move_id":"218","pokemon_move_method_id":"4","level":"0","pokemon_id":"69"}{"order":"","version_group_id":"7","move_id":"227","pokemon_move_method_id":"2","level":"0","pokemon_id":"69"}{"order":"","version_group_id":"7","move_id":"230","pokemon_move_method_id":"1","level":"30","pokemon_id":"69"}{"order":"","version_group_id":"7","move_id":"235","pokemon_move_method_id":"2","level":"0","pokemon_id":"69"}{"order":"","version_group_id":"7","move_id":"237","pokemon_move_method_id":"4","level":"0","pokemon_id":"69"}{"order":"","version_group_id":"7","move_id":"241","pokemon_move_method_id":"4","level":"0","pokemon_id":"69"}{"order":"","version_group_id":"7","move_id":"263","pokemon_move_method_id":"4","level":"0","pokemon_id":"69"}{"order":"","version_group_id":"7","move_id":"275","pokemon_move_method_id":"2","level":"0","pokemon_id":"69"}{"order":"","version_group_id":"7","move_id":"290","pokemon_move_method_id":"4","level":"0","pokemon_id":"69"}{"order":"","version_group_id":"7","move_id":"331","pokemon_move_method_id":"4","level":"0","pokemon_id":"69"}{"order":"","version_group_id":"7","move_id":"345","pokemon_move_method_id":"2","level":"0","pokemon_id":"69"}{"order":"","version_group_id":"8","move_id":"14","pokemon_move_method_id":"2","level":"0","pokemon_id":"69"}{"order":"","version_group_id":"8","move_id":"14","pokemon_move_method_id":"4","level":"0","pokemon_id":"69"}{"order":"","version_group_id":"8","move_id":"15","pokemon_move_method_id":"4","level":"0","pokemon_id":"69"}{"order":"","version_group_id":"8","move_id":"21","pokemon_move_method_id":"1","level":"41","pokemon_id":"69"}{"order":"","version_group_id":"8","move_id":"22","pokemon_move_method_id":"1","level":"1","pokemon_id":"69"}{"order":"","version_group_id":"8","move_id":"35","pokemon_move_method_id":"1","level":"11","pokemon_id":"69"}{"order":"","version_group_id":"8","move_id":"51","pokemon_move_method_id":"1","level":"23","pokemon_id":"69"}{"order":"","version_group_id":"8","move_id":"74","pokemon_move_method_id":"1","level":"7","pokemon_id":"69"}{"order":"","version_group_id":"8","move_id":"75","pokemon_move_method_id":"1","level":"39","pokemon_id":"69"}{"order":"","version_group_id":"8","move_id":"76","pokemon_move_method_id":"4","level":"0","pokemon_id":"69"}{"order":"","version_group_id":"8","move_id":"77","pokemon_move_method_id":"1","level":"15","pokemon_id":"69"}{"order":"","version_group_id":"8","move_id":"78","pokemon_move_method_id":"1","level":"17","pokemon_id":"69"}{"order":"","version_group_id":"8","move_id":"79","pokemon_move_method_id":"1","level":"13","pokemon_id":"69"}{"order":"","version_group_id":"8","move_id":"92","pokemon_move_method_id":"4","level":"0","pokemon_id":"69"}{"order":"","version_group_id":"8","move_id":"104","pokemon_move_method_id":"4","level":"0","pokemon_id":"69"}{"order":"","version_group_id":"8","move_id":"115","pokemon_move_method_id":"2","level":"0","pokemon_id":"69"}{"order":"","version_group_id":"8","move_id":"141","pokemon_move_method_id":"2","level":"0","pokemon_id":"69"}{"order":"","version_group_id":"8","move_id":"148","pokemon_move_method_id":"4","level":"0","pokemon_id":"69"}{"order":"","version_group_id":"8","move_id":"156","pokemon_move_method_id":"4","level":"0","pokemon_id":"69"}{"order":"","version_group_id":"8","move_id":"164","pokemon_move_method_id":"4","level":"0","pokemon_id":"69"}{"order":"","version_group_id":"8","move_id":"168","pokemon_move_method_id":"4","level":"0","pokemon_id":"69"}{"order":"","version_group_id":"8","move_id":"182","pokemon_move_method_id":"4","level":"0","pokemon_id":"69"}{"order":"","version_group_id":"8","move_id":"188","pokemon_move_method_id":"4","level":"0","pokemon_id":"69"}{"order":"","version_group_id":"8","move_id":"202","pokemon_move_method_id":"4","level":"0","pokemon_id":"69"}{"order":"","version_group_id":"8","move_id":"203","pokemon_move_method_id":"4","level":"0","pokemon_id":"69"}{"order":"","version_group_id":"8","move_id":"207","pokemon_move_method_id":"4","level":"0","pokemon_id":"69"}{"order":"","version_group_id":"8","move_id":"213","pokemon_move_method_id":"4","level":"0","pokemon_id":"69"}{"order":"","version_group_id":"8","move_id":"214","pokemon_move_method_id":"4","level":"0","pokemon_id":"69"}{"order":"","version_group_id":"8","move_id":"216","pokemon_move_method_id":"4","level":"0","pokemon_id":"69"}{"order":"","version_group_id":"8","move_id":"218","pokemon_move_method_id":"4","level":"0","pokemon_id":"69"}{"order":"","version_group_id":"8","move_id":"227","pokemon_move_method_id":"2","level":"0","pokemon_id":"69"}{"order":"","version_group_id":"8","move_id":"230","pokemon_move_method_id":"1","level":"29","pokemon_id":"69"}{"order":"","version_group_id":"8","move_id":"235","pokemon_move_method_id":"2","level":"0","pokemon_id":"69"}{"order":"","version_group_id":"8","move_id":"237","pokemon_move_method_id":"4","level":"0","pokemon_id":"69"}{"order":"","version_group_id":"8","move_id":"241","pokemon_move_method_id":"4","level":"0","pokemon_id":"69"}{"order":"","version_group_id":"8","move_id":"263","pokemon_move_method_id":"4","level":"0","pokemon_id":"69"}{"order":"","version_group_id":"8","move_id":"275","pokemon_move_method_id":"2","level":"0","pokemon_id":"69"}{"order":"","version_group_id":"8","move_id":"282","pokemon_move_method_id":"1","level":"27","pokemon_id":"69"}{"order":"","version_group_id":"8","move_id":"290","pokemon_move_method_id":"4","level":"0","pokemon_id":"69"}{"order":"","version_group_id":"8","move_id":"321","pokemon_move_method_id":"2","level":"0","pokemon_id":"69"}{"order":"","version_group_id":"8","move_id":"331","pokemon_move_method_id":"4","level":"0","pokemon_id":"69"}{"order":"","version_group_id":"8","move_id":"345","pokemon_move_method_id":"2","level":"0","pokemon_id":"69"}{"order":"","version_group_id":"8","move_id":"363","pokemon_move_method_id":"4","level":"0","pokemon_id":"69"}{"order":"","version_group_id":"8","move_id":"378","pokemon_move_method_id":"1","level":"47","pokemon_id":"69"}{"order":"","version_group_id":"8","move_id":"380","pokemon_move_method_id":"1","level":"35","pokemon_id":"69"}{"order":"","version_group_id":"8","move_id":"388","pokemon_move_method_id":"2","level":"0","pokemon_id":"69"}{"order":"","version_group_id":"8","move_id":"412","pokemon_move_method_id":"4","level":"0","pokemon_id":"69"}{"order":"","version_group_id":"8","move_id":"445","pokemon_move_method_id":"4","level":"0","pokemon_id":"69"}{"order":"","version_group_id":"8","move_id":"447","pokemon_move_method_id":"4","level":"0","pokemon_id":"69"}{"order":"","version_group_id":"9","move_id":"14","pokemon_move_method_id":"2","level":"0","pokemon_id":"69"}{"order":"","version_group_id":"9","move_id":"14","pokemon_move_method_id":"4","level":"0","pokemon_id":"69"}{"order":"","version_group_id":"9","move_id":"15","pokemon_move_method_id":"4","level":"0","pokemon_id":"69"}{"order":"","version_group_id":"9","move_id":"21","pokemon_move_method_id":"1","level":"41","pokemon_id":"69"}{"order":"","version_group_id":"9","move_id":"22","pokemon_move_method_id":"1","level":"1","pokemon_id":"69"}{"order":"","version_group_id":"9","move_id":"35","pokemon_move_method_id":"1","level":"11","pokemon_id":"69"}{"order":"","version_group_id":"9","move_id":"51","pokemon_move_method_id":"1","level":"23","pokemon_id":"69"}{"order":"","version_group_id":"9","move_id":"74","pokemon_move_method_id":"1","level":"7","pokemon_id":"69"}{"order":"","version_group_id":"9","move_id":"75","pokemon_move_method_id":"1","level":"39","pokemon_id":"69"}{"order":"","version_group_id":"9","move_id":"76","pokemon_move_method_id":"4","level":"0","pokemon_id":"69"}{"order":"","version_group_id":"9","move_id":"77","pokemon_move_method_id":"1","level":"15","pokemon_id":"69"}{"order":"","version_group_id":"9","move_id":"78","pokemon_move_method_id":"1","level":"17","pokemon_id":"69"}{"order":"","version_group_id":"9","move_id":"79","pokemon_move_method_id":"1","level":"13","pokemon_id":"69"}{"order":"","version_group_id":"9","move_id":"92","pokemon_move_method_id":"4","level":"0","pokemon_id":"69"}{"order":"","version_group_id":"9","move_id":"104","pokemon_move_method_id":"4","level":"0","pokemon_id":"69"}{"order":"","version_group_id":"9","move_id":"115","pokemon_move_method_id":"2","level":"0","pokemon_id":"69"}{"order":"","version_group_id":"9","move_id":"141","pokemon_move_method_id":"2","level":"0","pokemon_id":"69"}{"order":"","version_group_id":"9","move_id":"148","pokemon_move_method_id":"4","level":"0","pokemon_id":"69"}{"order":"","version_group_id":"9","move_id":"156","pokemon_move_method_id":"4","level":"0","pokemon_id":"69"}{"order":"","version_group_id":"9","move_id":"164","pokemon_move_method_id":"4","level":"0","pokemon_id":"69"}{"order":"","version_group_id":"9","move_id":"168","pokemon_move_method_id":"4","level":"0","pokemon_id":"69"}{"order":"","version_group_id":"9","move_id":"173","pokemon_move_method_id":"3","level":"0","pokemon_id":"69"}{"order":"","version_group_id":"9","move_id":"182","pokemon_move_method_id":"4","level":"0","pokemon_id":"69"}{"order":"","version_group_id":"9","move_id":"188","pokemon_move_method_id":"4","level":"0","pokemon_id":"69"}{"order":"","version_group_id":"9","move_id":"202","pokemon_move_method_id":"4","level":"0","pokemon_id":"69"}{"order":"","version_group_id":"9","move_id":"203","pokemon_move_method_id":"4","level":"0","pokemon_id":"69"}{"order":"","version_group_id":"9","move_id":"207","pokemon_move_method_id":"4","level":"0","pokemon_id":"69"}{"order":"","version_group_id":"9","move_id":"213","pokemon_move_method_id":"4","level":"0","pokemon_id":"69"}{"order":"","version_group_id":"9","move_id":"214","pokemon_move_method_id":"4","level":"0","pokemon_id":"69"}{"order":"","version_group_id":"9","move_id":"216","pokemon_move_method_id":"4","level":"0","pokemon_id":"69"}{"order":"","version_group_id":"9","move_id":"218","pokemon_move_method_id":"4","level":"0","pokemon_id":"69"}{"order":"","version_group_id":"9","move_id":"227","pokemon_move_method_id":"2","level":"0","pokemon_id":"69"}{"order":"","version_group_id":"9","move_id":"230","pokemon_move_method_id":"1","level":"29","pokemon_id":"69"}{"order":"","version_group_id":"9","move_id":"235","pokemon_move_method_id":"2","level":"0","pokemon_id":"69"}{"order":"","version_group_id":"9","move_id":"235","pokemon_move_method_id":"3","level":"0","pokemon_id":"69"}{"order":"","version_group_id":"9","move_id":"237","pokemon_move_method_id":"4","level":"0","pokemon_id":"69"}{"order":"","version_group_id":"9","move_id":"241","pokemon_move_method_id":"4","level":"0","pokemon_id":"69"}{"order":"","version_group_id":"9","move_id":"263","pokemon_move_method_id":"4","level":"0","pokemon_id":"69"}{"order":"","version_group_id":"9","move_id":"275","pokemon_move_method_id":"2","level":"0","pokemon_id":"69"}{"order":"","version_group_id":"9","move_id":"282","pokemon_move_method_id":"1","level":"27","pokemon_id":"69"}{"order":"","version_group_id":"9","move_id":"282","pokemon_move_method_id":"3","level":"0","pokemon_id":"69"}{"order":"","version_group_id":"9","move_id":"290","pokemon_move_method_id":"4","level":"0","pokemon_id":"69"}{"order":"","version_group_id":"9","move_id":"321","pokemon_move_method_id":"2","level":"0","pokemon_id":"69"}{"order":"","version_group_id":"9","move_id":"331","pokemon_move_method_id":"4","level":"0","pokemon_id":"69"}{"order":"","version_group_id":"9","move_id":"345","pokemon_move_method_id":"2","level":"0","pokemon_id":"69"}{"order":"","version_group_id":"9","move_id":"363","pokemon_move_method_id":"4","level":"0","pokemon_id":"69"}{"order":"","version_group_id":"9","move_id":"378","pokemon_move_method_id":"1","level":"47","pokemon_id":"69"}{"order":"","version_group_id":"9","move_id":"380","pokemon_move_method_id":"1","level":"35","pokemon_id":"69"}{"order":"","version_group_id":"9","move_id":"380","pokemon_move_method_id":"3","level":"0","pokemon_id":"69"}{"order":"","version_group_id":"9","move_id":"388","pokemon_move_method_id":"2","level":"0","pokemon_id":"69"}{"order":"","version_group_id":"9","move_id":"389","pokemon_move_method_id":"3","level":"0","pokemon_id":"69"}{"order":"","version_group_id":"9","move_id":"402","pokemon_move_method_id":"3","level":"0","pokemon_id":"69"}{"order":"","version_group_id":"9","move_id":"412","pokemon_move_method_id":"4","level":"0","pokemon_id":"69"}{"order":"","version_group_id":"9","move_id":"445","pokemon_move_method_id":"4","level":"0","pokemon_id":"69"}{"order":"","version_group_id":"9","move_id":"447","pokemon_move_method_id":"4","level":"0","pokemon_id":"69"}{"order":"","version_group_id":"10","move_id":"14","pokemon_move_method_id":"2","level":"0","pokemon_id":"69"}{"order":"","version_group_id":"10","move_id":"14","pokemon_move_method_id":"4","level":"0","pokemon_id":"69"}{"order":"","version_group_id":"10","move_id":"15","pokemon_move_method_id":"4","level":"0","pokemon_id":"69"}{"order":"","version_group_id":"10","move_id":"21","pokemon_move_method_id":"1","level":"41","pokemon_id":"69"}{"order":"","version_group_id":"10","move_id":"22","pokemon_move_method_id":"1","level":"1","pokemon_id":"69"}{"order":"","version_group_id":"10","move_id":"35","pokemon_move_method_id":"1","level":"11","pokemon_id":"69"}{"order":"","version_group_id":"10","move_id":"51","pokemon_move_method_id":"1","level":"23","pokemon_id":"69"}{"order":"","version_group_id":"10","move_id":"74","pokemon_move_method_id":"1","level":"7","pokemon_id":"69"}{"order":"","version_group_id":"10","move_id":"75","pokemon_move_method_id":"1","level":"39","pokemon_id":"69"}{"order":"","version_group_id":"10","move_id":"76","pokemon_move_method_id":"4","level":"0","pokemon_id":"69"}{"order":"","version_group_id":"10","move_id":"77","pokemon_move_method_id":"1","level":"15","pokemon_id":"69"}{"order":"","version_group_id":"10","move_id":"78","pokemon_move_method_id":"1","level":"17","pokemon_id":"69"}{"order":"","version_group_id":"10","move_id":"79","pokemon_move_method_id":"1","level":"13","pokemon_id":"69"}{"order":"","version_group_id":"10","move_id":"92","pokemon_move_method_id":"4","level":"0","pokemon_id":"69"}{"order":"","version_group_id":"10","move_id":"104","pokemon_move_method_id":"4","level":"0","pokemon_id":"69"}{"order":"","version_group_id":"10","move_id":"115","pokemon_move_method_id":"2","level":"0","pokemon_id":"69"}{"order":"","version_group_id":"10","move_id":"141","pokemon_move_method_id":"2","level":"0","pokemon_id":"69"}{"order":"","version_group_id":"10","move_id":"148","pokemon_move_method_id":"4","level":"0","pokemon_id":"69"}{"order":"","version_group_id":"10","move_id":"156","pokemon_move_method_id":"4","level":"0","pokemon_id":"69"}{"order":"","version_group_id":"10","move_id":"164","pokemon_move_method_id":"4","level":"0","pokemon_id":"69"}{"order":"","version_group_id":"10","move_id":"168","pokemon_move_method_id":"4","level":"0","pokemon_id":"69"}{"order":"","version_group_id":"10","move_id":"173","pokemon_move_method_id":"3","level":"0","pokemon_id":"69"}{"order":"","version_group_id":"10","move_id":"182","pokemon_move_method_id":"4","level":"0","pokemon_id":"69"}{"order":"","version_group_id":"10","move_id":"188","pokemon_move_method_id":"4","level":"0","pokemon_id":"69"}{"order":"","version_group_id":"10","move_id":"202","pokemon_move_method_id":"4","level":"0","pokemon_id":"69"}{"order":"","version_group_id":"10","move_id":"203","pokemon_move_method_id":"4","level":"0","pokemon_id":"69"}{"order":"","version_group_id":"10","move_id":"207","pokemon_move_method_id":"4","level":"0","pokemon_id":"69"}{"order":"","version_group_id":"10","move_id":"213","pokemon_move_method_id":"4","level":"0","pokemon_id":"69"}{"order":"","version_group_id":"10","move_id":"214","pokemon_move_method_id":"4","level":"0","pokemon_id":"69"}{"order":"","version_group_id":"10","move_id":"216","pokemon_move_method_id":"4","level":"0","pokemon_id":"69"}{"order":"","version_group_id":"10","move_id":"218","pokemon_move_method_id":"4","level":"0","pokemon_id":"69"}{"order":"","version_group_id":"10","move_id":"227","pokemon_move_method_id":"2","level":"0","pokemon_id":"69"}{"order":"","version_group_id":"10","move_id":"230","pokemon_move_method_id":"1","level":"29","pokemon_id":"69"}{"order":"","version_group_id":"10","move_id":"235","pokemon_move_method_id":"2","level":"0","pokemon_id":"69"}{"order":"","version_group_id":"10","move_id":"235","pokemon_move_method_id":"3","level":"0","pokemon_id":"69"}{"order":"","version_group_id":"10","move_id":"237","pokemon_move_method_id":"4","level":"0","pokemon_id":"69"}{"order":"","version_group_id":"10","move_id":"241","pokemon_move_method_id":"4","level":"0","pokemon_id":"69"}{"order":"","version_group_id":"10","move_id":"263","pokemon_move_method_id":"4","level":"0","pokemon_id":"69"}{"order":"","version_group_id":"10","move_id":"275","pokemon_move_method_id":"2","level":"0","pokemon_id":"69"}{"order":"","version_group_id":"10","move_id":"282","pokemon_move_method_id":"1","level":"27","pokemon_id":"69"}{"order":"","version_group_id":"10","move_id":"282","pokemon_move_method_id":"3","level":"0","pokemon_id":"69"}{"order":"","version_group_id":"10","move_id":"290","pokemon_move_method_id":"4","level":"0","pokemon_id":"69"}{"order":"","version_group_id":"10","move_id":"311","pokemon_move_method_id":"2","level":"0","pokemon_id":"69"}{"order":"","version_group_id":"10","move_id":"321","pokemon_move_method_id":"2","level":"0","pokemon_id":"69"}{"order":"","version_group_id":"10","move_id":"331","pokemon_move_method_id":"4","level":"0","pokemon_id":"69"}{"order":"","version_group_id":"10","move_id":"345","pokemon_move_method_id":"2","level":"0","pokemon_id":"69"}{"order":"","version_group_id":"10","move_id":"363","pokemon_move_method_id":"4","level":"0","pokemon_id":"69"}{"order":"","version_group_id":"10","move_id":"378","pokemon_move_method_id":"1","level":"47","pokemon_id":"69"}{"order":"","version_group_id":"10","move_id":"380","pokemon_move_method_id":"1","level":"35","pokemon_id":"69"}{"order":"","version_group_id":"10","move_id":"380","pokemon_move_method_id":"3","level":"0","pokemon_id":"69"}{"order":"","version_group_id":"10","move_id":"388","pokemon_move_method_id":"2","level":"0","pokemon_id":"69"}{"order":"","version_group_id":"10","move_id":"388","pokemon_move_method_id":"3","level":"0","pokemon_id":"69"}{"order":"","version_group_id":"10","move_id":"389","pokemon_move_method_id":"3","level":"0","pokemon_id":"69"}{"order":"","version_group_id":"10","move_id":"402","pokemon_move_method_id":"3","level":"0","pokemon_id":"69"}{"order":"","version_group_id":"10","move_id":"412","pokemon_move_method_id":"4","level":"0","pokemon_id":"69"}{"order":"","version_group_id":"10","move_id":"445","pokemon_move_method_id":"4","level":"0","pokemon_id":"69"}{"order":"","version_group_id":"10","move_id":"447","pokemon_move_method_id":"4","level":"0","pokemon_id":"69"}{"order":"","version_group_id":"11","move_id":"14","pokemon_move_method_id":"4","level":"0","pokemon_id":"69"}{"order":"","version_group_id":"11","move_id":"15","pokemon_move_method_id":"4","level":"0","pokemon_id":"69"}{"order":"","version_group_id":"11","move_id":"21","pokemon_move_method_id":"1","level":"41","pokemon_id":"69"}{"order":"","version_group_id":"11","move_id":"22","pokemon_move_method_id":"1","level":"1","pokemon_id":"69"}{"order":"","version_group_id":"11","move_id":"35","pokemon_move_method_id":"1","level":"11","pokemon_id":"69"}{"order":"","version_group_id":"11","move_id":"51","pokemon_move_method_id":"1","level":"23","pokemon_id":"69"}{"order":"","version_group_id":"11","move_id":"74","pokemon_move_method_id":"1","level":"7","pokemon_id":"69"}{"order":"","version_group_id":"11","move_id":"75","pokemon_move_method_id":"1","level":"39","pokemon_id":"69"}{"order":"","version_group_id":"11","move_id":"76","pokemon_move_method_id":"4","level":"0","pokemon_id":"69"}{"order":"","version_group_id":"11","move_id":"77","pokemon_move_method_id":"1","level":"15","pokemon_id":"69"}{"order":"","version_group_id":"11","move_id":"78","pokemon_move_method_id":"1","level":"17","pokemon_id":"69"}{"order":"","version_group_id":"11","move_id":"79","pokemon_move_method_id":"1","level":"13","pokemon_id":"69"}{"order":"","version_group_id":"11","move_id":"92","pokemon_move_method_id":"4","level":"0","pokemon_id":"69"}{"order":"","version_group_id":"11","move_id":"104","pokemon_move_method_id":"4","level":"0","pokemon_id":"69"}{"order":"","version_group_id":"11","move_id":"115","pokemon_move_method_id":"4","level":"0","pokemon_id":"69"}{"order":"","version_group_id":"11","move_id":"141","pokemon_move_method_id":"2","level":"0","pokemon_id":"69"}{"order":"","version_group_id":"11","move_id":"148","pokemon_move_method_id":"4","level":"0","pokemon_id":"69"}{"order":"","version_group_id":"11","move_id":"156","pokemon_move_method_id":"4","level":"0","pokemon_id":"69"}{"order":"","version_group_id":"11","move_id":"164","pokemon_move_method_id":"4","level":"0","pokemon_id":"69"}{"order":"","version_group_id":"11","move_id":"168","pokemon_move_method_id":"4","level":"0","pokemon_id":"69"}{"order":"","version_group_id":"11","move_id":"182","pokemon_move_method_id":"4","level":"0","pokemon_id":"69"}{"order":"","version_group_id":"11","move_id":"188","pokemon_move_method_id":"4","level":"0","pokemon_id":"69"}{"order":"","version_group_id":"11","move_id":"202","pokemon_move_method_id":"2","level":"0","pokemon_id":"69"}{"order":"","version_group_id":"11","move_id":"207","pokemon_move_method_id":"4","level":"0","pokemon_id":"69"}{"order":"","version_group_id":"11","move_id":"213","pokemon_move_method_id":"4","level":"0","pokemon_id":"69"}{"order":"","version_group_id":"11","move_id":"216","pokemon_move_method_id":"4","level":"0","pokemon_id":"69"}{"order":"","version_group_id":"11","move_id":"218","pokemon_move_method_id":"4","level":"0","pokemon_id":"69"}{"order":"","version_group_id":"11","move_id":"227","pokemon_move_method_id":"2","level":"0","pokemon_id":"69"}{"order":"","version_group_id":"11","move_id":"230","pokemon_move_method_id":"1","level":"29","pokemon_id":"69"}{"order":"","version_group_id":"11","move_id":"235","pokemon_move_method_id":"2","level":"0","pokemon_id":"69"}{"order":"","version_group_id":"11","move_id":"237","pokemon_move_method_id":"4","level":"0","pokemon_id":"69"}{"order":"","version_group_id":"11","move_id":"241","pokemon_move_method_id":"4","level":"0","pokemon_id":"69"}{"order":"","version_group_id":"11","move_id":"263","pokemon_move_method_id":"4","level":"0","pokemon_id":"69"}{"order":"","version_group_id":"11","move_id":"275","pokemon_move_method_id":"2","level":"0","pokemon_id":"69"}{"order":"","version_group_id":"11","move_id":"282","pokemon_move_method_id":"1","level":"27","pokemon_id":"69"}{"order":"","version_group_id":"11","move_id":"311","pokemon_move_method_id":"2","level":"0","pokemon_id":"69"}{"order":"","version_group_id":"11","move_id":"321","pokemon_move_method_id":"2","level":"0","pokemon_id":"69"}{"order":"","version_group_id":"11","move_id":"331","pokemon_move_method_id":"2","level":"0","pokemon_id":"69"}{"order":"","version_group_id":"11","move_id":"345","pokemon_move_method_id":"2","level":"0","pokemon_id":"69"}{"order":"","version_group_id":"11","move_id":"363","pokemon_move_method_id":"2","level":"0","pokemon_id":"69"}{"order":"","version_group_id":"11","move_id":"378","pokemon_move_method_id":"1","level":"47","pokemon_id":"69"}{"order":"","version_group_id":"11","move_id":"380","pokemon_move_method_id":"1","level":"35","pokemon_id":"69"}{"order":"","version_group_id":"11","move_id":"388","pokemon_move_method_id":"2","level":"0","pokemon_id":"69"}{"order":"","version_group_id":"11","move_id":"412","pokemon_move_method_id":"4","level":"0","pokemon_id":"69"}{"order":"","version_group_id":"11","move_id":"438","pokemon_move_method_id":"2","level":"0","pokemon_id":"69"}{"order":"","version_group_id":"11","move_id":"447","pokemon_move_method_id":"4","level":"0","pokemon_id":"69"}{"order":"","version_group_id":"11","move_id":"474","pokemon_move_method_id":"4","level":"0","pokemon_id":"69"}{"order":"","version_group_id":"11","move_id":"496","pokemon_move_method_id":"4","level":"0","pokemon_id":"69"}{"order":"","version_group_id":"11","move_id":"499","pokemon_move_method_id":"2","level":"0","pokemon_id":"69"}{"order":"","version_group_id":"12","move_id":"15","pokemon_move_method_id":"4","level":"0","pokemon_id":"69"}{"order":"","version_group_id":"12","move_id":"21","pokemon_move_method_id":"1","level":"45","pokemon_id":"69"}{"order":"","version_group_id":"12","move_id":"22","pokemon_move_method_id":"1","level":"1","pokemon_id":"69"}{"order":"","version_group_id":"12","move_id":"35","pokemon_move_method_id":"1","level":"11","pokemon_id":"69"}{"order":"","version_group_id":"12","move_id":"51","pokemon_move_method_id":"1","level":"23","pokemon_id":"69"}{"order":"","version_group_id":"12","move_id":"74","pokemon_move_method_id":"1","level":"6","pokemon_id":"69"}{"order":"","version_group_id":"12","move_id":"75","pokemon_move_method_id":"1","level":"37","pokemon_id":"69"}{"order":"","version_group_id":"12","move_id":"76","pokemon_move_method_id":"4","level":"0","pokemon_id":"69"}{"order":"","version_group_id":"12","move_id":"77","pokemon_move_method_id":"1","level":"17","pokemon_id":"69"}{"order":"","version_group_id":"12","move_id":"78","pokemon_move_method_id":"1","level":"19","pokemon_id":"69"}{"order":"","version_group_id":"12","move_id":"79","pokemon_move_method_id":"1","level":"15","pokemon_id":"69"}{"order":"","version_group_id":"12","move_id":"92","pokemon_move_method_id":"4","level":"0","pokemon_id":"69"}{"order":"","version_group_id":"12","move_id":"104","pokemon_move_method_id":"4","level":"0","pokemon_id":"69"}{"order":"","version_group_id":"12","move_id":"148","pokemon_move_method_id":"4","level":"0","pokemon_id":"69"}{"order":"","version_group_id":"12","move_id":"156","pokemon_move_method_id":"4","level":"0","pokemon_id":"69"}{"order":"","version_group_id":"12","move_id":"168","pokemon_move_method_id":"4","level":"0","pokemon_id":"69"}{"order":"","version_group_id":"12","move_id":"182","pokemon_move_method_id":"4","level":"0","pokemon_id":"69"}{"order":"","version_group_id":"12","move_id":"188","pokemon_move_method_id":"4","level":"0","pokemon_id":"69"}{"order":"","version_group_id":"12","move_id":"202","pokemon_move_method_id":"4","level":"0","pokemon_id":"69"}{"order":"","version_group_id":"12","move_id":"213","pokemon_move_method_id":"4","level":"0","pokemon_id":"69"}{"order":"","version_group_id":"12","move_id":"216","pokemon_move_method_id":"4","level":"0","pokemon_id":"69"}{"order":"","version_group_id":"12","move_id":"218","pokemon_move_method_id":"4","level":"0","pokemon_id":"69"}{"order":"","version_group_id":"12","move_id":"230","pokemon_move_method_id":"1","level":"30","pokemon_id":"69"}{"order":"","version_group_id":"12","move_id":"237","pokemon_move_method_id":"4","level":"0","pokemon_id":"69"}{"order":"","version_group_id":"12","move_id":"241","pokemon_move_method_id":"4","level":"0","pokemon_id":"69"}{"order":"","version_group_id":"12","move_id":"263","pokemon_move_method_id":"4","level":"0","pokemon_id":"69"}{"order":"","version_group_id":"12","move_id":"290","pokemon_move_method_id":"4","level":"0","pokemon_id":"69"}{"order":"","version_group_id":"12","move_id":"331","pokemon_move_method_id":"4","level":"0","pokemon_id":"69"}{"order":"","version_group_id":"13","move_id":"15","pokemon_move_method_id":"4","level":"0","pokemon_id":"69"}{"order":"","version_group_id":"13","move_id":"21","pokemon_move_method_id":"1","level":"45","pokemon_id":"69"}{"order":"","version_group_id":"13","move_id":"22","pokemon_move_method_id":"1","level":"1","pokemon_id":"69"}{"order":"","version_group_id":"13","move_id":"35","pokemon_move_method_id":"1","level":"11","pokemon_id":"69"}{"order":"","version_group_id":"13","move_id":"38","pokemon_move_method_id":"3","level":"0","pokemon_id":"69"}{"order":"","version_group_id":"13","move_id":"51","pokemon_move_method_id":"1","level":"23","pokemon_id":"69"}{"order":"","version_group_id":"13","move_id":"74","pokemon_move_method_id":"1","level":"6","pokemon_id":"69"}{"order":"","version_group_id":"13","move_id":"75","pokemon_move_method_id":"1","level":"37","pokemon_id":"69"}{"order":"","version_group_id":"13","move_id":"76","pokemon_move_method_id":"4","level":"0","pokemon_id":"69"}{"order":"","version_group_id":"13","move_id":"77","pokemon_move_method_id":"1","level":"17","pokemon_id":"69"}{"order":"","version_group_id":"13","move_id":"78","pokemon_move_method_id":"1","level":"19","pokemon_id":"69"}{"order":"","version_group_id":"13","move_id":"79","pokemon_move_method_id":"1","level":"15","pokemon_id":"69"}{"order":"","version_group_id":"13","move_id":"92","pokemon_move_method_id":"4","level":"0","pokemon_id":"69"}{"order":"","version_group_id":"13","move_id":"102","pokemon_move_method_id":"3","level":"0","pokemon_id":"69"}{"order":"","version_group_id":"13","move_id":"104","pokemon_move_method_id":"4","level":"0","pokemon_id":"69"}{"order":"","version_group_id":"13","move_id":"148","pokemon_move_method_id":"4","level":"0","pokemon_id":"69"}{"order":"","version_group_id":"13","move_id":"156","pokemon_move_method_id":"4","level":"0","pokemon_id":"69"}{"order":"","version_group_id":"13","move_id":"164","pokemon_move_method_id":"3","level":"0","pokemon_id":"69"}{"order":"","version_group_id":"13","move_id":"168","pokemon_move_method_id":"4","level":"0","pokemon_id":"69"}{"order":"","version_group_id":"13","move_id":"182","pokemon_move_method_id":"4","level":"0","pokemon_id":"69"}{"order":"","version_group_id":"13","move_id":"188","pokemon_move_method_id":"4","level":"0","pokemon_id":"69"}{"order":"","version_group_id":"13","move_id":"202","pokemon_move_method_id":"4","level":"0","pokemon_id":"69"}{"order":"","version_group_id":"13","move_id":"207","pokemon_move_method_id":"3","level":"0","pokemon_id":"69"}{"order":"","version_group_id":"13","move_id":"213","pokemon_move_method_id":"4","level":"0","pokemon_id":"69"}{"order":"","version_group_id":"13","move_id":"216","pokemon_move_method_id":"4","level":"0","pokemon_id":"69"}{"order":"","version_group_id":"13","move_id":"218","pokemon_move_method_id":"4","level":"0","pokemon_id":"69"}{"order":"","version_group_id":"13","move_id":"230","pokemon_move_method_id":"1","level":"30","pokemon_id":"69"}{"order":"","version_group_id":"13","move_id":"237","pokemon_move_method_id":"4","level":"0","pokemon_id":"69"}{"order":"","version_group_id":"13","move_id":"241","pokemon_move_method_id":"4","level":"0","pokemon_id":"69"}{"order":"","version_group_id":"13","move_id":"263","pokemon_move_method_id":"4","level":"0","pokemon_id":"69"}{"order":"","version_group_id":"13","move_id":"290","pokemon_move_method_id":"4","level":"0","pokemon_id":"69"}{"order":"","version_group_id":"13","move_id":"331","pokemon_move_method_id":"4","level":"0","pokemon_id":"69"}{"order":"","version_group_id":"14","move_id":"14","pokemon_move_method_id":"4","level":"0","pokemon_id":"69"}{"order":"","version_group_id":"14","move_id":"15","pokemon_move_method_id":"4","level":"0","pokemon_id":"69"}{"order":"","version_group_id":"14","move_id":"20","pokemon_move_method_id":"3","level":"0","pokemon_id":"69"}{"order":"","version_group_id":"14","move_id":"21","pokemon_move_method_id":"1","level":"41","pokemon_id":"69"}{"order":"","version_group_id":"14","move_id":"22","pokemon_move_method_id":"1","level":"1","pokemon_id":"69"}{"order":"","version_group_id":"14","move_id":"35","pokemon_move_method_id":"1","level":"11","pokemon_id":"69"}{"order":"","version_group_id":"14","move_id":"51","pokemon_move_method_id":"1","level":"23","pokemon_id":"69"}{"order":"","version_group_id":"14","move_id":"74","pokemon_move_method_id":"1","level":"7","pokemon_id":"69"}{"order":"","version_group_id":"14","move_id":"75","pokemon_move_method_id":"1","level":"39","pokemon_id":"69"}{"order":"","version_group_id":"14","move_id":"76","pokemon_move_method_id":"4","level":"0","pokemon_id":"69"}{"order":"","version_group_id":"14","move_id":"77","pokemon_move_method_id":"1","level":"15","pokemon_id":"69"}{"order":"","version_group_id":"14","move_id":"78","pokemon_move_method_id":"1","level":"17","pokemon_id":"69"}{"order":"","version_group_id":"14","move_id":"79","pokemon_move_method_id":"1","level":"13","pokemon_id":"69"}{"order":"","version_group_id":"14","move_id":"92","pokemon_move_method_id":"4","level":"0","pokemon_id":"69"}{"order":"","version_group_id":"14","move_id":"104","pokemon_move_method_id":"4","level":"0","pokemon_id":"69"}{"order":"","version_group_id":"14","move_id":"115","pokemon_move_method_id":"4","level":"0","pokemon_id":"69"}{"order":"","version_group_id":"14","move_id":"141","pokemon_move_method_id":"2","level":"0","pokemon_id":"69"}{"order":"","version_group_id":"14","move_id":"148","pokemon_move_method_id":"4","level":"0","pokemon_id":"69"}{"order":"","version_group_id":"14","move_id":"156","pokemon_move_method_id":"4","level":"0","pokemon_id":"69"}{"order":"","version_group_id":"14","move_id":"164","pokemon_move_method_id":"4","level":"0","pokemon_id":"69"}{"order":"","version_group_id":"14","move_id":"168","pokemon_move_method_id":"4","level":"0","pokemon_id":"69"}{"order":"","version_group_id":"14","move_id":"173","pokemon_move_method_id":"3","level":"0","pokemon_id":"69"}{"order":"","version_group_id":"14","move_id":"182","pokemon_move_method_id":"4","level":"0","pokemon_id":"69"}{"order":"","version_group_id":"14","move_id":"188","pokemon_move_method_id":"4","level":"0","pokemon_id":"69"}{"order":"","version_group_id":"14","move_id":"202","pokemon_move_method_id":"2","level":"0","pokemon_id":"69"}{"order":"","version_group_id":"14","move_id":"202","pokemon_move_method_id":"3","level":"0","pokemon_id":"69"}{"order":"","version_group_id":"14","move_id":"207","pokemon_move_method_id":"4","level":"0","pokemon_id":"69"}{"order":"","version_group_id":"14","move_id":"213","pokemon_move_method_id":"4","level":"0","pokemon_id":"69"}{"order":"","version_group_id":"14","move_id":"214","pokemon_move_method_id":"3","level":"0","pokemon_id":"69"}{"order":"","version_group_id":"14","move_id":"216","pokemon_move_method_id":"4","level":"0","pokemon_id":"69"}{"order":"","version_group_id":"14","move_id":"218","pokemon_move_method_id":"4","level":"0","pokemon_id":"69"}{"order":"","version_group_id":"14","move_id":"227","pokemon_move_method_id":"2","level":"0","pokemon_id":"69"}{"order":"","version_group_id":"14","move_id":"230","pokemon_move_method_id":"1","level":"29","pokemon_id":"69"}{"order":"","version_group_id":"14","move_id":"235","pokemon_move_method_id":"2","level":"0","pokemon_id":"69"}{"order":"","version_group_id":"14","move_id":"235","pokemon_move_method_id":"3","level":"0","pokemon_id":"69"}{"order":"","version_group_id":"14","move_id":"237","pokemon_move_method_id":"4","level":"0","pokemon_id":"69"}{"order":"","version_group_id":"14","move_id":"241","pokemon_move_method_id":"4","level":"0","pokemon_id":"69"}{"order":"","version_group_id":"14","move_id":"263","pokemon_move_method_id":"4","level":"0","pokemon_id":"69"}{"order":"","version_group_id":"14","move_id":"275","pokemon_move_method_id":"2","level":"0","pokemon_id":"69"}{"order":"","version_group_id":"14","move_id":"282","pokemon_move_method_id":"1","level":"27","pokemon_id":"69"}{"order":"","version_group_id":"14","move_id":"282","pokemon_move_method_id":"3","level":"0","pokemon_id":"69"}{"order":"","version_group_id":"14","move_id":"311","pokemon_move_method_id":"2","level":"0","pokemon_id":"69"}{"order":"","version_group_id":"14","move_id":"321","pokemon_move_method_id":"2","level":"0","pokemon_id":"69"}{"order":"","version_group_id":"14","move_id":"331","pokemon_move_method_id":"2","level":"0","pokemon_id":"69"}{"order":"","version_group_id":"14","move_id":"345","pokemon_move_method_id":"2","level":"0","pokemon_id":"69"}{"order":"","version_group_id":"14","move_id":"363","pokemon_move_method_id":"2","level":"0","pokemon_id":"69"}{"order":"","version_group_id":"14","move_id":"378","pokemon_move_method_id":"1","level":"47","pokemon_id":"69"}{"order":"","version_group_id":"14","move_id":"380","pokemon_move_method_id":"1","level":"35","pokemon_id":"69"}{"order":"","version_group_id":"14","move_id":"380","pokemon_move_method_id":"3","level":"0","pokemon_id":"69"}{"order":"","version_group_id":"14","move_id":"388","pokemon_move_method_id":"2","level":"0","pokemon_id":"69"}{"order":"","version_group_id":"14","move_id":"388","pokemon_move_method_id":"3","level":"0","pokemon_id":"69"}{"order":"","version_group_id":"14","move_id":"402","pokemon_move_method_id":"3","level":"0","pokemon_id":"69"}{"order":"","version_group_id":"14","move_id":"412","pokemon_move_method_id":"4","level":"0","pokemon_id":"69"}{"order":"","version_group_id":"14","move_id":"438","pokemon_move_method_id":"2","level":"0","pokemon_id":"69"}{"order":"","version_group_id":"14","move_id":"447","pokemon_move_method_id":"4","level":"0","pokemon_id":"69"}{"order":"","version_group_id":"14","move_id":"474","pokemon_move_method_id":"4","level":"0","pokemon_id":"69"}{"order":"","version_group_id":"14","move_id":"496","pokemon_move_method_id":"4","level":"0","pokemon_id":"69"}{"order":"","version_group_id":"14","move_id":"499","pokemon_move_method_id":"2","level":"0","pokemon_id":"69"}{"order":"","version_group_id":"15","move_id":"14","pokemon_move_method_id":"4","level":"0","pokemon_id":"69"}{"order":"","version_group_id":"15","move_id":"15","pokemon_move_method_id":"4","level":"0","pokemon_id":"69"}{"order":"","version_group_id":"15","move_id":"21","pokemon_move_method_id":"1","level":"41","pokemon_id":"69"}{"order":"","version_group_id":"15","move_id":"22","pokemon_move_method_id":"1","level":"1","pokemon_id":"69"}{"order":"","version_group_id":"15","move_id":"35","pokemon_move_method_id":"1","level":"11","pokemon_id":"69"}{"order":"","version_group_id":"15","move_id":"51","pokemon_move_method_id":"1","level":"23","pokemon_id":"69"}{"order":"","version_group_id":"15","move_id":"74","pokemon_move_method_id":"1","level":"7","pokemon_id":"69"}{"order":"","version_group_id":"15","move_id":"75","pokemon_move_method_id":"1","level":"39","pokemon_id":"69"}{"order":"","version_group_id":"15","move_id":"76","pokemon_move_method_id":"4","level":"0","pokemon_id":"69"}{"order":"","version_group_id":"15","move_id":"77","pokemon_move_method_id":"1","level":"15","pokemon_id":"69"}{"order":"","version_group_id":"15","move_id":"78","pokemon_move_method_id":"1","level":"17","pokemon_id":"69"}{"order":"","version_group_id":"15","move_id":"79","pokemon_move_method_id":"1","level":"13","pokemon_id":"69"}{"order":"","version_group_id":"15","move_id":"92","pokemon_move_method_id":"4","level":"0","pokemon_id":"69"}{"order":"","version_group_id":"15","move_id":"104","pokemon_move_method_id":"4","level":"0","pokemon_id":"69"}{"order":"","version_group_id":"15","move_id":"115","pokemon_move_method_id":"4","level":"0","pokemon_id":"69"}{"order":"","version_group_id":"15","move_id":"141","pokemon_move_method_id":"2","level":"0","pokemon_id":"69"}{"order":"","version_group_id":"15","move_id":"148","pokemon_move_method_id":"4","level":"0","pokemon_id":"69"}{"order":"","version_group_id":"15","move_id":"156","pokemon_move_method_id":"4","level":"0","pokemon_id":"69"}{"order":"","version_group_id":"15","move_id":"164","pokemon_move_method_id":"4","level":"0","pokemon_id":"69"}{"order":"","version_group_id":"15","move_id":"168","pokemon_move_method_id":"4","level":"0","pokemon_id":"69"}{"order":"","version_group_id":"15","move_id":"182","pokemon_move_method_id":"4","level":"0","pokemon_id":"69"}{"order":"","version_group_id":"15","move_id":"188","pokemon_move_method_id":"4","level":"0","pokemon_id":"69"}{"order":"","version_group_id":"15","move_id":"202","pokemon_move_method_id":"2","level":"0","pokemon_id":"69"}{"order":"","version_group_id":"15","move_id":"207","pokemon_move_method_id":"4","level":"0","pokemon_id":"69"}{"order":"","version_group_id":"15","move_id":"213","pokemon_move_method_id":"4","level":"0","pokemon_id":"69"}{"order":"","version_group_id":"15","move_id":"214","pokemon_move_method_id":"4","level":"0","pokemon_id":"69"}{"order":"","version_group_id":"15","move_id":"216","pokemon_move_method_id":"4","level":"0","pokemon_id":"69"}{"order":"","version_group_id":"15","move_id":"218","pokemon_move_method_id":"4","level":"0","pokemon_id":"69"}{"order":"","version_group_id":"15","move_id":"227","pokemon_move_method_id":"2","level":"0","pokemon_id":"69"}{"order":"","version_group_id":"15","move_id":"230","pokemon_move_method_id":"1","level":"29","pokemon_id":"69"}{"order":"","version_group_id":"15","move_id":"235","pokemon_move_method_id":"2","level":"0","pokemon_id":"69"}{"order":"","version_group_id":"15","move_id":"237","pokemon_move_method_id":"4","level":"0","pokemon_id":"69"}{"order":"","version_group_id":"15","move_id":"241","pokemon_move_method_id":"4","level":"0","pokemon_id":"69"}{"order":"","version_group_id":"15","move_id":"263","pokemon_move_method_id":"4","level":"0","pokemon_id":"69"}{"order":"","version_group_id":"15","move_id":"267","pokemon_move_method_id":"4","level":"0","pokemon_id":"69"}{"order":"","version_group_id":"15","move_id":"275","pokemon_move_method_id":"2","level":"0","pokemon_id":"69"}{"order":"","version_group_id":"15","move_id":"282","pokemon_move_method_id":"1","level":"27","pokemon_id":"69"}{"order":"","version_group_id":"15","move_id":"311","pokemon_move_method_id":"2","level":"0","pokemon_id":"69"}{"order":"","version_group_id":"15","move_id":"321","pokemon_move_method_id":"2","level":"0","pokemon_id":"69"}{"order":"","version_group_id":"15","move_id":"331","pokemon_move_method_id":"2","level":"0","pokemon_id":"69"}{"order":"","version_group_id":"15","move_id":"345","pokemon_move_method_id":"2","level":"0","pokemon_id":"69"}{"order":"","version_group_id":"15","move_id":"363","pokemon_move_method_id":"2","level":"0","pokemon_id":"69"}{"order":"","version_group_id":"15","move_id":"378","pokemon_move_method_id":"1","level":"47","pokemon_id":"69"}{"order":"","version_group_id":"15","move_id":"380","pokemon_move_method_id":"1","level":"35","pokemon_id":"69"}{"order":"","version_group_id":"15","move_id":"388","pokemon_move_method_id":"2","level":"0","pokemon_id":"69"}{"order":"","version_group_id":"15","move_id":"412","pokemon_move_method_id":"4","level":"0","pokemon_id":"69"}{"order":"","version_group_id":"15","move_id":"438","pokemon_move_method_id":"2","level":"0","pokemon_id":"69"}{"order":"","version_group_id":"15","move_id":"447","pokemon_move_method_id":"4","level":"0","pokemon_id":"69"}{"order":"","version_group_id":"15","move_id":"474","pokemon_move_method_id":"4","level":"0","pokemon_id":"69"}{"order":"","version_group_id":"15","move_id":"491","pokemon_move_method_id":"2","level":"0","pokemon_id":"69"}{"order":"","version_group_id":"15","move_id":"496","pokemon_move_method_id":"4","level":"0","pokemon_id":"69"}{"order":"","version_group_id":"15","move_id":"499","pokemon_move_method_id":"2","level":"0","pokemon_id":"69"}{"order":"","version_group_id":"15","move_id":"562","pokemon_move_method_id":"2","level":"0","pokemon_id":"69"}{"order":"","version_group_id":"15","move_id":"590","pokemon_move_method_id":"4","level":"0","pokemon_id":"69"}{"order":"","version_group_id":"15","move_id":"611","pokemon_move_method_id":"4","level":"0","pokemon_id":"69"}