{"order":"","version_group_id":"5","move_id":"34","pokemon_move_method_id":"1","level":"19","pokemon_id":"365"}{"order":"2","version_group_id":"5","move_id":"45","pokemon_move_method_id":"1","level":"1","pokemon_id":"365"}{"order":"","version_group_id":"5","move_id":"46","pokemon_move_method_id":"4","level":"0","pokemon_id":"365"}{"order":"3","version_group_id":"5","move_id":"55","pokemon_move_method_id":"1","level":"1","pokemon_id":"365"}{"order":"","version_group_id":"5","move_id":"57","pokemon_move_method_id":"4","level":"0","pokemon_id":"365"}{"order":"","version_group_id":"5","move_id":"58","pokemon_move_method_id":"4","level":"0","pokemon_id":"365"}{"order":"","version_group_id":"5","move_id":"59","pokemon_move_method_id":"1","level":"50","pokemon_id":"365"}{"order":"","version_group_id":"5","move_id":"59","pokemon_move_method_id":"4","level":"0","pokemon_id":"365"}{"order":"","version_group_id":"5","move_id":"62","pokemon_move_method_id":"1","level":"25","pokemon_id":"365"}{"order":"","version_group_id":"5","move_id":"63","pokemon_move_method_id":"4","level":"0","pokemon_id":"365"}{"order":"","version_group_id":"5","move_id":"70","pokemon_move_method_id":"4","level":"0","pokemon_id":"365"}{"order":"","version_group_id":"5","move_id":"89","pokemon_move_method_id":"4","level":"0","pokemon_id":"365"}{"order":"","version_group_id":"5","move_id":"92","pokemon_move_method_id":"4","level":"0","pokemon_id":"365"}{"order":"","version_group_id":"5","move_id":"104","pokemon_move_method_id":"4","level":"0","pokemon_id":"365"}{"order":"","version_group_id":"5","move_id":"127","pokemon_move_method_id":"4","level":"0","pokemon_id":"365"}{"order":"","version_group_id":"5","move_id":"156","pokemon_move_method_id":"1","level":"39","pokemon_id":"365"}{"order":"","version_group_id":"5","move_id":"156","pokemon_move_method_id":"4","level":"0","pokemon_id":"365"}{"order":"5","version_group_id":"5","move_id":"173","pokemon_move_method_id":"1","level":"39","pokemon_id":"365"}{"order":"1","version_group_id":"5","move_id":"181","pokemon_move_method_id":"1","level":"1","pokemon_id":"365"}{"order":"","version_group_id":"5","move_id":"182","pokemon_move_method_id":"4","level":"0","pokemon_id":"365"}{"order":"","version_group_id":"5","move_id":"213","pokemon_move_method_id":"4","level":"0","pokemon_id":"365"}{"order":"","version_group_id":"5","move_id":"216","pokemon_move_method_id":"4","level":"0","pokemon_id":"365"}{"order":"","version_group_id":"5","move_id":"218","pokemon_move_method_id":"4","level":"0","pokemon_id":"365"}{"order":"4","version_group_id":"5","move_id":"227","pokemon_move_method_id":"1","level":"1","pokemon_id":"365"}{"order":"","version_group_id":"5","move_id":"227","pokemon_move_method_id":"1","level":"7","pokemon_id":"365"}{"order":"","version_group_id":"5","move_id":"231","pokemon_move_method_id":"4","level":"0","pokemon_id":"365"}{"order":"","version_group_id":"5","move_id":"237","pokemon_move_method_id":"4","level":"0","pokemon_id":"365"}{"order":"","version_group_id":"5","move_id":"240","pokemon_move_method_id":"4","level":"0","pokemon_id":"365"}{"order":"","version_group_id":"5","move_id":"249","pokemon_move_method_id":"4","level":"0","pokemon_id":"365"}{"order":"","version_group_id":"5","move_id":"258","pokemon_move_method_id":"1","level":"31","pokemon_id":"365"}{"order":"","version_group_id":"5","move_id":"258","pokemon_move_method_id":"4","level":"0","pokemon_id":"365"}{"order":"","version_group_id":"5","move_id":"263","pokemon_move_method_id":"4","level":"0","pokemon_id":"365"}{"order":"","version_group_id":"5","move_id":"290","pokemon_move_method_id":"4","level":"0","pokemon_id":"365"}{"order":"","version_group_id":"5","move_id":"291","pokemon_move_method_id":"4","level":"0","pokemon_id":"365"}{"order":"","version_group_id":"5","move_id":"301","pokemon_move_method_id":"1","level":"13","pokemon_id":"365"}{"order":"","version_group_id":"5","move_id":"317","pokemon_move_method_id":"4","level":"0","pokemon_id":"365"}{"order":"","version_group_id":"5","move_id":"329","pokemon_move_method_id":"1","level":"61","pokemon_id":"365"}{"order":"","version_group_id":"5","move_id":"352","pokemon_move_method_id":"4","level":"0","pokemon_id":"365"}{"order":"","version_group_id":"6","move_id":"34","pokemon_move_method_id":"1","level":"19","pokemon_id":"365"}{"order":"","version_group_id":"6","move_id":"34","pokemon_move_method_id":"3","level":"0","pokemon_id":"365"}{"order":"","version_group_id":"6","move_id":"38","pokemon_move_method_id":"3","level":"0","pokemon_id":"365"}{"order":"2","version_group_id":"6","move_id":"45","pokemon_move_method_id":"1","level":"1","pokemon_id":"365"}{"order":"","version_group_id":"6","move_id":"46","pokemon_move_method_id":"4","level":"0","pokemon_id":"365"}{"order":"3","version_group_id":"6","move_id":"55","pokemon_move_method_id":"1","level":"1","pokemon_id":"365"}{"order":"","version_group_id":"6","move_id":"57","pokemon_move_method_id":"4","level":"0","pokemon_id":"365"}{"order":"","version_group_id":"6","move_id":"58","pokemon_move_method_id":"4","level":"0","pokemon_id":"365"}{"order":"","version_group_id":"6","move_id":"59","pokemon_move_method_id":"1","level":"50","pokemon_id":"365"}{"order":"","version_group_id":"6","move_id":"59","pokemon_move_method_id":"4","level":"0","pokemon_id":"365"}{"order":"","version_group_id":"6","move_id":"62","pokemon_move_method_id":"1","level":"25","pokemon_id":"365"}{"order":"","version_group_id":"6","move_id":"63","pokemon_move_method_id":"4","level":"0","pokemon_id":"365"}{"order":"","version_group_id":"6","move_id":"70","pokemon_move_method_id":"4","level":"0","pokemon_id":"365"}{"order":"","version_group_id":"6","move_id":"89","pokemon_move_method_id":"4","level":"0","pokemon_id":"365"}{"order":"","version_group_id":"6","move_id":"92","pokemon_move_method_id":"4","level":"0","pokemon_id":"365"}{"order":"","version_group_id":"6","move_id":"102","pokemon_move_method_id":"3","level":"0","pokemon_id":"365"}{"order":"","version_group_id":"6","move_id":"104","pokemon_move_method_id":"4","level":"0","pokemon_id":"365"}{"order":"","version_group_id":"6","move_id":"111","pokemon_move_method_id":"3","level":"0","pokemon_id":"365"}{"order":"","version_group_id":"6","move_id":"127","pokemon_move_method_id":"4","level":"0","pokemon_id":"365"}{"order":"","version_group_id":"6","move_id":"156","pokemon_move_method_id":"1","level":"39","pokemon_id":"365"}{"order":"","version_group_id":"6","move_id":"156","pokemon_move_method_id":"4","level":"0","pokemon_id":"365"}{"order":"","version_group_id":"6","move_id":"157","pokemon_move_method_id":"3","level":"0","pokemon_id":"365"}{"order":"","version_group_id":"6","move_id":"164","pokemon_move_method_id":"3","level":"0","pokemon_id":"365"}{"order":"5","version_group_id":"6","move_id":"173","pokemon_move_method_id":"1","level":"39","pokemon_id":"365"}{"order":"","version_group_id":"6","move_id":"173","pokemon_move_method_id":"3","level":"0","pokemon_id":"365"}{"order":"1","version_group_id":"6","move_id":"181","pokemon_move_method_id":"1","level":"1","pokemon_id":"365"}{"order":"","version_group_id":"6","move_id":"182","pokemon_move_method_id":"4","level":"0","pokemon_id":"365"}{"order":"","version_group_id":"6","move_id":"189","pokemon_move_method_id":"3","level":"0","pokemon_id":"365"}{"order":"","version_group_id":"6","move_id":"196","pokemon_move_method_id":"3","level":"0","pokemon_id":"365"}{"order":"","version_group_id":"6","move_id":"203","pokemon_move_method_id":"3","level":"0","pokemon_id":"365"}{"order":"","version_group_id":"6","move_id":"205","pokemon_move_method_id":"3","level":"0","pokemon_id":"365"}{"order":"","version_group_id":"6","move_id":"207","pokemon_move_method_id":"3","level":"0","pokemon_id":"365"}{"order":"","version_group_id":"6","move_id":"213","pokemon_move_method_id":"4","level":"0","pokemon_id":"365"}{"order":"","version_group_id":"6","move_id":"214","pokemon_move_method_id":"3","level":"0","pokemon_id":"365"}{"order":"","version_group_id":"6","move_id":"216","pokemon_move_method_id":"4","level":"0","pokemon_id":"365"}{"order":"","version_group_id":"6","move_id":"218","pokemon_move_method_id":"4","level":"0","pokemon_id":"365"}{"order":"4","version_group_id":"6","move_id":"227","pokemon_move_method_id":"1","level":"1","pokemon_id":"365"}{"order":"","version_group_id":"6","move_id":"227","pokemon_move_method_id":"1","level":"7","pokemon_id":"365"}{"order":"","version_group_id":"6","move_id":"231","pokemon_move_method_id":"4","level":"0","pokemon_id":"365"}{"order":"","version_group_id":"6","move_id":"237","pokemon_move_method_id":"4","level":"0","pokemon_id":"365"}{"order":"","version_group_id":"6","move_id":"240","pokemon_move_method_id":"4","level":"0","pokemon_id":"365"}{"order":"","version_group_id":"6","move_id":"249","pokemon_move_method_id":"4","level":"0","pokemon_id":"365"}{"order":"","version_group_id":"6","move_id":"258","pokemon_move_method_id":"1","level":"31","pokemon_id":"365"}{"order":"","version_group_id":"6","move_id":"258","pokemon_move_method_id":"4","level":"0","pokemon_id":"365"}{"order":"","version_group_id":"6","move_id":"263","pokemon_move_method_id":"4","level":"0","pokemon_id":"365"}{"order":"","version_group_id":"6","move_id":"290","pokemon_move_method_id":"4","level":"0","pokemon_id":"365"}{"order":"","version_group_id":"6","move_id":"291","pokemon_move_method_id":"4","level":"0","pokemon_id":"365"}{"order":"","version_group_id":"6","move_id":"301","pokemon_move_method_id":"1","level":"13","pokemon_id":"365"}{"order":"","version_group_id":"6","move_id":"317","pokemon_move_method_id":"4","level":"0","pokemon_id":"365"}{"order":"","version_group_id":"6","move_id":"329","pokemon_move_method_id":"1","level":"61","pokemon_id":"365"}{"order":"","version_group_id":"6","move_id":"352","pokemon_move_method_id":"4","level":"0","pokemon_id":"365"}{"order":"","version_group_id":"7","move_id":"34","pokemon_move_method_id":"1","level":"19","pokemon_id":"365"}{"order":"","version_group_id":"7","move_id":"34","pokemon_move_method_id":"3","level":"0","pokemon_id":"365"}{"order":"","version_group_id":"7","move_id":"38","pokemon_move_method_id":"3","level":"0","pokemon_id":"365"}{"order":"2","version_group_id":"7","move_id":"45","pokemon_move_method_id":"1","level":"1","pokemon_id":"365"}{"order":"","version_group_id":"7","move_id":"46","pokemon_move_method_id":"4","level":"0","pokemon_id":"365"}{"order":"4","version_group_id":"7","move_id":"55","pokemon_move_method_id":"1","level":"1","pokemon_id":"365"}{"order":"","version_group_id":"7","move_id":"57","pokemon_move_method_id":"4","level":"0","pokemon_id":"365"}{"order":"","version_group_id":"7","move_id":"58","pokemon_move_method_id":"4","level":"0","pokemon_id":"365"}{"order":"","version_group_id":"7","move_id":"59","pokemon_move_method_id":"1","level":"50","pokemon_id":"365"}{"order":"","version_group_id":"7","move_id":"59","pokemon_move_method_id":"4","level":"0","pokemon_id":"365"}{"order":"","version_group_id":"7","move_id":"62","pokemon_move_method_id":"1","level":"25","pokemon_id":"365"}{"order":"","version_group_id":"7","move_id":"63","pokemon_move_method_id":"4","level":"0","pokemon_id":"365"}{"order":"","version_group_id":"7","move_id":"70","pokemon_move_method_id":"4","level":"0","pokemon_id":"365"}{"order":"","version_group_id":"7","move_id":"89","pokemon_move_method_id":"4","level":"0","pokemon_id":"365"}{"order":"","version_group_id":"7","move_id":"92","pokemon_move_method_id":"4","level":"0","pokemon_id":"365"}{"order":"","version_group_id":"7","move_id":"102","pokemon_move_method_id":"3","level":"0","pokemon_id":"365"}{"order":"","version_group_id":"7","move_id":"104","pokemon_move_method_id":"4","level":"0","pokemon_id":"365"}{"order":"3","version_group_id":"7","move_id":"111","pokemon_move_method_id":"1","level":"1","pokemon_id":"365"}{"order":"","version_group_id":"7","move_id":"127","pokemon_move_method_id":"4","level":"0","pokemon_id":"365"}{"order":"","version_group_id":"7","move_id":"156","pokemon_move_method_id":"1","level":"39","pokemon_id":"365"}{"order":"","version_group_id":"7","move_id":"156","pokemon_move_method_id":"4","level":"0","pokemon_id":"365"}{"order":"","version_group_id":"7","move_id":"157","pokemon_move_method_id":"3","level":"0","pokemon_id":"365"}{"order":"","version_group_id":"7","move_id":"164","pokemon_move_method_id":"3","level":"0","pokemon_id":"365"}{"order":"5","version_group_id":"7","move_id":"173","pokemon_move_method_id":"1","level":"39","pokemon_id":"365"}{"order":"1","version_group_id":"7","move_id":"181","pokemon_move_method_id":"1","level":"1","pokemon_id":"365"}{"order":"","version_group_id":"7","move_id":"182","pokemon_move_method_id":"4","level":"0","pokemon_id":"365"}{"order":"","version_group_id":"7","move_id":"213","pokemon_move_method_id":"4","level":"0","pokemon_id":"365"}{"order":"","version_group_id":"7","move_id":"216","pokemon_move_method_id":"4","level":"0","pokemon_id":"365"}{"order":"","version_group_id":"7","move_id":"218","pokemon_move_method_id":"4","level":"0","pokemon_id":"365"}{"order":"","version_group_id":"7","move_id":"227","pokemon_move_method_id":"1","level":"7","pokemon_id":"365"}{"order":"","version_group_id":"7","move_id":"231","pokemon_move_method_id":"4","level":"0","pokemon_id":"365"}{"order":"","version_group_id":"7","move_id":"237","pokemon_move_method_id":"4","level":"0","pokemon_id":"365"}{"order":"","version_group_id":"7","move_id":"240","pokemon_move_method_id":"4","level":"0","pokemon_id":"365"}{"order":"","version_group_id":"7","move_id":"249","pokemon_move_method_id":"4","level":"0","pokemon_id":"365"}{"order":"","version_group_id":"7","move_id":"258","pokemon_move_method_id":"1","level":"31","pokemon_id":"365"}{"order":"","version_group_id":"7","move_id":"258","pokemon_move_method_id":"4","level":"0","pokemon_id":"365"}{"order":"","version_group_id":"7","move_id":"263","pokemon_move_method_id":"4","level":"0","pokemon_id":"365"}{"order":"","version_group_id":"7","move_id":"290","pokemon_move_method_id":"4","level":"0","pokemon_id":"365"}{"order":"","version_group_id":"7","move_id":"291","pokemon_move_method_id":"4","level":"0","pokemon_id":"365"}{"order":"","version_group_id":"7","move_id":"301","pokemon_move_method_id":"1","level":"13","pokemon_id":"365"}{"order":"","version_group_id":"7","move_id":"317","pokemon_move_method_id":"4","level":"0","pokemon_id":"365"}{"order":"","version_group_id":"7","move_id":"329","pokemon_move_method_id":"1","level":"61","pokemon_id":"365"}{"order":"","version_group_id":"7","move_id":"352","pokemon_move_method_id":"4","level":"0","pokemon_id":"365"}{"order":"","version_group_id":"8","move_id":"34","pokemon_move_method_id":"1","level":"19","pokemon_id":"365"}{"order":"3","version_group_id":"8","move_id":"45","pokemon_move_method_id":"1","level":"1","pokemon_id":"365"}{"order":"","version_group_id":"8","move_id":"46","pokemon_move_method_id":"4","level":"0","pokemon_id":"365"}{"order":"4","version_group_id":"8","move_id":"55","pokemon_move_method_id":"1","level":"1","pokemon_id":"365"}{"order":"","version_group_id":"8","move_id":"57","pokemon_move_method_id":"4","level":"0","pokemon_id":"365"}{"order":"","version_group_id":"8","move_id":"58","pokemon_move_method_id":"4","level":"0","pokemon_id":"365"}{"order":"","version_group_id":"8","move_id":"59","pokemon_move_method_id":"1","level":"52","pokemon_id":"365"}{"order":"","version_group_id":"8","move_id":"59","pokemon_move_method_id":"4","level":"0","pokemon_id":"365"}{"order":"","version_group_id":"8","move_id":"62","pokemon_move_method_id":"1","level":"25","pokemon_id":"365"}{"order":"","version_group_id":"8","move_id":"63","pokemon_move_method_id":"4","level":"0","pokemon_id":"365"}{"order":"","version_group_id":"8","move_id":"70","pokemon_move_method_id":"4","level":"0","pokemon_id":"365"}{"order":"","version_group_id":"8","move_id":"89","pokemon_move_method_id":"4","level":"0","pokemon_id":"365"}{"order":"","version_group_id":"8","move_id":"92","pokemon_move_method_id":"4","level":"0","pokemon_id":"365"}{"order":"","version_group_id":"8","move_id":"104","pokemon_move_method_id":"4","level":"0","pokemon_id":"365"}{"order":"","version_group_id":"8","move_id":"127","pokemon_move_method_id":"4","level":"0","pokemon_id":"365"}{"order":"1","version_group_id":"8","move_id":"156","pokemon_move_method_id":"1","level":"39","pokemon_id":"365"}{"order":"","version_group_id":"8","move_id":"156","pokemon_move_method_id":"4","level":"0","pokemon_id":"365"}{"order":"","version_group_id":"8","move_id":"157","pokemon_move_method_id":"4","level":"0","pokemon_id":"365"}{"order":"","version_group_id":"8","move_id":"164","pokemon_move_method_id":"4","level":"0","pokemon_id":"365"}{"order":"2","version_group_id":"8","move_id":"173","pokemon_move_method_id":"1","level":"39","pokemon_id":"365"}{"order":"2","version_group_id":"8","move_id":"181","pokemon_move_method_id":"1","level":"1","pokemon_id":"365"}{"order":"","version_group_id":"8","move_id":"182","pokemon_move_method_id":"4","level":"0","pokemon_id":"365"}{"order":"","version_group_id":"8","move_id":"203","pokemon_move_method_id":"4","level":"0","pokemon_id":"365"}{"order":"","version_group_id":"8","move_id":"207","pokemon_move_method_id":"1","level":"32","pokemon_id":"365"}{"order":"","version_group_id":"8","move_id":"207","pokemon_move_method_id":"4","level":"0","pokemon_id":"365"}{"order":"","version_group_id":"8","move_id":"213","pokemon_move_method_id":"4","level":"0","pokemon_id":"365"}{"order":"","version_group_id":"8","move_id":"214","pokemon_move_method_id":"4","level":"0","pokemon_id":"365"}{"order":"","version_group_id":"8","move_id":"216","pokemon_move_method_id":"4","level":"0","pokemon_id":"365"}{"order":"","version_group_id":"8","move_id":"218","pokemon_move_method_id":"4","level":"0","pokemon_id":"365"}{"order":"5","version_group_id":"8","move_id":"227","pokemon_move_method_id":"1","level":"1","pokemon_id":"365"}{"order":"","version_group_id":"8","move_id":"227","pokemon_move_method_id":"1","level":"7","pokemon_id":"365"}{"order":"","version_group_id":"8","move_id":"231","pokemon_move_method_id":"4","level":"0","pokemon_id":"365"}{"order":"","version_group_id":"8","move_id":"237","pokemon_move_method_id":"4","level":"0","pokemon_id":"365"}{"order":"","version_group_id":"8","move_id":"240","pokemon_move_method_id":"4","level":"0","pokemon_id":"365"}{"order":"1","version_group_id":"8","move_id":"242","pokemon_move_method_id":"1","level":"1","pokemon_id":"365"}{"order":"","version_group_id":"8","move_id":"249","pokemon_move_method_id":"4","level":"0","pokemon_id":"365"}{"order":"","version_group_id":"8","move_id":"258","pokemon_move_method_id":"1","level":"31","pokemon_id":"365"}{"order":"","version_group_id":"8","move_id":"258","pokemon_move_method_id":"4","level":"0","pokemon_id":"365"}{"order":"","version_group_id":"8","move_id":"263","pokemon_move_method_id":"4","level":"0","pokemon_id":"365"}{"order":"","version_group_id":"8","move_id":"290","pokemon_move_method_id":"4","level":"0","pokemon_id":"365"}{"order":"","version_group_id":"8","move_id":"301","pokemon_move_method_id":"1","level":"13","pokemon_id":"365"}{"order":"","version_group_id":"8","move_id":"317","pokemon_move_method_id":"4","level":"0","pokemon_id":"365"}{"order":"","version_group_id":"8","move_id":"329","pokemon_move_method_id":"1","level":"65","pokemon_id":"365"}{"order":"","version_group_id":"8","move_id":"352","pokemon_move_method_id":"4","level":"0","pokemon_id":"365"}{"order":"","version_group_id":"8","move_id":"362","pokemon_move_method_id":"4","level":"0","pokemon_id":"365"}{"order":"","version_group_id":"8","move_id":"363","pokemon_move_method_id":"4","level":"0","pokemon_id":"365"}{"order":"","version_group_id":"8","move_id":"416","pokemon_move_method_id":"4","level":"0","pokemon_id":"365"}{"order":"","version_group_id":"8","move_id":"419","pokemon_move_method_id":"4","level":"0","pokemon_id":"365"}{"order":"","version_group_id":"8","move_id":"423","pokemon_move_method_id":"1","level":"44","pokemon_id":"365"}{"order":"","version_group_id":"8","move_id":"445","pokemon_move_method_id":"4","level":"0","pokemon_id":"365"}{"order":"","version_group_id":"9","move_id":"34","pokemon_move_method_id":"1","level":"19","pokemon_id":"365"}{"order":"3","version_group_id":"9","move_id":"45","pokemon_move_method_id":"1","level":"1","pokemon_id":"365"}{"order":"","version_group_id":"9","move_id":"46","pokemon_move_method_id":"4","level":"0","pokemon_id":"365"}{"order":"4","version_group_id":"9","move_id":"55","pokemon_move_method_id":"1","level":"1","pokemon_id":"365"}{"order":"","version_group_id":"9","move_id":"57","pokemon_move_method_id":"4","level":"0","pokemon_id":"365"}{"order":"","version_group_id":"9","move_id":"58","pokemon_move_method_id":"4","level":"0","pokemon_id":"365"}{"order":"","version_group_id":"9","move_id":"59","pokemon_move_method_id":"1","level":"52","pokemon_id":"365"}{"order":"","version_group_id":"9","move_id":"59","pokemon_move_method_id":"4","level":"0","pokemon_id":"365"}{"order":"","version_group_id":"9","move_id":"62","pokemon_move_method_id":"1","level":"25","pokemon_id":"365"}{"order":"","version_group_id":"9","move_id":"63","pokemon_move_method_id":"4","level":"0","pokemon_id":"365"}{"order":"","version_group_id":"9","move_id":"70","pokemon_move_method_id":"4","level":"0","pokemon_id":"365"}{"order":"","version_group_id":"9","move_id":"89","pokemon_move_method_id":"4","level":"0","pokemon_id":"365"}{"order":"","version_group_id":"9","move_id":"92","pokemon_move_method_id":"4","level":"0","pokemon_id":"365"}{"order":"","version_group_id":"9","move_id":"104","pokemon_move_method_id":"4","level":"0","pokemon_id":"365"}{"order":"","version_group_id":"9","move_id":"127","pokemon_move_method_id":"4","level":"0","pokemon_id":"365"}{"order":"1","version_group_id":"9","move_id":"156","pokemon_move_method_id":"1","level":"39","pokemon_id":"365"}{"order":"","version_group_id":"9","move_id":"156","pokemon_move_method_id":"4","level":"0","pokemon_id":"365"}{"order":"","version_group_id":"9","move_id":"157","pokemon_move_method_id":"4","level":"0","pokemon_id":"365"}{"order":"","version_group_id":"9","move_id":"164","pokemon_move_method_id":"4","level":"0","pokemon_id":"365"}{"order":"2","version_group_id":"9","move_id":"173","pokemon_move_method_id":"1","level":"39","pokemon_id":"365"}{"order":"","version_group_id":"9","move_id":"173","pokemon_move_method_id":"3","level":"0","pokemon_id":"365"}{"order":"2","version_group_id":"9","move_id":"181","pokemon_move_method_id":"1","level":"1","pokemon_id":"365"}{"order":"","version_group_id":"9","move_id":"182","pokemon_move_method_id":"4","level":"0","pokemon_id":"365"}{"order":"","version_group_id":"9","move_id":"189","pokemon_move_method_id":"3","level":"0","pokemon_id":"365"}{"order":"","version_group_id":"9","move_id":"196","pokemon_move_method_id":"3","level":"0","pokemon_id":"365"}{"order":"","version_group_id":"9","move_id":"203","pokemon_move_method_id":"4","level":"0","pokemon_id":"365"}{"order":"","version_group_id":"9","move_id":"205","pokemon_move_method_id":"3","level":"0","pokemon_id":"365"}{"order":"","version_group_id":"9","move_id":"207","pokemon_move_method_id":"1","level":"32","pokemon_id":"365"}{"order":"","version_group_id":"9","move_id":"207","pokemon_move_method_id":"4","level":"0","pokemon_id":"365"}{"order":"","version_group_id":"9","move_id":"210","pokemon_move_method_id":"3","level":"0","pokemon_id":"365"}{"order":"","version_group_id":"9","move_id":"213","pokemon_move_method_id":"4","level":"0","pokemon_id":"365"}{"order":"","version_group_id":"9","move_id":"214","pokemon_move_method_id":"4","level":"0","pokemon_id":"365"}{"order":"","version_group_id":"9","move_id":"216","pokemon_move_method_id":"4","level":"0","pokemon_id":"365"}{"order":"","version_group_id":"9","move_id":"218","pokemon_move_method_id":"4","level":"0","pokemon_id":"365"}{"order":"5","version_group_id":"9","move_id":"227","pokemon_move_method_id":"1","level":"1","pokemon_id":"365"}{"order":"","version_group_id":"9","move_id":"227","pokemon_move_method_id":"1","level":"7","pokemon_id":"365"}{"order":"","version_group_id":"9","move_id":"231","pokemon_move_method_id":"4","level":"0","pokemon_id":"365"}{"order":"","version_group_id":"9","move_id":"237","pokemon_move_method_id":"4","level":"0","pokemon_id":"365"}{"order":"","version_group_id":"9","move_id":"240","pokemon_move_method_id":"4","level":"0","pokemon_id":"365"}{"order":"1","version_group_id":"9","move_id":"242","pokemon_move_method_id":"1","level":"1","pokemon_id":"365"}{"order":"","version_group_id":"9","move_id":"249","pokemon_move_method_id":"4","level":"0","pokemon_id":"365"}{"order":"","version_group_id":"9","move_id":"258","pokemon_move_method_id":"1","level":"31","pokemon_id":"365"}{"order":"","version_group_id":"9","move_id":"258","pokemon_move_method_id":"4","level":"0","pokemon_id":"365"}{"order":"","version_group_id":"9","move_id":"263","pokemon_move_method_id":"4","level":"0","pokemon_id":"365"}{"order":"","version_group_id":"9","move_id":"290","pokemon_move_method_id":"4","level":"0","pokemon_id":"365"}{"order":"","version_group_id":"9","move_id":"291","pokemon_move_method_id":"3","level":"0","pokemon_id":"365"}{"order":"","version_group_id":"9","move_id":"301","pokemon_move_method_id":"1","level":"13","pokemon_id":"365"}{"order":"","version_group_id":"9","move_id":"317","pokemon_move_method_id":"4","level":"0","pokemon_id":"365"}{"order":"","version_group_id":"9","move_id":"324","pokemon_move_method_id":"3","level":"0","pokemon_id":"365"}{"order":"","version_group_id":"9","move_id":"329","pokemon_move_method_id":"1","level":"65","pokemon_id":"365"}{"order":"","version_group_id":"9","move_id":"352","pokemon_move_method_id":"4","level":"0","pokemon_id":"365"}{"order":"","version_group_id":"9","move_id":"362","pokemon_move_method_id":"4","level":"0","pokemon_id":"365"}{"order":"","version_group_id":"9","move_id":"363","pokemon_move_method_id":"4","level":"0","pokemon_id":"365"}{"order":"","version_group_id":"9","move_id":"401","pokemon_move_method_id":"3","level":"0","pokemon_id":"365"}{"order":"","version_group_id":"9","move_id":"416","pokemon_move_method_id":"4","level":"0","pokemon_id":"365"}{"order":"","version_group_id":"9","move_id":"419","pokemon_move_method_id":"4","level":"0","pokemon_id":"365"}{"order":"","version_group_id":"9","move_id":"423","pokemon_move_method_id":"1","level":"44","pokemon_id":"365"}{"order":"","version_group_id":"9","move_id":"442","pokemon_move_method_id":"3","level":"0","pokemon_id":"365"}{"order":"","version_group_id":"9","move_id":"445","pokemon_move_method_id":"4","level":"0","pokemon_id":"365"}{"order":"","version_group_id":"10","move_id":"29","pokemon_move_method_id":"3","level":"0","pokemon_id":"365"}{"order":"","version_group_id":"10","move_id":"34","pokemon_move_method_id":"1","level":"19","pokemon_id":"365"}{"order":"3","version_group_id":"10","move_id":"45","pokemon_move_method_id":"1","level":"1","pokemon_id":"365"}{"order":"","version_group_id":"10","move_id":"46","pokemon_move_method_id":"4","level":"0","pokemon_id":"365"}{"order":"4","version_group_id":"10","move_id":"55","pokemon_move_method_id":"1","level":"1","pokemon_id":"365"}{"order":"","version_group_id":"10","move_id":"57","pokemon_move_method_id":"4","level":"0","pokemon_id":"365"}{"order":"","version_group_id":"10","move_id":"58","pokemon_move_method_id":"4","level":"0","pokemon_id":"365"}{"order":"","version_group_id":"10","move_id":"59","pokemon_move_method_id":"1","level":"52","pokemon_id":"365"}{"order":"","version_group_id":"10","move_id":"59","pokemon_move_method_id":"4","level":"0","pokemon_id":"365"}{"order":"","version_group_id":"10","move_id":"62","pokemon_move_method_id":"1","level":"25","pokemon_id":"365"}{"order":"","version_group_id":"10","move_id":"63","pokemon_move_method_id":"4","level":"0","pokemon_id":"365"}{"order":"","version_group_id":"10","move_id":"70","pokemon_move_method_id":"4","level":"0","pokemon_id":"365"}{"order":"","version_group_id":"10","move_id":"89","pokemon_move_method_id":"4","level":"0","pokemon_id":"365"}{"order":"","version_group_id":"10","move_id":"92","pokemon_move_method_id":"4","level":"0","pokemon_id":"365"}{"order":"","version_group_id":"10","move_id":"104","pokemon_move_method_id":"4","level":"0","pokemon_id":"365"}{"order":"","version_group_id":"10","move_id":"127","pokemon_move_method_id":"4","level":"0","pokemon_id":"365"}{"order":"1","version_group_id":"10","move_id":"156","pokemon_move_method_id":"1","level":"39","pokemon_id":"365"}{"order":"","version_group_id":"10","move_id":"156","pokemon_move_method_id":"4","level":"0","pokemon_id":"365"}{"order":"","version_group_id":"10","move_id":"157","pokemon_move_method_id":"4","level":"0","pokemon_id":"365"}{"order":"","version_group_id":"10","move_id":"162","pokemon_move_method_id":"3","level":"0","pokemon_id":"365"}{"order":"","version_group_id":"10","move_id":"164","pokemon_move_method_id":"4","level":"0","pokemon_id":"365"}{"order":"2","version_group_id":"10","move_id":"173","pokemon_move_method_id":"1","level":"39","pokemon_id":"365"}{"order":"","version_group_id":"10","move_id":"173","pokemon_move_method_id":"3","level":"0","pokemon_id":"365"}{"order":"2","version_group_id":"10","move_id":"181","pokemon_move_method_id":"1","level":"1","pokemon_id":"365"}{"order":"","version_group_id":"10","move_id":"182","pokemon_move_method_id":"4","level":"0","pokemon_id":"365"}{"order":"","version_group_id":"10","move_id":"189","pokemon_move_method_id":"3","level":"0","pokemon_id":"365"}{"order":"","version_group_id":"10","move_id":"196","pokemon_move_method_id":"3","level":"0","pokemon_id":"365"}{"order":"","version_group_id":"10","move_id":"203","pokemon_move_method_id":"4","level":"0","pokemon_id":"365"}{"order":"","version_group_id":"10","move_id":"205","pokemon_move_method_id":"3","level":"0","pokemon_id":"365"}{"order":"","version_group_id":"10","move_id":"207","pokemon_move_method_id":"1","level":"32","pokemon_id":"365"}{"order":"","version_group_id":"10","move_id":"207","pokemon_move_method_id":"4","level":"0","pokemon_id":"365"}{"order":"","version_group_id":"10","move_id":"210","pokemon_move_method_id":"3","level":"0","pokemon_id":"365"}{"order":"","version_group_id":"10","move_id":"213","pokemon_move_method_id":"4","level":"0","pokemon_id":"365"}{"order":"","version_group_id":"10","move_id":"214","pokemon_move_method_id":"4","level":"0","pokemon_id":"365"}{"order":"","version_group_id":"10","move_id":"216","pokemon_move_method_id":"4","level":"0","pokemon_id":"365"}{"order":"","version_group_id":"10","move_id":"218","pokemon_move_method_id":"4","level":"0","pokemon_id":"365"}{"order":"5","version_group_id":"10","move_id":"227","pokemon_move_method_id":"1","level":"1","pokemon_id":"365"}{"order":"","version_group_id":"10","move_id":"227","pokemon_move_method_id":"1","level":"7","pokemon_id":"365"}{"order":"","version_group_id":"10","move_id":"231","pokemon_move_method_id":"4","level":"0","pokemon_id":"365"}{"order":"","version_group_id":"10","move_id":"237","pokemon_move_method_id":"4","level":"0","pokemon_id":"365"}{"order":"","version_group_id":"10","move_id":"240","pokemon_move_method_id":"4","level":"0","pokemon_id":"365"}{"order":"1","version_group_id":"10","move_id":"242","pokemon_move_method_id":"1","level":"1","pokemon_id":"365"}{"order":"","version_group_id":"10","move_id":"249","pokemon_move_method_id":"4","level":"0","pokemon_id":"365"}{"order":"","version_group_id":"10","move_id":"250","pokemon_move_method_id":"4","level":"0","pokemon_id":"365"}{"order":"","version_group_id":"10","move_id":"258","pokemon_move_method_id":"1","level":"31","pokemon_id":"365"}{"order":"","version_group_id":"10","move_id":"258","pokemon_move_method_id":"4","level":"0","pokemon_id":"365"}{"order":"","version_group_id":"10","move_id":"263","pokemon_move_method_id":"4","level":"0","pokemon_id":"365"}{"order":"","version_group_id":"10","move_id":"290","pokemon_move_method_id":"4","level":"0","pokemon_id":"365"}{"order":"","version_group_id":"10","move_id":"291","pokemon_move_method_id":"3","level":"0","pokemon_id":"365"}{"order":"","version_group_id":"10","move_id":"301","pokemon_move_method_id":"1","level":"13","pokemon_id":"365"}{"order":"","version_group_id":"10","move_id":"317","pokemon_move_method_id":"4","level":"0","pokemon_id":"365"}{"order":"","version_group_id":"10","move_id":"324","pokemon_move_method_id":"3","level":"0","pokemon_id":"365"}{"order":"","version_group_id":"10","move_id":"329","pokemon_move_method_id":"1","level":"65","pokemon_id":"365"}{"order":"","version_group_id":"10","move_id":"335","pokemon_move_method_id":"3","level":"0","pokemon_id":"365"}{"order":"","version_group_id":"10","move_id":"352","pokemon_move_method_id":"4","level":"0","pokemon_id":"365"}{"order":"","version_group_id":"10","move_id":"362","pokemon_move_method_id":"4","level":"0","pokemon_id":"365"}{"order":"","version_group_id":"10","move_id":"363","pokemon_move_method_id":"4","level":"0","pokemon_id":"365"}{"order":"","version_group_id":"10","move_id":"401","pokemon_move_method_id":"3","level":"0","pokemon_id":"365"}{"order":"","version_group_id":"10","move_id":"416","pokemon_move_method_id":"4","level":"0","pokemon_id":"365"}{"order":"","version_group_id":"10","move_id":"419","pokemon_move_method_id":"4","level":"0","pokemon_id":"365"}{"order":"","version_group_id":"10","move_id":"423","pokemon_move_method_id":"1","level":"44","pokemon_id":"365"}{"order":"","version_group_id":"10","move_id":"442","pokemon_move_method_id":"3","level":"0","pokemon_id":"365"}{"order":"","version_group_id":"10","move_id":"445","pokemon_move_method_id":"4","level":"0","pokemon_id":"365"}{"order":"","version_group_id":"11","move_id":"34","pokemon_move_method_id":"1","level":"19","pokemon_id":"365"}{"order":"3","version_group_id":"11","move_id":"45","pokemon_move_method_id":"1","level":"1","pokemon_id":"365"}{"order":"","version_group_id":"11","move_id":"46","pokemon_move_method_id":"4","level":"0","pokemon_id":"365"}{"order":"4","version_group_id":"11","move_id":"55","pokemon_move_method_id":"1","level":"1","pokemon_id":"365"}{"order":"","version_group_id":"11","move_id":"57","pokemon_move_method_id":"4","level":"0","pokemon_id":"365"}{"order":"","version_group_id":"11","move_id":"58","pokemon_move_method_id":"4","level":"0","pokemon_id":"365"}{"order":"","version_group_id":"11","move_id":"59","pokemon_move_method_id":"1","level":"52","pokemon_id":"365"}{"order":"","version_group_id":"11","move_id":"59","pokemon_move_method_id":"4","level":"0","pokemon_id":"365"}{"order":"","version_group_id":"11","move_id":"62","pokemon_move_method_id":"1","level":"25","pokemon_id":"365"}{"order":"","version_group_id":"11","move_id":"63","pokemon_move_method_id":"4","level":"0","pokemon_id":"365"}{"order":"","version_group_id":"11","move_id":"70","pokemon_move_method_id":"4","level":"0","pokemon_id":"365"}{"order":"","version_group_id":"11","move_id":"89","pokemon_move_method_id":"4","level":"0","pokemon_id":"365"}{"order":"","version_group_id":"11","move_id":"92","pokemon_move_method_id":"4","level":"0","pokemon_id":"365"}{"order":"","version_group_id":"11","move_id":"104","pokemon_move_method_id":"4","level":"0","pokemon_id":"365"}{"order":"","version_group_id":"11","move_id":"127","pokemon_move_method_id":"4","level":"0","pokemon_id":"365"}{"order":"1","version_group_id":"11","move_id":"156","pokemon_move_method_id":"1","level":"39","pokemon_id":"365"}{"order":"","version_group_id":"11","move_id":"156","pokemon_move_method_id":"4","level":"0","pokemon_id":"365"}{"order":"","version_group_id":"11","move_id":"157","pokemon_move_method_id":"4","level":"0","pokemon_id":"365"}{"order":"","version_group_id":"11","move_id":"164","pokemon_move_method_id":"4","level":"0","pokemon_id":"365"}{"order":"2","version_group_id":"11","move_id":"173","pokemon_move_method_id":"1","level":"39","pokemon_id":"365"}{"order":"2","version_group_id":"11","move_id":"181","pokemon_move_method_id":"1","level":"1","pokemon_id":"365"}{"order":"","version_group_id":"11","move_id":"182","pokemon_move_method_id":"4","level":"0","pokemon_id":"365"}{"order":"","version_group_id":"11","move_id":"207","pokemon_move_method_id":"1","level":"32","pokemon_id":"365"}{"order":"","version_group_id":"11","move_id":"207","pokemon_move_method_id":"4","level":"0","pokemon_id":"365"}{"order":"","version_group_id":"11","move_id":"213","pokemon_move_method_id":"4","level":"0","pokemon_id":"365"}{"order":"","version_group_id":"11","move_id":"216","pokemon_move_method_id":"4","level":"0","pokemon_id":"365"}{"order":"","version_group_id":"11","move_id":"218","pokemon_move_method_id":"4","level":"0","pokemon_id":"365"}{"order":"5","version_group_id":"11","move_id":"227","pokemon_move_method_id":"1","level":"1","pokemon_id":"365"}{"order":"","version_group_id":"11","move_id":"227","pokemon_move_method_id":"1","level":"7","pokemon_id":"365"}{"order":"","version_group_id":"11","move_id":"237","pokemon_move_method_id":"4","level":"0","pokemon_id":"365"}{"order":"","version_group_id":"11","move_id":"240","pokemon_move_method_id":"4","level":"0","pokemon_id":"365"}{"order":"1","version_group_id":"11","move_id":"242","pokemon_move_method_id":"1","level":"1","pokemon_id":"365"}{"order":"","version_group_id":"11","move_id":"249","pokemon_move_method_id":"4","level":"0","pokemon_id":"365"}{"order":"","version_group_id":"11","move_id":"258","pokemon_move_method_id":"1","level":"31","pokemon_id":"365"}{"order":"","version_group_id":"11","move_id":"258","pokemon_move_method_id":"4","level":"0","pokemon_id":"365"}{"order":"","version_group_id":"11","move_id":"263","pokemon_move_method_id":"4","level":"0","pokemon_id":"365"}{"order":"","version_group_id":"11","move_id":"291","pokemon_move_method_id":"4","level":"0","pokemon_id":"365"}{"order":"","version_group_id":"11","move_id":"301","pokemon_move_method_id":"1","level":"13","pokemon_id":"365"}{"order":"","version_group_id":"11","move_id":"317","pokemon_move_method_id":"4","level":"0","pokemon_id":"365"}{"order":"","version_group_id":"11","move_id":"329","pokemon_move_method_id":"1","level":"65","pokemon_id":"365"}{"order":"","version_group_id":"11","move_id":"416","pokemon_move_method_id":"4","level":"0","pokemon_id":"365"}{"order":"","version_group_id":"11","move_id":"423","pokemon_move_method_id":"1","level":"44","pokemon_id":"365"}{"order":"","version_group_id":"11","move_id":"496","pokemon_move_method_id":"4","level":"0","pokemon_id":"365"}{"order":"","version_group_id":"11","move_id":"497","pokemon_move_method_id":"4","level":"0","pokemon_id":"365"}{"order":"","version_group_id":"11","move_id":"523","pokemon_move_method_id":"4","level":"0","pokemon_id":"365"}{"order":"","version_group_id":"11","move_id":"524","pokemon_move_method_id":"4","level":"0","pokemon_id":"365"}{"order":"","version_group_id":"12","move_id":"34","pokemon_move_method_id":"1","level":"19","pokemon_id":"365"}{"order":"2","version_group_id":"12","move_id":"45","pokemon_move_method_id":"1","level":"1","pokemon_id":"365"}{"order":"","version_group_id":"12","move_id":"46","pokemon_move_method_id":"4","level":"0","pokemon_id":"365"}{"order":"3","version_group_id":"12","move_id":"55","pokemon_move_method_id":"1","level":"1","pokemon_id":"365"}{"order":"","version_group_id":"12","move_id":"57","pokemon_move_method_id":"4","level":"0","pokemon_id":"365"}{"order":"","version_group_id":"12","move_id":"58","pokemon_move_method_id":"4","level":"0","pokemon_id":"365"}{"order":"","version_group_id":"12","move_id":"59","pokemon_move_method_id":"1","level":"50","pokemon_id":"365"}{"order":"","version_group_id":"12","move_id":"59","pokemon_move_method_id":"4","level":"0","pokemon_id":"365"}{"order":"","version_group_id":"12","move_id":"62","pokemon_move_method_id":"1","level":"25","pokemon_id":"365"}{"order":"","version_group_id":"12","move_id":"63","pokemon_move_method_id":"4","level":"0","pokemon_id":"365"}{"order":"","version_group_id":"12","move_id":"70","pokemon_move_method_id":"4","level":"0","pokemon_id":"365"}{"order":"","version_group_id":"12","move_id":"89","pokemon_move_method_id":"4","level":"0","pokemon_id":"365"}{"order":"","version_group_id":"12","move_id":"92","pokemon_move_method_id":"4","level":"0","pokemon_id":"365"}{"order":"","version_group_id":"12","move_id":"104","pokemon_move_method_id":"4","level":"0","pokemon_id":"365"}{"order":"","version_group_id":"12","move_id":"127","pokemon_move_method_id":"4","level":"0","pokemon_id":"365"}{"order":"","version_group_id":"12","move_id":"156","pokemon_move_method_id":"1","level":"39","pokemon_id":"365"}{"order":"","version_group_id":"12","move_id":"156","pokemon_move_method_id":"4","level":"0","pokemon_id":"365"}{"order":"5","version_group_id":"12","move_id":"173","pokemon_move_method_id":"1","level":"39","pokemon_id":"365"}{"order":"1","version_group_id":"12","move_id":"181","pokemon_move_method_id":"1","level":"1","pokemon_id":"365"}{"order":"","version_group_id":"12","move_id":"182","pokemon_move_method_id":"4","level":"0","pokemon_id":"365"}{"order":"","version_group_id":"12","move_id":"213","pokemon_move_method_id":"4","level":"0","pokemon_id":"365"}{"order":"","version_group_id":"12","move_id":"216","pokemon_move_method_id":"4","level":"0","pokemon_id":"365"}{"order":"","version_group_id":"12","move_id":"218","pokemon_move_method_id":"4","level":"0","pokemon_id":"365"}{"order":"4","version_group_id":"12","move_id":"227","pokemon_move_method_id":"1","level":"1","pokemon_id":"365"}{"order":"","version_group_id":"12","move_id":"227","pokemon_move_method_id":"1","level":"7","pokemon_id":"365"}{"order":"","version_group_id":"12","move_id":"231","pokemon_move_method_id":"4","level":"0","pokemon_id":"365"}{"order":"","version_group_id":"12","move_id":"237","pokemon_move_method_id":"4","level":"0","pokemon_id":"365"}{"order":"","version_group_id":"12","move_id":"240","pokemon_move_method_id":"4","level":"0","pokemon_id":"365"}{"order":"","version_group_id":"12","move_id":"249","pokemon_move_method_id":"4","level":"0","pokemon_id":"365"}{"order":"","version_group_id":"12","move_id":"258","pokemon_move_method_id":"1","level":"31","pokemon_id":"365"}{"order":"","version_group_id":"12","move_id":"258","pokemon_move_method_id":"4","level":"0","pokemon_id":"365"}{"order":"","version_group_id":"12","move_id":"263","pokemon_move_method_id":"4","level":"0","pokemon_id":"365"}{"order":"","version_group_id":"12","move_id":"290","pokemon_move_method_id":"4","level":"0","pokemon_id":"365"}{"order":"","version_group_id":"12","move_id":"291","pokemon_move_method_id":"4","level":"0","pokemon_id":"365"}{"order":"","version_group_id":"12","move_id":"301","pokemon_move_method_id":"1","level":"13","pokemon_id":"365"}{"order":"","version_group_id":"12","move_id":"317","pokemon_move_method_id":"4","level":"0","pokemon_id":"365"}{"order":"","version_group_id":"12","move_id":"329","pokemon_move_method_id":"1","level":"61","pokemon_id":"365"}{"order":"","version_group_id":"12","move_id":"352","pokemon_move_method_id":"4","level":"0","pokemon_id":"365"}{"order":"","version_group_id":"13","move_id":"34","pokemon_move_method_id":"1","level":"19","pokemon_id":"365"}{"order":"","version_group_id":"13","move_id":"34","pokemon_move_method_id":"3","level":"0","pokemon_id":"365"}{"order":"","version_group_id":"13","move_id":"38","pokemon_move_method_id":"3","level":"0","pokemon_id":"365"}{"order":"2","version_group_id":"13","move_id":"45","pokemon_move_method_id":"1","level":"1","pokemon_id":"365"}{"order":"","version_group_id":"13","move_id":"46","pokemon_move_method_id":"4","level":"0","pokemon_id":"365"}{"order":"3","version_group_id":"13","move_id":"55","pokemon_move_method_id":"1","level":"1","pokemon_id":"365"}{"order":"","version_group_id":"13","move_id":"57","pokemon_move_method_id":"4","level":"0","pokemon_id":"365"}{"order":"","version_group_id":"13","move_id":"58","pokemon_move_method_id":"4","level":"0","pokemon_id":"365"}{"order":"","version_group_id":"13","move_id":"59","pokemon_move_method_id":"1","level":"50","pokemon_id":"365"}{"order":"","version_group_id":"13","move_id":"59","pokemon_move_method_id":"4","level":"0","pokemon_id":"365"}{"order":"","version_group_id":"13","move_id":"62","pokemon_move_method_id":"1","level":"25","pokemon_id":"365"}{"order":"","version_group_id":"13","move_id":"63","pokemon_move_method_id":"4","level":"0","pokemon_id":"365"}{"order":"","version_group_id":"13","move_id":"70","pokemon_move_method_id":"4","level":"0","pokemon_id":"365"}{"order":"","version_group_id":"13","move_id":"89","pokemon_move_method_id":"4","level":"0","pokemon_id":"365"}{"order":"","version_group_id":"13","move_id":"92","pokemon_move_method_id":"4","level":"0","pokemon_id":"365"}{"order":"","version_group_id":"13","move_id":"102","pokemon_move_method_id":"3","level":"0","pokemon_id":"365"}{"order":"","version_group_id":"13","move_id":"104","pokemon_move_method_id":"4","level":"0","pokemon_id":"365"}{"order":"","version_group_id":"13","move_id":"127","pokemon_move_method_id":"4","level":"0","pokemon_id":"365"}{"order":"","version_group_id":"13","move_id":"156","pokemon_move_method_id":"1","level":"39","pokemon_id":"365"}{"order":"","version_group_id":"13","move_id":"156","pokemon_move_method_id":"4","level":"0","pokemon_id":"365"}{"order":"","version_group_id":"13","move_id":"164","pokemon_move_method_id":"3","level":"0","pokemon_id":"365"}{"order":"5","version_group_id":"13","move_id":"173","pokemon_move_method_id":"1","level":"39","pokemon_id":"365"}{"order":"1","version_group_id":"13","move_id":"181","pokemon_move_method_id":"1","level":"1","pokemon_id":"365"}{"order":"","version_group_id":"13","move_id":"182","pokemon_move_method_id":"4","level":"0","pokemon_id":"365"}{"order":"","version_group_id":"13","move_id":"196","pokemon_move_method_id":"3","level":"0","pokemon_id":"365"}{"order":"","version_group_id":"13","move_id":"207","pokemon_move_method_id":"3","level":"0","pokemon_id":"365"}{"order":"","version_group_id":"13","move_id":"213","pokemon_move_method_id":"4","level":"0","pokemon_id":"365"}{"order":"","version_group_id":"13","move_id":"216","pokemon_move_method_id":"4","level":"0","pokemon_id":"365"}{"order":"","version_group_id":"13","move_id":"218","pokemon_move_method_id":"4","level":"0","pokemon_id":"365"}{"order":"4","version_group_id":"13","move_id":"227","pokemon_move_method_id":"1","level":"1","pokemon_id":"365"}{"order":"","version_group_id":"13","move_id":"227","pokemon_move_method_id":"1","level":"7","pokemon_id":"365"}{"order":"","version_group_id":"13","move_id":"231","pokemon_move_method_id":"4","level":"0","pokemon_id":"365"}{"order":"","version_group_id":"13","move_id":"237","pokemon_move_method_id":"4","level":"0","pokemon_id":"365"}{"order":"","version_group_id":"13","move_id":"240","pokemon_move_method_id":"4","level":"0","pokemon_id":"365"}{"order":"","version_group_id":"13","move_id":"249","pokemon_move_method_id":"4","level":"0","pokemon_id":"365"}{"order":"","version_group_id":"13","move_id":"258","pokemon_move_method_id":"1","level":"31","pokemon_id":"365"}{"order":"","version_group_id":"13","move_id":"258","pokemon_move_method_id":"4","level":"0","pokemon_id":"365"}{"order":"","version_group_id":"13","move_id":"263","pokemon_move_method_id":"4","level":"0","pokemon_id":"365"}{"order":"","version_group_id":"13","move_id":"290","pokemon_move_method_id":"4","level":"0","pokemon_id":"365"}{"order":"","version_group_id":"13","move_id":"291","pokemon_move_method_id":"4","level":"0","pokemon_id":"365"}{"order":"","version_group_id":"13","move_id":"301","pokemon_move_method_id":"1","level":"13","pokemon_id":"365"}{"order":"","version_group_id":"13","move_id":"317","pokemon_move_method_id":"4","level":"0","pokemon_id":"365"}{"order":"","version_group_id":"13","move_id":"329","pokemon_move_method_id":"1","level":"61","pokemon_id":"365"}{"order":"","version_group_id":"13","move_id":"352","pokemon_move_method_id":"4","level":"0","pokemon_id":"365"}{"order":"","version_group_id":"14","move_id":"34","pokemon_move_method_id":"1","level":"19","pokemon_id":"365"}{"order":"3","version_group_id":"14","move_id":"45","pokemon_move_method_id":"1","level":"1","pokemon_id":"365"}{"order":"","version_group_id":"14","move_id":"46","pokemon_move_method_id":"4","level":"0","pokemon_id":"365"}{"order":"4","version_group_id":"14","move_id":"55","pokemon_move_method_id":"1","level":"1","pokemon_id":"365"}{"order":"","version_group_id":"14","move_id":"57","pokemon_move_method_id":"4","level":"0","pokemon_id":"365"}{"order":"","version_group_id":"14","move_id":"58","pokemon_move_method_id":"4","level":"0","pokemon_id":"365"}{"order":"","version_group_id":"14","move_id":"59","pokemon_move_method_id":"1","level":"52","pokemon_id":"365"}{"order":"","version_group_id":"14","move_id":"59","pokemon_move_method_id":"4","level":"0","pokemon_id":"365"}{"order":"","version_group_id":"14","move_id":"62","pokemon_move_method_id":"1","level":"25","pokemon_id":"365"}{"order":"","version_group_id":"14","move_id":"63","pokemon_move_method_id":"4","level":"0","pokemon_id":"365"}{"order":"","version_group_id":"14","move_id":"70","pokemon_move_method_id":"4","level":"0","pokemon_id":"365"}{"order":"","version_group_id":"14","move_id":"89","pokemon_move_method_id":"4","level":"0","pokemon_id":"365"}{"order":"","version_group_id":"14","move_id":"92","pokemon_move_method_id":"4","level":"0","pokemon_id":"365"}{"order":"","version_group_id":"14","move_id":"104","pokemon_move_method_id":"4","level":"0","pokemon_id":"365"}{"order":"","version_group_id":"14","move_id":"127","pokemon_move_method_id":"4","level":"0","pokemon_id":"365"}{"order":"1","version_group_id":"14","move_id":"156","pokemon_move_method_id":"1","level":"39","pokemon_id":"365"}{"order":"","version_group_id":"14","move_id":"156","pokemon_move_method_id":"4","level":"0","pokemon_id":"365"}{"order":"","version_group_id":"14","move_id":"157","pokemon_move_method_id":"4","level":"0","pokemon_id":"365"}{"order":"","version_group_id":"14","move_id":"162","pokemon_move_method_id":"3","level":"0","pokemon_id":"365"}{"order":"","version_group_id":"14","move_id":"164","pokemon_move_method_id":"4","level":"0","pokemon_id":"365"}{"order":"2","version_group_id":"14","move_id":"173","pokemon_move_method_id":"1","level":"39","pokemon_id":"365"}{"order":"","version_group_id":"14","move_id":"173","pokemon_move_method_id":"3","level":"0","pokemon_id":"365"}{"order":"2","version_group_id":"14","move_id":"181","pokemon_move_method_id":"1","level":"1","pokemon_id":"365"}{"order":"","version_group_id":"14","move_id":"182","pokemon_move_method_id":"4","level":"0","pokemon_id":"365"}{"order":"","version_group_id":"14","move_id":"196","pokemon_move_method_id":"3","level":"0","pokemon_id":"365"}{"order":"","version_group_id":"14","move_id":"207","pokemon_move_method_id":"1","level":"32","pokemon_id":"365"}{"order":"","version_group_id":"14","move_id":"207","pokemon_move_method_id":"4","level":"0","pokemon_id":"365"}{"order":"","version_group_id":"14","move_id":"213","pokemon_move_method_id":"4","level":"0","pokemon_id":"365"}{"order":"","version_group_id":"14","move_id":"214","pokemon_move_method_id":"3","level":"0","pokemon_id":"365"}{"order":"","version_group_id":"14","move_id":"216","pokemon_move_method_id":"4","level":"0","pokemon_id":"365"}{"order":"","version_group_id":"14","move_id":"218","pokemon_move_method_id":"4","level":"0","pokemon_id":"365"}{"order":"5","version_group_id":"14","move_id":"227","pokemon_move_method_id":"1","level":"1","pokemon_id":"365"}{"order":"","version_group_id":"14","move_id":"227","pokemon_move_method_id":"1","level":"7","pokemon_id":"365"}{"order":"","version_group_id":"14","move_id":"231","pokemon_move_method_id":"3","level":"0","pokemon_id":"365"}{"order":"","version_group_id":"14","move_id":"237","pokemon_move_method_id":"4","level":"0","pokemon_id":"365"}{"order":"","version_group_id":"14","move_id":"240","pokemon_move_method_id":"4","level":"0","pokemon_id":"365"}{"order":"1","version_group_id":"14","move_id":"242","pokemon_move_method_id":"1","level":"1","pokemon_id":"365"}{"order":"","version_group_id":"14","move_id":"249","pokemon_move_method_id":"4","level":"0","pokemon_id":"365"}{"order":"","version_group_id":"14","move_id":"258","pokemon_move_method_id":"1","level":"31","pokemon_id":"365"}{"order":"","version_group_id":"14","move_id":"258","pokemon_move_method_id":"4","level":"0","pokemon_id":"365"}{"order":"","version_group_id":"14","move_id":"263","pokemon_move_method_id":"4","level":"0","pokemon_id":"365"}{"order":"","version_group_id":"14","move_id":"291","pokemon_move_method_id":"4","level":"0","pokemon_id":"365"}{"order":"","version_group_id":"14","move_id":"301","pokemon_move_method_id":"1","level":"13","pokemon_id":"365"}{"order":"","version_group_id":"14","move_id":"317","pokemon_move_method_id":"4","level":"0","pokemon_id":"365"}{"order":"","version_group_id":"14","move_id":"324","pokemon_move_method_id":"3","level":"0","pokemon_id":"365"}{"order":"","version_group_id":"14","move_id":"329","pokemon_move_method_id":"1","level":"65","pokemon_id":"365"}{"order":"","version_group_id":"14","move_id":"335","pokemon_move_method_id":"3","level":"0","pokemon_id":"365"}{"order":"","version_group_id":"14","move_id":"401","pokemon_move_method_id":"3","level":"0","pokemon_id":"365"}{"order":"","version_group_id":"14","move_id":"416","pokemon_move_method_id":"4","level":"0","pokemon_id":"365"}{"order":"","version_group_id":"14","move_id":"423","pokemon_move_method_id":"1","level":"44","pokemon_id":"365"}{"order":"","version_group_id":"14","move_id":"442","pokemon_move_method_id":"3","level":"0","pokemon_id":"365"}{"order":"","version_group_id":"14","move_id":"496","pokemon_move_method_id":"4","level":"0","pokemon_id":"365"}{"order":"","version_group_id":"14","move_id":"497","pokemon_move_method_id":"4","level":"0","pokemon_id":"365"}{"order":"","version_group_id":"14","move_id":"523","pokemon_move_method_id":"4","level":"0","pokemon_id":"365"}{"order":"","version_group_id":"14","move_id":"524","pokemon_move_method_id":"4","level":"0","pokemon_id":"365"}{"order":"","version_group_id":"15","move_id":"34","pokemon_move_method_id":"1","level":"19","pokemon_id":"365"}{"order":"3","version_group_id":"15","move_id":"45","pokemon_move_method_id":"1","level":"1","pokemon_id":"365"}{"order":"","version_group_id":"15","move_id":"46","pokemon_move_method_id":"4","level":"0","pokemon_id":"365"}{"order":"4","version_group_id":"15","move_id":"55","pokemon_move_method_id":"1","level":"1","pokemon_id":"365"}{"order":"","version_group_id":"15","move_id":"57","pokemon_move_method_id":"4","level":"0","pokemon_id":"365"}{"order":"","version_group_id":"15","move_id":"58","pokemon_move_method_id":"4","level":"0","pokemon_id":"365"}{"order":"","version_group_id":"15","move_id":"59","pokemon_move_method_id":"1","level":"52","pokemon_id":"365"}{"order":"","version_group_id":"15","move_id":"59","pokemon_move_method_id":"4","level":"0","pokemon_id":"365"}{"order":"","version_group_id":"15","move_id":"62","pokemon_move_method_id":"1","level":"25","pokemon_id":"365"}{"order":"","version_group_id":"15","move_id":"63","pokemon_move_method_id":"4","level":"0","pokemon_id":"365"}{"order":"","version_group_id":"15","move_id":"70","pokemon_move_method_id":"4","level":"0","pokemon_id":"365"}{"order":"","version_group_id":"15","move_id":"89","pokemon_move_method_id":"4","level":"0","pokemon_id":"365"}{"order":"","version_group_id":"15","move_id":"92","pokemon_move_method_id":"4","level":"0","pokemon_id":"365"}{"order":"","version_group_id":"15","move_id":"104","pokemon_move_method_id":"4","level":"0","pokemon_id":"365"}{"order":"","version_group_id":"15","move_id":"127","pokemon_move_method_id":"4","level":"0","pokemon_id":"365"}{"order":"1","version_group_id":"15","move_id":"156","pokemon_move_method_id":"1","level":"39","pokemon_id":"365"}{"order":"","version_group_id":"15","move_id":"156","pokemon_move_method_id":"4","level":"0","pokemon_id":"365"}{"order":"","version_group_id":"15","move_id":"157","pokemon_move_method_id":"4","level":"0","pokemon_id":"365"}{"order":"","version_group_id":"15","move_id":"164","pokemon_move_method_id":"4","level":"0","pokemon_id":"365"}{"order":"2","version_group_id":"15","move_id":"173","pokemon_move_method_id":"1","level":"39","pokemon_id":"365"}{"order":"2","version_group_id":"15","move_id":"181","pokemon_move_method_id":"1","level":"1","pokemon_id":"365"}{"order":"","version_group_id":"15","move_id":"182","pokemon_move_method_id":"4","level":"0","pokemon_id":"365"}{"order":"","version_group_id":"15","move_id":"207","pokemon_move_method_id":"1","level":"32","pokemon_id":"365"}{"order":"","version_group_id":"15","move_id":"207","pokemon_move_method_id":"4","level":"0","pokemon_id":"365"}{"order":"","version_group_id":"15","move_id":"213","pokemon_move_method_id":"4","level":"0","pokemon_id":"365"}{"order":"","version_group_id":"15","move_id":"214","pokemon_move_method_id":"4","level":"0","pokemon_id":"365"}{"order":"","version_group_id":"15","move_id":"216","pokemon_move_method_id":"4","level":"0","pokemon_id":"365"}{"order":"","version_group_id":"15","move_id":"218","pokemon_move_method_id":"4","level":"0","pokemon_id":"365"}{"order":"5","version_group_id":"15","move_id":"227","pokemon_move_method_id":"1","level":"1","pokemon_id":"365"}{"order":"","version_group_id":"15","move_id":"227","pokemon_move_method_id":"1","level":"7","pokemon_id":"365"}{"order":"","version_group_id":"15","move_id":"237","pokemon_move_method_id":"4","level":"0","pokemon_id":"365"}{"order":"","version_group_id":"15","move_id":"240","pokemon_move_method_id":"4","level":"0","pokemon_id":"365"}{"order":"1","version_group_id":"15","move_id":"242","pokemon_move_method_id":"1","level":"1","pokemon_id":"365"}{"order":"","version_group_id":"15","move_id":"249","pokemon_move_method_id":"4","level":"0","pokemon_id":"365"}{"order":"","version_group_id":"15","move_id":"258","pokemon_move_method_id":"1","level":"31","pokemon_id":"365"}{"order":"","version_group_id":"15","move_id":"258","pokemon_move_method_id":"4","level":"0","pokemon_id":"365"}{"order":"","version_group_id":"15","move_id":"263","pokemon_move_method_id":"4","level":"0","pokemon_id":"365"}{"order":"","version_group_id":"15","move_id":"301","pokemon_move_method_id":"1","level":"13","pokemon_id":"365"}{"order":"","version_group_id":"15","move_id":"317","pokemon_move_method_id":"4","level":"0","pokemon_id":"365"}{"order":"","version_group_id":"15","move_id":"329","pokemon_move_method_id":"1","level":"65","pokemon_id":"365"}{"order":"","version_group_id":"15","move_id":"416","pokemon_move_method_id":"4","level":"0","pokemon_id":"365"}{"order":"","version_group_id":"15","move_id":"423","pokemon_move_method_id":"1","level":"44","pokemon_id":"365"}{"order":"","version_group_id":"15","move_id":"496","pokemon_move_method_id":"4","level":"0","pokemon_id":"365"}{"order":"","version_group_id":"15","move_id":"497","pokemon_move_method_id":"4","level":"0","pokemon_id":"365"}{"order":"","version_group_id":"15","move_id":"523","pokemon_move_method_id":"4","level":"0","pokemon_id":"365"}{"order":"","version_group_id":"15","move_id":"524","pokemon_move_method_id":"4","level":"0","pokemon_id":"365"}{"order":"","version_group_id":"15","move_id":"590","pokemon_move_method_id":"4","level":"0","pokemon_id":"365"}