{"order":"1","version_group_id":"8","move_id":"10","pokemon_move_method_id":"1","level":"1","pokemon_id":"435"}{"order":"","version_group_id":"8","move_id":"15","pokemon_move_method_id":"4","level":"0","pokemon_id":"435"}{"order":"","version_group_id":"8","move_id":"46","pokemon_move_method_id":"4","level":"0","pokemon_id":"435"}{"order":"","version_group_id":"8","move_id":"53","pokemon_move_method_id":"1","level":"34","pokemon_id":"435"}{"order":"","version_group_id":"8","move_id":"53","pokemon_move_method_id":"4","level":"0","pokemon_id":"435"}{"order":"","version_group_id":"8","move_id":"63","pokemon_move_method_id":"4","level":"0","pokemon_id":"435"}{"order":"","version_group_id":"8","move_id":"70","pokemon_move_method_id":"4","level":"0","pokemon_id":"435"}{"order":"","version_group_id":"8","move_id":"91","pokemon_move_method_id":"4","level":"0","pokemon_id":"435"}{"order":"","version_group_id":"8","move_id":"92","pokemon_move_method_id":"1","level":"20","pokemon_id":"435"}{"order":"","version_group_id":"8","move_id":"92","pokemon_move_method_id":"4","level":"0","pokemon_id":"435"}{"order":"","version_group_id":"8","move_id":"103","pokemon_move_method_id":"1","level":"7","pokemon_id":"435"}{"order":"","version_group_id":"8","move_id":"104","pokemon_move_method_id":"4","level":"0","pokemon_id":"435"}{"order":"","version_group_id":"8","move_id":"108","pokemon_move_method_id":"1","level":"15","pokemon_id":"435"}{"order":"2","version_group_id":"8","move_id":"116","pokemon_move_method_id":"1","level":"1","pokemon_id":"435"}{"order":"","version_group_id":"8","move_id":"126","pokemon_move_method_id":"4","level":"0","pokemon_id":"435"}{"order":"3","version_group_id":"8","move_id":"139","pokemon_move_method_id":"1","level":"1","pokemon_id":"435"}{"order":"","version_group_id":"8","move_id":"139","pokemon_move_method_id":"1","level":"4","pokemon_id":"435"}{"order":"","version_group_id":"8","move_id":"153","pokemon_move_method_id":"1","level":"52","pokemon_id":"435"}{"order":"","version_group_id":"8","move_id":"153","pokemon_move_method_id":"4","level":"0","pokemon_id":"435"}{"order":"","version_group_id":"8","move_id":"154","pokemon_move_method_id":"1","level":"11","pokemon_id":"435"}{"order":"","version_group_id":"8","move_id":"156","pokemon_move_method_id":"4","level":"0","pokemon_id":"435"}{"order":"","version_group_id":"8","move_id":"163","pokemon_move_method_id":"1","level":"25","pokemon_id":"435"}{"order":"","version_group_id":"8","move_id":"164","pokemon_move_method_id":"4","level":"0","pokemon_id":"435"}{"order":"","version_group_id":"8","move_id":"168","pokemon_move_method_id":"4","level":"0","pokemon_id":"435"}{"order":"","version_group_id":"8","move_id":"182","pokemon_move_method_id":"4","level":"0","pokemon_id":"435"}{"order":"","version_group_id":"8","move_id":"188","pokemon_move_method_id":"4","level":"0","pokemon_id":"435"}{"order":"","version_group_id":"8","move_id":"203","pokemon_move_method_id":"4","level":"0","pokemon_id":"435"}{"order":"","version_group_id":"8","move_id":"207","pokemon_move_method_id":"4","level":"0","pokemon_id":"435"}{"order":"","version_group_id":"8","move_id":"213","pokemon_move_method_id":"4","level":"0","pokemon_id":"435"}{"order":"","version_group_id":"8","move_id":"214","pokemon_move_method_id":"4","level":"0","pokemon_id":"435"}{"order":"","version_group_id":"8","move_id":"216","pokemon_move_method_id":"4","level":"0","pokemon_id":"435"}{"order":"","version_group_id":"8","move_id":"218","pokemon_move_method_id":"4","level":"0","pokemon_id":"435"}{"order":"","version_group_id":"8","move_id":"231","pokemon_move_method_id":"4","level":"0","pokemon_id":"435"}{"order":"","version_group_id":"8","move_id":"237","pokemon_move_method_id":"4","level":"0","pokemon_id":"435"}{"order":"","version_group_id":"8","move_id":"240","pokemon_move_method_id":"4","level":"0","pokemon_id":"435"}{"order":"","version_group_id":"8","move_id":"241","pokemon_move_method_id":"4","level":"0","pokemon_id":"435"}{"order":"","version_group_id":"8","move_id":"247","pokemon_move_method_id":"4","level":"0","pokemon_id":"435"}{"order":"","version_group_id":"8","move_id":"249","pokemon_move_method_id":"4","level":"0","pokemon_id":"435"}{"order":"","version_group_id":"8","move_id":"259","pokemon_move_method_id":"4","level":"0","pokemon_id":"435"}{"order":"","version_group_id":"8","move_id":"262","pokemon_move_method_id":"1","level":"41","pokemon_id":"435"}{"order":"","version_group_id":"8","move_id":"263","pokemon_move_method_id":"4","level":"0","pokemon_id":"435"}{"order":"","version_group_id":"8","move_id":"269","pokemon_move_method_id":"4","level":"0","pokemon_id":"435"}{"order":"","version_group_id":"8","move_id":"289","pokemon_move_method_id":"4","level":"0","pokemon_id":"435"}{"order":"","version_group_id":"8","move_id":"290","pokemon_move_method_id":"4","level":"0","pokemon_id":"435"}{"order":"","version_group_id":"8","move_id":"363","pokemon_move_method_id":"4","level":"0","pokemon_id":"435"}{"order":"","version_group_id":"8","move_id":"371","pokemon_move_method_id":"4","level":"0","pokemon_id":"435"}{"order":"","version_group_id":"8","move_id":"398","pokemon_move_method_id":"4","level":"0","pokemon_id":"435"}{"order":"","version_group_id":"8","move_id":"399","pokemon_move_method_id":"4","level":"0","pokemon_id":"435"}{"order":"","version_group_id":"8","move_id":"400","pokemon_move_method_id":"1","level":"31","pokemon_id":"435"}{"order":"","version_group_id":"8","move_id":"416","pokemon_move_method_id":"4","level":"0","pokemon_id":"435"}{"order":"","version_group_id":"8","move_id":"421","pokemon_move_method_id":"4","level":"0","pokemon_id":"435"}{"order":"","version_group_id":"8","move_id":"432","pokemon_move_method_id":"4","level":"0","pokemon_id":"435"}{"order":"","version_group_id":"8","move_id":"445","pokemon_move_method_id":"4","level":"0","pokemon_id":"435"}{"order":"1","version_group_id":"9","move_id":"10","pokemon_move_method_id":"1","level":"1","pokemon_id":"435"}{"order":"","version_group_id":"9","move_id":"15","pokemon_move_method_id":"4","level":"0","pokemon_id":"435"}{"order":"","version_group_id":"9","move_id":"46","pokemon_move_method_id":"4","level":"0","pokemon_id":"435"}{"order":"","version_group_id":"9","move_id":"53","pokemon_move_method_id":"1","level":"34","pokemon_id":"435"}{"order":"","version_group_id":"9","move_id":"53","pokemon_move_method_id":"4","level":"0","pokemon_id":"435"}{"order":"","version_group_id":"9","move_id":"63","pokemon_move_method_id":"4","level":"0","pokemon_id":"435"}{"order":"","version_group_id":"9","move_id":"70","pokemon_move_method_id":"4","level":"0","pokemon_id":"435"}{"order":"","version_group_id":"9","move_id":"91","pokemon_move_method_id":"4","level":"0","pokemon_id":"435"}{"order":"","version_group_id":"9","move_id":"92","pokemon_move_method_id":"1","level":"27","pokemon_id":"435"}{"order":"","version_group_id":"9","move_id":"92","pokemon_move_method_id":"4","level":"0","pokemon_id":"435"}{"order":"","version_group_id":"9","move_id":"103","pokemon_move_method_id":"1","level":"7","pokemon_id":"435"}{"order":"","version_group_id":"9","move_id":"104","pokemon_move_method_id":"4","level":"0","pokemon_id":"435"}{"order":"","version_group_id":"9","move_id":"108","pokemon_move_method_id":"1","level":"14","pokemon_id":"435"}{"order":"2","version_group_id":"9","move_id":"116","pokemon_move_method_id":"1","level":"1","pokemon_id":"435"}{"order":"","version_group_id":"9","move_id":"126","pokemon_move_method_id":"4","level":"0","pokemon_id":"435"}{"order":"","version_group_id":"9","move_id":"129","pokemon_move_method_id":"3","level":"0","pokemon_id":"435"}{"order":"3","version_group_id":"9","move_id":"139","pokemon_move_method_id":"1","level":"1","pokemon_id":"435"}{"order":"","version_group_id":"9","move_id":"139","pokemon_move_method_id":"1","level":"4","pokemon_id":"435"}{"order":"","version_group_id":"9","move_id":"153","pokemon_move_method_id":"1","level":"52","pokemon_id":"435"}{"order":"","version_group_id":"9","move_id":"153","pokemon_move_method_id":"4","level":"0","pokemon_id":"435"}{"order":"","version_group_id":"9","move_id":"154","pokemon_move_method_id":"1","level":"10","pokemon_id":"435"}{"order":"","version_group_id":"9","move_id":"156","pokemon_move_method_id":"4","level":"0","pokemon_id":"435"}{"order":"","version_group_id":"9","move_id":"163","pokemon_move_method_id":"1","level":"22","pokemon_id":"435"}{"order":"","version_group_id":"9","move_id":"164","pokemon_move_method_id":"4","level":"0","pokemon_id":"435"}{"order":"","version_group_id":"9","move_id":"168","pokemon_move_method_id":"4","level":"0","pokemon_id":"435"}{"order":"","version_group_id":"9","move_id":"173","pokemon_move_method_id":"3","level":"0","pokemon_id":"435"}{"order":"","version_group_id":"9","move_id":"182","pokemon_move_method_id":"4","level":"0","pokemon_id":"435"}{"order":"","version_group_id":"9","move_id":"188","pokemon_move_method_id":"4","level":"0","pokemon_id":"435"}{"order":"","version_group_id":"9","move_id":"189","pokemon_move_method_id":"3","level":"0","pokemon_id":"435"}{"order":"","version_group_id":"9","move_id":"203","pokemon_move_method_id":"4","level":"0","pokemon_id":"435"}{"order":"","version_group_id":"9","move_id":"207","pokemon_move_method_id":"4","level":"0","pokemon_id":"435"}{"order":"","version_group_id":"9","move_id":"210","pokemon_move_method_id":"3","level":"0","pokemon_id":"435"}{"order":"","version_group_id":"9","move_id":"213","pokemon_move_method_id":"4","level":"0","pokemon_id":"435"}{"order":"","version_group_id":"9","move_id":"214","pokemon_move_method_id":"4","level":"0","pokemon_id":"435"}{"order":"","version_group_id":"9","move_id":"216","pokemon_move_method_id":"4","level":"0","pokemon_id":"435"}{"order":"","version_group_id":"9","move_id":"218","pokemon_move_method_id":"4","level":"0","pokemon_id":"435"}{"order":"","version_group_id":"9","move_id":"231","pokemon_move_method_id":"4","level":"0","pokemon_id":"435"}{"order":"","version_group_id":"9","move_id":"237","pokemon_move_method_id":"4","level":"0","pokemon_id":"435"}{"order":"","version_group_id":"9","move_id":"240","pokemon_move_method_id":"4","level":"0","pokemon_id":"435"}{"order":"","version_group_id":"9","move_id":"241","pokemon_move_method_id":"4","level":"0","pokemon_id":"435"}{"order":"","version_group_id":"9","move_id":"247","pokemon_move_method_id":"4","level":"0","pokemon_id":"435"}{"order":"","version_group_id":"9","move_id":"249","pokemon_move_method_id":"4","level":"0","pokemon_id":"435"}{"order":"","version_group_id":"9","move_id":"259","pokemon_move_method_id":"4","level":"0","pokemon_id":"435"}{"order":"","version_group_id":"9","move_id":"262","pokemon_move_method_id":"1","level":"42","pokemon_id":"435"}{"order":"","version_group_id":"9","move_id":"263","pokemon_move_method_id":"4","level":"0","pokemon_id":"435"}{"order":"","version_group_id":"9","move_id":"269","pokemon_move_method_id":"4","level":"0","pokemon_id":"435"}{"order":"","version_group_id":"9","move_id":"289","pokemon_move_method_id":"4","level":"0","pokemon_id":"435"}{"order":"","version_group_id":"9","move_id":"290","pokemon_move_method_id":"4","level":"0","pokemon_id":"435"}{"order":"","version_group_id":"9","move_id":"363","pokemon_move_method_id":"4","level":"0","pokemon_id":"435"}{"order":"","version_group_id":"9","move_id":"364","pokemon_move_method_id":"1","level":"18","pokemon_id":"435"}{"order":"","version_group_id":"9","move_id":"371","pokemon_move_method_id":"4","level":"0","pokemon_id":"435"}{"order":"","version_group_id":"9","move_id":"389","pokemon_move_method_id":"3","level":"0","pokemon_id":"435"}{"order":"","version_group_id":"9","move_id":"398","pokemon_move_method_id":"4","level":"0","pokemon_id":"435"}{"order":"","version_group_id":"9","move_id":"399","pokemon_move_method_id":"4","level":"0","pokemon_id":"435"}{"order":"","version_group_id":"9","move_id":"400","pokemon_move_method_id":"1","level":"32","pokemon_id":"435"}{"order":"","version_group_id":"9","move_id":"416","pokemon_move_method_id":"4","level":"0","pokemon_id":"435"}{"order":"","version_group_id":"9","move_id":"421","pokemon_move_method_id":"4","level":"0","pokemon_id":"435"}{"order":"","version_group_id":"9","move_id":"432","pokemon_move_method_id":"4","level":"0","pokemon_id":"435"}{"order":"","version_group_id":"9","move_id":"445","pokemon_move_method_id":"4","level":"0","pokemon_id":"435"}{"order":"1","version_group_id":"10","move_id":"10","pokemon_move_method_id":"1","level":"1","pokemon_id":"435"}{"order":"","version_group_id":"10","move_id":"15","pokemon_move_method_id":"4","level":"0","pokemon_id":"435"}{"order":"","version_group_id":"10","move_id":"29","pokemon_move_method_id":"3","level":"0","pokemon_id":"435"}{"order":"","version_group_id":"10","move_id":"46","pokemon_move_method_id":"4","level":"0","pokemon_id":"435"}{"order":"","version_group_id":"10","move_id":"53","pokemon_move_method_id":"1","level":"34","pokemon_id":"435"}{"order":"","version_group_id":"10","move_id":"53","pokemon_move_method_id":"4","level":"0","pokemon_id":"435"}{"order":"","version_group_id":"10","move_id":"63","pokemon_move_method_id":"4","level":"0","pokemon_id":"435"}{"order":"","version_group_id":"10","move_id":"70","pokemon_move_method_id":"4","level":"0","pokemon_id":"435"}{"order":"","version_group_id":"10","move_id":"91","pokemon_move_method_id":"4","level":"0","pokemon_id":"435"}{"order":"","version_group_id":"10","move_id":"92","pokemon_move_method_id":"1","level":"27","pokemon_id":"435"}{"order":"","version_group_id":"10","move_id":"92","pokemon_move_method_id":"4","level":"0","pokemon_id":"435"}{"order":"","version_group_id":"10","move_id":"103","pokemon_move_method_id":"1","level":"7","pokemon_id":"435"}{"order":"","version_group_id":"10","move_id":"104","pokemon_move_method_id":"4","level":"0","pokemon_id":"435"}{"order":"","version_group_id":"10","move_id":"108","pokemon_move_method_id":"1","level":"14","pokemon_id":"435"}{"order":"2","version_group_id":"10","move_id":"116","pokemon_move_method_id":"1","level":"1","pokemon_id":"435"}{"order":"","version_group_id":"10","move_id":"126","pokemon_move_method_id":"4","level":"0","pokemon_id":"435"}{"order":"","version_group_id":"10","move_id":"129","pokemon_move_method_id":"3","level":"0","pokemon_id":"435"}{"order":"3","version_group_id":"10","move_id":"139","pokemon_move_method_id":"1","level":"1","pokemon_id":"435"}{"order":"","version_group_id":"10","move_id":"139","pokemon_move_method_id":"1","level":"4","pokemon_id":"435"}{"order":"","version_group_id":"10","move_id":"153","pokemon_move_method_id":"1","level":"52","pokemon_id":"435"}{"order":"","version_group_id":"10","move_id":"153","pokemon_move_method_id":"4","level":"0","pokemon_id":"435"}{"order":"","version_group_id":"10","move_id":"154","pokemon_move_method_id":"1","level":"10","pokemon_id":"435"}{"order":"","version_group_id":"10","move_id":"156","pokemon_move_method_id":"4","level":"0","pokemon_id":"435"}{"order":"","version_group_id":"10","move_id":"163","pokemon_move_method_id":"1","level":"22","pokemon_id":"435"}{"order":"","version_group_id":"10","move_id":"164","pokemon_move_method_id":"4","level":"0","pokemon_id":"435"}{"order":"","version_group_id":"10","move_id":"168","pokemon_move_method_id":"4","level":"0","pokemon_id":"435"}{"order":"","version_group_id":"10","move_id":"173","pokemon_move_method_id":"3","level":"0","pokemon_id":"435"}{"order":"","version_group_id":"10","move_id":"182","pokemon_move_method_id":"4","level":"0","pokemon_id":"435"}{"order":"","version_group_id":"10","move_id":"188","pokemon_move_method_id":"4","level":"0","pokemon_id":"435"}{"order":"","version_group_id":"10","move_id":"189","pokemon_move_method_id":"3","level":"0","pokemon_id":"435"}{"order":"","version_group_id":"10","move_id":"203","pokemon_move_method_id":"4","level":"0","pokemon_id":"435"}{"order":"","version_group_id":"10","move_id":"207","pokemon_move_method_id":"4","level":"0","pokemon_id":"435"}{"order":"","version_group_id":"10","move_id":"210","pokemon_move_method_id":"3","level":"0","pokemon_id":"435"}{"order":"","version_group_id":"10","move_id":"213","pokemon_move_method_id":"4","level":"0","pokemon_id":"435"}{"order":"","version_group_id":"10","move_id":"214","pokemon_move_method_id":"4","level":"0","pokemon_id":"435"}{"order":"","version_group_id":"10","move_id":"216","pokemon_move_method_id":"4","level":"0","pokemon_id":"435"}{"order":"","version_group_id":"10","move_id":"218","pokemon_move_method_id":"4","level":"0","pokemon_id":"435"}{"order":"","version_group_id":"10","move_id":"231","pokemon_move_method_id":"4","level":"0","pokemon_id":"435"}{"order":"","version_group_id":"10","move_id":"237","pokemon_move_method_id":"4","level":"0","pokemon_id":"435"}{"order":"","version_group_id":"10","move_id":"240","pokemon_move_method_id":"4","level":"0","pokemon_id":"435"}{"order":"","version_group_id":"10","move_id":"241","pokemon_move_method_id":"4","level":"0","pokemon_id":"435"}{"order":"","version_group_id":"10","move_id":"247","pokemon_move_method_id":"4","level":"0","pokemon_id":"435"}{"order":"","version_group_id":"10","move_id":"249","pokemon_move_method_id":"4","level":"0","pokemon_id":"435"}{"order":"","version_group_id":"10","move_id":"259","pokemon_move_method_id":"4","level":"0","pokemon_id":"435"}{"order":"","version_group_id":"10","move_id":"262","pokemon_move_method_id":"1","level":"42","pokemon_id":"435"}{"order":"","version_group_id":"10","move_id":"263","pokemon_move_method_id":"4","level":"0","pokemon_id":"435"}{"order":"","version_group_id":"10","move_id":"269","pokemon_move_method_id":"4","level":"0","pokemon_id":"435"}{"order":"","version_group_id":"10","move_id":"289","pokemon_move_method_id":"4","level":"0","pokemon_id":"435"}{"order":"","version_group_id":"10","move_id":"290","pokemon_move_method_id":"4","level":"0","pokemon_id":"435"}{"order":"","version_group_id":"10","move_id":"363","pokemon_move_method_id":"4","level":"0","pokemon_id":"435"}{"order":"","version_group_id":"10","move_id":"364","pokemon_move_method_id":"1","level":"18","pokemon_id":"435"}{"order":"","version_group_id":"10","move_id":"371","pokemon_move_method_id":"4","level":"0","pokemon_id":"435"}{"order":"","version_group_id":"10","move_id":"389","pokemon_move_method_id":"3","level":"0","pokemon_id":"435"}{"order":"","version_group_id":"10","move_id":"398","pokemon_move_method_id":"4","level":"0","pokemon_id":"435"}{"order":"","version_group_id":"10","move_id":"399","pokemon_move_method_id":"4","level":"0","pokemon_id":"435"}{"order":"","version_group_id":"10","move_id":"400","pokemon_move_method_id":"1","level":"32","pokemon_id":"435"}{"order":"","version_group_id":"10","move_id":"416","pokemon_move_method_id":"4","level":"0","pokemon_id":"435"}{"order":"","version_group_id":"10","move_id":"421","pokemon_move_method_id":"4","level":"0","pokemon_id":"435"}{"order":"","version_group_id":"10","move_id":"445","pokemon_move_method_id":"4","level":"0","pokemon_id":"435"}{"order":"1","version_group_id":"11","move_id":"10","pokemon_move_method_id":"1","level":"1","pokemon_id":"435"}{"order":"","version_group_id":"11","move_id":"15","pokemon_move_method_id":"4","level":"0","pokemon_id":"435"}{"order":"","version_group_id":"11","move_id":"46","pokemon_move_method_id":"4","level":"0","pokemon_id":"435"}{"order":"","version_group_id":"11","move_id":"53","pokemon_move_method_id":"1","level":"34","pokemon_id":"435"}{"order":"","version_group_id":"11","move_id":"53","pokemon_move_method_id":"4","level":"0","pokemon_id":"435"}{"order":"","version_group_id":"11","move_id":"63","pokemon_move_method_id":"4","level":"0","pokemon_id":"435"}{"order":"","version_group_id":"11","move_id":"70","pokemon_move_method_id":"4","level":"0","pokemon_id":"435"}{"order":"","version_group_id":"11","move_id":"91","pokemon_move_method_id":"4","level":"0","pokemon_id":"435"}{"order":"","version_group_id":"11","move_id":"92","pokemon_move_method_id":"1","level":"27","pokemon_id":"435"}{"order":"","version_group_id":"11","move_id":"92","pokemon_move_method_id":"4","level":"0","pokemon_id":"435"}{"order":"","version_group_id":"11","move_id":"103","pokemon_move_method_id":"1","level":"7","pokemon_id":"435"}{"order":"","version_group_id":"11","move_id":"104","pokemon_move_method_id":"4","level":"0","pokemon_id":"435"}{"order":"","version_group_id":"11","move_id":"108","pokemon_move_method_id":"1","level":"14","pokemon_id":"435"}{"order":"2","version_group_id":"11","move_id":"116","pokemon_move_method_id":"1","level":"1","pokemon_id":"435"}{"order":"","version_group_id":"11","move_id":"126","pokemon_move_method_id":"4","level":"0","pokemon_id":"435"}{"order":"3","version_group_id":"11","move_id":"139","pokemon_move_method_id":"1","level":"1","pokemon_id":"435"}{"order":"","version_group_id":"11","move_id":"139","pokemon_move_method_id":"1","level":"4","pokemon_id":"435"}{"order":"","version_group_id":"11","move_id":"153","pokemon_move_method_id":"1","level":"61","pokemon_id":"435"}{"order":"","version_group_id":"11","move_id":"153","pokemon_move_method_id":"4","level":"0","pokemon_id":"435"}{"order":"","version_group_id":"11","move_id":"154","pokemon_move_method_id":"1","level":"10","pokemon_id":"435"}{"order":"","version_group_id":"11","move_id":"156","pokemon_move_method_id":"4","level":"0","pokemon_id":"435"}{"order":"","version_group_id":"11","move_id":"163","pokemon_move_method_id":"1","level":"22","pokemon_id":"435"}{"order":"","version_group_id":"11","move_id":"164","pokemon_move_method_id":"4","level":"0","pokemon_id":"435"}{"order":"","version_group_id":"11","move_id":"168","pokemon_move_method_id":"4","level":"0","pokemon_id":"435"}{"order":"","version_group_id":"11","move_id":"182","pokemon_move_method_id":"4","level":"0","pokemon_id":"435"}{"order":"","version_group_id":"11","move_id":"188","pokemon_move_method_id":"4","level":"0","pokemon_id":"435"}{"order":"","version_group_id":"11","move_id":"207","pokemon_move_method_id":"4","level":"0","pokemon_id":"435"}{"order":"","version_group_id":"11","move_id":"213","pokemon_move_method_id":"4","level":"0","pokemon_id":"435"}{"order":"","version_group_id":"11","move_id":"216","pokemon_move_method_id":"4","level":"0","pokemon_id":"435"}{"order":"","version_group_id":"11","move_id":"218","pokemon_move_method_id":"4","level":"0","pokemon_id":"435"}{"order":"","version_group_id":"11","move_id":"237","pokemon_move_method_id":"4","level":"0","pokemon_id":"435"}{"order":"","version_group_id":"11","move_id":"240","pokemon_move_method_id":"4","level":"0","pokemon_id":"435"}{"order":"","version_group_id":"11","move_id":"241","pokemon_move_method_id":"4","level":"0","pokemon_id":"435"}{"order":"","version_group_id":"11","move_id":"247","pokemon_move_method_id":"4","level":"0","pokemon_id":"435"}{"order":"","version_group_id":"11","move_id":"249","pokemon_move_method_id":"4","level":"0","pokemon_id":"435"}{"order":"","version_group_id":"11","move_id":"259","pokemon_move_method_id":"4","level":"0","pokemon_id":"435"}{"order":"","version_group_id":"11","move_id":"262","pokemon_move_method_id":"1","level":"51","pokemon_id":"435"}{"order":"","version_group_id":"11","move_id":"263","pokemon_move_method_id":"4","level":"0","pokemon_id":"435"}{"order":"","version_group_id":"11","move_id":"269","pokemon_move_method_id":"4","level":"0","pokemon_id":"435"}{"order":"","version_group_id":"11","move_id":"364","pokemon_move_method_id":"1","level":"18","pokemon_id":"435"}{"order":"","version_group_id":"11","move_id":"371","pokemon_move_method_id":"4","level":"0","pokemon_id":"435"}{"order":"","version_group_id":"11","move_id":"398","pokemon_move_method_id":"4","level":"0","pokemon_id":"435"}{"order":"","version_group_id":"11","move_id":"400","pokemon_move_method_id":"1","level":"41","pokemon_id":"435"}{"order":"","version_group_id":"11","move_id":"416","pokemon_move_method_id":"4","level":"0","pokemon_id":"435"}{"order":"","version_group_id":"11","move_id":"421","pokemon_move_method_id":"4","level":"0","pokemon_id":"435"}{"order":"","version_group_id":"11","move_id":"468","pokemon_move_method_id":"4","level":"0","pokemon_id":"435"}{"order":"","version_group_id":"11","move_id":"474","pokemon_move_method_id":"4","level":"0","pokemon_id":"435"}{"order":"","version_group_id":"11","move_id":"491","pokemon_move_method_id":"1","level":"32","pokemon_id":"435"}{"order":"","version_group_id":"11","move_id":"496","pokemon_move_method_id":"4","level":"0","pokemon_id":"435"}{"order":"","version_group_id":"11","move_id":"510","pokemon_move_method_id":"4","level":"0","pokemon_id":"435"}{"order":"","version_group_id":"11","move_id":"555","pokemon_move_method_id":"4","level":"0","pokemon_id":"435"}{"order":"1","version_group_id":"14","move_id":"10","pokemon_move_method_id":"1","level":"1","pokemon_id":"435"}{"order":"","version_group_id":"14","move_id":"15","pokemon_move_method_id":"4","level":"0","pokemon_id":"435"}{"order":"","version_group_id":"14","move_id":"46","pokemon_move_method_id":"4","level":"0","pokemon_id":"435"}{"order":"","version_group_id":"14","move_id":"53","pokemon_move_method_id":"1","level":"34","pokemon_id":"435"}{"order":"","version_group_id":"14","move_id":"53","pokemon_move_method_id":"4","level":"0","pokemon_id":"435"}{"order":"","version_group_id":"14","move_id":"63","pokemon_move_method_id":"4","level":"0","pokemon_id":"435"}{"order":"","version_group_id":"14","move_id":"70","pokemon_move_method_id":"4","level":"0","pokemon_id":"435"}{"order":"","version_group_id":"14","move_id":"91","pokemon_move_method_id":"4","level":"0","pokemon_id":"435"}{"order":"","version_group_id":"14","move_id":"92","pokemon_move_method_id":"1","level":"27","pokemon_id":"435"}{"order":"","version_group_id":"14","move_id":"92","pokemon_move_method_id":"4","level":"0","pokemon_id":"435"}{"order":"","version_group_id":"14","move_id":"103","pokemon_move_method_id":"1","level":"7","pokemon_id":"435"}{"order":"","version_group_id":"14","move_id":"104","pokemon_move_method_id":"4","level":"0","pokemon_id":"435"}{"order":"","version_group_id":"14","move_id":"108","pokemon_move_method_id":"1","level":"14","pokemon_id":"435"}{"order":"2","version_group_id":"14","move_id":"116","pokemon_move_method_id":"1","level":"1","pokemon_id":"435"}{"order":"","version_group_id":"14","move_id":"126","pokemon_move_method_id":"4","level":"0","pokemon_id":"435"}{"order":"3","version_group_id":"14","move_id":"139","pokemon_move_method_id":"1","level":"1","pokemon_id":"435"}{"order":"","version_group_id":"14","move_id":"139","pokemon_move_method_id":"1","level":"4","pokemon_id":"435"}{"order":"","version_group_id":"14","move_id":"153","pokemon_move_method_id":"1","level":"61","pokemon_id":"435"}{"order":"","version_group_id":"14","move_id":"153","pokemon_move_method_id":"4","level":"0","pokemon_id":"435"}{"order":"","version_group_id":"14","move_id":"154","pokemon_move_method_id":"1","level":"10","pokemon_id":"435"}{"order":"","version_group_id":"14","move_id":"156","pokemon_move_method_id":"4","level":"0","pokemon_id":"435"}{"order":"","version_group_id":"14","move_id":"163","pokemon_move_method_id":"1","level":"22","pokemon_id":"435"}{"order":"","version_group_id":"14","move_id":"164","pokemon_move_method_id":"4","level":"0","pokemon_id":"435"}{"order":"","version_group_id":"14","move_id":"168","pokemon_move_method_id":"4","level":"0","pokemon_id":"435"}{"order":"","version_group_id":"14","move_id":"173","pokemon_move_method_id":"3","level":"0","pokemon_id":"435"}{"order":"","version_group_id":"14","move_id":"182","pokemon_move_method_id":"4","level":"0","pokemon_id":"435"}{"order":"","version_group_id":"14","move_id":"188","pokemon_move_method_id":"4","level":"0","pokemon_id":"435"}{"order":"","version_group_id":"14","move_id":"207","pokemon_move_method_id":"4","level":"0","pokemon_id":"435"}{"order":"","version_group_id":"14","move_id":"213","pokemon_move_method_id":"4","level":"0","pokemon_id":"435"}{"order":"","version_group_id":"14","move_id":"214","pokemon_move_method_id":"3","level":"0","pokemon_id":"435"}{"order":"","version_group_id":"14","move_id":"216","pokemon_move_method_id":"4","level":"0","pokemon_id":"435"}{"order":"","version_group_id":"14","move_id":"218","pokemon_move_method_id":"4","level":"0","pokemon_id":"435"}{"order":"","version_group_id":"14","move_id":"231","pokemon_move_method_id":"3","level":"0","pokemon_id":"435"}{"order":"","version_group_id":"14","move_id":"237","pokemon_move_method_id":"4","level":"0","pokemon_id":"435"}{"order":"","version_group_id":"14","move_id":"240","pokemon_move_method_id":"4","level":"0","pokemon_id":"435"}{"order":"","version_group_id":"14","move_id":"241","pokemon_move_method_id":"4","level":"0","pokemon_id":"435"}{"order":"","version_group_id":"14","move_id":"247","pokemon_move_method_id":"4","level":"0","pokemon_id":"435"}{"order":"","version_group_id":"14","move_id":"249","pokemon_move_method_id":"4","level":"0","pokemon_id":"435"}{"order":"","version_group_id":"14","move_id":"259","pokemon_move_method_id":"4","level":"0","pokemon_id":"435"}{"order":"","version_group_id":"14","move_id":"262","pokemon_move_method_id":"1","level":"51","pokemon_id":"435"}{"order":"","version_group_id":"14","move_id":"263","pokemon_move_method_id":"4","level":"0","pokemon_id":"435"}{"order":"","version_group_id":"14","move_id":"269","pokemon_move_method_id":"4","level":"0","pokemon_id":"435"}{"order":"","version_group_id":"14","move_id":"289","pokemon_move_method_id":"3","level":"0","pokemon_id":"435"}{"order":"","version_group_id":"14","move_id":"364","pokemon_move_method_id":"1","level":"18","pokemon_id":"435"}{"order":"","version_group_id":"14","move_id":"371","pokemon_move_method_id":"4","level":"0","pokemon_id":"435"}{"order":"","version_group_id":"14","move_id":"398","pokemon_move_method_id":"4","level":"0","pokemon_id":"435"}{"order":"","version_group_id":"14","move_id":"399","pokemon_move_method_id":"3","level":"0","pokemon_id":"435"}{"order":"","version_group_id":"14","move_id":"400","pokemon_move_method_id":"1","level":"41","pokemon_id":"435"}{"order":"","version_group_id":"14","move_id":"416","pokemon_move_method_id":"4","level":"0","pokemon_id":"435"}{"order":"","version_group_id":"14","move_id":"421","pokemon_move_method_id":"4","level":"0","pokemon_id":"435"}{"order":"","version_group_id":"14","move_id":"468","pokemon_move_method_id":"4","level":"0","pokemon_id":"435"}{"order":"","version_group_id":"14","move_id":"474","pokemon_move_method_id":"4","level":"0","pokemon_id":"435"}{"order":"","version_group_id":"14","move_id":"491","pokemon_move_method_id":"1","level":"32","pokemon_id":"435"}{"order":"","version_group_id":"14","move_id":"492","pokemon_move_method_id":"3","level":"0","pokemon_id":"435"}{"order":"","version_group_id":"14","move_id":"496","pokemon_move_method_id":"4","level":"0","pokemon_id":"435"}{"order":"","version_group_id":"14","move_id":"510","pokemon_move_method_id":"4","level":"0","pokemon_id":"435"}{"order":"","version_group_id":"14","move_id":"555","pokemon_move_method_id":"4","level":"0","pokemon_id":"435"}{"order":"1","version_group_id":"15","move_id":"10","pokemon_move_method_id":"1","level":"1","pokemon_id":"435"}{"order":"","version_group_id":"15","move_id":"15","pokemon_move_method_id":"4","level":"0","pokemon_id":"435"}{"order":"","version_group_id":"15","move_id":"46","pokemon_move_method_id":"4","level":"0","pokemon_id":"435"}{"order":"","version_group_id":"15","move_id":"53","pokemon_move_method_id":"1","level":"34","pokemon_id":"435"}{"order":"","version_group_id":"15","move_id":"53","pokemon_move_method_id":"4","level":"0","pokemon_id":"435"}{"order":"","version_group_id":"15","move_id":"63","pokemon_move_method_id":"4","level":"0","pokemon_id":"435"}{"order":"","version_group_id":"15","move_id":"70","pokemon_move_method_id":"4","level":"0","pokemon_id":"435"}{"order":"","version_group_id":"15","move_id":"91","pokemon_move_method_id":"4","level":"0","pokemon_id":"435"}{"order":"","version_group_id":"15","move_id":"92","pokemon_move_method_id":"1","level":"27","pokemon_id":"435"}{"order":"","version_group_id":"15","move_id":"92","pokemon_move_method_id":"4","level":"0","pokemon_id":"435"}{"order":"","version_group_id":"15","move_id":"103","pokemon_move_method_id":"1","level":"7","pokemon_id":"435"}{"order":"","version_group_id":"15","move_id":"104","pokemon_move_method_id":"4","level":"0","pokemon_id":"435"}{"order":"","version_group_id":"15","move_id":"108","pokemon_move_method_id":"1","level":"14","pokemon_id":"435"}{"order":"2","version_group_id":"15","move_id":"116","pokemon_move_method_id":"1","level":"1","pokemon_id":"435"}{"order":"","version_group_id":"15","move_id":"126","pokemon_move_method_id":"4","level":"0","pokemon_id":"435"}{"order":"3","version_group_id":"15","move_id":"139","pokemon_move_method_id":"1","level":"1","pokemon_id":"435"}{"order":"","version_group_id":"15","move_id":"139","pokemon_move_method_id":"1","level":"4","pokemon_id":"435"}{"order":"","version_group_id":"15","move_id":"153","pokemon_move_method_id":"1","level":"61","pokemon_id":"435"}{"order":"","version_group_id":"15","move_id":"153","pokemon_move_method_id":"4","level":"0","pokemon_id":"435"}{"order":"","version_group_id":"15","move_id":"154","pokemon_move_method_id":"1","level":"10","pokemon_id":"435"}{"order":"","version_group_id":"15","move_id":"156","pokemon_move_method_id":"4","level":"0","pokemon_id":"435"}{"order":"","version_group_id":"15","move_id":"163","pokemon_move_method_id":"1","level":"22","pokemon_id":"435"}{"order":"","version_group_id":"15","move_id":"164","pokemon_move_method_id":"4","level":"0","pokemon_id":"435"}{"order":"","version_group_id":"15","move_id":"168","pokemon_move_method_id":"4","level":"0","pokemon_id":"435"}{"order":"","version_group_id":"15","move_id":"182","pokemon_move_method_id":"4","level":"0","pokemon_id":"435"}{"order":"","version_group_id":"15","move_id":"188","pokemon_move_method_id":"4","level":"0","pokemon_id":"435"}{"order":"","version_group_id":"15","move_id":"207","pokemon_move_method_id":"4","level":"0","pokemon_id":"435"}{"order":"","version_group_id":"15","move_id":"213","pokemon_move_method_id":"4","level":"0","pokemon_id":"435"}{"order":"","version_group_id":"15","move_id":"214","pokemon_move_method_id":"4","level":"0","pokemon_id":"435"}{"order":"","version_group_id":"15","move_id":"216","pokemon_move_method_id":"4","level":"0","pokemon_id":"435"}{"order":"","version_group_id":"15","move_id":"218","pokemon_move_method_id":"4","level":"0","pokemon_id":"435"}{"order":"","version_group_id":"15","move_id":"237","pokemon_move_method_id":"4","level":"0","pokemon_id":"435"}{"order":"","version_group_id":"15","move_id":"240","pokemon_move_method_id":"4","level":"0","pokemon_id":"435"}{"order":"","version_group_id":"15","move_id":"241","pokemon_move_method_id":"4","level":"0","pokemon_id":"435"}{"order":"","version_group_id":"15","move_id":"247","pokemon_move_method_id":"4","level":"0","pokemon_id":"435"}{"order":"","version_group_id":"15","move_id":"249","pokemon_move_method_id":"4","level":"0","pokemon_id":"435"}{"order":"","version_group_id":"15","move_id":"259","pokemon_move_method_id":"4","level":"0","pokemon_id":"435"}{"order":"","version_group_id":"15","move_id":"262","pokemon_move_method_id":"1","level":"51","pokemon_id":"435"}{"order":"","version_group_id":"15","move_id":"263","pokemon_move_method_id":"4","level":"0","pokemon_id":"435"}{"order":"","version_group_id":"15","move_id":"269","pokemon_move_method_id":"4","level":"0","pokemon_id":"435"}{"order":"","version_group_id":"15","move_id":"364","pokemon_move_method_id":"1","level":"18","pokemon_id":"435"}{"order":"","version_group_id":"15","move_id":"371","pokemon_move_method_id":"4","level":"0","pokemon_id":"435"}{"order":"","version_group_id":"15","move_id":"398","pokemon_move_method_id":"4","level":"0","pokemon_id":"435"}{"order":"","version_group_id":"15","move_id":"399","pokemon_move_method_id":"4","level":"0","pokemon_id":"435"}{"order":"","version_group_id":"15","move_id":"400","pokemon_move_method_id":"1","level":"41","pokemon_id":"435"}{"order":"","version_group_id":"15","move_id":"416","pokemon_move_method_id":"4","level":"0","pokemon_id":"435"}{"order":"","version_group_id":"15","move_id":"421","pokemon_move_method_id":"4","level":"0","pokemon_id":"435"}{"order":"","version_group_id":"15","move_id":"468","pokemon_move_method_id":"4","level":"0","pokemon_id":"435"}{"order":"","version_group_id":"15","move_id":"474","pokemon_move_method_id":"4","level":"0","pokemon_id":"435"}{"order":"","version_group_id":"15","move_id":"491","pokemon_move_method_id":"1","level":"32","pokemon_id":"435"}{"order":"","version_group_id":"15","move_id":"496","pokemon_move_method_id":"4","level":"0","pokemon_id":"435"}{"order":"","version_group_id":"15","move_id":"510","pokemon_move_method_id":"4","level":"0","pokemon_id":"435"}{"order":"","version_group_id":"15","move_id":"555","pokemon_move_method_id":"4","level":"0","pokemon_id":"435"}{"order":"","version_group_id":"15","move_id":"562","pokemon_move_method_id":"1","level":"56","pokemon_id":"435"}{"order":"","version_group_id":"15","move_id":"590","pokemon_move_method_id":"4","level":"0","pokemon_id":"435"}