{"order":"","version_group_id":"3","move_id":"15","pokemon_move_method_id":"4","level":"0","pokemon_id":"154"}{"order":"","version_group_id":"3","move_id":"29","pokemon_move_method_id":"4","level":"0","pokemon_id":"154"}{"order":"1","version_group_id":"3","move_id":"33","pokemon_move_method_id":"1","level":"1","pokemon_id":"154"}{"order":"","version_group_id":"3","move_id":"34","pokemon_move_method_id":"1","level":"31","pokemon_id":"154"}{"order":"2","version_group_id":"3","move_id":"45","pokemon_move_method_id":"1","level":"1","pokemon_id":"154"}{"order":"","version_group_id":"3","move_id":"63","pokemon_move_method_id":"4","level":"0","pokemon_id":"154"}{"order":"","version_group_id":"3","move_id":"70","pokemon_move_method_id":"4","level":"0","pokemon_id":"154"}{"order":"3","version_group_id":"3","move_id":"75","pokemon_move_method_id":"1","level":"1","pokemon_id":"154"}{"order":"","version_group_id":"3","move_id":"75","pokemon_move_method_id":"1","level":"8","pokemon_id":"154"}{"order":"","version_group_id":"3","move_id":"76","pokemon_move_method_id":"1","level":"61","pokemon_id":"154"}{"order":"","version_group_id":"3","move_id":"76","pokemon_move_method_id":"4","level":"0","pokemon_id":"154"}{"order":"","version_group_id":"3","move_id":"77","pokemon_move_method_id":"1","level":"15","pokemon_id":"154"}{"order":"","version_group_id":"3","move_id":"89","pokemon_move_method_id":"4","level":"0","pokemon_id":"154"}{"order":"","version_group_id":"3","move_id":"92","pokemon_move_method_id":"4","level":"0","pokemon_id":"154"}{"order":"","version_group_id":"3","move_id":"104","pokemon_move_method_id":"4","level":"0","pokemon_id":"154"}{"order":"","version_group_id":"3","move_id":"113","pokemon_move_method_id":"1","level":"41","pokemon_id":"154"}{"order":"4","version_group_id":"3","move_id":"115","pokemon_move_method_id":"1","level":"1","pokemon_id":"154"}{"order":"","version_group_id":"3","move_id":"115","pokemon_move_method_id":"1","level":"12","pokemon_id":"154"}{"order":"","version_group_id":"3","move_id":"148","pokemon_move_method_id":"4","level":"0","pokemon_id":"154"}{"order":"","version_group_id":"3","move_id":"156","pokemon_move_method_id":"4","level":"0","pokemon_id":"154"}{"order":"","version_group_id":"3","move_id":"173","pokemon_move_method_id":"4","level":"0","pokemon_id":"154"}{"order":"","version_group_id":"3","move_id":"174","pokemon_move_method_id":"4","level":"0","pokemon_id":"154"}{"order":"","version_group_id":"3","move_id":"182","pokemon_move_method_id":"4","level":"0","pokemon_id":"154"}{"order":"","version_group_id":"3","move_id":"189","pokemon_move_method_id":"4","level":"0","pokemon_id":"154"}{"order":"","version_group_id":"3","move_id":"197","pokemon_move_method_id":"4","level":"0","pokemon_id":"154"}{"order":"","version_group_id":"3","move_id":"202","pokemon_move_method_id":"4","level":"0","pokemon_id":"154"}{"order":"","version_group_id":"3","move_id":"203","pokemon_move_method_id":"4","level":"0","pokemon_id":"154"}{"order":"","version_group_id":"3","move_id":"207","pokemon_move_method_id":"4","level":"0","pokemon_id":"154"}{"order":"","version_group_id":"3","move_id":"210","pokemon_move_method_id":"4","level":"0","pokemon_id":"154"}{"order":"","version_group_id":"3","move_id":"213","pokemon_move_method_id":"4","level":"0","pokemon_id":"154"}{"order":"","version_group_id":"3","move_id":"214","pokemon_move_method_id":"4","level":"0","pokemon_id":"154"}{"order":"","version_group_id":"3","move_id":"216","pokemon_move_method_id":"4","level":"0","pokemon_id":"154"}{"order":"","version_group_id":"3","move_id":"218","pokemon_move_method_id":"4","level":"0","pokemon_id":"154"}{"order":"","version_group_id":"3","move_id":"219","pokemon_move_method_id":"1","level":"51","pokemon_id":"154"}{"order":"","version_group_id":"3","move_id":"230","pokemon_move_method_id":"4","level":"0","pokemon_id":"154"}{"order":"","version_group_id":"3","move_id":"231","pokemon_move_method_id":"4","level":"0","pokemon_id":"154"}{"order":"","version_group_id":"3","move_id":"235","pokemon_move_method_id":"1","level":"23","pokemon_id":"154"}{"order":"","version_group_id":"3","move_id":"237","pokemon_move_method_id":"4","level":"0","pokemon_id":"154"}{"order":"","version_group_id":"3","move_id":"241","pokemon_move_method_id":"4","level":"0","pokemon_id":"154"}{"order":"","version_group_id":"3","move_id":"249","pokemon_move_method_id":"4","level":"0","pokemon_id":"154"}{"order":"","version_group_id":"4","move_id":"15","pokemon_move_method_id":"4","level":"0","pokemon_id":"154"}{"order":"","version_group_id":"4","move_id":"29","pokemon_move_method_id":"4","level":"0","pokemon_id":"154"}{"order":"1","version_group_id":"4","move_id":"33","pokemon_move_method_id":"1","level":"1","pokemon_id":"154"}{"order":"","version_group_id":"4","move_id":"34","pokemon_move_method_id":"1","level":"31","pokemon_id":"154"}{"order":"2","version_group_id":"4","move_id":"45","pokemon_move_method_id":"1","level":"1","pokemon_id":"154"}{"order":"","version_group_id":"4","move_id":"63","pokemon_move_method_id":"4","level":"0","pokemon_id":"154"}{"order":"","version_group_id":"4","move_id":"70","pokemon_move_method_id":"4","level":"0","pokemon_id":"154"}{"order":"3","version_group_id":"4","move_id":"75","pokemon_move_method_id":"1","level":"1","pokemon_id":"154"}{"order":"","version_group_id":"4","move_id":"75","pokemon_move_method_id":"1","level":"8","pokemon_id":"154"}{"order":"","version_group_id":"4","move_id":"76","pokemon_move_method_id":"1","level":"61","pokemon_id":"154"}{"order":"","version_group_id":"4","move_id":"76","pokemon_move_method_id":"4","level":"0","pokemon_id":"154"}{"order":"","version_group_id":"4","move_id":"77","pokemon_move_method_id":"1","level":"15","pokemon_id":"154"}{"order":"","version_group_id":"4","move_id":"89","pokemon_move_method_id":"4","level":"0","pokemon_id":"154"}{"order":"","version_group_id":"4","move_id":"92","pokemon_move_method_id":"4","level":"0","pokemon_id":"154"}{"order":"","version_group_id":"4","move_id":"104","pokemon_move_method_id":"4","level":"0","pokemon_id":"154"}{"order":"","version_group_id":"4","move_id":"113","pokemon_move_method_id":"1","level":"41","pokemon_id":"154"}{"order":"4","version_group_id":"4","move_id":"115","pokemon_move_method_id":"1","level":"1","pokemon_id":"154"}{"order":"","version_group_id":"4","move_id":"115","pokemon_move_method_id":"1","level":"12","pokemon_id":"154"}{"order":"","version_group_id":"4","move_id":"148","pokemon_move_method_id":"4","level":"0","pokemon_id":"154"}{"order":"","version_group_id":"4","move_id":"156","pokemon_move_method_id":"4","level":"0","pokemon_id":"154"}{"order":"","version_group_id":"4","move_id":"173","pokemon_move_method_id":"4","level":"0","pokemon_id":"154"}{"order":"","version_group_id":"4","move_id":"174","pokemon_move_method_id":"4","level":"0","pokemon_id":"154"}{"order":"","version_group_id":"4","move_id":"182","pokemon_move_method_id":"4","level":"0","pokemon_id":"154"}{"order":"","version_group_id":"4","move_id":"189","pokemon_move_method_id":"4","level":"0","pokemon_id":"154"}{"order":"","version_group_id":"4","move_id":"197","pokemon_move_method_id":"4","level":"0","pokemon_id":"154"}{"order":"","version_group_id":"4","move_id":"202","pokemon_move_method_id":"4","level":"0","pokemon_id":"154"}{"order":"","version_group_id":"4","move_id":"203","pokemon_move_method_id":"4","level":"0","pokemon_id":"154"}{"order":"","version_group_id":"4","move_id":"207","pokemon_move_method_id":"4","level":"0","pokemon_id":"154"}{"order":"","version_group_id":"4","move_id":"210","pokemon_move_method_id":"4","level":"0","pokemon_id":"154"}{"order":"","version_group_id":"4","move_id":"213","pokemon_move_method_id":"4","level":"0","pokemon_id":"154"}{"order":"","version_group_id":"4","move_id":"214","pokemon_move_method_id":"4","level":"0","pokemon_id":"154"}{"order":"","version_group_id":"4","move_id":"216","pokemon_move_method_id":"4","level":"0","pokemon_id":"154"}{"order":"","version_group_id":"4","move_id":"218","pokemon_move_method_id":"4","level":"0","pokemon_id":"154"}{"order":"","version_group_id":"4","move_id":"219","pokemon_move_method_id":"1","level":"51","pokemon_id":"154"}{"order":"","version_group_id":"4","move_id":"230","pokemon_move_method_id":"4","level":"0","pokemon_id":"154"}{"order":"","version_group_id":"4","move_id":"231","pokemon_move_method_id":"4","level":"0","pokemon_id":"154"}{"order":"","version_group_id":"4","move_id":"235","pokemon_move_method_id":"1","level":"23","pokemon_id":"154"}{"order":"","version_group_id":"4","move_id":"237","pokemon_move_method_id":"4","level":"0","pokemon_id":"154"}{"order":"","version_group_id":"4","move_id":"241","pokemon_move_method_id":"4","level":"0","pokemon_id":"154"}{"order":"","version_group_id":"4","move_id":"249","pokemon_move_method_id":"4","level":"0","pokemon_id":"154"}{"order":"","version_group_id":"5","move_id":"15","pokemon_move_method_id":"4","level":"0","pokemon_id":"154"}{"order":"1","version_group_id":"5","move_id":"33","pokemon_move_method_id":"1","level":"1","pokemon_id":"154"}{"order":"","version_group_id":"5","move_id":"34","pokemon_move_method_id":"1","level":"31","pokemon_id":"154"}{"order":"2","version_group_id":"5","move_id":"45","pokemon_move_method_id":"1","level":"1","pokemon_id":"154"}{"order":"","version_group_id":"5","move_id":"63","pokemon_move_method_id":"4","level":"0","pokemon_id":"154"}{"order":"","version_group_id":"5","move_id":"70","pokemon_move_method_id":"4","level":"0","pokemon_id":"154"}{"order":"3","version_group_id":"5","move_id":"75","pokemon_move_method_id":"1","level":"1","pokemon_id":"154"}{"order":"","version_group_id":"5","move_id":"75","pokemon_move_method_id":"1","level":"8","pokemon_id":"154"}{"order":"","version_group_id":"5","move_id":"76","pokemon_move_method_id":"1","level":"61","pokemon_id":"154"}{"order":"","version_group_id":"5","move_id":"76","pokemon_move_method_id":"4","level":"0","pokemon_id":"154"}{"order":"","version_group_id":"5","move_id":"77","pokemon_move_method_id":"1","level":"15","pokemon_id":"154"}{"order":"","version_group_id":"5","move_id":"89","pokemon_move_method_id":"4","level":"0","pokemon_id":"154"}{"order":"","version_group_id":"5","move_id":"92","pokemon_move_method_id":"4","level":"0","pokemon_id":"154"}{"order":"","version_group_id":"5","move_id":"104","pokemon_move_method_id":"4","level":"0","pokemon_id":"154"}{"order":"","version_group_id":"5","move_id":"113","pokemon_move_method_id":"1","level":"41","pokemon_id":"154"}{"order":"","version_group_id":"5","move_id":"113","pokemon_move_method_id":"4","level":"0","pokemon_id":"154"}{"order":"4","version_group_id":"5","move_id":"115","pokemon_move_method_id":"1","level":"1","pokemon_id":"154"}{"order":"","version_group_id":"5","move_id":"115","pokemon_move_method_id":"1","level":"12","pokemon_id":"154"}{"order":"","version_group_id":"5","move_id":"115","pokemon_move_method_id":"4","level":"0","pokemon_id":"154"}{"order":"","version_group_id":"5","move_id":"148","pokemon_move_method_id":"4","level":"0","pokemon_id":"154"}{"order":"","version_group_id":"5","move_id":"156","pokemon_move_method_id":"4","level":"0","pokemon_id":"154"}{"order":"","version_group_id":"5","move_id":"182","pokemon_move_method_id":"4","level":"0","pokemon_id":"154"}{"order":"","version_group_id":"5","move_id":"202","pokemon_move_method_id":"4","level":"0","pokemon_id":"154"}{"order":"","version_group_id":"5","move_id":"213","pokemon_move_method_id":"4","level":"0","pokemon_id":"154"}{"order":"","version_group_id":"5","move_id":"216","pokemon_move_method_id":"4","level":"0","pokemon_id":"154"}{"order":"","version_group_id":"5","move_id":"218","pokemon_move_method_id":"4","level":"0","pokemon_id":"154"}{"order":"","version_group_id":"5","move_id":"219","pokemon_move_method_id":"1","level":"51","pokemon_id":"154"}{"order":"","version_group_id":"5","move_id":"219","pokemon_move_method_id":"4","level":"0","pokemon_id":"154"}{"order":"","version_group_id":"5","move_id":"231","pokemon_move_method_id":"4","level":"0","pokemon_id":"154"}{"order":"","version_group_id":"5","move_id":"235","pokemon_move_method_id":"1","level":"23","pokemon_id":"154"}{"order":"","version_group_id":"5","move_id":"237","pokemon_move_method_id":"4","level":"0","pokemon_id":"154"}{"order":"","version_group_id":"5","move_id":"241","pokemon_move_method_id":"4","level":"0","pokemon_id":"154"}{"order":"","version_group_id":"5","move_id":"249","pokemon_move_method_id":"4","level":"0","pokemon_id":"154"}{"order":"","version_group_id":"5","move_id":"263","pokemon_move_method_id":"4","level":"0","pokemon_id":"154"}{"order":"","version_group_id":"5","move_id":"290","pokemon_move_method_id":"4","level":"0","pokemon_id":"154"}{"order":"","version_group_id":"5","move_id":"331","pokemon_move_method_id":"4","level":"0","pokemon_id":"154"}{"order":"","version_group_id":"6","move_id":"14","pokemon_move_method_id":"3","level":"0","pokemon_id":"154"}{"order":"","version_group_id":"6","move_id":"15","pokemon_move_method_id":"4","level":"0","pokemon_id":"154"}{"order":"1","version_group_id":"6","move_id":"33","pokemon_move_method_id":"1","level":"1","pokemon_id":"154"}{"order":"","version_group_id":"6","move_id":"34","pokemon_move_method_id":"1","level":"31","pokemon_id":"154"}{"order":"","version_group_id":"6","move_id":"34","pokemon_move_method_id":"3","level":"0","pokemon_id":"154"}{"order":"","version_group_id":"6","move_id":"38","pokemon_move_method_id":"3","level":"0","pokemon_id":"154"}{"order":"2","version_group_id":"6","move_id":"45","pokemon_move_method_id":"1","level":"1","pokemon_id":"154"}{"order":"","version_group_id":"6","move_id":"63","pokemon_move_method_id":"4","level":"0","pokemon_id":"154"}{"order":"","version_group_id":"6","move_id":"68","pokemon_move_method_id":"3","level":"0","pokemon_id":"154"}{"order":"","version_group_id":"6","move_id":"70","pokemon_move_method_id":"4","level":"0","pokemon_id":"154"}{"order":"3","version_group_id":"6","move_id":"75","pokemon_move_method_id":"1","level":"1","pokemon_id":"154"}{"order":"","version_group_id":"6","move_id":"75","pokemon_move_method_id":"1","level":"8","pokemon_id":"154"}{"order":"","version_group_id":"6","move_id":"76","pokemon_move_method_id":"1","level":"61","pokemon_id":"154"}{"order":"","version_group_id":"6","move_id":"76","pokemon_move_method_id":"4","level":"0","pokemon_id":"154"}{"order":"","version_group_id":"6","move_id":"77","pokemon_move_method_id":"1","level":"15","pokemon_id":"154"}{"order":"","version_group_id":"6","move_id":"89","pokemon_move_method_id":"4","level":"0","pokemon_id":"154"}{"order":"","version_group_id":"6","move_id":"92","pokemon_move_method_id":"4","level":"0","pokemon_id":"154"}{"order":"","version_group_id":"6","move_id":"102","pokemon_move_method_id":"3","level":"0","pokemon_id":"154"}{"order":"","version_group_id":"6","move_id":"104","pokemon_move_method_id":"4","level":"0","pokemon_id":"154"}{"order":"","version_group_id":"6","move_id":"113","pokemon_move_method_id":"1","level":"41","pokemon_id":"154"}{"order":"","version_group_id":"6","move_id":"113","pokemon_move_method_id":"4","level":"0","pokemon_id":"154"}{"order":"4","version_group_id":"6","move_id":"115","pokemon_move_method_id":"1","level":"1","pokemon_id":"154"}{"order":"","version_group_id":"6","move_id":"115","pokemon_move_method_id":"1","level":"12","pokemon_id":"154"}{"order":"","version_group_id":"6","move_id":"115","pokemon_move_method_id":"4","level":"0","pokemon_id":"154"}{"order":"","version_group_id":"6","move_id":"148","pokemon_move_method_id":"4","level":"0","pokemon_id":"154"}{"order":"","version_group_id":"6","move_id":"156","pokemon_move_method_id":"4","level":"0","pokemon_id":"154"}{"order":"","version_group_id":"6","move_id":"164","pokemon_move_method_id":"3","level":"0","pokemon_id":"154"}{"order":"","version_group_id":"6","move_id":"173","pokemon_move_method_id":"3","level":"0","pokemon_id":"154"}{"order":"","version_group_id":"6","move_id":"182","pokemon_move_method_id":"4","level":"0","pokemon_id":"154"}{"order":"","version_group_id":"6","move_id":"189","pokemon_move_method_id":"3","level":"0","pokemon_id":"154"}{"order":"","version_group_id":"6","move_id":"202","pokemon_move_method_id":"4","level":"0","pokemon_id":"154"}{"order":"","version_group_id":"6","move_id":"203","pokemon_move_method_id":"3","level":"0","pokemon_id":"154"}{"order":"","version_group_id":"6","move_id":"207","pokemon_move_method_id":"3","level":"0","pokemon_id":"154"}{"order":"","version_group_id":"6","move_id":"210","pokemon_move_method_id":"3","level":"0","pokemon_id":"154"}{"order":"","version_group_id":"6","move_id":"213","pokemon_move_method_id":"4","level":"0","pokemon_id":"154"}{"order":"","version_group_id":"6","move_id":"214","pokemon_move_method_id":"3","level":"0","pokemon_id":"154"}{"order":"","version_group_id":"6","move_id":"216","pokemon_move_method_id":"4","level":"0","pokemon_id":"154"}{"order":"","version_group_id":"6","move_id":"218","pokemon_move_method_id":"4","level":"0","pokemon_id":"154"}{"order":"","version_group_id":"6","move_id":"219","pokemon_move_method_id":"1","level":"51","pokemon_id":"154"}{"order":"","version_group_id":"6","move_id":"219","pokemon_move_method_id":"4","level":"0","pokemon_id":"154"}{"order":"","version_group_id":"6","move_id":"231","pokemon_move_method_id":"4","level":"0","pokemon_id":"154"}{"order":"","version_group_id":"6","move_id":"235","pokemon_move_method_id":"1","level":"23","pokemon_id":"154"}{"order":"","version_group_id":"6","move_id":"237","pokemon_move_method_id":"4","level":"0","pokemon_id":"154"}{"order":"","version_group_id":"6","move_id":"241","pokemon_move_method_id":"4","level":"0","pokemon_id":"154"}{"order":"","version_group_id":"6","move_id":"249","pokemon_move_method_id":"4","level":"0","pokemon_id":"154"}{"order":"","version_group_id":"6","move_id":"263","pokemon_move_method_id":"4","level":"0","pokemon_id":"154"}{"order":"","version_group_id":"6","move_id":"290","pokemon_move_method_id":"4","level":"0","pokemon_id":"154"}{"order":"","version_group_id":"6","move_id":"331","pokemon_move_method_id":"4","level":"0","pokemon_id":"154"}{"order":"","version_group_id":"7","move_id":"14","pokemon_move_method_id":"3","level":"0","pokemon_id":"154"}{"order":"","version_group_id":"7","move_id":"15","pokemon_move_method_id":"4","level":"0","pokemon_id":"154"}{"order":"1","version_group_id":"7","move_id":"33","pokemon_move_method_id":"1","level":"1","pokemon_id":"154"}{"order":"","version_group_id":"7","move_id":"34","pokemon_move_method_id":"1","level":"31","pokemon_id":"154"}{"order":"","version_group_id":"7","move_id":"34","pokemon_move_method_id":"3","level":"0","pokemon_id":"154"}{"order":"","version_group_id":"7","move_id":"38","pokemon_move_method_id":"3","level":"0","pokemon_id":"154"}{"order":"2","version_group_id":"7","move_id":"45","pokemon_move_method_id":"1","level":"1","pokemon_id":"154"}{"order":"","version_group_id":"7","move_id":"63","pokemon_move_method_id":"4","level":"0","pokemon_id":"154"}{"order":"","version_group_id":"7","move_id":"68","pokemon_move_method_id":"3","level":"0","pokemon_id":"154"}{"order":"","version_group_id":"7","move_id":"70","pokemon_move_method_id":"4","level":"0","pokemon_id":"154"}{"order":"3","version_group_id":"7","move_id":"75","pokemon_move_method_id":"1","level":"1","pokemon_id":"154"}{"order":"","version_group_id":"7","move_id":"75","pokemon_move_method_id":"1","level":"8","pokemon_id":"154"}{"order":"","version_group_id":"7","move_id":"76","pokemon_move_method_id":"1","level":"61","pokemon_id":"154"}{"order":"","version_group_id":"7","move_id":"76","pokemon_move_method_id":"4","level":"0","pokemon_id":"154"}{"order":"","version_group_id":"7","move_id":"77","pokemon_move_method_id":"1","level":"15","pokemon_id":"154"}{"order":"","version_group_id":"7","move_id":"89","pokemon_move_method_id":"4","level":"0","pokemon_id":"154"}{"order":"","version_group_id":"7","move_id":"92","pokemon_move_method_id":"4","level":"0","pokemon_id":"154"}{"order":"","version_group_id":"7","move_id":"102","pokemon_move_method_id":"3","level":"0","pokemon_id":"154"}{"order":"","version_group_id":"7","move_id":"104","pokemon_move_method_id":"4","level":"0","pokemon_id":"154"}{"order":"","version_group_id":"7","move_id":"113","pokemon_move_method_id":"1","level":"41","pokemon_id":"154"}{"order":"","version_group_id":"7","move_id":"113","pokemon_move_method_id":"4","level":"0","pokemon_id":"154"}{"order":"4","version_group_id":"7","move_id":"115","pokemon_move_method_id":"1","level":"1","pokemon_id":"154"}{"order":"","version_group_id":"7","move_id":"115","pokemon_move_method_id":"1","level":"12","pokemon_id":"154"}{"order":"","version_group_id":"7","move_id":"115","pokemon_move_method_id":"4","level":"0","pokemon_id":"154"}{"order":"","version_group_id":"7","move_id":"148","pokemon_move_method_id":"4","level":"0","pokemon_id":"154"}{"order":"","version_group_id":"7","move_id":"156","pokemon_move_method_id":"4","level":"0","pokemon_id":"154"}{"order":"","version_group_id":"7","move_id":"164","pokemon_move_method_id":"3","level":"0","pokemon_id":"154"}{"order":"","version_group_id":"7","move_id":"182","pokemon_move_method_id":"4","level":"0","pokemon_id":"154"}{"order":"","version_group_id":"7","move_id":"202","pokemon_move_method_id":"4","level":"0","pokemon_id":"154"}{"order":"","version_group_id":"7","move_id":"213","pokemon_move_method_id":"4","level":"0","pokemon_id":"154"}{"order":"","version_group_id":"7","move_id":"216","pokemon_move_method_id":"4","level":"0","pokemon_id":"154"}{"order":"","version_group_id":"7","move_id":"218","pokemon_move_method_id":"4","level":"0","pokemon_id":"154"}{"order":"","version_group_id":"7","move_id":"219","pokemon_move_method_id":"1","level":"51","pokemon_id":"154"}{"order":"","version_group_id":"7","move_id":"219","pokemon_move_method_id":"4","level":"0","pokemon_id":"154"}{"order":"","version_group_id":"7","move_id":"231","pokemon_move_method_id":"4","level":"0","pokemon_id":"154"}{"order":"","version_group_id":"7","move_id":"235","pokemon_move_method_id":"1","level":"23","pokemon_id":"154"}{"order":"","version_group_id":"7","move_id":"237","pokemon_move_method_id":"4","level":"0","pokemon_id":"154"}{"order":"","version_group_id":"7","move_id":"241","pokemon_move_method_id":"4","level":"0","pokemon_id":"154"}{"order":"","version_group_id":"7","move_id":"249","pokemon_move_method_id":"4","level":"0","pokemon_id":"154"}{"order":"","version_group_id":"7","move_id":"263","pokemon_move_method_id":"4","level":"0","pokemon_id":"154"}{"order":"","version_group_id":"7","move_id":"290","pokemon_move_method_id":"4","level":"0","pokemon_id":"154"}{"order":"","version_group_id":"7","move_id":"331","pokemon_move_method_id":"4","level":"0","pokemon_id":"154"}{"order":"","version_group_id":"8","move_id":"14","pokemon_move_method_id":"4","level":"0","pokemon_id":"154"}{"order":"","version_group_id":"8","move_id":"15","pokemon_move_method_id":"4","level":"0","pokemon_id":"154"}{"order":"1","version_group_id":"8","move_id":"33","pokemon_move_method_id":"1","level":"1","pokemon_id":"154"}{"order":"","version_group_id":"8","move_id":"34","pokemon_move_method_id":"1","level":"46","pokemon_id":"154"}{"order":"2","version_group_id":"8","move_id":"45","pokemon_move_method_id":"1","level":"1","pokemon_id":"154"}{"order":"","version_group_id":"8","move_id":"63","pokemon_move_method_id":"4","level":"0","pokemon_id":"154"}{"order":"","version_group_id":"8","move_id":"70","pokemon_move_method_id":"4","level":"0","pokemon_id":"154"}{"order":"3","version_group_id":"8","move_id":"75","pokemon_move_method_id":"1","level":"1","pokemon_id":"154"}{"order":"","version_group_id":"8","move_id":"75","pokemon_move_method_id":"1","level":"6","pokemon_id":"154"}{"order":"","version_group_id":"8","move_id":"76","pokemon_move_method_id":"1","level":"66","pokemon_id":"154"}{"order":"","version_group_id":"8","move_id":"76","pokemon_move_method_id":"4","level":"0","pokemon_id":"154"}{"order":"4","version_group_id":"8","move_id":"77","pokemon_move_method_id":"1","level":"1","pokemon_id":"154"}{"order":"","version_group_id":"8","move_id":"77","pokemon_move_method_id":"1","level":"9","pokemon_id":"154"}{"order":"","version_group_id":"8","move_id":"80","pokemon_move_method_id":"1","level":"32","pokemon_id":"154"}{"order":"","version_group_id":"8","move_id":"89","pokemon_move_method_id":"4","level":"0","pokemon_id":"154"}{"order":"","version_group_id":"8","move_id":"92","pokemon_move_method_id":"4","level":"0","pokemon_id":"154"}{"order":"","version_group_id":"8","move_id":"104","pokemon_move_method_id":"4","level":"0","pokemon_id":"154"}{"order":"","version_group_id":"8","move_id":"113","pokemon_move_method_id":"1","level":"40","pokemon_id":"154"}{"order":"","version_group_id":"8","move_id":"113","pokemon_move_method_id":"4","level":"0","pokemon_id":"154"}{"order":"","version_group_id":"8","move_id":"115","pokemon_move_method_id":"1","level":"18","pokemon_id":"154"}{"order":"","version_group_id":"8","move_id":"115","pokemon_move_method_id":"4","level":"0","pokemon_id":"154"}{"order":"","version_group_id":"8","move_id":"148","pokemon_move_method_id":"4","level":"0","pokemon_id":"154"}{"order":"","version_group_id":"8","move_id":"156","pokemon_move_method_id":"4","level":"0","pokemon_id":"154"}{"order":"","version_group_id":"8","move_id":"164","pokemon_move_method_id":"4","level":"0","pokemon_id":"154"}{"order":"","version_group_id":"8","move_id":"182","pokemon_move_method_id":"4","level":"0","pokemon_id":"154"}{"order":"","version_group_id":"8","move_id":"202","pokemon_move_method_id":"4","level":"0","pokemon_id":"154"}{"order":"","version_group_id":"8","move_id":"203","pokemon_move_method_id":"4","level":"0","pokemon_id":"154"}{"order":"","version_group_id":"8","move_id":"207","pokemon_move_method_id":"4","level":"0","pokemon_id":"154"}{"order":"","version_group_id":"8","move_id":"213","pokemon_move_method_id":"4","level":"0","pokemon_id":"154"}{"order":"","version_group_id":"8","move_id":"214","pokemon_move_method_id":"4","level":"0","pokemon_id":"154"}{"order":"","version_group_id":"8","move_id":"216","pokemon_move_method_id":"4","level":"0","pokemon_id":"154"}{"order":"","version_group_id":"8","move_id":"218","pokemon_move_method_id":"4","level":"0","pokemon_id":"154"}{"order":"","version_group_id":"8","move_id":"219","pokemon_move_method_id":"1","level":"54","pokemon_id":"154"}{"order":"","version_group_id":"8","move_id":"219","pokemon_move_method_id":"4","level":"0","pokemon_id":"154"}{"order":"","version_group_id":"8","move_id":"230","pokemon_move_method_id":"1","level":"34","pokemon_id":"154"}{"order":"","version_group_id":"8","move_id":"231","pokemon_move_method_id":"4","level":"0","pokemon_id":"154"}{"order":"","version_group_id":"8","move_id":"235","pokemon_move_method_id":"1","level":"12","pokemon_id":"154"}{"order":"","version_group_id":"8","move_id":"237","pokemon_move_method_id":"4","level":"0","pokemon_id":"154"}{"order":"","version_group_id":"8","move_id":"241","pokemon_move_method_id":"4","level":"0","pokemon_id":"154"}{"order":"","version_group_id":"8","move_id":"249","pokemon_move_method_id":"4","level":"0","pokemon_id":"154"}{"order":"","version_group_id":"8","move_id":"263","pokemon_move_method_id":"4","level":"0","pokemon_id":"154"}{"order":"","version_group_id":"8","move_id":"290","pokemon_move_method_id":"4","level":"0","pokemon_id":"154"}{"order":"","version_group_id":"8","move_id":"312","pokemon_move_method_id":"1","level":"60","pokemon_id":"154"}{"order":"","version_group_id":"8","move_id":"331","pokemon_move_method_id":"4","level":"0","pokemon_id":"154"}{"order":"","version_group_id":"8","move_id":"338","pokemon_move_method_id":"3","level":"0","pokemon_id":"154"}{"order":"","version_group_id":"8","move_id":"345","pokemon_move_method_id":"1","level":"22","pokemon_id":"154"}{"order":"","version_group_id":"8","move_id":"363","pokemon_move_method_id":"1","level":"26","pokemon_id":"154"}{"order":"","version_group_id":"8","move_id":"363","pokemon_move_method_id":"4","level":"0","pokemon_id":"154"}{"order":"","version_group_id":"8","move_id":"412","pokemon_move_method_id":"4","level":"0","pokemon_id":"154"}{"order":"","version_group_id":"8","move_id":"416","pokemon_move_method_id":"4","level":"0","pokemon_id":"154"}{"order":"","version_group_id":"8","move_id":"431","pokemon_move_method_id":"4","level":"0","pokemon_id":"154"}{"order":"","version_group_id":"8","move_id":"445","pokemon_move_method_id":"4","level":"0","pokemon_id":"154"}{"order":"","version_group_id":"8","move_id":"447","pokemon_move_method_id":"4","level":"0","pokemon_id":"154"}{"order":"","version_group_id":"9","move_id":"14","pokemon_move_method_id":"4","level":"0","pokemon_id":"154"}{"order":"","version_group_id":"9","move_id":"15","pokemon_move_method_id":"4","level":"0","pokemon_id":"154"}{"order":"1","version_group_id":"9","move_id":"33","pokemon_move_method_id":"1","level":"1","pokemon_id":"154"}{"order":"","version_group_id":"9","move_id":"34","pokemon_move_method_id":"1","level":"46","pokemon_id":"154"}{"order":"2","version_group_id":"9","move_id":"45","pokemon_move_method_id":"1","level":"1","pokemon_id":"154"}{"order":"","version_group_id":"9","move_id":"63","pokemon_move_method_id":"4","level":"0","pokemon_id":"154"}{"order":"","version_group_id":"9","move_id":"70","pokemon_move_method_id":"4","level":"0","pokemon_id":"154"}{"order":"3","version_group_id":"9","move_id":"75","pokemon_move_method_id":"1","level":"1","pokemon_id":"154"}{"order":"","version_group_id":"9","move_id":"75","pokemon_move_method_id":"1","level":"6","pokemon_id":"154"}{"order":"","version_group_id":"9","move_id":"76","pokemon_move_method_id":"1","level":"66","pokemon_id":"154"}{"order":"","version_group_id":"9","move_id":"76","pokemon_move_method_id":"4","level":"0","pokemon_id":"154"}{"order":"4","version_group_id":"9","move_id":"77","pokemon_move_method_id":"1","level":"1","pokemon_id":"154"}{"order":"","version_group_id":"9","move_id":"77","pokemon_move_method_id":"1","level":"9","pokemon_id":"154"}{"order":"","version_group_id":"9","move_id":"80","pokemon_move_method_id":"1","level":"32","pokemon_id":"154"}{"order":"","version_group_id":"9","move_id":"89","pokemon_move_method_id":"4","level":"0","pokemon_id":"154"}{"order":"","version_group_id":"9","move_id":"92","pokemon_move_method_id":"4","level":"0","pokemon_id":"154"}{"order":"","version_group_id":"9","move_id":"104","pokemon_move_method_id":"4","level":"0","pokemon_id":"154"}{"order":"","version_group_id":"9","move_id":"113","pokemon_move_method_id":"1","level":"40","pokemon_id":"154"}{"order":"","version_group_id":"9","move_id":"113","pokemon_move_method_id":"4","level":"0","pokemon_id":"154"}{"order":"","version_group_id":"9","move_id":"115","pokemon_move_method_id":"1","level":"18","pokemon_id":"154"}{"order":"","version_group_id":"9","move_id":"115","pokemon_move_method_id":"4","level":"0","pokemon_id":"154"}{"order":"","version_group_id":"9","move_id":"148","pokemon_move_method_id":"4","level":"0","pokemon_id":"154"}{"order":"","version_group_id":"9","move_id":"156","pokemon_move_method_id":"4","level":"0","pokemon_id":"154"}{"order":"","version_group_id":"9","move_id":"164","pokemon_move_method_id":"4","level":"0","pokemon_id":"154"}{"order":"","version_group_id":"9","move_id":"173","pokemon_move_method_id":"3","level":"0","pokemon_id":"154"}{"order":"","version_group_id":"9","move_id":"182","pokemon_move_method_id":"4","level":"0","pokemon_id":"154"}{"order":"","version_group_id":"9","move_id":"189","pokemon_move_method_id":"3","level":"0","pokemon_id":"154"}{"order":"","version_group_id":"9","move_id":"200","pokemon_move_method_id":"3","level":"0","pokemon_id":"154"}{"order":"","version_group_id":"9","move_id":"202","pokemon_move_method_id":"4","level":"0","pokemon_id":"154"}{"order":"","version_group_id":"9","move_id":"203","pokemon_move_method_id":"4","level":"0","pokemon_id":"154"}{"order":"","version_group_id":"9","move_id":"207","pokemon_move_method_id":"4","level":"0","pokemon_id":"154"}{"order":"","version_group_id":"9","move_id":"210","pokemon_move_method_id":"3","level":"0","pokemon_id":"154"}{"order":"","version_group_id":"9","move_id":"213","pokemon_move_method_id":"4","level":"0","pokemon_id":"154"}{"order":"","version_group_id":"9","move_id":"214","pokemon_move_method_id":"4","level":"0","pokemon_id":"154"}{"order":"","version_group_id":"9","move_id":"216","pokemon_move_method_id":"4","level":"0","pokemon_id":"154"}{"order":"","version_group_id":"9","move_id":"218","pokemon_move_method_id":"4","level":"0","pokemon_id":"154"}{"order":"","version_group_id":"9","move_id":"219","pokemon_move_method_id":"1","level":"54","pokemon_id":"154"}{"order":"","version_group_id":"9","move_id":"219","pokemon_move_method_id":"4","level":"0","pokemon_id":"154"}{"order":"","version_group_id":"9","move_id":"230","pokemon_move_method_id":"1","level":"34","pokemon_id":"154"}{"order":"","version_group_id":"9","move_id":"231","pokemon_move_method_id":"4","level":"0","pokemon_id":"154"}{"order":"","version_group_id":"9","move_id":"235","pokemon_move_method_id":"1","level":"12","pokemon_id":"154"}{"order":"","version_group_id":"9","move_id":"235","pokemon_move_method_id":"3","level":"0","pokemon_id":"154"}{"order":"","version_group_id":"9","move_id":"237","pokemon_move_method_id":"4","level":"0","pokemon_id":"154"}{"order":"","version_group_id":"9","move_id":"241","pokemon_move_method_id":"4","level":"0","pokemon_id":"154"}{"order":"","version_group_id":"9","move_id":"246","pokemon_move_method_id":"3","level":"0","pokemon_id":"154"}{"order":"","version_group_id":"9","move_id":"249","pokemon_move_method_id":"4","level":"0","pokemon_id":"154"}{"order":"","version_group_id":"9","move_id":"263","pokemon_move_method_id":"4","level":"0","pokemon_id":"154"}{"order":"","version_group_id":"9","move_id":"290","pokemon_move_method_id":"4","level":"0","pokemon_id":"154"}{"order":"","version_group_id":"9","move_id":"312","pokemon_move_method_id":"1","level":"60","pokemon_id":"154"}{"order":"","version_group_id":"9","move_id":"331","pokemon_move_method_id":"4","level":"0","pokemon_id":"154"}{"order":"","version_group_id":"9","move_id":"338","pokemon_move_method_id":"3","level":"0","pokemon_id":"154"}{"order":"","version_group_id":"9","move_id":"345","pokemon_move_method_id":"1","level":"22","pokemon_id":"154"}{"order":"","version_group_id":"9","move_id":"363","pokemon_move_method_id":"1","level":"26","pokemon_id":"154"}{"order":"","version_group_id":"9","move_id":"363","pokemon_move_method_id":"4","level":"0","pokemon_id":"154"}{"order":"","version_group_id":"9","move_id":"402","pokemon_move_method_id":"3","level":"0","pokemon_id":"154"}{"order":"","version_group_id":"9","move_id":"412","pokemon_move_method_id":"4","level":"0","pokemon_id":"154"}{"order":"","version_group_id":"9","move_id":"416","pokemon_move_method_id":"4","level":"0","pokemon_id":"154"}{"order":"","version_group_id":"9","move_id":"431","pokemon_move_method_id":"4","level":"0","pokemon_id":"154"}{"order":"","version_group_id":"9","move_id":"445","pokemon_move_method_id":"4","level":"0","pokemon_id":"154"}{"order":"","version_group_id":"9","move_id":"447","pokemon_move_method_id":"4","level":"0","pokemon_id":"154"}{"order":"","version_group_id":"10","move_id":"14","pokemon_move_method_id":"4","level":"0","pokemon_id":"154"}{"order":"","version_group_id":"10","move_id":"15","pokemon_move_method_id":"4","level":"0","pokemon_id":"154"}{"order":"","version_group_id":"10","move_id":"29","pokemon_move_method_id":"3","level":"0","pokemon_id":"154"}{"order":"1","version_group_id":"10","move_id":"33","pokemon_move_method_id":"1","level":"1","pokemon_id":"154"}{"order":"","version_group_id":"10","move_id":"34","pokemon_move_method_id":"1","level":"46","pokemon_id":"154"}{"order":"2","version_group_id":"10","move_id":"45","pokemon_move_method_id":"1","level":"1","pokemon_id":"154"}{"order":"","version_group_id":"10","move_id":"63","pokemon_move_method_id":"4","level":"0","pokemon_id":"154"}{"order":"","version_group_id":"10","move_id":"70","pokemon_move_method_id":"4","level":"0","pokemon_id":"154"}{"order":"3","version_group_id":"10","move_id":"75","pokemon_move_method_id":"1","level":"1","pokemon_id":"154"}{"order":"","version_group_id":"10","move_id":"75","pokemon_move_method_id":"1","level":"6","pokemon_id":"154"}{"order":"","version_group_id":"10","move_id":"76","pokemon_move_method_id":"1","level":"66","pokemon_id":"154"}{"order":"","version_group_id":"10","move_id":"76","pokemon_move_method_id":"4","level":"0","pokemon_id":"154"}{"order":"4","version_group_id":"10","move_id":"77","pokemon_move_method_id":"1","level":"1","pokemon_id":"154"}{"order":"","version_group_id":"10","move_id":"77","pokemon_move_method_id":"1","level":"9","pokemon_id":"154"}{"order":"","version_group_id":"10","move_id":"80","pokemon_move_method_id":"1","level":"32","pokemon_id":"154"}{"order":"","version_group_id":"10","move_id":"89","pokemon_move_method_id":"4","level":"0","pokemon_id":"154"}{"order":"","version_group_id":"10","move_id":"92","pokemon_move_method_id":"4","level":"0","pokemon_id":"154"}{"order":"","version_group_id":"10","move_id":"104","pokemon_move_method_id":"4","level":"0","pokemon_id":"154"}{"order":"","version_group_id":"10","move_id":"113","pokemon_move_method_id":"1","level":"40","pokemon_id":"154"}{"order":"","version_group_id":"10","move_id":"113","pokemon_move_method_id":"4","level":"0","pokemon_id":"154"}{"order":"","version_group_id":"10","move_id":"115","pokemon_move_method_id":"1","level":"18","pokemon_id":"154"}{"order":"","version_group_id":"10","move_id":"115","pokemon_move_method_id":"4","level":"0","pokemon_id":"154"}{"order":"","version_group_id":"10","move_id":"148","pokemon_move_method_id":"4","level":"0","pokemon_id":"154"}{"order":"","version_group_id":"10","move_id":"156","pokemon_move_method_id":"4","level":"0","pokemon_id":"154"}{"order":"","version_group_id":"10","move_id":"164","pokemon_move_method_id":"4","level":"0","pokemon_id":"154"}{"order":"","version_group_id":"10","move_id":"173","pokemon_move_method_id":"3","level":"0","pokemon_id":"154"}{"order":"","version_group_id":"10","move_id":"182","pokemon_move_method_id":"4","level":"0","pokemon_id":"154"}{"order":"","version_group_id":"10","move_id":"189","pokemon_move_method_id":"3","level":"0","pokemon_id":"154"}{"order":"","version_group_id":"10","move_id":"200","pokemon_move_method_id":"3","level":"0","pokemon_id":"154"}{"order":"","version_group_id":"10","move_id":"202","pokemon_move_method_id":"4","level":"0","pokemon_id":"154"}{"order":"","version_group_id":"10","move_id":"203","pokemon_move_method_id":"4","level":"0","pokemon_id":"154"}{"order":"","version_group_id":"10","move_id":"207","pokemon_move_method_id":"4","level":"0","pokemon_id":"154"}{"order":"","version_group_id":"10","move_id":"210","pokemon_move_method_id":"3","level":"0","pokemon_id":"154"}{"order":"","version_group_id":"10","move_id":"213","pokemon_move_method_id":"4","level":"0","pokemon_id":"154"}{"order":"","version_group_id":"10","move_id":"214","pokemon_move_method_id":"4","level":"0","pokemon_id":"154"}{"order":"","version_group_id":"10","move_id":"216","pokemon_move_method_id":"4","level":"0","pokemon_id":"154"}{"order":"","version_group_id":"10","move_id":"218","pokemon_move_method_id":"4","level":"0","pokemon_id":"154"}{"order":"","version_group_id":"10","move_id":"219","pokemon_move_method_id":"1","level":"54","pokemon_id":"154"}{"order":"","version_group_id":"10","move_id":"219","pokemon_move_method_id":"4","level":"0","pokemon_id":"154"}{"order":"","version_group_id":"10","move_id":"230","pokemon_move_method_id":"1","level":"34","pokemon_id":"154"}{"order":"","version_group_id":"10","move_id":"231","pokemon_move_method_id":"4","level":"0","pokemon_id":"154"}{"order":"","version_group_id":"10","move_id":"235","pokemon_move_method_id":"1","level":"12","pokemon_id":"154"}{"order":"","version_group_id":"10","move_id":"235","pokemon_move_method_id":"3","level":"0","pokemon_id":"154"}{"order":"","version_group_id":"10","move_id":"237","pokemon_move_method_id":"4","level":"0","pokemon_id":"154"}{"order":"","version_group_id":"10","move_id":"241","pokemon_move_method_id":"4","level":"0","pokemon_id":"154"}{"order":"","version_group_id":"10","move_id":"246","pokemon_move_method_id":"3","level":"0","pokemon_id":"154"}{"order":"","version_group_id":"10","move_id":"249","pokemon_move_method_id":"4","level":"0","pokemon_id":"154"}{"order":"","version_group_id":"10","move_id":"263","pokemon_move_method_id":"4","level":"0","pokemon_id":"154"}{"order":"","version_group_id":"10","move_id":"277","pokemon_move_method_id":"3","level":"0","pokemon_id":"154"}{"order":"","version_group_id":"10","move_id":"290","pokemon_move_method_id":"4","level":"0","pokemon_id":"154"}{"order":"","version_group_id":"10","move_id":"312","pokemon_move_method_id":"1","level":"60","pokemon_id":"154"}{"order":"","version_group_id":"10","move_id":"331","pokemon_move_method_id":"4","level":"0","pokemon_id":"154"}{"order":"","version_group_id":"10","move_id":"338","pokemon_move_method_id":"3","level":"0","pokemon_id":"154"}{"order":"","version_group_id":"10","move_id":"345","pokemon_move_method_id":"1","level":"22","pokemon_id":"154"}{"order":"","version_group_id":"10","move_id":"363","pokemon_move_method_id":"1","level":"26","pokemon_id":"154"}{"order":"","version_group_id":"10","move_id":"363","pokemon_move_method_id":"4","level":"0","pokemon_id":"154"}{"order":"","version_group_id":"10","move_id":"388","pokemon_move_method_id":"3","level":"0","pokemon_id":"154"}{"order":"","version_group_id":"10","move_id":"402","pokemon_move_method_id":"3","level":"0","pokemon_id":"154"}{"order":"","version_group_id":"10","move_id":"412","pokemon_move_method_id":"4","level":"0","pokemon_id":"154"}{"order":"","version_group_id":"10","move_id":"416","pokemon_move_method_id":"4","level":"0","pokemon_id":"154"}{"order":"","version_group_id":"10","move_id":"431","pokemon_move_method_id":"4","level":"0","pokemon_id":"154"}{"order":"","version_group_id":"10","move_id":"445","pokemon_move_method_id":"4","level":"0","pokemon_id":"154"}{"order":"","version_group_id":"10","move_id":"447","pokemon_move_method_id":"4","level":"0","pokemon_id":"154"}{"order":"","version_group_id":"11","move_id":"14","pokemon_move_method_id":"4","level":"0","pokemon_id":"154"}{"order":"","version_group_id":"11","move_id":"15","pokemon_move_method_id":"4","level":"0","pokemon_id":"154"}{"order":"1","version_group_id":"11","move_id":"33","pokemon_move_method_id":"1","level":"1","pokemon_id":"154"}{"order":"","version_group_id":"11","move_id":"34","pokemon_move_method_id":"1","level":"46","pokemon_id":"154"}{"order":"2","version_group_id":"11","move_id":"45","pokemon_move_method_id":"1","level":"1","pokemon_id":"154"}{"order":"","version_group_id":"11","move_id":"63","pokemon_move_method_id":"4","level":"0","pokemon_id":"154"}{"order":"","version_group_id":"11","move_id":"70","pokemon_move_method_id":"4","level":"0","pokemon_id":"154"}{"order":"3","version_group_id":"11","move_id":"75","pokemon_move_method_id":"1","level":"1","pokemon_id":"154"}{"order":"","version_group_id":"11","move_id":"75","pokemon_move_method_id":"1","level":"6","pokemon_id":"154"}{"order":"","version_group_id":"11","move_id":"76","pokemon_move_method_id":"1","level":"66","pokemon_id":"154"}{"order":"","version_group_id":"11","move_id":"76","pokemon_move_method_id":"4","level":"0","pokemon_id":"154"}{"order":"4","version_group_id":"11","move_id":"77","pokemon_move_method_id":"1","level":"1","pokemon_id":"154"}{"order":"","version_group_id":"11","move_id":"77","pokemon_move_method_id":"1","level":"9","pokemon_id":"154"}{"order":"","version_group_id":"11","move_id":"80","pokemon_move_method_id":"1","level":"32","pokemon_id":"154"}{"order":"","version_group_id":"11","move_id":"89","pokemon_move_method_id":"4","level":"0","pokemon_id":"154"}{"order":"","version_group_id":"11","move_id":"92","pokemon_move_method_id":"4","level":"0","pokemon_id":"154"}{"order":"","version_group_id":"11","move_id":"104","pokemon_move_method_id":"4","level":"0","pokemon_id":"154"}{"order":"","version_group_id":"11","move_id":"113","pokemon_move_method_id":"1","level":"40","pokemon_id":"154"}{"order":"","version_group_id":"11","move_id":"113","pokemon_move_method_id":"4","level":"0","pokemon_id":"154"}{"order":"","version_group_id":"11","move_id":"115","pokemon_move_method_id":"1","level":"18","pokemon_id":"154"}{"order":"","version_group_id":"11","move_id":"115","pokemon_move_method_id":"4","level":"0","pokemon_id":"154"}{"order":"","version_group_id":"11","move_id":"148","pokemon_move_method_id":"4","level":"0","pokemon_id":"154"}{"order":"","version_group_id":"11","move_id":"156","pokemon_move_method_id":"4","level":"0","pokemon_id":"154"}{"order":"","version_group_id":"11","move_id":"164","pokemon_move_method_id":"4","level":"0","pokemon_id":"154"}{"order":"","version_group_id":"11","move_id":"182","pokemon_move_method_id":"4","level":"0","pokemon_id":"154"}{"order":"","version_group_id":"11","move_id":"207","pokemon_move_method_id":"4","level":"0","pokemon_id":"154"}{"order":"","version_group_id":"11","move_id":"213","pokemon_move_method_id":"4","level":"0","pokemon_id":"154"}{"order":"","version_group_id":"11","move_id":"216","pokemon_move_method_id":"4","level":"0","pokemon_id":"154"}{"order":"","version_group_id":"11","move_id":"218","pokemon_move_method_id":"4","level":"0","pokemon_id":"154"}{"order":"","version_group_id":"11","move_id":"219","pokemon_move_method_id":"1","level":"54","pokemon_id":"154"}{"order":"","version_group_id":"11","move_id":"219","pokemon_move_method_id":"4","level":"0","pokemon_id":"154"}{"order":"","version_group_id":"11","move_id":"230","pokemon_move_method_id":"1","level":"34","pokemon_id":"154"}{"order":"","version_group_id":"11","move_id":"235","pokemon_move_method_id":"1","level":"12","pokemon_id":"154"}{"order":"","version_group_id":"11","move_id":"237","pokemon_move_method_id":"4","level":"0","pokemon_id":"154"}{"order":"","version_group_id":"11","move_id":"241","pokemon_move_method_id":"4","level":"0","pokemon_id":"154"}{"order":"","version_group_id":"11","move_id":"249","pokemon_move_method_id":"4","level":"0","pokemon_id":"154"}{"order":"","version_group_id":"11","move_id":"263","pokemon_move_method_id":"4","level":"0","pokemon_id":"154"}{"order":"","version_group_id":"11","move_id":"312","pokemon_move_method_id":"1","level":"60","pokemon_id":"154"}{"order":"","version_group_id":"11","move_id":"338","pokemon_move_method_id":"3","level":"0","pokemon_id":"154"}{"order":"","version_group_id":"11","move_id":"345","pokemon_move_method_id":"1","level":"22","pokemon_id":"154"}{"order":"","version_group_id":"11","move_id":"363","pokemon_move_method_id":"1","level":"26","pokemon_id":"154"}{"order":"","version_group_id":"11","move_id":"412","pokemon_move_method_id":"4","level":"0","pokemon_id":"154"}{"order":"","version_group_id":"11","move_id":"416","pokemon_move_method_id":"4","level":"0","pokemon_id":"154"}{"order":"","version_group_id":"11","move_id":"447","pokemon_move_method_id":"4","level":"0","pokemon_id":"154"}{"order":"","version_group_id":"11","move_id":"496","pokemon_move_method_id":"4","level":"0","pokemon_id":"154"}{"order":"","version_group_id":"11","move_id":"497","pokemon_move_method_id":"4","level":"0","pokemon_id":"154"}{"order":"","version_group_id":"11","move_id":"520","pokemon_move_method_id":"3","level":"0","pokemon_id":"154"}{"order":"","version_group_id":"11","move_id":"523","pokemon_move_method_id":"4","level":"0","pokemon_id":"154"}{"order":"","version_group_id":"11","move_id":"525","pokemon_move_method_id":"4","level":"0","pokemon_id":"154"}{"order":"","version_group_id":"12","move_id":"15","pokemon_move_method_id":"4","level":"0","pokemon_id":"154"}{"order":"1","version_group_id":"12","move_id":"33","pokemon_move_method_id":"1","level":"1","pokemon_id":"154"}{"order":"","version_group_id":"12","move_id":"34","pokemon_move_method_id":"1","level":"31","pokemon_id":"154"}{"order":"2","version_group_id":"12","move_id":"45","pokemon_move_method_id":"1","level":"1","pokemon_id":"154"}{"order":"","version_group_id":"12","move_id":"63","pokemon_move_method_id":"4","level":"0","pokemon_id":"154"}{"order":"","version_group_id":"12","move_id":"70","pokemon_move_method_id":"4","level":"0","pokemon_id":"154"}{"order":"3","version_group_id":"12","move_id":"75","pokemon_move_method_id":"1","level":"1","pokemon_id":"154"}{"order":"","version_group_id":"12","move_id":"75","pokemon_move_method_id":"1","level":"8","pokemon_id":"154"}{"order":"","version_group_id":"12","move_id":"76","pokemon_move_method_id":"1","level":"61","pokemon_id":"154"}{"order":"","version_group_id":"12","move_id":"76","pokemon_move_method_id":"4","level":"0","pokemon_id":"154"}{"order":"","version_group_id":"12","move_id":"77","pokemon_move_method_id":"1","level":"15","pokemon_id":"154"}{"order":"","version_group_id":"12","move_id":"89","pokemon_move_method_id":"4","level":"0","pokemon_id":"154"}{"order":"","version_group_id":"12","move_id":"92","pokemon_move_method_id":"4","level":"0","pokemon_id":"154"}{"order":"","version_group_id":"12","move_id":"104","pokemon_move_method_id":"4","level":"0","pokemon_id":"154"}{"order":"","version_group_id":"12","move_id":"113","pokemon_move_method_id":"1","level":"41","pokemon_id":"154"}{"order":"","version_group_id":"12","move_id":"113","pokemon_move_method_id":"4","level":"0","pokemon_id":"154"}{"order":"4","version_group_id":"12","move_id":"115","pokemon_move_method_id":"1","level":"1","pokemon_id":"154"}{"order":"","version_group_id":"12","move_id":"115","pokemon_move_method_id":"1","level":"12","pokemon_id":"154"}{"order":"","version_group_id":"12","move_id":"115","pokemon_move_method_id":"4","level":"0","pokemon_id":"154"}{"order":"","version_group_id":"12","move_id":"148","pokemon_move_method_id":"4","level":"0","pokemon_id":"154"}{"order":"","version_group_id":"12","move_id":"156","pokemon_move_method_id":"4","level":"0","pokemon_id":"154"}{"order":"","version_group_id":"12","move_id":"182","pokemon_move_method_id":"4","level":"0","pokemon_id":"154"}{"order":"","version_group_id":"12","move_id":"202","pokemon_move_method_id":"4","level":"0","pokemon_id":"154"}{"order":"","version_group_id":"12","move_id":"213","pokemon_move_method_id":"4","level":"0","pokemon_id":"154"}{"order":"","version_group_id":"12","move_id":"216","pokemon_move_method_id":"4","level":"0","pokemon_id":"154"}{"order":"","version_group_id":"12","move_id":"218","pokemon_move_method_id":"4","level":"0","pokemon_id":"154"}{"order":"","version_group_id":"12","move_id":"219","pokemon_move_method_id":"1","level":"51","pokemon_id":"154"}{"order":"","version_group_id":"12","move_id":"219","pokemon_move_method_id":"4","level":"0","pokemon_id":"154"}{"order":"","version_group_id":"12","move_id":"231","pokemon_move_method_id":"4","level":"0","pokemon_id":"154"}{"order":"","version_group_id":"12","move_id":"235","pokemon_move_method_id":"1","level":"23","pokemon_id":"154"}{"order":"","version_group_id":"12","move_id":"237","pokemon_move_method_id":"4","level":"0","pokemon_id":"154"}{"order":"","version_group_id":"12","move_id":"241","pokemon_move_method_id":"4","level":"0","pokemon_id":"154"}{"order":"","version_group_id":"12","move_id":"249","pokemon_move_method_id":"4","level":"0","pokemon_id":"154"}{"order":"","version_group_id":"12","move_id":"263","pokemon_move_method_id":"4","level":"0","pokemon_id":"154"}{"order":"","version_group_id":"12","move_id":"290","pokemon_move_method_id":"4","level":"0","pokemon_id":"154"}{"order":"","version_group_id":"12","move_id":"331","pokemon_move_method_id":"4","level":"0","pokemon_id":"154"}{"order":"","version_group_id":"13","move_id":"15","pokemon_move_method_id":"4","level":"0","pokemon_id":"154"}{"order":"1","version_group_id":"13","move_id":"33","pokemon_move_method_id":"1","level":"1","pokemon_id":"154"}{"order":"","version_group_id":"13","move_id":"34","pokemon_move_method_id":"1","level":"31","pokemon_id":"154"}{"order":"","version_group_id":"13","move_id":"34","pokemon_move_method_id":"3","level":"0","pokemon_id":"154"}{"order":"","version_group_id":"13","move_id":"38","pokemon_move_method_id":"3","level":"0","pokemon_id":"154"}{"order":"2","version_group_id":"13","move_id":"45","pokemon_move_method_id":"1","level":"1","pokemon_id":"154"}{"order":"","version_group_id":"13","move_id":"63","pokemon_move_method_id":"4","level":"0","pokemon_id":"154"}{"order":"","version_group_id":"13","move_id":"70","pokemon_move_method_id":"4","level":"0","pokemon_id":"154"}{"order":"3","version_group_id":"13","move_id":"75","pokemon_move_method_id":"1","level":"1","pokemon_id":"154"}{"order":"","version_group_id":"13","move_id":"75","pokemon_move_method_id":"1","level":"8","pokemon_id":"154"}{"order":"","version_group_id":"13","move_id":"76","pokemon_move_method_id":"1","level":"61","pokemon_id":"154"}{"order":"","version_group_id":"13","move_id":"76","pokemon_move_method_id":"4","level":"0","pokemon_id":"154"}{"order":"","version_group_id":"13","move_id":"77","pokemon_move_method_id":"1","level":"15","pokemon_id":"154"}{"order":"","version_group_id":"13","move_id":"89","pokemon_move_method_id":"4","level":"0","pokemon_id":"154"}{"order":"","version_group_id":"13","move_id":"92","pokemon_move_method_id":"4","level":"0","pokemon_id":"154"}{"order":"","version_group_id":"13","move_id":"102","pokemon_move_method_id":"3","level":"0","pokemon_id":"154"}{"order":"","version_group_id":"13","move_id":"104","pokemon_move_method_id":"4","level":"0","pokemon_id":"154"}{"order":"","version_group_id":"13","move_id":"113","pokemon_move_method_id":"1","level":"41","pokemon_id":"154"}{"order":"","version_group_id":"13","move_id":"113","pokemon_move_method_id":"4","level":"0","pokemon_id":"154"}{"order":"4","version_group_id":"13","move_id":"115","pokemon_move_method_id":"1","level":"1","pokemon_id":"154"}{"order":"","version_group_id":"13","move_id":"115","pokemon_move_method_id":"1","level":"12","pokemon_id":"154"}{"order":"","version_group_id":"13","move_id":"115","pokemon_move_method_id":"4","level":"0","pokemon_id":"154"}{"order":"","version_group_id":"13","move_id":"148","pokemon_move_method_id":"4","level":"0","pokemon_id":"154"}{"order":"","version_group_id":"13","move_id":"156","pokemon_move_method_id":"4","level":"0","pokemon_id":"154"}{"order":"","version_group_id":"13","move_id":"164","pokemon_move_method_id":"3","level":"0","pokemon_id":"154"}{"order":"","version_group_id":"13","move_id":"182","pokemon_move_method_id":"4","level":"0","pokemon_id":"154"}{"order":"","version_group_id":"13","move_id":"202","pokemon_move_method_id":"4","level":"0","pokemon_id":"154"}{"order":"","version_group_id":"13","move_id":"207","pokemon_move_method_id":"3","level":"0","pokemon_id":"154"}{"order":"","version_group_id":"13","move_id":"213","pokemon_move_method_id":"4","level":"0","pokemon_id":"154"}{"order":"","version_group_id":"13","move_id":"216","pokemon_move_method_id":"4","level":"0","pokemon_id":"154"}{"order":"","version_group_id":"13","move_id":"218","pokemon_move_method_id":"4","level":"0","pokemon_id":"154"}{"order":"","version_group_id":"13","move_id":"219","pokemon_move_method_id":"1","level":"51","pokemon_id":"154"}{"order":"","version_group_id":"13","move_id":"219","pokemon_move_method_id":"4","level":"0","pokemon_id":"154"}{"order":"","version_group_id":"13","move_id":"231","pokemon_move_method_id":"4","level":"0","pokemon_id":"154"}{"order":"","version_group_id":"13","move_id":"235","pokemon_move_method_id":"1","level":"23","pokemon_id":"154"}{"order":"","version_group_id":"13","move_id":"237","pokemon_move_method_id":"4","level":"0","pokemon_id":"154"}{"order":"","version_group_id":"13","move_id":"241","pokemon_move_method_id":"4","level":"0","pokemon_id":"154"}{"order":"","version_group_id":"13","move_id":"249","pokemon_move_method_id":"4","level":"0","pokemon_id":"154"}{"order":"","version_group_id":"13","move_id":"263","pokemon_move_method_id":"4","level":"0","pokemon_id":"154"}{"order":"","version_group_id":"13","move_id":"290","pokemon_move_method_id":"4","level":"0","pokemon_id":"154"}{"order":"","version_group_id":"13","move_id":"331","pokemon_move_method_id":"4","level":"0","pokemon_id":"154"}{"order":"","version_group_id":"14","move_id":"14","pokemon_move_method_id":"4","level":"0","pokemon_id":"154"}{"order":"","version_group_id":"14","move_id":"15","pokemon_move_method_id":"4","level":"0","pokemon_id":"154"}{"order":"1","version_group_id":"14","move_id":"33","pokemon_move_method_id":"1","level":"1","pokemon_id":"154"}{"order":"","version_group_id":"14","move_id":"34","pokemon_move_method_id":"1","level":"46","pokemon_id":"154"}{"order":"2","version_group_id":"14","move_id":"45","pokemon_move_method_id":"1","level":"1","pokemon_id":"154"}{"order":"","version_group_id":"14","move_id":"63","pokemon_move_method_id":"4","level":"0","pokemon_id":"154"}{"order":"","version_group_id":"14","move_id":"70","pokemon_move_method_id":"4","level":"0","pokemon_id":"154"}{"order":"3","version_group_id":"14","move_id":"75","pokemon_move_method_id":"1","level":"1","pokemon_id":"154"}{"order":"","version_group_id":"14","move_id":"75","pokemon_move_method_id":"1","level":"6","pokemon_id":"154"}{"order":"","version_group_id":"14","move_id":"76","pokemon_move_method_id":"1","level":"66","pokemon_id":"154"}{"order":"","version_group_id":"14","move_id":"76","pokemon_move_method_id":"4","level":"0","pokemon_id":"154"}{"order":"4","version_group_id":"14","move_id":"77","pokemon_move_method_id":"1","level":"1","pokemon_id":"154"}{"order":"","version_group_id":"14","move_id":"77","pokemon_move_method_id":"1","level":"9","pokemon_id":"154"}{"order":"","version_group_id":"14","move_id":"80","pokemon_move_method_id":"1","level":"32","pokemon_id":"154"}{"order":"","version_group_id":"14","move_id":"89","pokemon_move_method_id":"4","level":"0","pokemon_id":"154"}{"order":"","version_group_id":"14","move_id":"92","pokemon_move_method_id":"4","level":"0","pokemon_id":"154"}{"order":"","version_group_id":"14","move_id":"104","pokemon_move_method_id":"4","level":"0","pokemon_id":"154"}{"order":"","version_group_id":"14","move_id":"113","pokemon_move_method_id":"1","level":"40","pokemon_id":"154"}{"order":"","version_group_id":"14","move_id":"113","pokemon_move_method_id":"4","level":"0","pokemon_id":"154"}{"order":"","version_group_id":"14","move_id":"115","pokemon_move_method_id":"1","level":"18","pokemon_id":"154"}{"order":"","version_group_id":"14","move_id":"115","pokemon_move_method_id":"4","level":"0","pokemon_id":"154"}{"order":"","version_group_id":"14","move_id":"148","pokemon_move_method_id":"4","level":"0","pokemon_id":"154"}{"order":"","version_group_id":"14","move_id":"156","pokemon_move_method_id":"4","level":"0","pokemon_id":"154"}{"order":"","version_group_id":"14","move_id":"164","pokemon_move_method_id":"4","level":"0","pokemon_id":"154"}{"order":"","version_group_id":"14","move_id":"173","pokemon_move_method_id":"3","level":"0","pokemon_id":"154"}{"order":"","version_group_id":"14","move_id":"182","pokemon_move_method_id":"4","level":"0","pokemon_id":"154"}{"order":"","version_group_id":"14","move_id":"200","pokemon_move_method_id":"3","level":"0","pokemon_id":"154"}{"order":"","version_group_id":"14","move_id":"202","pokemon_move_method_id":"3","level":"0","pokemon_id":"154"}{"order":"","version_group_id":"14","move_id":"207","pokemon_move_method_id":"4","level":"0","pokemon_id":"154"}{"order":"","version_group_id":"14","move_id":"213","pokemon_move_method_id":"4","level":"0","pokemon_id":"154"}{"order":"","version_group_id":"14","move_id":"214","pokemon_move_method_id":"3","level":"0","pokemon_id":"154"}{"order":"","version_group_id":"14","move_id":"216","pokemon_move_method_id":"4","level":"0","pokemon_id":"154"}{"order":"","version_group_id":"14","move_id":"218","pokemon_move_method_id":"4","level":"0","pokemon_id":"154"}{"order":"","version_group_id":"14","move_id":"219","pokemon_move_method_id":"1","level":"54","pokemon_id":"154"}{"order":"","version_group_id":"14","move_id":"219","pokemon_move_method_id":"4","level":"0","pokemon_id":"154"}{"order":"","version_group_id":"14","move_id":"230","pokemon_move_method_id":"1","level":"34","pokemon_id":"154"}{"order":"","version_group_id":"14","move_id":"231","pokemon_move_method_id":"3","level":"0","pokemon_id":"154"}{"order":"","version_group_id":"14","move_id":"235","pokemon_move_method_id":"1","level":"12","pokemon_id":"154"}{"order":"","version_group_id":"14","move_id":"235","pokemon_move_method_id":"3","level":"0","pokemon_id":"154"}{"order":"","version_group_id":"14","move_id":"237","pokemon_move_method_id":"4","level":"0","pokemon_id":"154"}{"order":"","version_group_id":"14","move_id":"241","pokemon_move_method_id":"4","level":"0","pokemon_id":"154"}{"order":"","version_group_id":"14","move_id":"249","pokemon_move_method_id":"4","level":"0","pokemon_id":"154"}{"order":"","version_group_id":"14","move_id":"263","pokemon_move_method_id":"4","level":"0","pokemon_id":"154"}{"order":"","version_group_id":"14","move_id":"277","pokemon_move_method_id":"3","level":"0","pokemon_id":"154"}{"order":"","version_group_id":"14","move_id":"312","pokemon_move_method_id":"1","level":"60","pokemon_id":"154"}{"order":"","version_group_id":"14","move_id":"338","pokemon_move_method_id":"3","level":"0","pokemon_id":"154"}{"order":"","version_group_id":"14","move_id":"345","pokemon_move_method_id":"1","level":"22","pokemon_id":"154"}{"order":"","version_group_id":"14","move_id":"363","pokemon_move_method_id":"1","level":"26","pokemon_id":"154"}{"order":"","version_group_id":"14","move_id":"388","pokemon_move_method_id":"3","level":"0","pokemon_id":"154"}{"order":"","version_group_id":"14","move_id":"402","pokemon_move_method_id":"3","level":"0","pokemon_id":"154"}{"order":"","version_group_id":"14","move_id":"412","pokemon_move_method_id":"4","level":"0","pokemon_id":"154"}{"order":"","version_group_id":"14","move_id":"416","pokemon_move_method_id":"4","level":"0","pokemon_id":"154"}{"order":"","version_group_id":"14","move_id":"447","pokemon_move_method_id":"4","level":"0","pokemon_id":"154"}{"order":"","version_group_id":"14","move_id":"496","pokemon_move_method_id":"4","level":"0","pokemon_id":"154"}{"order":"","version_group_id":"14","move_id":"497","pokemon_move_method_id":"4","level":"0","pokemon_id":"154"}{"order":"","version_group_id":"14","move_id":"520","pokemon_move_method_id":"3","level":"0","pokemon_id":"154"}{"order":"","version_group_id":"14","move_id":"523","pokemon_move_method_id":"4","level":"0","pokemon_id":"154"}{"order":"","version_group_id":"14","move_id":"525","pokemon_move_method_id":"4","level":"0","pokemon_id":"154"}{"order":"","version_group_id":"15","move_id":"338","pokemon_move_method_id":"3","level":"0","pokemon_id":"154"}{"order":"","version_group_id":"15","move_id":"520","pokemon_move_method_id":"3","level":"0","pokemon_id":"154"}