{"order":"","version_group_id":"5","move_id":"15","pokemon_move_method_id":"4","level":"0","pokemon_id":"315"}{"order":"","version_group_id":"5","move_id":"40","pokemon_move_method_id":"1","level":"9","pokemon_id":"315"}{"order":"","version_group_id":"5","move_id":"42","pokemon_move_method_id":"2","level":"0","pokemon_id":"315"}{"order":"","version_group_id":"5","move_id":"71","pokemon_move_method_id":"1","level":"1","pokemon_id":"315"}{"order":"","version_group_id":"5","move_id":"72","pokemon_move_method_id":"1","level":"17","pokemon_id":"315"}{"order":"","version_group_id":"5","move_id":"73","pokemon_move_method_id":"1","level":"21","pokemon_id":"315"}{"order":"","version_group_id":"5","move_id":"74","pokemon_move_method_id":"1","level":"5","pokemon_id":"315"}{"order":"","version_group_id":"5","move_id":"76","pokemon_move_method_id":"4","level":"0","pokemon_id":"315"}{"order":"","version_group_id":"5","move_id":"78","pokemon_move_method_id":"1","level":"13","pokemon_id":"315"}{"order":"","version_group_id":"5","move_id":"80","pokemon_move_method_id":"1","level":"49","pokemon_id":"315"}{"order":"","version_group_id":"5","move_id":"92","pokemon_move_method_id":"1","level":"45","pokemon_id":"315"}{"order":"","version_group_id":"5","move_id":"92","pokemon_move_method_id":"4","level":"0","pokemon_id":"315"}{"order":"","version_group_id":"5","move_id":"104","pokemon_move_method_id":"4","level":"0","pokemon_id":"315"}{"order":"","version_group_id":"5","move_id":"148","pokemon_move_method_id":"4","level":"0","pokemon_id":"315"}{"order":"","version_group_id":"5","move_id":"156","pokemon_move_method_id":"4","level":"0","pokemon_id":"315"}{"order":"","version_group_id":"5","move_id":"178","pokemon_move_method_id":"2","level":"0","pokemon_id":"315"}{"order":"","version_group_id":"5","move_id":"182","pokemon_move_method_id":"4","level":"0","pokemon_id":"315"}{"order":"","version_group_id":"5","move_id":"188","pokemon_move_method_id":"4","level":"0","pokemon_id":"315"}{"order":"","version_group_id":"5","move_id":"191","pokemon_move_method_id":"2","level":"0","pokemon_id":"315"}{"order":"","version_group_id":"5","move_id":"202","pokemon_move_method_id":"1","level":"33","pokemon_id":"315"}{"order":"","version_group_id":"5","move_id":"202","pokemon_move_method_id":"4","level":"0","pokemon_id":"315"}{"order":"","version_group_id":"5","move_id":"213","pokemon_move_method_id":"4","level":"0","pokemon_id":"315"}{"order":"","version_group_id":"5","move_id":"216","pokemon_move_method_id":"4","level":"0","pokemon_id":"315"}{"order":"","version_group_id":"5","move_id":"218","pokemon_move_method_id":"4","level":"0","pokemon_id":"315"}{"order":"","version_group_id":"5","move_id":"230","pokemon_move_method_id":"1","level":"37","pokemon_id":"315"}{"order":"","version_group_id":"5","move_id":"235","pokemon_move_method_id":"1","level":"57","pokemon_id":"315"}{"order":"","version_group_id":"5","move_id":"235","pokemon_move_method_id":"2","level":"0","pokemon_id":"315"}{"order":"","version_group_id":"5","move_id":"237","pokemon_move_method_id":"4","level":"0","pokemon_id":"315"}{"order":"","version_group_id":"5","move_id":"241","pokemon_move_method_id":"4","level":"0","pokemon_id":"315"}{"order":"","version_group_id":"5","move_id":"247","pokemon_move_method_id":"4","level":"0","pokemon_id":"315"}{"order":"","version_group_id":"5","move_id":"263","pokemon_move_method_id":"4","level":"0","pokemon_id":"315"}{"order":"","version_group_id":"5","move_id":"275","pokemon_move_method_id":"1","level":"41","pokemon_id":"315"}{"order":"","version_group_id":"5","move_id":"290","pokemon_move_method_id":"4","level":"0","pokemon_id":"315"}{"order":"","version_group_id":"5","move_id":"312","pokemon_move_method_id":"1","level":"53","pokemon_id":"315"}{"order":"","version_group_id":"5","move_id":"320","pokemon_move_method_id":"1","level":"29","pokemon_id":"315"}{"order":"","version_group_id":"5","move_id":"331","pokemon_move_method_id":"4","level":"0","pokemon_id":"315"}{"order":"","version_group_id":"5","move_id":"345","pokemon_move_method_id":"1","level":"25","pokemon_id":"315"}{"order":"","version_group_id":"6","move_id":"14","pokemon_move_method_id":"3","level":"0","pokemon_id":"315"}{"order":"","version_group_id":"6","move_id":"15","pokemon_move_method_id":"4","level":"0","pokemon_id":"315"}{"order":"","version_group_id":"6","move_id":"34","pokemon_move_method_id":"3","level":"0","pokemon_id":"315"}{"order":"","version_group_id":"6","move_id":"38","pokemon_move_method_id":"3","level":"0","pokemon_id":"315"}{"order":"","version_group_id":"6","move_id":"40","pokemon_move_method_id":"1","level":"9","pokemon_id":"315"}{"order":"","version_group_id":"6","move_id":"42","pokemon_move_method_id":"2","level":"0","pokemon_id":"315"}{"order":"","version_group_id":"6","move_id":"71","pokemon_move_method_id":"1","level":"1","pokemon_id":"315"}{"order":"","version_group_id":"6","move_id":"72","pokemon_move_method_id":"1","level":"17","pokemon_id":"315"}{"order":"","version_group_id":"6","move_id":"73","pokemon_move_method_id":"1","level":"21","pokemon_id":"315"}{"order":"","version_group_id":"6","move_id":"74","pokemon_move_method_id":"1","level":"5","pokemon_id":"315"}{"order":"","version_group_id":"6","move_id":"76","pokemon_move_method_id":"4","level":"0","pokemon_id":"315"}{"order":"","version_group_id":"6","move_id":"78","pokemon_move_method_id":"1","level":"13","pokemon_id":"315"}{"order":"","version_group_id":"6","move_id":"80","pokemon_move_method_id":"1","level":"49","pokemon_id":"315"}{"order":"","version_group_id":"6","move_id":"92","pokemon_move_method_id":"1","level":"45","pokemon_id":"315"}{"order":"","version_group_id":"6","move_id":"92","pokemon_move_method_id":"4","level":"0","pokemon_id":"315"}{"order":"","version_group_id":"6","move_id":"102","pokemon_move_method_id":"3","level":"0","pokemon_id":"315"}{"order":"","version_group_id":"6","move_id":"104","pokemon_move_method_id":"4","level":"0","pokemon_id":"315"}{"order":"","version_group_id":"6","move_id":"129","pokemon_move_method_id":"3","level":"0","pokemon_id":"315"}{"order":"","version_group_id":"6","move_id":"148","pokemon_move_method_id":"4","level":"0","pokemon_id":"315"}{"order":"","version_group_id":"6","move_id":"156","pokemon_move_method_id":"4","level":"0","pokemon_id":"315"}{"order":"","version_group_id":"6","move_id":"164","pokemon_move_method_id":"3","level":"0","pokemon_id":"315"}{"order":"","version_group_id":"6","move_id":"173","pokemon_move_method_id":"3","level":"0","pokemon_id":"315"}{"order":"","version_group_id":"6","move_id":"178","pokemon_move_method_id":"2","level":"0","pokemon_id":"315"}{"order":"","version_group_id":"6","move_id":"182","pokemon_move_method_id":"4","level":"0","pokemon_id":"315"}{"order":"","version_group_id":"6","move_id":"188","pokemon_move_method_id":"4","level":"0","pokemon_id":"315"}{"order":"","version_group_id":"6","move_id":"189","pokemon_move_method_id":"3","level":"0","pokemon_id":"315"}{"order":"","version_group_id":"6","move_id":"191","pokemon_move_method_id":"2","level":"0","pokemon_id":"315"}{"order":"","version_group_id":"6","move_id":"202","pokemon_move_method_id":"1","level":"33","pokemon_id":"315"}{"order":"","version_group_id":"6","move_id":"202","pokemon_move_method_id":"4","level":"0","pokemon_id":"315"}{"order":"","version_group_id":"6","move_id":"203","pokemon_move_method_id":"3","level":"0","pokemon_id":"315"}{"order":"","version_group_id":"6","move_id":"207","pokemon_move_method_id":"3","level":"0","pokemon_id":"315"}{"order":"","version_group_id":"6","move_id":"210","pokemon_move_method_id":"3","level":"0","pokemon_id":"315"}{"order":"","version_group_id":"6","move_id":"213","pokemon_move_method_id":"4","level":"0","pokemon_id":"315"}{"order":"","version_group_id":"6","move_id":"214","pokemon_move_method_id":"3","level":"0","pokemon_id":"315"}{"order":"","version_group_id":"6","move_id":"216","pokemon_move_method_id":"4","level":"0","pokemon_id":"315"}{"order":"","version_group_id":"6","move_id":"218","pokemon_move_method_id":"4","level":"0","pokemon_id":"315"}{"order":"","version_group_id":"6","move_id":"230","pokemon_move_method_id":"1","level":"37","pokemon_id":"315"}{"order":"","version_group_id":"6","move_id":"235","pokemon_move_method_id":"1","level":"57","pokemon_id":"315"}{"order":"","version_group_id":"6","move_id":"235","pokemon_move_method_id":"2","level":"0","pokemon_id":"315"}{"order":"","version_group_id":"6","move_id":"237","pokemon_move_method_id":"4","level":"0","pokemon_id":"315"}{"order":"","version_group_id":"6","move_id":"241","pokemon_move_method_id":"4","level":"0","pokemon_id":"315"}{"order":"","version_group_id":"6","move_id":"244","pokemon_move_method_id":"3","level":"0","pokemon_id":"315"}{"order":"","version_group_id":"6","move_id":"247","pokemon_move_method_id":"4","level":"0","pokemon_id":"315"}{"order":"","version_group_id":"6","move_id":"263","pokemon_move_method_id":"4","level":"0","pokemon_id":"315"}{"order":"","version_group_id":"6","move_id":"275","pokemon_move_method_id":"1","level":"41","pokemon_id":"315"}{"order":"","version_group_id":"6","move_id":"290","pokemon_move_method_id":"4","level":"0","pokemon_id":"315"}{"order":"","version_group_id":"6","move_id":"312","pokemon_move_method_id":"1","level":"53","pokemon_id":"315"}{"order":"","version_group_id":"6","move_id":"320","pokemon_move_method_id":"1","level":"29","pokemon_id":"315"}{"order":"","version_group_id":"6","move_id":"331","pokemon_move_method_id":"4","level":"0","pokemon_id":"315"}{"order":"","version_group_id":"6","move_id":"345","pokemon_move_method_id":"1","level":"25","pokemon_id":"315"}{"order":"","version_group_id":"7","move_id":"14","pokemon_move_method_id":"3","level":"0","pokemon_id":"315"}{"order":"","version_group_id":"7","move_id":"15","pokemon_move_method_id":"4","level":"0","pokemon_id":"315"}{"order":"","version_group_id":"7","move_id":"34","pokemon_move_method_id":"3","level":"0","pokemon_id":"315"}{"order":"","version_group_id":"7","move_id":"38","pokemon_move_method_id":"3","level":"0","pokemon_id":"315"}{"order":"","version_group_id":"7","move_id":"40","pokemon_move_method_id":"1","level":"9","pokemon_id":"315"}{"order":"","version_group_id":"7","move_id":"42","pokemon_move_method_id":"2","level":"0","pokemon_id":"315"}{"order":"","version_group_id":"7","move_id":"71","pokemon_move_method_id":"1","level":"1","pokemon_id":"315"}{"order":"","version_group_id":"7","move_id":"72","pokemon_move_method_id":"1","level":"17","pokemon_id":"315"}{"order":"","version_group_id":"7","move_id":"73","pokemon_move_method_id":"1","level":"21","pokemon_id":"315"}{"order":"","version_group_id":"7","move_id":"74","pokemon_move_method_id":"1","level":"5","pokemon_id":"315"}{"order":"","version_group_id":"7","move_id":"76","pokemon_move_method_id":"4","level":"0","pokemon_id":"315"}{"order":"","version_group_id":"7","move_id":"78","pokemon_move_method_id":"1","level":"13","pokemon_id":"315"}{"order":"","version_group_id":"7","move_id":"80","pokemon_move_method_id":"1","level":"49","pokemon_id":"315"}{"order":"","version_group_id":"7","move_id":"92","pokemon_move_method_id":"1","level":"45","pokemon_id":"315"}{"order":"","version_group_id":"7","move_id":"92","pokemon_move_method_id":"4","level":"0","pokemon_id":"315"}{"order":"","version_group_id":"7","move_id":"102","pokemon_move_method_id":"3","level":"0","pokemon_id":"315"}{"order":"","version_group_id":"7","move_id":"104","pokemon_move_method_id":"4","level":"0","pokemon_id":"315"}{"order":"","version_group_id":"7","move_id":"148","pokemon_move_method_id":"4","level":"0","pokemon_id":"315"}{"order":"","version_group_id":"7","move_id":"156","pokemon_move_method_id":"4","level":"0","pokemon_id":"315"}{"order":"","version_group_id":"7","move_id":"164","pokemon_move_method_id":"3","level":"0","pokemon_id":"315"}{"order":"","version_group_id":"7","move_id":"178","pokemon_move_method_id":"2","level":"0","pokemon_id":"315"}{"order":"","version_group_id":"7","move_id":"182","pokemon_move_method_id":"4","level":"0","pokemon_id":"315"}{"order":"","version_group_id":"7","move_id":"188","pokemon_move_method_id":"4","level":"0","pokemon_id":"315"}{"order":"","version_group_id":"7","move_id":"191","pokemon_move_method_id":"2","level":"0","pokemon_id":"315"}{"order":"","version_group_id":"7","move_id":"202","pokemon_move_method_id":"1","level":"33","pokemon_id":"315"}{"order":"","version_group_id":"7","move_id":"202","pokemon_move_method_id":"4","level":"0","pokemon_id":"315"}{"order":"","version_group_id":"7","move_id":"213","pokemon_move_method_id":"4","level":"0","pokemon_id":"315"}{"order":"","version_group_id":"7","move_id":"216","pokemon_move_method_id":"4","level":"0","pokemon_id":"315"}{"order":"","version_group_id":"7","move_id":"218","pokemon_move_method_id":"4","level":"0","pokemon_id":"315"}{"order":"","version_group_id":"7","move_id":"230","pokemon_move_method_id":"1","level":"37","pokemon_id":"315"}{"order":"","version_group_id":"7","move_id":"235","pokemon_move_method_id":"1","level":"57","pokemon_id":"315"}{"order":"","version_group_id":"7","move_id":"235","pokemon_move_method_id":"2","level":"0","pokemon_id":"315"}{"order":"","version_group_id":"7","move_id":"237","pokemon_move_method_id":"4","level":"0","pokemon_id":"315"}{"order":"","version_group_id":"7","move_id":"241","pokemon_move_method_id":"4","level":"0","pokemon_id":"315"}{"order":"","version_group_id":"7","move_id":"247","pokemon_move_method_id":"4","level":"0","pokemon_id":"315"}{"order":"","version_group_id":"7","move_id":"263","pokemon_move_method_id":"4","level":"0","pokemon_id":"315"}{"order":"","version_group_id":"7","move_id":"275","pokemon_move_method_id":"1","level":"41","pokemon_id":"315"}{"order":"","version_group_id":"7","move_id":"290","pokemon_move_method_id":"4","level":"0","pokemon_id":"315"}{"order":"","version_group_id":"7","move_id":"312","pokemon_move_method_id":"1","level":"53","pokemon_id":"315"}{"order":"","version_group_id":"7","move_id":"320","pokemon_move_method_id":"1","level":"29","pokemon_id":"315"}{"order":"","version_group_id":"7","move_id":"331","pokemon_move_method_id":"4","level":"0","pokemon_id":"315"}{"order":"","version_group_id":"7","move_id":"345","pokemon_move_method_id":"1","level":"25","pokemon_id":"315"}{"order":"","version_group_id":"8","move_id":"14","pokemon_move_method_id":"4","level":"0","pokemon_id":"315"}{"order":"","version_group_id":"8","move_id":"15","pokemon_move_method_id":"4","level":"0","pokemon_id":"315"}{"order":"","version_group_id":"8","move_id":"40","pokemon_move_method_id":"1","level":"7","pokemon_id":"315"}{"order":"","version_group_id":"8","move_id":"42","pokemon_move_method_id":"2","level":"0","pokemon_id":"315"}{"order":"","version_group_id":"8","move_id":"71","pokemon_move_method_id":"1","level":"1","pokemon_id":"315"}{"order":"","version_group_id":"8","move_id":"72","pokemon_move_method_id":"1","level":"13","pokemon_id":"315"}{"order":"","version_group_id":"8","move_id":"73","pokemon_move_method_id":"1","level":"16","pokemon_id":"315"}{"order":"","version_group_id":"8","move_id":"74","pokemon_move_method_id":"1","level":"4","pokemon_id":"315"}{"order":"","version_group_id":"8","move_id":"75","pokemon_move_method_id":"2","level":"0","pokemon_id":"315"}{"order":"","version_group_id":"8","move_id":"76","pokemon_move_method_id":"4","level":"0","pokemon_id":"315"}{"order":"","version_group_id":"8","move_id":"78","pokemon_move_method_id":"1","level":"10","pokemon_id":"315"}{"order":"","version_group_id":"8","move_id":"79","pokemon_move_method_id":"2","level":"0","pokemon_id":"315"}{"order":"","version_group_id":"8","move_id":"80","pokemon_move_method_id":"1","level":"40","pokemon_id":"315"}{"order":"","version_group_id":"8","move_id":"92","pokemon_move_method_id":"1","level":"37","pokemon_id":"315"}{"order":"","version_group_id":"8","move_id":"92","pokemon_move_method_id":"4","level":"0","pokemon_id":"315"}{"order":"","version_group_id":"8","move_id":"104","pokemon_move_method_id":"4","level":"0","pokemon_id":"315"}{"order":"","version_group_id":"8","move_id":"148","pokemon_move_method_id":"4","level":"0","pokemon_id":"315"}{"order":"","version_group_id":"8","move_id":"156","pokemon_move_method_id":"4","level":"0","pokemon_id":"315"}{"order":"","version_group_id":"8","move_id":"164","pokemon_move_method_id":"4","level":"0","pokemon_id":"315"}{"order":"","version_group_id":"8","move_id":"170","pokemon_move_method_id":"2","level":"0","pokemon_id":"315"}{"order":"","version_group_id":"8","move_id":"178","pokemon_move_method_id":"2","level":"0","pokemon_id":"315"}{"order":"","version_group_id":"8","move_id":"182","pokemon_move_method_id":"4","level":"0","pokemon_id":"315"}{"order":"","version_group_id":"8","move_id":"188","pokemon_move_method_id":"4","level":"0","pokemon_id":"315"}{"order":"","version_group_id":"8","move_id":"191","pokemon_move_method_id":"2","level":"0","pokemon_id":"315"}{"order":"","version_group_id":"8","move_id":"202","pokemon_move_method_id":"1","level":"25","pokemon_id":"315"}{"order":"","version_group_id":"8","move_id":"202","pokemon_move_method_id":"4","level":"0","pokemon_id":"315"}{"order":"","version_group_id":"8","move_id":"203","pokemon_move_method_id":"4","level":"0","pokemon_id":"315"}{"order":"","version_group_id":"8","move_id":"207","pokemon_move_method_id":"4","level":"0","pokemon_id":"315"}{"order":"","version_group_id":"8","move_id":"213","pokemon_move_method_id":"4","level":"0","pokemon_id":"315"}{"order":"","version_group_id":"8","move_id":"214","pokemon_move_method_id":"4","level":"0","pokemon_id":"315"}{"order":"","version_group_id":"8","move_id":"216","pokemon_move_method_id":"4","level":"0","pokemon_id":"315"}{"order":"","version_group_id":"8","move_id":"218","pokemon_move_method_id":"4","level":"0","pokemon_id":"315"}{"order":"","version_group_id":"8","move_id":"230","pokemon_move_method_id":"1","level":"31","pokemon_id":"315"}{"order":"","version_group_id":"8","move_id":"235","pokemon_move_method_id":"1","level":"46","pokemon_id":"315"}{"order":"","version_group_id":"8","move_id":"235","pokemon_move_method_id":"2","level":"0","pokemon_id":"315"}{"order":"","version_group_id":"8","move_id":"237","pokemon_move_method_id":"4","level":"0","pokemon_id":"315"}{"order":"","version_group_id":"8","move_id":"240","pokemon_move_method_id":"4","level":"0","pokemon_id":"315"}{"order":"","version_group_id":"8","move_id":"241","pokemon_move_method_id":"4","level":"0","pokemon_id":"315"}{"order":"","version_group_id":"8","move_id":"244","pokemon_move_method_id":"4","level":"0","pokemon_id":"315"}{"order":"","version_group_id":"8","move_id":"247","pokemon_move_method_id":"4","level":"0","pokemon_id":"315"}{"order":"","version_group_id":"8","move_id":"263","pokemon_move_method_id":"4","level":"0","pokemon_id":"315"}{"order":"","version_group_id":"8","move_id":"275","pokemon_move_method_id":"1","level":"34","pokemon_id":"315"}{"order":"","version_group_id":"8","move_id":"290","pokemon_move_method_id":"4","level":"0","pokemon_id":"315"}{"order":"","version_group_id":"8","move_id":"312","pokemon_move_method_id":"1","level":"43","pokemon_id":"315"}{"order":"","version_group_id":"8","move_id":"320","pokemon_move_method_id":"1","level":"22","pokemon_id":"315"}{"order":"","version_group_id":"8","move_id":"331","pokemon_move_method_id":"4","level":"0","pokemon_id":"315"}{"order":"","version_group_id":"8","move_id":"345","pokemon_move_method_id":"1","level":"19","pokemon_id":"315"}{"order":"","version_group_id":"8","move_id":"363","pokemon_move_method_id":"4","level":"0","pokemon_id":"315"}{"order":"","version_group_id":"8","move_id":"390","pokemon_move_method_id":"1","level":"28","pokemon_id":"315"}{"order":"","version_group_id":"8","move_id":"398","pokemon_move_method_id":"4","level":"0","pokemon_id":"315"}{"order":"","version_group_id":"8","move_id":"412","pokemon_move_method_id":"4","level":"0","pokemon_id":"315"}{"order":"","version_group_id":"8","move_id":"437","pokemon_move_method_id":"2","level":"0","pokemon_id":"315"}{"order":"","version_group_id":"8","move_id":"445","pokemon_move_method_id":"4","level":"0","pokemon_id":"315"}{"order":"","version_group_id":"8","move_id":"447","pokemon_move_method_id":"4","level":"0","pokemon_id":"315"}{"order":"","version_group_id":"9","move_id":"14","pokemon_move_method_id":"4","level":"0","pokemon_id":"315"}{"order":"","version_group_id":"9","move_id":"15","pokemon_move_method_id":"4","level":"0","pokemon_id":"315"}{"order":"","version_group_id":"9","move_id":"40","pokemon_move_method_id":"1","level":"7","pokemon_id":"315"}{"order":"","version_group_id":"9","move_id":"42","pokemon_move_method_id":"2","level":"0","pokemon_id":"315"}{"order":"","version_group_id":"9","move_id":"71","pokemon_move_method_id":"1","level":"1","pokemon_id":"315"}{"order":"","version_group_id":"9","move_id":"72","pokemon_move_method_id":"1","level":"13","pokemon_id":"315"}{"order":"","version_group_id":"9","move_id":"73","pokemon_move_method_id":"1","level":"16","pokemon_id":"315"}{"order":"","version_group_id":"9","move_id":"74","pokemon_move_method_id":"1","level":"4","pokemon_id":"315"}{"order":"","version_group_id":"9","move_id":"75","pokemon_move_method_id":"2","level":"0","pokemon_id":"315"}{"order":"","version_group_id":"9","move_id":"76","pokemon_move_method_id":"4","level":"0","pokemon_id":"315"}{"order":"","version_group_id":"9","move_id":"78","pokemon_move_method_id":"1","level":"10","pokemon_id":"315"}{"order":"","version_group_id":"9","move_id":"79","pokemon_move_method_id":"2","level":"0","pokemon_id":"315"}{"order":"","version_group_id":"9","move_id":"80","pokemon_move_method_id":"1","level":"40","pokemon_id":"315"}{"order":"","version_group_id":"9","move_id":"92","pokemon_move_method_id":"1","level":"37","pokemon_id":"315"}{"order":"","version_group_id":"9","move_id":"92","pokemon_move_method_id":"4","level":"0","pokemon_id":"315"}{"order":"","version_group_id":"9","move_id":"104","pokemon_move_method_id":"4","level":"0","pokemon_id":"315"}{"order":"","version_group_id":"9","move_id":"129","pokemon_move_method_id":"3","level":"0","pokemon_id":"315"}{"order":"","version_group_id":"9","move_id":"148","pokemon_move_method_id":"4","level":"0","pokemon_id":"315"}{"order":"","version_group_id":"9","move_id":"156","pokemon_move_method_id":"4","level":"0","pokemon_id":"315"}{"order":"","version_group_id":"9","move_id":"164","pokemon_move_method_id":"4","level":"0","pokemon_id":"315"}{"order":"","version_group_id":"9","move_id":"170","pokemon_move_method_id":"2","level":"0","pokemon_id":"315"}{"order":"","version_group_id":"9","move_id":"173","pokemon_move_method_id":"3","level":"0","pokemon_id":"315"}{"order":"","version_group_id":"9","move_id":"178","pokemon_move_method_id":"2","level":"0","pokemon_id":"315"}{"order":"","version_group_id":"9","move_id":"182","pokemon_move_method_id":"4","level":"0","pokemon_id":"315"}{"order":"","version_group_id":"9","move_id":"188","pokemon_move_method_id":"4","level":"0","pokemon_id":"315"}{"order":"","version_group_id":"9","move_id":"189","pokemon_move_method_id":"3","level":"0","pokemon_id":"315"}{"order":"","version_group_id":"9","move_id":"191","pokemon_move_method_id":"2","level":"0","pokemon_id":"315"}{"order":"","version_group_id":"9","move_id":"202","pokemon_move_method_id":"1","level":"25","pokemon_id":"315"}{"order":"","version_group_id":"9","move_id":"202","pokemon_move_method_id":"4","level":"0","pokemon_id":"315"}{"order":"","version_group_id":"9","move_id":"203","pokemon_move_method_id":"4","level":"0","pokemon_id":"315"}{"order":"","version_group_id":"9","move_id":"207","pokemon_move_method_id":"4","level":"0","pokemon_id":"315"}{"order":"","version_group_id":"9","move_id":"210","pokemon_move_method_id":"3","level":"0","pokemon_id":"315"}{"order":"","version_group_id":"9","move_id":"213","pokemon_move_method_id":"4","level":"0","pokemon_id":"315"}{"order":"","version_group_id":"9","move_id":"214","pokemon_move_method_id":"4","level":"0","pokemon_id":"315"}{"order":"","version_group_id":"9","move_id":"216","pokemon_move_method_id":"4","level":"0","pokemon_id":"315"}{"order":"","version_group_id":"9","move_id":"218","pokemon_move_method_id":"4","level":"0","pokemon_id":"315"}{"order":"","version_group_id":"9","move_id":"230","pokemon_move_method_id":"1","level":"31","pokemon_id":"315"}{"order":"","version_group_id":"9","move_id":"235","pokemon_move_method_id":"1","level":"46","pokemon_id":"315"}{"order":"","version_group_id":"9","move_id":"235","pokemon_move_method_id":"2","level":"0","pokemon_id":"315"}{"order":"","version_group_id":"9","move_id":"235","pokemon_move_method_id":"3","level":"0","pokemon_id":"315"}{"order":"","version_group_id":"9","move_id":"237","pokemon_move_method_id":"4","level":"0","pokemon_id":"315"}{"order":"","version_group_id":"9","move_id":"240","pokemon_move_method_id":"4","level":"0","pokemon_id":"315"}{"order":"","version_group_id":"9","move_id":"241","pokemon_move_method_id":"4","level":"0","pokemon_id":"315"}{"order":"","version_group_id":"9","move_id":"244","pokemon_move_method_id":"4","level":"0","pokemon_id":"315"}{"order":"","version_group_id":"9","move_id":"247","pokemon_move_method_id":"4","level":"0","pokemon_id":"315"}{"order":"","version_group_id":"9","move_id":"263","pokemon_move_method_id":"4","level":"0","pokemon_id":"315"}{"order":"","version_group_id":"9","move_id":"275","pokemon_move_method_id":"1","level":"34","pokemon_id":"315"}{"order":"","version_group_id":"9","move_id":"290","pokemon_move_method_id":"4","level":"0","pokemon_id":"315"}{"order":"","version_group_id":"9","move_id":"312","pokemon_move_method_id":"1","level":"43","pokemon_id":"315"}{"order":"","version_group_id":"9","move_id":"320","pokemon_move_method_id":"1","level":"22","pokemon_id":"315"}{"order":"","version_group_id":"9","move_id":"331","pokemon_move_method_id":"4","level":"0","pokemon_id":"315"}{"order":"","version_group_id":"9","move_id":"345","pokemon_move_method_id":"1","level":"19","pokemon_id":"315"}{"order":"","version_group_id":"9","move_id":"363","pokemon_move_method_id":"4","level":"0","pokemon_id":"315"}{"order":"","version_group_id":"9","move_id":"390","pokemon_move_method_id":"1","level":"28","pokemon_id":"315"}{"order":"","version_group_id":"9","move_id":"398","pokemon_move_method_id":"4","level":"0","pokemon_id":"315"}{"order":"","version_group_id":"9","move_id":"402","pokemon_move_method_id":"3","level":"0","pokemon_id":"315"}{"order":"","version_group_id":"9","move_id":"412","pokemon_move_method_id":"4","level":"0","pokemon_id":"315"}{"order":"","version_group_id":"9","move_id":"437","pokemon_move_method_id":"2","level":"0","pokemon_id":"315"}{"order":"","version_group_id":"9","move_id":"445","pokemon_move_method_id":"4","level":"0","pokemon_id":"315"}{"order":"","version_group_id":"9","move_id":"447","pokemon_move_method_id":"4","level":"0","pokemon_id":"315"}{"order":"","version_group_id":"10","move_id":"14","pokemon_move_method_id":"4","level":"0","pokemon_id":"315"}{"order":"","version_group_id":"10","move_id":"15","pokemon_move_method_id":"4","level":"0","pokemon_id":"315"}{"order":"","version_group_id":"10","move_id":"40","pokemon_move_method_id":"1","level":"7","pokemon_id":"315"}{"order":"","version_group_id":"10","move_id":"42","pokemon_move_method_id":"2","level":"0","pokemon_id":"315"}{"order":"","version_group_id":"10","move_id":"71","pokemon_move_method_id":"1","level":"1","pokemon_id":"315"}{"order":"","version_group_id":"10","move_id":"72","pokemon_move_method_id":"1","level":"13","pokemon_id":"315"}{"order":"","version_group_id":"10","move_id":"73","pokemon_move_method_id":"1","level":"16","pokemon_id":"315"}{"order":"","version_group_id":"10","move_id":"74","pokemon_move_method_id":"1","level":"4","pokemon_id":"315"}{"order":"","version_group_id":"10","move_id":"75","pokemon_move_method_id":"2","level":"0","pokemon_id":"315"}{"order":"","version_group_id":"10","move_id":"76","pokemon_move_method_id":"4","level":"0","pokemon_id":"315"}{"order":"","version_group_id":"10","move_id":"78","pokemon_move_method_id":"1","level":"10","pokemon_id":"315"}{"order":"","version_group_id":"10","move_id":"79","pokemon_move_method_id":"2","level":"0","pokemon_id":"315"}{"order":"","version_group_id":"10","move_id":"80","pokemon_move_method_id":"1","level":"40","pokemon_id":"315"}{"order":"","version_group_id":"10","move_id":"92","pokemon_move_method_id":"1","level":"37","pokemon_id":"315"}{"order":"","version_group_id":"10","move_id":"92","pokemon_move_method_id":"4","level":"0","pokemon_id":"315"}{"order":"","version_group_id":"10","move_id":"104","pokemon_move_method_id":"4","level":"0","pokemon_id":"315"}{"order":"","version_group_id":"10","move_id":"129","pokemon_move_method_id":"3","level":"0","pokemon_id":"315"}{"order":"","version_group_id":"10","move_id":"148","pokemon_move_method_id":"4","level":"0","pokemon_id":"315"}{"order":"","version_group_id":"10","move_id":"156","pokemon_move_method_id":"4","level":"0","pokemon_id":"315"}{"order":"","version_group_id":"10","move_id":"164","pokemon_move_method_id":"4","level":"0","pokemon_id":"315"}{"order":"","version_group_id":"10","move_id":"170","pokemon_move_method_id":"2","level":"0","pokemon_id":"315"}{"order":"","version_group_id":"10","move_id":"173","pokemon_move_method_id":"3","level":"0","pokemon_id":"315"}{"order":"","version_group_id":"10","move_id":"178","pokemon_move_method_id":"2","level":"0","pokemon_id":"315"}{"order":"","version_group_id":"10","move_id":"182","pokemon_move_method_id":"4","level":"0","pokemon_id":"315"}{"order":"","version_group_id":"10","move_id":"188","pokemon_move_method_id":"4","level":"0","pokemon_id":"315"}{"order":"","version_group_id":"10","move_id":"189","pokemon_move_method_id":"3","level":"0","pokemon_id":"315"}{"order":"","version_group_id":"10","move_id":"191","pokemon_move_method_id":"2","level":"0","pokemon_id":"315"}{"order":"","version_group_id":"10","move_id":"202","pokemon_move_method_id":"1","level":"25","pokemon_id":"315"}{"order":"","version_group_id":"10","move_id":"202","pokemon_move_method_id":"4","level":"0","pokemon_id":"315"}{"order":"","version_group_id":"10","move_id":"203","pokemon_move_method_id":"4","level":"0","pokemon_id":"315"}{"order":"","version_group_id":"10","move_id":"207","pokemon_move_method_id":"4","level":"0","pokemon_id":"315"}{"order":"","version_group_id":"10","move_id":"210","pokemon_move_method_id":"3","level":"0","pokemon_id":"315"}{"order":"","version_group_id":"10","move_id":"213","pokemon_move_method_id":"4","level":"0","pokemon_id":"315"}{"order":"","version_group_id":"10","move_id":"214","pokemon_move_method_id":"4","level":"0","pokemon_id":"315"}{"order":"","version_group_id":"10","move_id":"216","pokemon_move_method_id":"4","level":"0","pokemon_id":"315"}{"order":"","version_group_id":"10","move_id":"218","pokemon_move_method_id":"4","level":"0","pokemon_id":"315"}{"order":"","version_group_id":"10","move_id":"230","pokemon_move_method_id":"1","level":"31","pokemon_id":"315"}{"order":"","version_group_id":"10","move_id":"235","pokemon_move_method_id":"1","level":"46","pokemon_id":"315"}{"order":"","version_group_id":"10","move_id":"235","pokemon_move_method_id":"2","level":"0","pokemon_id":"315"}{"order":"","version_group_id":"10","move_id":"235","pokemon_move_method_id":"3","level":"0","pokemon_id":"315"}{"order":"","version_group_id":"10","move_id":"237","pokemon_move_method_id":"4","level":"0","pokemon_id":"315"}{"order":"","version_group_id":"10","move_id":"240","pokemon_move_method_id":"4","level":"0","pokemon_id":"315"}{"order":"","version_group_id":"10","move_id":"241","pokemon_move_method_id":"4","level":"0","pokemon_id":"315"}{"order":"","version_group_id":"10","move_id":"244","pokemon_move_method_id":"4","level":"0","pokemon_id":"315"}{"order":"","version_group_id":"10","move_id":"247","pokemon_move_method_id":"4","level":"0","pokemon_id":"315"}{"order":"","version_group_id":"10","move_id":"263","pokemon_move_method_id":"4","level":"0","pokemon_id":"315"}{"order":"","version_group_id":"10","move_id":"275","pokemon_move_method_id":"1","level":"34","pokemon_id":"315"}{"order":"","version_group_id":"10","move_id":"290","pokemon_move_method_id":"4","level":"0","pokemon_id":"315"}{"order":"","version_group_id":"10","move_id":"312","pokemon_move_method_id":"1","level":"43","pokemon_id":"315"}{"order":"","version_group_id":"10","move_id":"320","pokemon_move_method_id":"1","level":"22","pokemon_id":"315"}{"order":"","version_group_id":"10","move_id":"331","pokemon_move_method_id":"4","level":"0","pokemon_id":"315"}{"order":"","version_group_id":"10","move_id":"345","pokemon_move_method_id":"1","level":"19","pokemon_id":"315"}{"order":"","version_group_id":"10","move_id":"363","pokemon_move_method_id":"4","level":"0","pokemon_id":"315"}{"order":"","version_group_id":"10","move_id":"388","pokemon_move_method_id":"3","level":"0","pokemon_id":"315"}{"order":"","version_group_id":"10","move_id":"390","pokemon_move_method_id":"1","level":"28","pokemon_id":"315"}{"order":"","version_group_id":"10","move_id":"398","pokemon_move_method_id":"4","level":"0","pokemon_id":"315"}{"order":"","version_group_id":"10","move_id":"402","pokemon_move_method_id":"3","level":"0","pokemon_id":"315"}{"order":"","version_group_id":"10","move_id":"412","pokemon_move_method_id":"4","level":"0","pokemon_id":"315"}{"order":"","version_group_id":"10","move_id":"437","pokemon_move_method_id":"2","level":"0","pokemon_id":"315"}{"order":"","version_group_id":"10","move_id":"445","pokemon_move_method_id":"4","level":"0","pokemon_id":"315"}{"order":"","version_group_id":"10","move_id":"447","pokemon_move_method_id":"4","level":"0","pokemon_id":"315"}{"order":"","version_group_id":"11","move_id":"14","pokemon_move_method_id":"4","level":"0","pokemon_id":"315"}{"order":"","version_group_id":"11","move_id":"15","pokemon_move_method_id":"4","level":"0","pokemon_id":"315"}{"order":"","version_group_id":"11","move_id":"40","pokemon_move_method_id":"1","level":"7","pokemon_id":"315"}{"order":"","version_group_id":"11","move_id":"42","pokemon_move_method_id":"2","level":"0","pokemon_id":"315"}{"order":"","version_group_id":"11","move_id":"71","pokemon_move_method_id":"1","level":"1","pokemon_id":"315"}{"order":"","version_group_id":"11","move_id":"72","pokemon_move_method_id":"1","level":"13","pokemon_id":"315"}{"order":"","version_group_id":"11","move_id":"73","pokemon_move_method_id":"1","level":"16","pokemon_id":"315"}{"order":"","version_group_id":"11","move_id":"74","pokemon_move_method_id":"1","level":"4","pokemon_id":"315"}{"order":"","version_group_id":"11","move_id":"75","pokemon_move_method_id":"2","level":"0","pokemon_id":"315"}{"order":"","version_group_id":"11","move_id":"76","pokemon_move_method_id":"4","level":"0","pokemon_id":"315"}{"order":"","version_group_id":"11","move_id":"78","pokemon_move_method_id":"1","level":"10","pokemon_id":"315"}{"order":"","version_group_id":"11","move_id":"79","pokemon_move_method_id":"2","level":"0","pokemon_id":"315"}{"order":"","version_group_id":"11","move_id":"80","pokemon_move_method_id":"1","level":"40","pokemon_id":"315"}{"order":"","version_group_id":"11","move_id":"92","pokemon_move_method_id":"1","level":"37","pokemon_id":"315"}{"order":"","version_group_id":"11","move_id":"92","pokemon_move_method_id":"4","level":"0","pokemon_id":"315"}{"order":"","version_group_id":"11","move_id":"104","pokemon_move_method_id":"4","level":"0","pokemon_id":"315"}{"order":"","version_group_id":"11","move_id":"148","pokemon_move_method_id":"4","level":"0","pokemon_id":"315"}{"order":"","version_group_id":"11","move_id":"156","pokemon_move_method_id":"4","level":"0","pokemon_id":"315"}{"order":"","version_group_id":"11","move_id":"164","pokemon_move_method_id":"4","level":"0","pokemon_id":"315"}{"order":"","version_group_id":"11","move_id":"170","pokemon_move_method_id":"2","level":"0","pokemon_id":"315"}{"order":"","version_group_id":"11","move_id":"178","pokemon_move_method_id":"2","level":"0","pokemon_id":"315"}{"order":"","version_group_id":"11","move_id":"182","pokemon_move_method_id":"4","level":"0","pokemon_id":"315"}{"order":"","version_group_id":"11","move_id":"188","pokemon_move_method_id":"4","level":"0","pokemon_id":"315"}{"order":"","version_group_id":"11","move_id":"191","pokemon_move_method_id":"2","level":"0","pokemon_id":"315"}{"order":"","version_group_id":"11","move_id":"202","pokemon_move_method_id":"1","level":"25","pokemon_id":"315"}{"order":"","version_group_id":"11","move_id":"202","pokemon_move_method_id":"2","level":"0","pokemon_id":"315"}{"order":"","version_group_id":"11","move_id":"207","pokemon_move_method_id":"4","level":"0","pokemon_id":"315"}{"order":"","version_group_id":"11","move_id":"213","pokemon_move_method_id":"4","level":"0","pokemon_id":"315"}{"order":"","version_group_id":"11","move_id":"216","pokemon_move_method_id":"4","level":"0","pokemon_id":"315"}{"order":"","version_group_id":"11","move_id":"218","pokemon_move_method_id":"4","level":"0","pokemon_id":"315"}{"order":"","version_group_id":"11","move_id":"230","pokemon_move_method_id":"1","level":"31","pokemon_id":"315"}{"order":"","version_group_id":"11","move_id":"235","pokemon_move_method_id":"1","level":"46","pokemon_id":"315"}{"order":"","version_group_id":"11","move_id":"235","pokemon_move_method_id":"2","level":"0","pokemon_id":"315"}{"order":"","version_group_id":"11","move_id":"237","pokemon_move_method_id":"4","level":"0","pokemon_id":"315"}{"order":"","version_group_id":"11","move_id":"240","pokemon_move_method_id":"4","level":"0","pokemon_id":"315"}{"order":"","version_group_id":"11","move_id":"241","pokemon_move_method_id":"4","level":"0","pokemon_id":"315"}{"order":"","version_group_id":"11","move_id":"244","pokemon_move_method_id":"4","level":"0","pokemon_id":"315"}{"order":"","version_group_id":"11","move_id":"247","pokemon_move_method_id":"4","level":"0","pokemon_id":"315"}{"order":"","version_group_id":"11","move_id":"263","pokemon_move_method_id":"4","level":"0","pokemon_id":"315"}{"order":"","version_group_id":"11","move_id":"275","pokemon_move_method_id":"1","level":"34","pokemon_id":"315"}{"order":"","version_group_id":"11","move_id":"312","pokemon_move_method_id":"1","level":"43","pokemon_id":"315"}{"order":"","version_group_id":"11","move_id":"320","pokemon_move_method_id":"1","level":"22","pokemon_id":"315"}{"order":"","version_group_id":"11","move_id":"320","pokemon_move_method_id":"2","level":"0","pokemon_id":"315"}{"order":"","version_group_id":"11","move_id":"345","pokemon_move_method_id":"1","level":"19","pokemon_id":"315"}{"order":"","version_group_id":"11","move_id":"363","pokemon_move_method_id":"2","level":"0","pokemon_id":"315"}{"order":"","version_group_id":"11","move_id":"390","pokemon_move_method_id":"1","level":"28","pokemon_id":"315"}{"order":"","version_group_id":"11","move_id":"398","pokemon_move_method_id":"4","level":"0","pokemon_id":"315"}{"order":"","version_group_id":"11","move_id":"402","pokemon_move_method_id":"2","level":"0","pokemon_id":"315"}{"order":"","version_group_id":"11","move_id":"412","pokemon_move_method_id":"4","level":"0","pokemon_id":"315"}{"order":"","version_group_id":"11","move_id":"437","pokemon_move_method_id":"2","level":"0","pokemon_id":"315"}{"order":"","version_group_id":"11","move_id":"447","pokemon_move_method_id":"4","level":"0","pokemon_id":"315"}{"order":"","version_group_id":"11","move_id":"474","pokemon_move_method_id":"4","level":"0","pokemon_id":"315"}{"order":"","version_group_id":"11","move_id":"496","pokemon_move_method_id":"4","level":"0","pokemon_id":"315"}{"order":"","version_group_id":"12","move_id":"15","pokemon_move_method_id":"4","level":"0","pokemon_id":"315"}{"order":"","version_group_id":"12","move_id":"40","pokemon_move_method_id":"1","level":"9","pokemon_id":"315"}{"order":"","version_group_id":"12","move_id":"71","pokemon_move_method_id":"1","level":"1","pokemon_id":"315"}{"order":"","version_group_id":"12","move_id":"72","pokemon_move_method_id":"1","level":"17","pokemon_id":"315"}{"order":"","version_group_id":"12","move_id":"73","pokemon_move_method_id":"1","level":"21","pokemon_id":"315"}{"order":"","version_group_id":"12","move_id":"74","pokemon_move_method_id":"1","level":"5","pokemon_id":"315"}{"order":"","version_group_id":"12","move_id":"76","pokemon_move_method_id":"4","level":"0","pokemon_id":"315"}{"order":"","version_group_id":"12","move_id":"78","pokemon_move_method_id":"1","level":"13","pokemon_id":"315"}{"order":"","version_group_id":"12","move_id":"80","pokemon_move_method_id":"1","level":"49","pokemon_id":"315"}{"order":"","version_group_id":"12","move_id":"92","pokemon_move_method_id":"1","level":"45","pokemon_id":"315"}{"order":"","version_group_id":"12","move_id":"92","pokemon_move_method_id":"4","level":"0","pokemon_id":"315"}{"order":"","version_group_id":"12","move_id":"104","pokemon_move_method_id":"4","level":"0","pokemon_id":"315"}{"order":"","version_group_id":"12","move_id":"148","pokemon_move_method_id":"4","level":"0","pokemon_id":"315"}{"order":"","version_group_id":"12","move_id":"156","pokemon_move_method_id":"4","level":"0","pokemon_id":"315"}{"order":"","version_group_id":"12","move_id":"182","pokemon_move_method_id":"4","level":"0","pokemon_id":"315"}{"order":"","version_group_id":"12","move_id":"188","pokemon_move_method_id":"4","level":"0","pokemon_id":"315"}{"order":"","version_group_id":"12","move_id":"202","pokemon_move_method_id":"1","level":"33","pokemon_id":"315"}{"order":"","version_group_id":"12","move_id":"202","pokemon_move_method_id":"4","level":"0","pokemon_id":"315"}{"order":"","version_group_id":"12","move_id":"213","pokemon_move_method_id":"4","level":"0","pokemon_id":"315"}{"order":"","version_group_id":"12","move_id":"216","pokemon_move_method_id":"4","level":"0","pokemon_id":"315"}{"order":"","version_group_id":"12","move_id":"218","pokemon_move_method_id":"4","level":"0","pokemon_id":"315"}{"order":"","version_group_id":"12","move_id":"230","pokemon_move_method_id":"1","level":"37","pokemon_id":"315"}{"order":"","version_group_id":"12","move_id":"235","pokemon_move_method_id":"1","level":"57","pokemon_id":"315"}{"order":"","version_group_id":"12","move_id":"237","pokemon_move_method_id":"4","level":"0","pokemon_id":"315"}{"order":"","version_group_id":"12","move_id":"241","pokemon_move_method_id":"4","level":"0","pokemon_id":"315"}{"order":"","version_group_id":"12","move_id":"247","pokemon_move_method_id":"4","level":"0","pokemon_id":"315"}{"order":"","version_group_id":"12","move_id":"263","pokemon_move_method_id":"4","level":"0","pokemon_id":"315"}{"order":"","version_group_id":"12","move_id":"275","pokemon_move_method_id":"1","level":"41","pokemon_id":"315"}{"order":"","version_group_id":"12","move_id":"290","pokemon_move_method_id":"4","level":"0","pokemon_id":"315"}{"order":"","version_group_id":"12","move_id":"312","pokemon_move_method_id":"1","level":"53","pokemon_id":"315"}{"order":"","version_group_id":"12","move_id":"320","pokemon_move_method_id":"1","level":"29","pokemon_id":"315"}{"order":"","version_group_id":"12","move_id":"331","pokemon_move_method_id":"4","level":"0","pokemon_id":"315"}{"order":"","version_group_id":"12","move_id":"345","pokemon_move_method_id":"1","level":"25","pokemon_id":"315"}{"order":"","version_group_id":"13","move_id":"15","pokemon_move_method_id":"4","level":"0","pokemon_id":"315"}{"order":"","version_group_id":"13","move_id":"34","pokemon_move_method_id":"3","level":"0","pokemon_id":"315"}{"order":"","version_group_id":"13","move_id":"38","pokemon_move_method_id":"3","level":"0","pokemon_id":"315"}{"order":"","version_group_id":"13","move_id":"40","pokemon_move_method_id":"1","level":"9","pokemon_id":"315"}{"order":"","version_group_id":"13","move_id":"71","pokemon_move_method_id":"1","level":"1","pokemon_id":"315"}{"order":"","version_group_id":"13","move_id":"72","pokemon_move_method_id":"1","level":"17","pokemon_id":"315"}{"order":"","version_group_id":"13","move_id":"73","pokemon_move_method_id":"1","level":"21","pokemon_id":"315"}{"order":"","version_group_id":"13","move_id":"74","pokemon_move_method_id":"1","level":"5","pokemon_id":"315"}{"order":"","version_group_id":"13","move_id":"76","pokemon_move_method_id":"4","level":"0","pokemon_id":"315"}{"order":"","version_group_id":"13","move_id":"78","pokemon_move_method_id":"1","level":"13","pokemon_id":"315"}{"order":"","version_group_id":"13","move_id":"80","pokemon_move_method_id":"1","level":"49","pokemon_id":"315"}{"order":"","version_group_id":"13","move_id":"92","pokemon_move_method_id":"1","level":"45","pokemon_id":"315"}{"order":"","version_group_id":"13","move_id":"92","pokemon_move_method_id":"4","level":"0","pokemon_id":"315"}{"order":"","version_group_id":"13","move_id":"102","pokemon_move_method_id":"3","level":"0","pokemon_id":"315"}{"order":"","version_group_id":"13","move_id":"104","pokemon_move_method_id":"4","level":"0","pokemon_id":"315"}{"order":"","version_group_id":"13","move_id":"148","pokemon_move_method_id":"4","level":"0","pokemon_id":"315"}{"order":"","version_group_id":"13","move_id":"156","pokemon_move_method_id":"4","level":"0","pokemon_id":"315"}{"order":"","version_group_id":"13","move_id":"164","pokemon_move_method_id":"3","level":"0","pokemon_id":"315"}{"order":"","version_group_id":"13","move_id":"171","pokemon_move_method_id":"3","level":"0","pokemon_id":"315"}{"order":"","version_group_id":"13","move_id":"182","pokemon_move_method_id":"4","level":"0","pokemon_id":"315"}{"order":"","version_group_id":"13","move_id":"188","pokemon_move_method_id":"4","level":"0","pokemon_id":"315"}{"order":"","version_group_id":"13","move_id":"202","pokemon_move_method_id":"1","level":"33","pokemon_id":"315"}{"order":"","version_group_id":"13","move_id":"202","pokemon_move_method_id":"4","level":"0","pokemon_id":"315"}{"order":"","version_group_id":"13","move_id":"207","pokemon_move_method_id":"3","level":"0","pokemon_id":"315"}{"order":"","version_group_id":"13","move_id":"213","pokemon_move_method_id":"4","level":"0","pokemon_id":"315"}{"order":"","version_group_id":"13","move_id":"216","pokemon_move_method_id":"4","level":"0","pokemon_id":"315"}{"order":"","version_group_id":"13","move_id":"218","pokemon_move_method_id":"4","level":"0","pokemon_id":"315"}{"order":"","version_group_id":"13","move_id":"230","pokemon_move_method_id":"1","level":"37","pokemon_id":"315"}{"order":"","version_group_id":"13","move_id":"235","pokemon_move_method_id":"1","level":"57","pokemon_id":"315"}{"order":"","version_group_id":"13","move_id":"237","pokemon_move_method_id":"4","level":"0","pokemon_id":"315"}{"order":"","version_group_id":"13","move_id":"241","pokemon_move_method_id":"4","level":"0","pokemon_id":"315"}{"order":"","version_group_id":"13","move_id":"247","pokemon_move_method_id":"4","level":"0","pokemon_id":"315"}{"order":"","version_group_id":"13","move_id":"263","pokemon_move_method_id":"4","level":"0","pokemon_id":"315"}{"order":"","version_group_id":"13","move_id":"275","pokemon_move_method_id":"1","level":"41","pokemon_id":"315"}{"order":"","version_group_id":"13","move_id":"290","pokemon_move_method_id":"4","level":"0","pokemon_id":"315"}{"order":"","version_group_id":"13","move_id":"312","pokemon_move_method_id":"1","level":"53","pokemon_id":"315"}{"order":"","version_group_id":"13","move_id":"320","pokemon_move_method_id":"1","level":"29","pokemon_id":"315"}{"order":"","version_group_id":"13","move_id":"331","pokemon_move_method_id":"4","level":"0","pokemon_id":"315"}{"order":"","version_group_id":"13","move_id":"345","pokemon_move_method_id":"1","level":"25","pokemon_id":"315"}{"order":"","version_group_id":"14","move_id":"14","pokemon_move_method_id":"4","level":"0","pokemon_id":"315"}{"order":"","version_group_id":"14","move_id":"15","pokemon_move_method_id":"4","level":"0","pokemon_id":"315"}{"order":"","version_group_id":"14","move_id":"40","pokemon_move_method_id":"1","level":"7","pokemon_id":"315"}{"order":"","version_group_id":"14","move_id":"42","pokemon_move_method_id":"2","level":"0","pokemon_id":"315"}{"order":"","version_group_id":"14","move_id":"71","pokemon_move_method_id":"1","level":"1","pokemon_id":"315"}{"order":"","version_group_id":"14","move_id":"72","pokemon_move_method_id":"1","level":"13","pokemon_id":"315"}{"order":"","version_group_id":"14","move_id":"73","pokemon_move_method_id":"1","level":"16","pokemon_id":"315"}{"order":"","version_group_id":"14","move_id":"74","pokemon_move_method_id":"1","level":"4","pokemon_id":"315"}{"order":"","version_group_id":"14","move_id":"75","pokemon_move_method_id":"2","level":"0","pokemon_id":"315"}{"order":"","version_group_id":"14","move_id":"76","pokemon_move_method_id":"4","level":"0","pokemon_id":"315"}{"order":"","version_group_id":"14","move_id":"78","pokemon_move_method_id":"1","level":"10","pokemon_id":"315"}{"order":"","version_group_id":"14","move_id":"79","pokemon_move_method_id":"2","level":"0","pokemon_id":"315"}{"order":"","version_group_id":"14","move_id":"80","pokemon_move_method_id":"1","level":"37","pokemon_id":"315"}{"order":"","version_group_id":"14","move_id":"92","pokemon_move_method_id":"1","level":"40","pokemon_id":"315"}{"order":"","version_group_id":"14","move_id":"92","pokemon_move_method_id":"4","level":"0","pokemon_id":"315"}{"order":"","version_group_id":"14","move_id":"104","pokemon_move_method_id":"4","level":"0","pokemon_id":"315"}{"order":"","version_group_id":"14","move_id":"148","pokemon_move_method_id":"4","level":"0","pokemon_id":"315"}{"order":"","version_group_id":"14","move_id":"156","pokemon_move_method_id":"4","level":"0","pokemon_id":"315"}{"order":"","version_group_id":"14","move_id":"164","pokemon_move_method_id":"4","level":"0","pokemon_id":"315"}{"order":"","version_group_id":"14","move_id":"170","pokemon_move_method_id":"2","level":"0","pokemon_id":"315"}{"order":"","version_group_id":"14","move_id":"173","pokemon_move_method_id":"3","level":"0","pokemon_id":"315"}{"order":"","version_group_id":"14","move_id":"178","pokemon_move_method_id":"2","level":"0","pokemon_id":"315"}{"order":"","version_group_id":"14","move_id":"182","pokemon_move_method_id":"4","level":"0","pokemon_id":"315"}{"order":"","version_group_id":"14","move_id":"188","pokemon_move_method_id":"4","level":"0","pokemon_id":"315"}{"order":"","version_group_id":"14","move_id":"191","pokemon_move_method_id":"2","level":"0","pokemon_id":"315"}{"order":"","version_group_id":"14","move_id":"202","pokemon_move_method_id":"1","level":"25","pokemon_id":"315"}{"order":"","version_group_id":"14","move_id":"202","pokemon_move_method_id":"2","level":"0","pokemon_id":"315"}{"order":"","version_group_id":"14","move_id":"202","pokemon_move_method_id":"3","level":"0","pokemon_id":"315"}{"order":"","version_group_id":"14","move_id":"207","pokemon_move_method_id":"4","level":"0","pokemon_id":"315"}{"order":"","version_group_id":"14","move_id":"213","pokemon_move_method_id":"4","level":"0","pokemon_id":"315"}{"order":"","version_group_id":"14","move_id":"214","pokemon_move_method_id":"3","level":"0","pokemon_id":"315"}{"order":"","version_group_id":"14","move_id":"216","pokemon_move_method_id":"4","level":"0","pokemon_id":"315"}{"order":"","version_group_id":"14","move_id":"218","pokemon_move_method_id":"4","level":"0","pokemon_id":"315"}{"order":"","version_group_id":"14","move_id":"230","pokemon_move_method_id":"1","level":"31","pokemon_id":"315"}{"order":"","version_group_id":"14","move_id":"235","pokemon_move_method_id":"1","level":"46","pokemon_id":"315"}{"order":"","version_group_id":"14","move_id":"235","pokemon_move_method_id":"2","level":"0","pokemon_id":"315"}{"order":"","version_group_id":"14","move_id":"235","pokemon_move_method_id":"3","level":"0","pokemon_id":"315"}{"order":"","version_group_id":"14","move_id":"237","pokemon_move_method_id":"4","level":"0","pokemon_id":"315"}{"order":"","version_group_id":"14","move_id":"240","pokemon_move_method_id":"4","level":"0","pokemon_id":"315"}{"order":"","version_group_id":"14","move_id":"241","pokemon_move_method_id":"4","level":"0","pokemon_id":"315"}{"order":"","version_group_id":"14","move_id":"244","pokemon_move_method_id":"4","level":"0","pokemon_id":"315"}{"order":"","version_group_id":"14","move_id":"247","pokemon_move_method_id":"4","level":"0","pokemon_id":"315"}{"order":"","version_group_id":"14","move_id":"263","pokemon_move_method_id":"4","level":"0","pokemon_id":"315"}{"order":"","version_group_id":"14","move_id":"275","pokemon_move_method_id":"1","level":"34","pokemon_id":"315"}{"order":"","version_group_id":"14","move_id":"312","pokemon_move_method_id":"1","level":"43","pokemon_id":"315"}{"order":"","version_group_id":"14","move_id":"320","pokemon_move_method_id":"1","level":"22","pokemon_id":"315"}{"order":"","version_group_id":"14","move_id":"320","pokemon_move_method_id":"2","level":"0","pokemon_id":"315"}{"order":"","version_group_id":"14","move_id":"343","pokemon_move_method_id":"3","level":"0","pokemon_id":"315"}{"order":"","version_group_id":"14","move_id":"345","pokemon_move_method_id":"1","level":"19","pokemon_id":"315"}{"order":"","version_group_id":"14","move_id":"363","pokemon_move_method_id":"2","level":"0","pokemon_id":"315"}{"order":"","version_group_id":"14","move_id":"388","pokemon_move_method_id":"3","level":"0","pokemon_id":"315"}{"order":"","version_group_id":"14","move_id":"390","pokemon_move_method_id":"1","level":"28","pokemon_id":"315"}{"order":"","version_group_id":"14","move_id":"398","pokemon_move_method_id":"4","level":"0","pokemon_id":"315"}{"order":"","version_group_id":"14","move_id":"402","pokemon_move_method_id":"2","level":"0","pokemon_id":"315"}{"order":"","version_group_id":"14","move_id":"402","pokemon_move_method_id":"3","level":"0","pokemon_id":"315"}{"order":"","version_group_id":"14","move_id":"412","pokemon_move_method_id":"4","level":"0","pokemon_id":"315"}{"order":"","version_group_id":"14","move_id":"437","pokemon_move_method_id":"2","level":"0","pokemon_id":"315"}{"order":"","version_group_id":"14","move_id":"447","pokemon_move_method_id":"4","level":"0","pokemon_id":"315"}{"order":"","version_group_id":"14","move_id":"474","pokemon_move_method_id":"4","level":"0","pokemon_id":"315"}{"order":"","version_group_id":"14","move_id":"496","pokemon_move_method_id":"4","level":"0","pokemon_id":"315"}{"order":"","version_group_id":"15","move_id":"14","pokemon_move_method_id":"4","level":"0","pokemon_id":"315"}{"order":"","version_group_id":"15","move_id":"15","pokemon_move_method_id":"4","level":"0","pokemon_id":"315"}{"order":"","version_group_id":"15","move_id":"40","pokemon_move_method_id":"1","level":"7","pokemon_id":"315"}{"order":"","version_group_id":"15","move_id":"42","pokemon_move_method_id":"2","level":"0","pokemon_id":"315"}{"order":"","version_group_id":"15","move_id":"71","pokemon_move_method_id":"1","level":"1","pokemon_id":"315"}{"order":"","version_group_id":"15","move_id":"72","pokemon_move_method_id":"1","level":"13","pokemon_id":"315"}{"order":"","version_group_id":"15","move_id":"73","pokemon_move_method_id":"1","level":"16","pokemon_id":"315"}{"order":"","version_group_id":"15","move_id":"74","pokemon_move_method_id":"1","level":"4","pokemon_id":"315"}{"order":"","version_group_id":"15","move_id":"75","pokemon_move_method_id":"2","level":"0","pokemon_id":"315"}{"order":"","version_group_id":"15","move_id":"76","pokemon_move_method_id":"4","level":"0","pokemon_id":"315"}{"order":"","version_group_id":"15","move_id":"78","pokemon_move_method_id":"1","level":"10","pokemon_id":"315"}{"order":"","version_group_id":"15","move_id":"79","pokemon_move_method_id":"2","level":"0","pokemon_id":"315"}{"order":"","version_group_id":"15","move_id":"80","pokemon_move_method_id":"1","level":"37","pokemon_id":"315"}{"order":"","version_group_id":"15","move_id":"92","pokemon_move_method_id":"1","level":"40","pokemon_id":"315"}{"order":"","version_group_id":"15","move_id":"92","pokemon_move_method_id":"4","level":"0","pokemon_id":"315"}{"order":"","version_group_id":"15","move_id":"104","pokemon_move_method_id":"4","level":"0","pokemon_id":"315"}{"order":"","version_group_id":"15","move_id":"148","pokemon_move_method_id":"4","level":"0","pokemon_id":"315"}{"order":"","version_group_id":"15","move_id":"156","pokemon_move_method_id":"4","level":"0","pokemon_id":"315"}{"order":"","version_group_id":"15","move_id":"164","pokemon_move_method_id":"4","level":"0","pokemon_id":"315"}{"order":"","version_group_id":"15","move_id":"170","pokemon_move_method_id":"2","level":"0","pokemon_id":"315"}{"order":"","version_group_id":"15","move_id":"178","pokemon_move_method_id":"2","level":"0","pokemon_id":"315"}{"order":"","version_group_id":"15","move_id":"182","pokemon_move_method_id":"4","level":"0","pokemon_id":"315"}{"order":"","version_group_id":"15","move_id":"188","pokemon_move_method_id":"4","level":"0","pokemon_id":"315"}{"order":"","version_group_id":"15","move_id":"191","pokemon_move_method_id":"2","level":"0","pokemon_id":"315"}{"order":"","version_group_id":"15","move_id":"202","pokemon_move_method_id":"1","level":"25","pokemon_id":"315"}{"order":"","version_group_id":"15","move_id":"202","pokemon_move_method_id":"2","level":"0","pokemon_id":"315"}{"order":"","version_group_id":"15","move_id":"207","pokemon_move_method_id":"4","level":"0","pokemon_id":"315"}{"order":"","version_group_id":"15","move_id":"213","pokemon_move_method_id":"4","level":"0","pokemon_id":"315"}{"order":"","version_group_id":"15","move_id":"214","pokemon_move_method_id":"4","level":"0","pokemon_id":"315"}{"order":"","version_group_id":"15","move_id":"216","pokemon_move_method_id":"4","level":"0","pokemon_id":"315"}{"order":"","version_group_id":"15","move_id":"218","pokemon_move_method_id":"4","level":"0","pokemon_id":"315"}{"order":"","version_group_id":"15","move_id":"230","pokemon_move_method_id":"1","level":"31","pokemon_id":"315"}{"order":"","version_group_id":"15","move_id":"235","pokemon_move_method_id":"1","level":"46","pokemon_id":"315"}{"order":"","version_group_id":"15","move_id":"235","pokemon_move_method_id":"2","level":"0","pokemon_id":"315"}{"order":"","version_group_id":"15","move_id":"237","pokemon_move_method_id":"4","level":"0","pokemon_id":"315"}{"order":"","version_group_id":"15","move_id":"240","pokemon_move_method_id":"4","level":"0","pokemon_id":"315"}{"order":"","version_group_id":"15","move_id":"241","pokemon_move_method_id":"4","level":"0","pokemon_id":"315"}{"order":"","version_group_id":"15","move_id":"244","pokemon_move_method_id":"4","level":"0","pokemon_id":"315"}{"order":"","version_group_id":"15","move_id":"247","pokemon_move_method_id":"4","level":"0","pokemon_id":"315"}{"order":"","version_group_id":"15","move_id":"263","pokemon_move_method_id":"4","level":"0","pokemon_id":"315"}{"order":"","version_group_id":"15","move_id":"267","pokemon_move_method_id":"4","level":"0","pokemon_id":"315"}{"order":"","version_group_id":"15","move_id":"275","pokemon_move_method_id":"1","level":"34","pokemon_id":"315"}{"order":"","version_group_id":"15","move_id":"312","pokemon_move_method_id":"1","level":"43","pokemon_id":"315"}{"order":"","version_group_id":"15","move_id":"320","pokemon_move_method_id":"1","level":"22","pokemon_id":"315"}{"order":"","version_group_id":"15","move_id":"320","pokemon_move_method_id":"2","level":"0","pokemon_id":"315"}{"order":"","version_group_id":"15","move_id":"345","pokemon_move_method_id":"1","level":"19","pokemon_id":"315"}{"order":"","version_group_id":"15","move_id":"363","pokemon_move_method_id":"2","level":"0","pokemon_id":"315"}{"order":"","version_group_id":"15","move_id":"390","pokemon_move_method_id":"1","level":"28","pokemon_id":"315"}{"order":"","version_group_id":"15","move_id":"398","pokemon_move_method_id":"4","level":"0","pokemon_id":"315"}{"order":"","version_group_id":"15","move_id":"402","pokemon_move_method_id":"2","level":"0","pokemon_id":"315"}{"order":"","version_group_id":"15","move_id":"412","pokemon_move_method_id":"4","level":"0","pokemon_id":"315"}{"order":"","version_group_id":"15","move_id":"437","pokemon_move_method_id":"2","level":"0","pokemon_id":"315"}{"order":"","version_group_id":"15","move_id":"447","pokemon_move_method_id":"4","level":"0","pokemon_id":"315"}{"order":"","version_group_id":"15","move_id":"474","pokemon_move_method_id":"4","level":"0","pokemon_id":"315"}{"order":"","version_group_id":"15","move_id":"496","pokemon_move_method_id":"4","level":"0","pokemon_id":"315"}{"order":"","version_group_id":"15","move_id":"572","pokemon_move_method_id":"1","level":"50","pokemon_id":"315"}{"order":"","version_group_id":"15","move_id":"590","pokemon_move_method_id":"4","level":"0","pokemon_id":"315"}{"order":"","version_group_id":"15","move_id":"605","pokemon_move_method_id":"4","level":"0","pokemon_id":"315"}