{"order":"1","version_group_id":"5","move_id":"10","pokemon_move_method_id":"1","level":"1","pokemon_id":"288"}{"order":"","version_group_id":"5","move_id":"15","pokemon_move_method_id":"4","level":"0","pokemon_id":"288"}{"order":"","version_group_id":"5","move_id":"46","pokemon_move_method_id":"4","level":"0","pokemon_id":"288"}{"order":"","version_group_id":"5","move_id":"53","pokemon_move_method_id":"4","level":"0","pokemon_id":"288"}{"order":"","version_group_id":"5","move_id":"58","pokemon_move_method_id":"4","level":"0","pokemon_id":"288"}{"order":"","version_group_id":"5","move_id":"59","pokemon_move_method_id":"4","level":"0","pokemon_id":"288"}{"order":"","version_group_id":"5","move_id":"68","pokemon_move_method_id":"1","level":"37","pokemon_id":"288"}{"order":"","version_group_id":"5","move_id":"70","pokemon_move_method_id":"4","level":"0","pokemon_id":"288"}{"order":"","version_group_id":"5","move_id":"76","pokemon_move_method_id":"4","level":"0","pokemon_id":"288"}{"order":"","version_group_id":"5","move_id":"85","pokemon_move_method_id":"4","level":"0","pokemon_id":"288"}{"order":"","version_group_id":"5","move_id":"87","pokemon_move_method_id":"4","level":"0","pokemon_id":"288"}{"order":"","version_group_id":"5","move_id":"89","pokemon_move_method_id":"4","level":"0","pokemon_id":"288"}{"order":"","version_group_id":"5","move_id":"92","pokemon_move_method_id":"4","level":"0","pokemon_id":"288"}{"order":"","version_group_id":"5","move_id":"104","pokemon_move_method_id":"4","level":"0","pokemon_id":"288"}{"order":"2","version_group_id":"5","move_id":"116","pokemon_move_method_id":"1","level":"1","pokemon_id":"288"}{"order":"","version_group_id":"5","move_id":"126","pokemon_move_method_id":"4","level":"0","pokemon_id":"288"}{"order":"","version_group_id":"5","move_id":"154","pokemon_move_method_id":"1","level":"19","pokemon_id":"288"}{"order":"","version_group_id":"5","move_id":"156","pokemon_move_method_id":"4","level":"0","pokemon_id":"288"}{"order":"","version_group_id":"5","move_id":"163","pokemon_move_method_id":"1","level":"31","pokemon_id":"288"}{"order":"","version_group_id":"5","move_id":"179","pokemon_move_method_id":"1","level":"49","pokemon_id":"288"}{"order":"","version_group_id":"5","move_id":"182","pokemon_move_method_id":"4","level":"0","pokemon_id":"288"}{"order":"","version_group_id":"5","move_id":"203","pokemon_move_method_id":"1","level":"25","pokemon_id":"288"}{"order":"","version_group_id":"5","move_id":"213","pokemon_move_method_id":"4","level":"0","pokemon_id":"288"}{"order":"","version_group_id":"5","move_id":"216","pokemon_move_method_id":"4","level":"0","pokemon_id":"288"}{"order":"","version_group_id":"5","move_id":"218","pokemon_move_method_id":"4","level":"0","pokemon_id":"288"}{"order":"3","version_group_id":"5","move_id":"227","pokemon_move_method_id":"1","level":"1","pokemon_id":"288"}{"order":"","version_group_id":"5","move_id":"227","pokemon_move_method_id":"1","level":"7","pokemon_id":"288"}{"order":"","version_group_id":"5","move_id":"237","pokemon_move_method_id":"4","level":"0","pokemon_id":"288"}{"order":"","version_group_id":"5","move_id":"240","pokemon_move_method_id":"4","level":"0","pokemon_id":"288"}{"order":"","version_group_id":"5","move_id":"241","pokemon_move_method_id":"4","level":"0","pokemon_id":"288"}{"order":"","version_group_id":"5","move_id":"247","pokemon_move_method_id":"4","level":"0","pokemon_id":"288"}{"order":"","version_group_id":"5","move_id":"249","pokemon_move_method_id":"4","level":"0","pokemon_id":"288"}{"order":"4","version_group_id":"5","move_id":"253","pokemon_move_method_id":"1","level":"1","pokemon_id":"288"}{"order":"","version_group_id":"5","move_id":"253","pokemon_move_method_id":"1","level":"13","pokemon_id":"288"}{"order":"","version_group_id":"5","move_id":"263","pokemon_move_method_id":"4","level":"0","pokemon_id":"288"}{"order":"","version_group_id":"5","move_id":"264","pokemon_move_method_id":"1","level":"43","pokemon_id":"288"}{"order":"","version_group_id":"5","move_id":"264","pokemon_move_method_id":"4","level":"0","pokemon_id":"288"}{"order":"","version_group_id":"5","move_id":"269","pokemon_move_method_id":"4","level":"0","pokemon_id":"288"}{"order":"","version_group_id":"5","move_id":"280","pokemon_move_method_id":"4","level":"0","pokemon_id":"288"}{"order":"","version_group_id":"5","move_id":"290","pokemon_move_method_id":"4","level":"0","pokemon_id":"288"}{"order":"","version_group_id":"5","move_id":"332","pokemon_move_method_id":"4","level":"0","pokemon_id":"288"}{"order":"","version_group_id":"5","move_id":"339","pokemon_move_method_id":"4","level":"0","pokemon_id":"288"}{"order":"","version_group_id":"5","move_id":"351","pokemon_move_method_id":"4","level":"0","pokemon_id":"288"}{"order":"","version_group_id":"5","move_id":"352","pokemon_move_method_id":"4","level":"0","pokemon_id":"288"}{"order":"","version_group_id":"6","move_id":"5","pokemon_move_method_id":"3","level":"0","pokemon_id":"288"}{"order":"","version_group_id":"6","move_id":"7","pokemon_move_method_id":"3","level":"0","pokemon_id":"288"}{"order":"","version_group_id":"6","move_id":"8","pokemon_move_method_id":"3","level":"0","pokemon_id":"288"}{"order":"","version_group_id":"6","move_id":"9","pokemon_move_method_id":"3","level":"0","pokemon_id":"288"}{"order":"1","version_group_id":"6","move_id":"10","pokemon_move_method_id":"1","level":"1","pokemon_id":"288"}{"order":"","version_group_id":"6","move_id":"15","pokemon_move_method_id":"4","level":"0","pokemon_id":"288"}{"order":"","version_group_id":"6","move_id":"25","pokemon_move_method_id":"3","level":"0","pokemon_id":"288"}{"order":"","version_group_id":"6","move_id":"34","pokemon_move_method_id":"3","level":"0","pokemon_id":"288"}{"order":"","version_group_id":"6","move_id":"38","pokemon_move_method_id":"3","level":"0","pokemon_id":"288"}{"order":"","version_group_id":"6","move_id":"46","pokemon_move_method_id":"4","level":"0","pokemon_id":"288"}{"order":"","version_group_id":"6","move_id":"53","pokemon_move_method_id":"4","level":"0","pokemon_id":"288"}{"order":"","version_group_id":"6","move_id":"58","pokemon_move_method_id":"4","level":"0","pokemon_id":"288"}{"order":"","version_group_id":"6","move_id":"59","pokemon_move_method_id":"4","level":"0","pokemon_id":"288"}{"order":"","version_group_id":"6","move_id":"68","pokemon_move_method_id":"1","level":"37","pokemon_id":"288"}{"order":"","version_group_id":"6","move_id":"68","pokemon_move_method_id":"3","level":"0","pokemon_id":"288"}{"order":"","version_group_id":"6","move_id":"69","pokemon_move_method_id":"3","level":"0","pokemon_id":"288"}{"order":"","version_group_id":"6","move_id":"70","pokemon_move_method_id":"4","level":"0","pokemon_id":"288"}{"order":"","version_group_id":"6","move_id":"76","pokemon_move_method_id":"4","level":"0","pokemon_id":"288"}{"order":"","version_group_id":"6","move_id":"85","pokemon_move_method_id":"4","level":"0","pokemon_id":"288"}{"order":"","version_group_id":"6","move_id":"87","pokemon_move_method_id":"4","level":"0","pokemon_id":"288"}{"order":"","version_group_id":"6","move_id":"89","pokemon_move_method_id":"4","level":"0","pokemon_id":"288"}{"order":"","version_group_id":"6","move_id":"92","pokemon_move_method_id":"4","level":"0","pokemon_id":"288"}{"order":"","version_group_id":"6","move_id":"102","pokemon_move_method_id":"3","level":"0","pokemon_id":"288"}{"order":"","version_group_id":"6","move_id":"104","pokemon_move_method_id":"4","level":"0","pokemon_id":"288"}{"order":"2","version_group_id":"6","move_id":"116","pokemon_move_method_id":"1","level":"1","pokemon_id":"288"}{"order":"","version_group_id":"6","move_id":"126","pokemon_move_method_id":"4","level":"0","pokemon_id":"288"}{"order":"","version_group_id":"6","move_id":"154","pokemon_move_method_id":"1","level":"19","pokemon_id":"288"}{"order":"","version_group_id":"6","move_id":"156","pokemon_move_method_id":"4","level":"0","pokemon_id":"288"}{"order":"","version_group_id":"6","move_id":"157","pokemon_move_method_id":"3","level":"0","pokemon_id":"288"}{"order":"","version_group_id":"6","move_id":"163","pokemon_move_method_id":"1","level":"31","pokemon_id":"288"}{"order":"","version_group_id":"6","move_id":"164","pokemon_move_method_id":"3","level":"0","pokemon_id":"288"}{"order":"","version_group_id":"6","move_id":"173","pokemon_move_method_id":"3","level":"0","pokemon_id":"288"}{"order":"","version_group_id":"6","move_id":"179","pokemon_move_method_id":"1","level":"49","pokemon_id":"288"}{"order":"","version_group_id":"6","move_id":"182","pokemon_move_method_id":"4","level":"0","pokemon_id":"288"}{"order":"","version_group_id":"6","move_id":"189","pokemon_move_method_id":"3","level":"0","pokemon_id":"288"}{"order":"","version_group_id":"6","move_id":"196","pokemon_move_method_id":"3","level":"0","pokemon_id":"288"}{"order":"","version_group_id":"6","move_id":"203","pokemon_move_method_id":"1","level":"25","pokemon_id":"288"}{"order":"","version_group_id":"6","move_id":"203","pokemon_move_method_id":"3","level":"0","pokemon_id":"288"}{"order":"","version_group_id":"6","move_id":"207","pokemon_move_method_id":"3","level":"0","pokemon_id":"288"}{"order":"","version_group_id":"6","move_id":"210","pokemon_move_method_id":"3","level":"0","pokemon_id":"288"}{"order":"","version_group_id":"6","move_id":"213","pokemon_move_method_id":"4","level":"0","pokemon_id":"288"}{"order":"","version_group_id":"6","move_id":"214","pokemon_move_method_id":"3","level":"0","pokemon_id":"288"}{"order":"","version_group_id":"6","move_id":"216","pokemon_move_method_id":"4","level":"0","pokemon_id":"288"}{"order":"","version_group_id":"6","move_id":"218","pokemon_move_method_id":"4","level":"0","pokemon_id":"288"}{"order":"","version_group_id":"6","move_id":"223","pokemon_move_method_id":"3","level":"0","pokemon_id":"288"}{"order":"3","version_group_id":"6","move_id":"227","pokemon_move_method_id":"1","level":"1","pokemon_id":"288"}{"order":"","version_group_id":"6","move_id":"227","pokemon_move_method_id":"1","level":"7","pokemon_id":"288"}{"order":"","version_group_id":"6","move_id":"237","pokemon_move_method_id":"4","level":"0","pokemon_id":"288"}{"order":"","version_group_id":"6","move_id":"240","pokemon_move_method_id":"4","level":"0","pokemon_id":"288"}{"order":"","version_group_id":"6","move_id":"241","pokemon_move_method_id":"4","level":"0","pokemon_id":"288"}{"order":"","version_group_id":"6","move_id":"247","pokemon_move_method_id":"4","level":"0","pokemon_id":"288"}{"order":"","version_group_id":"6","move_id":"249","pokemon_move_method_id":"4","level":"0","pokemon_id":"288"}{"order":"4","version_group_id":"6","move_id":"253","pokemon_move_method_id":"1","level":"1","pokemon_id":"288"}{"order":"","version_group_id":"6","move_id":"253","pokemon_move_method_id":"1","level":"13","pokemon_id":"288"}{"order":"","version_group_id":"6","move_id":"263","pokemon_move_method_id":"4","level":"0","pokemon_id":"288"}{"order":"","version_group_id":"6","move_id":"264","pokemon_move_method_id":"1","level":"43","pokemon_id":"288"}{"order":"","version_group_id":"6","move_id":"264","pokemon_move_method_id":"4","level":"0","pokemon_id":"288"}{"order":"","version_group_id":"6","move_id":"269","pokemon_move_method_id":"4","level":"0","pokemon_id":"288"}{"order":"","version_group_id":"6","move_id":"280","pokemon_move_method_id":"4","level":"0","pokemon_id":"288"}{"order":"","version_group_id":"6","move_id":"290","pokemon_move_method_id":"4","level":"0","pokemon_id":"288"}{"order":"","version_group_id":"6","move_id":"332","pokemon_move_method_id":"4","level":"0","pokemon_id":"288"}{"order":"","version_group_id":"6","move_id":"339","pokemon_move_method_id":"4","level":"0","pokemon_id":"288"}{"order":"","version_group_id":"6","move_id":"351","pokemon_move_method_id":"4","level":"0","pokemon_id":"288"}{"order":"","version_group_id":"6","move_id":"352","pokemon_move_method_id":"4","level":"0","pokemon_id":"288"}{"order":"","version_group_id":"7","move_id":"5","pokemon_move_method_id":"3","level":"0","pokemon_id":"288"}{"order":"1","version_group_id":"7","move_id":"10","pokemon_move_method_id":"1","level":"1","pokemon_id":"288"}{"order":"","version_group_id":"7","move_id":"15","pokemon_move_method_id":"4","level":"0","pokemon_id":"288"}{"order":"","version_group_id":"7","move_id":"25","pokemon_move_method_id":"3","level":"0","pokemon_id":"288"}{"order":"","version_group_id":"7","move_id":"34","pokemon_move_method_id":"3","level":"0","pokemon_id":"288"}{"order":"","version_group_id":"7","move_id":"38","pokemon_move_method_id":"3","level":"0","pokemon_id":"288"}{"order":"","version_group_id":"7","move_id":"46","pokemon_move_method_id":"4","level":"0","pokemon_id":"288"}{"order":"","version_group_id":"7","move_id":"53","pokemon_move_method_id":"4","level":"0","pokemon_id":"288"}{"order":"","version_group_id":"7","move_id":"58","pokemon_move_method_id":"4","level":"0","pokemon_id":"288"}{"order":"","version_group_id":"7","move_id":"59","pokemon_move_method_id":"4","level":"0","pokemon_id":"288"}{"order":"","version_group_id":"7","move_id":"68","pokemon_move_method_id":"1","level":"37","pokemon_id":"288"}{"order":"","version_group_id":"7","move_id":"68","pokemon_move_method_id":"3","level":"0","pokemon_id":"288"}{"order":"","version_group_id":"7","move_id":"69","pokemon_move_method_id":"3","level":"0","pokemon_id":"288"}{"order":"","version_group_id":"7","move_id":"70","pokemon_move_method_id":"4","level":"0","pokemon_id":"288"}{"order":"","version_group_id":"7","move_id":"76","pokemon_move_method_id":"4","level":"0","pokemon_id":"288"}{"order":"","version_group_id":"7","move_id":"85","pokemon_move_method_id":"4","level":"0","pokemon_id":"288"}{"order":"","version_group_id":"7","move_id":"87","pokemon_move_method_id":"4","level":"0","pokemon_id":"288"}{"order":"","version_group_id":"7","move_id":"89","pokemon_move_method_id":"4","level":"0","pokemon_id":"288"}{"order":"","version_group_id":"7","move_id":"92","pokemon_move_method_id":"4","level":"0","pokemon_id":"288"}{"order":"","version_group_id":"7","move_id":"102","pokemon_move_method_id":"3","level":"0","pokemon_id":"288"}{"order":"","version_group_id":"7","move_id":"104","pokemon_move_method_id":"4","level":"0","pokemon_id":"288"}{"order":"2","version_group_id":"7","move_id":"116","pokemon_move_method_id":"1","level":"1","pokemon_id":"288"}{"order":"","version_group_id":"7","move_id":"126","pokemon_move_method_id":"4","level":"0","pokemon_id":"288"}{"order":"","version_group_id":"7","move_id":"154","pokemon_move_method_id":"1","level":"19","pokemon_id":"288"}{"order":"","version_group_id":"7","move_id":"156","pokemon_move_method_id":"4","level":"0","pokemon_id":"288"}{"order":"","version_group_id":"7","move_id":"157","pokemon_move_method_id":"3","level":"0","pokemon_id":"288"}{"order":"","version_group_id":"7","move_id":"163","pokemon_move_method_id":"1","level":"31","pokemon_id":"288"}{"order":"","version_group_id":"7","move_id":"164","pokemon_move_method_id":"3","level":"0","pokemon_id":"288"}{"order":"","version_group_id":"7","move_id":"179","pokemon_move_method_id":"1","level":"49","pokemon_id":"288"}{"order":"","version_group_id":"7","move_id":"182","pokemon_move_method_id":"4","level":"0","pokemon_id":"288"}{"order":"","version_group_id":"7","move_id":"203","pokemon_move_method_id":"1","level":"25","pokemon_id":"288"}{"order":"","version_group_id":"7","move_id":"213","pokemon_move_method_id":"4","level":"0","pokemon_id":"288"}{"order":"","version_group_id":"7","move_id":"216","pokemon_move_method_id":"4","level":"0","pokemon_id":"288"}{"order":"","version_group_id":"7","move_id":"218","pokemon_move_method_id":"4","level":"0","pokemon_id":"288"}{"order":"3","version_group_id":"7","move_id":"227","pokemon_move_method_id":"1","level":"1","pokemon_id":"288"}{"order":"","version_group_id":"7","move_id":"227","pokemon_move_method_id":"1","level":"7","pokemon_id":"288"}{"order":"","version_group_id":"7","move_id":"237","pokemon_move_method_id":"4","level":"0","pokemon_id":"288"}{"order":"","version_group_id":"7","move_id":"240","pokemon_move_method_id":"4","level":"0","pokemon_id":"288"}{"order":"","version_group_id":"7","move_id":"241","pokemon_move_method_id":"4","level":"0","pokemon_id":"288"}{"order":"","version_group_id":"7","move_id":"247","pokemon_move_method_id":"4","level":"0","pokemon_id":"288"}{"order":"","version_group_id":"7","move_id":"249","pokemon_move_method_id":"4","level":"0","pokemon_id":"288"}{"order":"4","version_group_id":"7","move_id":"253","pokemon_move_method_id":"1","level":"1","pokemon_id":"288"}{"order":"","version_group_id":"7","move_id":"253","pokemon_move_method_id":"1","level":"13","pokemon_id":"288"}{"order":"","version_group_id":"7","move_id":"263","pokemon_move_method_id":"4","level":"0","pokemon_id":"288"}{"order":"","version_group_id":"7","move_id":"264","pokemon_move_method_id":"1","level":"43","pokemon_id":"288"}{"order":"","version_group_id":"7","move_id":"264","pokemon_move_method_id":"4","level":"0","pokemon_id":"288"}{"order":"","version_group_id":"7","move_id":"269","pokemon_move_method_id":"4","level":"0","pokemon_id":"288"}{"order":"","version_group_id":"7","move_id":"280","pokemon_move_method_id":"4","level":"0","pokemon_id":"288"}{"order":"","version_group_id":"7","move_id":"290","pokemon_move_method_id":"4","level":"0","pokemon_id":"288"}{"order":"","version_group_id":"7","move_id":"332","pokemon_move_method_id":"4","level":"0","pokemon_id":"288"}{"order":"","version_group_id":"7","move_id":"339","pokemon_move_method_id":"4","level":"0","pokemon_id":"288"}{"order":"","version_group_id":"7","move_id":"351","pokemon_move_method_id":"4","level":"0","pokemon_id":"288"}{"order":"","version_group_id":"7","move_id":"352","pokemon_move_method_id":"4","level":"0","pokemon_id":"288"}{"order":"1","version_group_id":"8","move_id":"10","pokemon_move_method_id":"1","level":"1","pokemon_id":"288"}{"order":"","version_group_id":"8","move_id":"15","pokemon_move_method_id":"4","level":"0","pokemon_id":"288"}{"order":"","version_group_id":"8","move_id":"46","pokemon_move_method_id":"4","level":"0","pokemon_id":"288"}{"order":"","version_group_id":"8","move_id":"53","pokemon_move_method_id":"4","level":"0","pokemon_id":"288"}{"order":"","version_group_id":"8","move_id":"58","pokemon_move_method_id":"4","level":"0","pokemon_id":"288"}{"order":"","version_group_id":"8","move_id":"59","pokemon_move_method_id":"4","level":"0","pokemon_id":"288"}{"order":"","version_group_id":"8","move_id":"68","pokemon_move_method_id":"1","level":"37","pokemon_id":"288"}{"order":"","version_group_id":"8","move_id":"70","pokemon_move_method_id":"4","level":"0","pokemon_id":"288"}{"order":"","version_group_id":"8","move_id":"76","pokemon_move_method_id":"4","level":"0","pokemon_id":"288"}{"order":"","version_group_id":"8","move_id":"85","pokemon_move_method_id":"4","level":"0","pokemon_id":"288"}{"order":"","version_group_id":"8","move_id":"87","pokemon_move_method_id":"4","level":"0","pokemon_id":"288"}{"order":"","version_group_id":"8","move_id":"89","pokemon_move_method_id":"4","level":"0","pokemon_id":"288"}{"order":"","version_group_id":"8","move_id":"92","pokemon_move_method_id":"4","level":"0","pokemon_id":"288"}{"order":"","version_group_id":"8","move_id":"104","pokemon_move_method_id":"4","level":"0","pokemon_id":"288"}{"order":"2","version_group_id":"8","move_id":"116","pokemon_move_method_id":"1","level":"1","pokemon_id":"288"}{"order":"","version_group_id":"8","move_id":"126","pokemon_move_method_id":"4","level":"0","pokemon_id":"288"}{"order":"","version_group_id":"8","move_id":"154","pokemon_move_method_id":"1","level":"19","pokemon_id":"288"}{"order":"","version_group_id":"8","move_id":"156","pokemon_move_method_id":"4","level":"0","pokemon_id":"288"}{"order":"","version_group_id":"8","move_id":"157","pokemon_move_method_id":"4","level":"0","pokemon_id":"288"}{"order":"","version_group_id":"8","move_id":"163","pokemon_move_method_id":"1","level":"31","pokemon_id":"288"}{"order":"","version_group_id":"8","move_id":"164","pokemon_move_method_id":"4","level":"0","pokemon_id":"288"}{"order":"","version_group_id":"8","move_id":"179","pokemon_move_method_id":"1","level":"49","pokemon_id":"288"}{"order":"","version_group_id":"8","move_id":"182","pokemon_move_method_id":"4","level":"0","pokemon_id":"288"}{"order":"","version_group_id":"8","move_id":"203","pokemon_move_method_id":"1","level":"25","pokemon_id":"288"}{"order":"","version_group_id":"8","move_id":"203","pokemon_move_method_id":"4","level":"0","pokemon_id":"288"}{"order":"","version_group_id":"8","move_id":"207","pokemon_move_method_id":"4","level":"0","pokemon_id":"288"}{"order":"","version_group_id":"8","move_id":"213","pokemon_move_method_id":"4","level":"0","pokemon_id":"288"}{"order":"","version_group_id":"8","move_id":"214","pokemon_move_method_id":"4","level":"0","pokemon_id":"288"}{"order":"","version_group_id":"8","move_id":"216","pokemon_move_method_id":"4","level":"0","pokemon_id":"288"}{"order":"","version_group_id":"8","move_id":"218","pokemon_move_method_id":"4","level":"0","pokemon_id":"288"}{"order":"3","version_group_id":"8","move_id":"227","pokemon_move_method_id":"1","level":"1","pokemon_id":"288"}{"order":"","version_group_id":"8","move_id":"227","pokemon_move_method_id":"1","level":"7","pokemon_id":"288"}{"order":"","version_group_id":"8","move_id":"237","pokemon_move_method_id":"4","level":"0","pokemon_id":"288"}{"order":"","version_group_id":"8","move_id":"240","pokemon_move_method_id":"4","level":"0","pokemon_id":"288"}{"order":"","version_group_id":"8","move_id":"241","pokemon_move_method_id":"4","level":"0","pokemon_id":"288"}{"order":"","version_group_id":"8","move_id":"247","pokemon_move_method_id":"4","level":"0","pokemon_id":"288"}{"order":"","version_group_id":"8","move_id":"249","pokemon_move_method_id":"4","level":"0","pokemon_id":"288"}{"order":"4","version_group_id":"8","move_id":"253","pokemon_move_method_id":"1","level":"1","pokemon_id":"288"}{"order":"","version_group_id":"8","move_id":"253","pokemon_move_method_id":"1","level":"13","pokemon_id":"288"}{"order":"","version_group_id":"8","move_id":"263","pokemon_move_method_id":"4","level":"0","pokemon_id":"288"}{"order":"","version_group_id":"8","move_id":"264","pokemon_move_method_id":"1","level":"43","pokemon_id":"288"}{"order":"","version_group_id":"8","move_id":"264","pokemon_move_method_id":"4","level":"0","pokemon_id":"288"}{"order":"","version_group_id":"8","move_id":"269","pokemon_move_method_id":"4","level":"0","pokemon_id":"288"}{"order":"","version_group_id":"8","move_id":"280","pokemon_move_method_id":"4","level":"0","pokemon_id":"288"}{"order":"","version_group_id":"8","move_id":"290","pokemon_move_method_id":"4","level":"0","pokemon_id":"288"}{"order":"","version_group_id":"8","move_id":"317","pokemon_move_method_id":"4","level":"0","pokemon_id":"288"}{"order":"","version_group_id":"8","move_id":"332","pokemon_move_method_id":"4","level":"0","pokemon_id":"288"}{"order":"","version_group_id":"8","move_id":"339","pokemon_move_method_id":"4","level":"0","pokemon_id":"288"}{"order":"","version_group_id":"8","move_id":"351","pokemon_move_method_id":"4","level":"0","pokemon_id":"288"}{"order":"","version_group_id":"8","move_id":"352","pokemon_move_method_id":"4","level":"0","pokemon_id":"288"}{"order":"","version_group_id":"8","move_id":"363","pokemon_move_method_id":"4","level":"0","pokemon_id":"288"}{"order":"","version_group_id":"8","move_id":"374","pokemon_move_method_id":"4","level":"0","pokemon_id":"288"}{"order":"","version_group_id":"8","move_id":"411","pokemon_move_method_id":"4","level":"0","pokemon_id":"288"}{"order":"","version_group_id":"8","move_id":"421","pokemon_move_method_id":"4","level":"0","pokemon_id":"288"}{"order":"","version_group_id":"8","move_id":"431","pokemon_move_method_id":"4","level":"0","pokemon_id":"288"}{"order":"","version_group_id":"8","move_id":"445","pokemon_move_method_id":"4","level":"0","pokemon_id":"288"}{"order":"","version_group_id":"9","move_id":"7","pokemon_move_method_id":"3","level":"0","pokemon_id":"288"}{"order":"","version_group_id":"9","move_id":"8","pokemon_move_method_id":"3","level":"0","pokemon_id":"288"}{"order":"","version_group_id":"9","move_id":"9","pokemon_move_method_id":"3","level":"0","pokemon_id":"288"}{"order":"1","version_group_id":"9","move_id":"10","pokemon_move_method_id":"1","level":"1","pokemon_id":"288"}{"order":"","version_group_id":"9","move_id":"15","pokemon_move_method_id":"4","level":"0","pokemon_id":"288"}{"order":"","version_group_id":"9","move_id":"46","pokemon_move_method_id":"4","level":"0","pokemon_id":"288"}{"order":"","version_group_id":"9","move_id":"53","pokemon_move_method_id":"4","level":"0","pokemon_id":"288"}{"order":"","version_group_id":"9","move_id":"58","pokemon_move_method_id":"4","level":"0","pokemon_id":"288"}{"order":"","version_group_id":"9","move_id":"59","pokemon_move_method_id":"4","level":"0","pokemon_id":"288"}{"order":"","version_group_id":"9","move_id":"68","pokemon_move_method_id":"1","level":"37","pokemon_id":"288"}{"order":"","version_group_id":"9","move_id":"70","pokemon_move_method_id":"4","level":"0","pokemon_id":"288"}{"order":"","version_group_id":"9","move_id":"76","pokemon_move_method_id":"4","level":"0","pokemon_id":"288"}{"order":"","version_group_id":"9","move_id":"85","pokemon_move_method_id":"4","level":"0","pokemon_id":"288"}{"order":"","version_group_id":"9","move_id":"87","pokemon_move_method_id":"4","level":"0","pokemon_id":"288"}{"order":"","version_group_id":"9","move_id":"89","pokemon_move_method_id":"4","level":"0","pokemon_id":"288"}{"order":"","version_group_id":"9","move_id":"92","pokemon_move_method_id":"4","level":"0","pokemon_id":"288"}{"order":"","version_group_id":"9","move_id":"104","pokemon_move_method_id":"4","level":"0","pokemon_id":"288"}{"order":"2","version_group_id":"9","move_id":"116","pokemon_move_method_id":"1","level":"1","pokemon_id":"288"}{"order":"","version_group_id":"9","move_id":"126","pokemon_move_method_id":"4","level":"0","pokemon_id":"288"}{"order":"","version_group_id":"9","move_id":"154","pokemon_move_method_id":"1","level":"19","pokemon_id":"288"}{"order":"","version_group_id":"9","move_id":"156","pokemon_move_method_id":"4","level":"0","pokemon_id":"288"}{"order":"","version_group_id":"9","move_id":"157","pokemon_move_method_id":"4","level":"0","pokemon_id":"288"}{"order":"","version_group_id":"9","move_id":"163","pokemon_move_method_id":"1","level":"31","pokemon_id":"288"}{"order":"","version_group_id":"9","move_id":"164","pokemon_move_method_id":"4","level":"0","pokemon_id":"288"}{"order":"","version_group_id":"9","move_id":"179","pokemon_move_method_id":"1","level":"49","pokemon_id":"288"}{"order":"","version_group_id":"9","move_id":"182","pokemon_move_method_id":"4","level":"0","pokemon_id":"288"}{"order":"","version_group_id":"9","move_id":"189","pokemon_move_method_id":"3","level":"0","pokemon_id":"288"}{"order":"","version_group_id":"9","move_id":"196","pokemon_move_method_id":"3","level":"0","pokemon_id":"288"}{"order":"","version_group_id":"9","move_id":"203","pokemon_move_method_id":"1","level":"25","pokemon_id":"288"}{"order":"","version_group_id":"9","move_id":"203","pokemon_move_method_id":"4","level":"0","pokemon_id":"288"}{"order":"","version_group_id":"9","move_id":"207","pokemon_move_method_id":"4","level":"0","pokemon_id":"288"}{"order":"","version_group_id":"9","move_id":"210","pokemon_move_method_id":"3","level":"0","pokemon_id":"288"}{"order":"","version_group_id":"9","move_id":"213","pokemon_move_method_id":"4","level":"0","pokemon_id":"288"}{"order":"","version_group_id":"9","move_id":"214","pokemon_move_method_id":"4","level":"0","pokemon_id":"288"}{"order":"","version_group_id":"9","move_id":"216","pokemon_move_method_id":"4","level":"0","pokemon_id":"288"}{"order":"","version_group_id":"9","move_id":"218","pokemon_move_method_id":"4","level":"0","pokemon_id":"288"}{"order":"3","version_group_id":"9","move_id":"227","pokemon_move_method_id":"1","level":"1","pokemon_id":"288"}{"order":"","version_group_id":"9","move_id":"227","pokemon_move_method_id":"1","level":"7","pokemon_id":"288"}{"order":"","version_group_id":"9","move_id":"237","pokemon_move_method_id":"4","level":"0","pokemon_id":"288"}{"order":"","version_group_id":"9","move_id":"240","pokemon_move_method_id":"4","level":"0","pokemon_id":"288"}{"order":"","version_group_id":"9","move_id":"241","pokemon_move_method_id":"4","level":"0","pokemon_id":"288"}{"order":"","version_group_id":"9","move_id":"247","pokemon_move_method_id":"4","level":"0","pokemon_id":"288"}{"order":"","version_group_id":"9","move_id":"249","pokemon_move_method_id":"4","level":"0","pokemon_id":"288"}{"order":"4","version_group_id":"9","move_id":"253","pokemon_move_method_id":"1","level":"1","pokemon_id":"288"}{"order":"","version_group_id":"9","move_id":"253","pokemon_move_method_id":"1","level":"13","pokemon_id":"288"}{"order":"","version_group_id":"9","move_id":"253","pokemon_move_method_id":"3","level":"0","pokemon_id":"288"}{"order":"","version_group_id":"9","move_id":"263","pokemon_move_method_id":"4","level":"0","pokemon_id":"288"}{"order":"","version_group_id":"9","move_id":"264","pokemon_move_method_id":"1","level":"43","pokemon_id":"288"}{"order":"","version_group_id":"9","move_id":"264","pokemon_move_method_id":"4","level":"0","pokemon_id":"288"}{"order":"","version_group_id":"9","move_id":"269","pokemon_move_method_id":"4","level":"0","pokemon_id":"288"}{"order":"","version_group_id":"9","move_id":"280","pokemon_move_method_id":"4","level":"0","pokemon_id":"288"}{"order":"","version_group_id":"9","move_id":"290","pokemon_move_method_id":"4","level":"0","pokemon_id":"288"}{"order":"","version_group_id":"9","move_id":"317","pokemon_move_method_id":"4","level":"0","pokemon_id":"288"}{"order":"","version_group_id":"9","move_id":"332","pokemon_move_method_id":"4","level":"0","pokemon_id":"288"}{"order":"","version_group_id":"9","move_id":"339","pokemon_move_method_id":"4","level":"0","pokemon_id":"288"}{"order":"","version_group_id":"9","move_id":"351","pokemon_move_method_id":"4","level":"0","pokemon_id":"288"}{"order":"","version_group_id":"9","move_id":"352","pokemon_move_method_id":"4","level":"0","pokemon_id":"288"}{"order":"","version_group_id":"9","move_id":"363","pokemon_move_method_id":"4","level":"0","pokemon_id":"288"}{"order":"","version_group_id":"9","move_id":"374","pokemon_move_method_id":"4","level":"0","pokemon_id":"288"}{"order":"","version_group_id":"9","move_id":"389","pokemon_move_method_id":"3","level":"0","pokemon_id":"288"}{"order":"","version_group_id":"9","move_id":"411","pokemon_move_method_id":"4","level":"0","pokemon_id":"288"}{"order":"","version_group_id":"9","move_id":"421","pokemon_move_method_id":"4","level":"0","pokemon_id":"288"}{"order":"","version_group_id":"9","move_id":"431","pokemon_move_method_id":"4","level":"0","pokemon_id":"288"}{"order":"","version_group_id":"9","move_id":"441","pokemon_move_method_id":"3","level":"0","pokemon_id":"288"}{"order":"","version_group_id":"9","move_id":"445","pokemon_move_method_id":"4","level":"0","pokemon_id":"288"}{"order":"","version_group_id":"10","move_id":"7","pokemon_move_method_id":"3","level":"0","pokemon_id":"288"}{"order":"","version_group_id":"10","move_id":"8","pokemon_move_method_id":"3","level":"0","pokemon_id":"288"}{"order":"","version_group_id":"10","move_id":"9","pokemon_move_method_id":"3","level":"0","pokemon_id":"288"}{"order":"1","version_group_id":"10","move_id":"10","pokemon_move_method_id":"1","level":"1","pokemon_id":"288"}{"order":"","version_group_id":"10","move_id":"15","pokemon_move_method_id":"4","level":"0","pokemon_id":"288"}{"order":"","version_group_id":"10","move_id":"29","pokemon_move_method_id":"3","level":"0","pokemon_id":"288"}{"order":"","version_group_id":"10","move_id":"46","pokemon_move_method_id":"4","level":"0","pokemon_id":"288"}{"order":"","version_group_id":"10","move_id":"53","pokemon_move_method_id":"4","level":"0","pokemon_id":"288"}{"order":"","version_group_id":"10","move_id":"58","pokemon_move_method_id":"4","level":"0","pokemon_id":"288"}{"order":"","version_group_id":"10","move_id":"59","pokemon_move_method_id":"4","level":"0","pokemon_id":"288"}{"order":"","version_group_id":"10","move_id":"67","pokemon_move_method_id":"3","level":"0","pokemon_id":"288"}{"order":"","version_group_id":"10","move_id":"68","pokemon_move_method_id":"1","level":"37","pokemon_id":"288"}{"order":"","version_group_id":"10","move_id":"70","pokemon_move_method_id":"4","level":"0","pokemon_id":"288"}{"order":"","version_group_id":"10","move_id":"76","pokemon_move_method_id":"4","level":"0","pokemon_id":"288"}{"order":"","version_group_id":"10","move_id":"85","pokemon_move_method_id":"4","level":"0","pokemon_id":"288"}{"order":"","version_group_id":"10","move_id":"87","pokemon_move_method_id":"4","level":"0","pokemon_id":"288"}{"order":"","version_group_id":"10","move_id":"89","pokemon_move_method_id":"4","level":"0","pokemon_id":"288"}{"order":"","version_group_id":"10","move_id":"92","pokemon_move_method_id":"4","level":"0","pokemon_id":"288"}{"order":"","version_group_id":"10","move_id":"104","pokemon_move_method_id":"4","level":"0","pokemon_id":"288"}{"order":"2","version_group_id":"10","move_id":"116","pokemon_move_method_id":"1","level":"1","pokemon_id":"288"}{"order":"","version_group_id":"10","move_id":"126","pokemon_move_method_id":"4","level":"0","pokemon_id":"288"}{"order":"","version_group_id":"10","move_id":"154","pokemon_move_method_id":"1","level":"19","pokemon_id":"288"}{"order":"","version_group_id":"10","move_id":"156","pokemon_move_method_id":"4","level":"0","pokemon_id":"288"}{"order":"","version_group_id":"10","move_id":"157","pokemon_move_method_id":"4","level":"0","pokemon_id":"288"}{"order":"","version_group_id":"10","move_id":"163","pokemon_move_method_id":"1","level":"31","pokemon_id":"288"}{"order":"","version_group_id":"10","move_id":"164","pokemon_move_method_id":"4","level":"0","pokemon_id":"288"}{"order":"","version_group_id":"10","move_id":"179","pokemon_move_method_id":"1","level":"49","pokemon_id":"288"}{"order":"","version_group_id":"10","move_id":"182","pokemon_move_method_id":"4","level":"0","pokemon_id":"288"}{"order":"","version_group_id":"10","move_id":"189","pokemon_move_method_id":"3","level":"0","pokemon_id":"288"}{"order":"","version_group_id":"10","move_id":"196","pokemon_move_method_id":"3","level":"0","pokemon_id":"288"}{"order":"","version_group_id":"10","move_id":"203","pokemon_move_method_id":"1","level":"25","pokemon_id":"288"}{"order":"","version_group_id":"10","move_id":"203","pokemon_move_method_id":"4","level":"0","pokemon_id":"288"}{"order":"","version_group_id":"10","move_id":"207","pokemon_move_method_id":"4","level":"0","pokemon_id":"288"}{"order":"","version_group_id":"10","move_id":"210","pokemon_move_method_id":"3","level":"0","pokemon_id":"288"}{"order":"","version_group_id":"10","move_id":"213","pokemon_move_method_id":"4","level":"0","pokemon_id":"288"}{"order":"","version_group_id":"10","move_id":"214","pokemon_move_method_id":"4","level":"0","pokemon_id":"288"}{"order":"","version_group_id":"10","move_id":"216","pokemon_move_method_id":"4","level":"0","pokemon_id":"288"}{"order":"","version_group_id":"10","move_id":"218","pokemon_move_method_id":"4","level":"0","pokemon_id":"288"}{"order":"3","version_group_id":"10","move_id":"227","pokemon_move_method_id":"1","level":"1","pokemon_id":"288"}{"order":"","version_group_id":"10","move_id":"227","pokemon_move_method_id":"1","level":"7","pokemon_id":"288"}{"order":"","version_group_id":"10","move_id":"237","pokemon_move_method_id":"4","level":"0","pokemon_id":"288"}{"order":"","version_group_id":"10","move_id":"240","pokemon_move_method_id":"4","level":"0","pokemon_id":"288"}{"order":"","version_group_id":"10","move_id":"241","pokemon_move_method_id":"4","level":"0","pokemon_id":"288"}{"order":"","version_group_id":"10","move_id":"247","pokemon_move_method_id":"4","level":"0","pokemon_id":"288"}{"order":"","version_group_id":"10","move_id":"249","pokemon_move_method_id":"4","level":"0","pokemon_id":"288"}{"order":"4","version_group_id":"10","move_id":"253","pokemon_move_method_id":"1","level":"1","pokemon_id":"288"}{"order":"","version_group_id":"10","move_id":"253","pokemon_move_method_id":"1","level":"13","pokemon_id":"288"}{"order":"","version_group_id":"10","move_id":"253","pokemon_move_method_id":"3","level":"0","pokemon_id":"288"}{"order":"","version_group_id":"10","move_id":"263","pokemon_move_method_id":"4","level":"0","pokemon_id":"288"}{"order":"","version_group_id":"10","move_id":"264","pokemon_move_method_id":"1","level":"43","pokemon_id":"288"}{"order":"","version_group_id":"10","move_id":"264","pokemon_move_method_id":"4","level":"0","pokemon_id":"288"}{"order":"","version_group_id":"10","move_id":"269","pokemon_move_method_id":"4","level":"0","pokemon_id":"288"}{"order":"","version_group_id":"10","move_id":"280","pokemon_move_method_id":"4","level":"0","pokemon_id":"288"}{"order":"","version_group_id":"10","move_id":"290","pokemon_move_method_id":"4","level":"0","pokemon_id":"288"}{"order":"","version_group_id":"10","move_id":"317","pokemon_move_method_id":"4","level":"0","pokemon_id":"288"}{"order":"","version_group_id":"10","move_id":"332","pokemon_move_method_id":"4","level":"0","pokemon_id":"288"}{"order":"","version_group_id":"10","move_id":"339","pokemon_move_method_id":"4","level":"0","pokemon_id":"288"}{"order":"","version_group_id":"10","move_id":"351","pokemon_move_method_id":"4","level":"0","pokemon_id":"288"}{"order":"","version_group_id":"10","move_id":"352","pokemon_move_method_id":"4","level":"0","pokemon_id":"288"}{"order":"","version_group_id":"10","move_id":"363","pokemon_move_method_id":"4","level":"0","pokemon_id":"288"}{"order":"","version_group_id":"10","move_id":"374","pokemon_move_method_id":"4","level":"0","pokemon_id":"288"}{"order":"","version_group_id":"10","move_id":"389","pokemon_move_method_id":"3","level":"0","pokemon_id":"288"}{"order":"","version_group_id":"10","move_id":"411","pokemon_move_method_id":"4","level":"0","pokemon_id":"288"}{"order":"","version_group_id":"10","move_id":"421","pokemon_move_method_id":"4","level":"0","pokemon_id":"288"}{"order":"","version_group_id":"10","move_id":"431","pokemon_move_method_id":"4","level":"0","pokemon_id":"288"}{"order":"","version_group_id":"10","move_id":"441","pokemon_move_method_id":"3","level":"0","pokemon_id":"288"}{"order":"","version_group_id":"10","move_id":"445","pokemon_move_method_id":"4","level":"0","pokemon_id":"288"}{"order":"1","version_group_id":"11","move_id":"10","pokemon_move_method_id":"1","level":"1","pokemon_id":"288"}{"order":"","version_group_id":"11","move_id":"15","pokemon_move_method_id":"4","level":"0","pokemon_id":"288"}{"order":"","version_group_id":"11","move_id":"46","pokemon_move_method_id":"4","level":"0","pokemon_id":"288"}{"order":"","version_group_id":"11","move_id":"53","pokemon_move_method_id":"4","level":"0","pokemon_id":"288"}{"order":"","version_group_id":"11","move_id":"58","pokemon_move_method_id":"4","level":"0","pokemon_id":"288"}{"order":"","version_group_id":"11","move_id":"59","pokemon_move_method_id":"4","level":"0","pokemon_id":"288"}{"order":"","version_group_id":"11","move_id":"68","pokemon_move_method_id":"1","level":"37","pokemon_id":"288"}{"order":"","version_group_id":"11","move_id":"70","pokemon_move_method_id":"4","level":"0","pokemon_id":"288"}{"order":"","version_group_id":"11","move_id":"76","pokemon_move_method_id":"4","level":"0","pokemon_id":"288"}{"order":"","version_group_id":"11","move_id":"85","pokemon_move_method_id":"4","level":"0","pokemon_id":"288"}{"order":"","version_group_id":"11","move_id":"87","pokemon_move_method_id":"4","level":"0","pokemon_id":"288"}{"order":"","version_group_id":"11","move_id":"89","pokemon_move_method_id":"4","level":"0","pokemon_id":"288"}{"order":"","version_group_id":"11","move_id":"92","pokemon_move_method_id":"4","level":"0","pokemon_id":"288"}{"order":"","version_group_id":"11","move_id":"104","pokemon_move_method_id":"4","level":"0","pokemon_id":"288"}{"order":"2","version_group_id":"11","move_id":"116","pokemon_move_method_id":"1","level":"1","pokemon_id":"288"}{"order":"","version_group_id":"11","move_id":"126","pokemon_move_method_id":"4","level":"0","pokemon_id":"288"}{"order":"","version_group_id":"11","move_id":"154","pokemon_move_method_id":"1","level":"19","pokemon_id":"288"}{"order":"","version_group_id":"11","move_id":"156","pokemon_move_method_id":"4","level":"0","pokemon_id":"288"}{"order":"","version_group_id":"11","move_id":"157","pokemon_move_method_id":"4","level":"0","pokemon_id":"288"}{"order":"","version_group_id":"11","move_id":"163","pokemon_move_method_id":"1","level":"31","pokemon_id":"288"}{"order":"","version_group_id":"11","move_id":"164","pokemon_move_method_id":"4","level":"0","pokemon_id":"288"}{"order":"","version_group_id":"11","move_id":"179","pokemon_move_method_id":"1","level":"55","pokemon_id":"288"}{"order":"","version_group_id":"11","move_id":"182","pokemon_move_method_id":"4","level":"0","pokemon_id":"288"}{"order":"","version_group_id":"11","move_id":"203","pokemon_move_method_id":"1","level":"25","pokemon_id":"288"}{"order":"","version_group_id":"11","move_id":"207","pokemon_move_method_id":"4","level":"0","pokemon_id":"288"}{"order":"","version_group_id":"11","move_id":"213","pokemon_move_method_id":"4","level":"0","pokemon_id":"288"}{"order":"","version_group_id":"11","move_id":"216","pokemon_move_method_id":"4","level":"0","pokemon_id":"288"}{"order":"","version_group_id":"11","move_id":"218","pokemon_move_method_id":"4","level":"0","pokemon_id":"288"}{"order":"3","version_group_id":"11","move_id":"227","pokemon_move_method_id":"1","level":"1","pokemon_id":"288"}{"order":"","version_group_id":"11","move_id":"227","pokemon_move_method_id":"1","level":"7","pokemon_id":"288"}{"order":"","version_group_id":"11","move_id":"237","pokemon_move_method_id":"4","level":"0","pokemon_id":"288"}{"order":"","version_group_id":"11","move_id":"240","pokemon_move_method_id":"4","level":"0","pokemon_id":"288"}{"order":"","version_group_id":"11","move_id":"241","pokemon_move_method_id":"4","level":"0","pokemon_id":"288"}{"order":"","version_group_id":"11","move_id":"247","pokemon_move_method_id":"4","level":"0","pokemon_id":"288"}{"order":"","version_group_id":"11","move_id":"249","pokemon_move_method_id":"4","level":"0","pokemon_id":"288"}{"order":"4","version_group_id":"11","move_id":"253","pokemon_move_method_id":"1","level":"1","pokemon_id":"288"}{"order":"","version_group_id":"11","move_id":"253","pokemon_move_method_id":"1","level":"13","pokemon_id":"288"}{"order":"","version_group_id":"11","move_id":"263","pokemon_move_method_id":"4","level":"0","pokemon_id":"288"}{"order":"","version_group_id":"11","move_id":"264","pokemon_move_method_id":"1","level":"49","pokemon_id":"288"}{"order":"","version_group_id":"11","move_id":"269","pokemon_move_method_id":"4","level":"0","pokemon_id":"288"}{"order":"","version_group_id":"11","move_id":"280","pokemon_move_method_id":"4","level":"0","pokemon_id":"288"}{"order":"","version_group_id":"11","move_id":"317","pokemon_move_method_id":"4","level":"0","pokemon_id":"288"}{"order":"","version_group_id":"11","move_id":"332","pokemon_move_method_id":"4","level":"0","pokemon_id":"288"}{"order":"","version_group_id":"11","move_id":"339","pokemon_move_method_id":"4","level":"0","pokemon_id":"288"}{"order":"","version_group_id":"11","move_id":"374","pokemon_move_method_id":"4","level":"0","pokemon_id":"288"}{"order":"","version_group_id":"11","move_id":"411","pokemon_move_method_id":"4","level":"0","pokemon_id":"288"}{"order":"","version_group_id":"11","move_id":"421","pokemon_move_method_id":"4","level":"0","pokemon_id":"288"}{"order":"","version_group_id":"11","move_id":"468","pokemon_move_method_id":"4","level":"0","pokemon_id":"288"}{"order":"","version_group_id":"11","move_id":"490","pokemon_move_method_id":"4","level":"0","pokemon_id":"288"}{"order":"","version_group_id":"11","move_id":"496","pokemon_move_method_id":"4","level":"0","pokemon_id":"288"}{"order":"","version_group_id":"11","move_id":"498","pokemon_move_method_id":"1","level":"43","pokemon_id":"288"}{"order":"","version_group_id":"11","move_id":"510","pokemon_move_method_id":"4","level":"0","pokemon_id":"288"}{"order":"","version_group_id":"11","move_id":"514","pokemon_move_method_id":"4","level":"0","pokemon_id":"288"}{"order":"","version_group_id":"11","move_id":"523","pokemon_move_method_id":"4","level":"0","pokemon_id":"288"}{"order":"","version_group_id":"11","move_id":"526","pokemon_move_method_id":"4","level":"0","pokemon_id":"288"}{"order":"1","version_group_id":"12","move_id":"10","pokemon_move_method_id":"1","level":"1","pokemon_id":"288"}{"order":"","version_group_id":"12","move_id":"15","pokemon_move_method_id":"4","level":"0","pokemon_id":"288"}{"order":"","version_group_id":"12","move_id":"46","pokemon_move_method_id":"4","level":"0","pokemon_id":"288"}{"order":"","version_group_id":"12","move_id":"53","pokemon_move_method_id":"4","level":"0","pokemon_id":"288"}{"order":"","version_group_id":"12","move_id":"58","pokemon_move_method_id":"4","level":"0","pokemon_id":"288"}{"order":"","version_group_id":"12","move_id":"59","pokemon_move_method_id":"4","level":"0","pokemon_id":"288"}{"order":"","version_group_id":"12","move_id":"68","pokemon_move_method_id":"1","level":"37","pokemon_id":"288"}{"order":"","version_group_id":"12","move_id":"70","pokemon_move_method_id":"4","level":"0","pokemon_id":"288"}{"order":"","version_group_id":"12","move_id":"76","pokemon_move_method_id":"4","level":"0","pokemon_id":"288"}{"order":"","version_group_id":"12","move_id":"85","pokemon_move_method_id":"4","level":"0","pokemon_id":"288"}{"order":"","version_group_id":"12","move_id":"87","pokemon_move_method_id":"4","level":"0","pokemon_id":"288"}{"order":"","version_group_id":"12","move_id":"89","pokemon_move_method_id":"4","level":"0","pokemon_id":"288"}{"order":"","version_group_id":"12","move_id":"92","pokemon_move_method_id":"4","level":"0","pokemon_id":"288"}{"order":"","version_group_id":"12","move_id":"104","pokemon_move_method_id":"4","level":"0","pokemon_id":"288"}{"order":"2","version_group_id":"12","move_id":"116","pokemon_move_method_id":"1","level":"1","pokemon_id":"288"}{"order":"","version_group_id":"12","move_id":"126","pokemon_move_method_id":"4","level":"0","pokemon_id":"288"}{"order":"","version_group_id":"12","move_id":"154","pokemon_move_method_id":"1","level":"19","pokemon_id":"288"}{"order":"","version_group_id":"12","move_id":"156","pokemon_move_method_id":"4","level":"0","pokemon_id":"288"}{"order":"","version_group_id":"12","move_id":"163","pokemon_move_method_id":"1","level":"31","pokemon_id":"288"}{"order":"","version_group_id":"12","move_id":"179","pokemon_move_method_id":"1","level":"49","pokemon_id":"288"}{"order":"","version_group_id":"12","move_id":"182","pokemon_move_method_id":"4","level":"0","pokemon_id":"288"}{"order":"","version_group_id":"12","move_id":"203","pokemon_move_method_id":"1","level":"25","pokemon_id":"288"}{"order":"","version_group_id":"12","move_id":"213","pokemon_move_method_id":"4","level":"0","pokemon_id":"288"}{"order":"","version_group_id":"12","move_id":"216","pokemon_move_method_id":"4","level":"0","pokemon_id":"288"}{"order":"","version_group_id":"12","move_id":"218","pokemon_move_method_id":"4","level":"0","pokemon_id":"288"}{"order":"3","version_group_id":"12","move_id":"227","pokemon_move_method_id":"1","level":"1","pokemon_id":"288"}{"order":"","version_group_id":"12","move_id":"227","pokemon_move_method_id":"1","level":"7","pokemon_id":"288"}{"order":"","version_group_id":"12","move_id":"237","pokemon_move_method_id":"4","level":"0","pokemon_id":"288"}{"order":"","version_group_id":"12","move_id":"240","pokemon_move_method_id":"4","level":"0","pokemon_id":"288"}{"order":"","version_group_id":"12","move_id":"241","pokemon_move_method_id":"4","level":"0","pokemon_id":"288"}{"order":"","version_group_id":"12","move_id":"247","pokemon_move_method_id":"4","level":"0","pokemon_id":"288"}{"order":"","version_group_id":"12","move_id":"249","pokemon_move_method_id":"4","level":"0","pokemon_id":"288"}{"order":"4","version_group_id":"12","move_id":"253","pokemon_move_method_id":"1","level":"1","pokemon_id":"288"}{"order":"","version_group_id":"12","move_id":"253","pokemon_move_method_id":"1","level":"13","pokemon_id":"288"}{"order":"","version_group_id":"12","move_id":"263","pokemon_move_method_id":"4","level":"0","pokemon_id":"288"}{"order":"","version_group_id":"12","move_id":"264","pokemon_move_method_id":"1","level":"43","pokemon_id":"288"}{"order":"","version_group_id":"12","move_id":"264","pokemon_move_method_id":"4","level":"0","pokemon_id":"288"}{"order":"","version_group_id":"12","move_id":"269","pokemon_move_method_id":"4","level":"0","pokemon_id":"288"}{"order":"","version_group_id":"12","move_id":"280","pokemon_move_method_id":"4","level":"0","pokemon_id":"288"}{"order":"","version_group_id":"12","move_id":"290","pokemon_move_method_id":"4","level":"0","pokemon_id":"288"}{"order":"","version_group_id":"12","move_id":"332","pokemon_move_method_id":"4","level":"0","pokemon_id":"288"}{"order":"","version_group_id":"12","move_id":"339","pokemon_move_method_id":"4","level":"0","pokemon_id":"288"}{"order":"","version_group_id":"12","move_id":"351","pokemon_move_method_id":"4","level":"0","pokemon_id":"288"}{"order":"","version_group_id":"12","move_id":"352","pokemon_move_method_id":"4","level":"0","pokemon_id":"288"}{"order":"1","version_group_id":"13","move_id":"10","pokemon_move_method_id":"1","level":"1","pokemon_id":"288"}{"order":"","version_group_id":"13","move_id":"15","pokemon_move_method_id":"4","level":"0","pokemon_id":"288"}{"order":"","version_group_id":"13","move_id":"34","pokemon_move_method_id":"3","level":"0","pokemon_id":"288"}{"order":"","version_group_id":"13","move_id":"38","pokemon_move_method_id":"3","level":"0","pokemon_id":"288"}{"order":"","version_group_id":"13","move_id":"46","pokemon_move_method_id":"4","level":"0","pokemon_id":"288"}{"order":"","version_group_id":"13","move_id":"53","pokemon_move_method_id":"4","level":"0","pokemon_id":"288"}{"order":"","version_group_id":"13","move_id":"58","pokemon_move_method_id":"4","level":"0","pokemon_id":"288"}{"order":"","version_group_id":"13","move_id":"59","pokemon_move_method_id":"4","level":"0","pokemon_id":"288"}{"order":"","version_group_id":"13","move_id":"68","pokemon_move_method_id":"1","level":"37","pokemon_id":"288"}{"order":"","version_group_id":"13","move_id":"69","pokemon_move_method_id":"3","level":"0","pokemon_id":"288"}{"order":"","version_group_id":"13","move_id":"70","pokemon_move_method_id":"4","level":"0","pokemon_id":"288"}{"order":"","version_group_id":"13","move_id":"76","pokemon_move_method_id":"4","level":"0","pokemon_id":"288"}{"order":"","version_group_id":"13","move_id":"85","pokemon_move_method_id":"4","level":"0","pokemon_id":"288"}{"order":"","version_group_id":"13","move_id":"87","pokemon_move_method_id":"4","level":"0","pokemon_id":"288"}{"order":"","version_group_id":"13","move_id":"89","pokemon_move_method_id":"4","level":"0","pokemon_id":"288"}{"order":"","version_group_id":"13","move_id":"92","pokemon_move_method_id":"4","level":"0","pokemon_id":"288"}{"order":"","version_group_id":"13","move_id":"102","pokemon_move_method_id":"3","level":"0","pokemon_id":"288"}{"order":"","version_group_id":"13","move_id":"104","pokemon_move_method_id":"4","level":"0","pokemon_id":"288"}{"order":"2","version_group_id":"13","move_id":"116","pokemon_move_method_id":"1","level":"1","pokemon_id":"288"}{"order":"","version_group_id":"13","move_id":"126","pokemon_move_method_id":"4","level":"0","pokemon_id":"288"}{"order":"","version_group_id":"13","move_id":"154","pokemon_move_method_id":"1","level":"19","pokemon_id":"288"}{"order":"","version_group_id":"13","move_id":"156","pokemon_move_method_id":"4","level":"0","pokemon_id":"288"}{"order":"","version_group_id":"13","move_id":"163","pokemon_move_method_id":"1","level":"31","pokemon_id":"288"}{"order":"","version_group_id":"13","move_id":"164","pokemon_move_method_id":"3","level":"0","pokemon_id":"288"}{"order":"","version_group_id":"13","move_id":"179","pokemon_move_method_id":"1","level":"49","pokemon_id":"288"}{"order":"","version_group_id":"13","move_id":"182","pokemon_move_method_id":"4","level":"0","pokemon_id":"288"}{"order":"","version_group_id":"13","move_id":"196","pokemon_move_method_id":"3","level":"0","pokemon_id":"288"}{"order":"","version_group_id":"13","move_id":"203","pokemon_move_method_id":"1","level":"25","pokemon_id":"288"}{"order":"","version_group_id":"13","move_id":"207","pokemon_move_method_id":"3","level":"0","pokemon_id":"288"}{"order":"","version_group_id":"13","move_id":"213","pokemon_move_method_id":"4","level":"0","pokemon_id":"288"}{"order":"","version_group_id":"13","move_id":"216","pokemon_move_method_id":"4","level":"0","pokemon_id":"288"}{"order":"","version_group_id":"13","move_id":"218","pokemon_move_method_id":"4","level":"0","pokemon_id":"288"}{"order":"3","version_group_id":"13","move_id":"227","pokemon_move_method_id":"1","level":"1","pokemon_id":"288"}{"order":"","version_group_id":"13","move_id":"227","pokemon_move_method_id":"1","level":"7","pokemon_id":"288"}{"order":"","version_group_id":"13","move_id":"237","pokemon_move_method_id":"4","level":"0","pokemon_id":"288"}{"order":"","version_group_id":"13","move_id":"240","pokemon_move_method_id":"4","level":"0","pokemon_id":"288"}{"order":"","version_group_id":"13","move_id":"241","pokemon_move_method_id":"4","level":"0","pokemon_id":"288"}{"order":"","version_group_id":"13","move_id":"247","pokemon_move_method_id":"4","level":"0","pokemon_id":"288"}{"order":"","version_group_id":"13","move_id":"249","pokemon_move_method_id":"4","level":"0","pokemon_id":"288"}{"order":"4","version_group_id":"13","move_id":"253","pokemon_move_method_id":"1","level":"1","pokemon_id":"288"}{"order":"","version_group_id":"13","move_id":"253","pokemon_move_method_id":"1","level":"13","pokemon_id":"288"}{"order":"","version_group_id":"13","move_id":"263","pokemon_move_method_id":"4","level":"0","pokemon_id":"288"}{"order":"","version_group_id":"13","move_id":"264","pokemon_move_method_id":"1","level":"43","pokemon_id":"288"}{"order":"","version_group_id":"13","move_id":"264","pokemon_move_method_id":"4","level":"0","pokemon_id":"288"}{"order":"","version_group_id":"13","move_id":"269","pokemon_move_method_id":"4","level":"0","pokemon_id":"288"}{"order":"","version_group_id":"13","move_id":"280","pokemon_move_method_id":"4","level":"0","pokemon_id":"288"}{"order":"","version_group_id":"13","move_id":"290","pokemon_move_method_id":"4","level":"0","pokemon_id":"288"}{"order":"","version_group_id":"13","move_id":"332","pokemon_move_method_id":"4","level":"0","pokemon_id":"288"}{"order":"","version_group_id":"13","move_id":"339","pokemon_move_method_id":"4","level":"0","pokemon_id":"288"}{"order":"","version_group_id":"13","move_id":"351","pokemon_move_method_id":"4","level":"0","pokemon_id":"288"}{"order":"","version_group_id":"13","move_id":"352","pokemon_move_method_id":"4","level":"0","pokemon_id":"288"}{"order":"","version_group_id":"14","move_id":"7","pokemon_move_method_id":"3","level":"0","pokemon_id":"288"}{"order":"","version_group_id":"14","move_id":"8","pokemon_move_method_id":"3","level":"0","pokemon_id":"288"}{"order":"","version_group_id":"14","move_id":"9","pokemon_move_method_id":"3","level":"0","pokemon_id":"288"}{"order":"1","version_group_id":"14","move_id":"10","pokemon_move_method_id":"1","level":"1","pokemon_id":"288"}{"order":"","version_group_id":"14","move_id":"15","pokemon_move_method_id":"4","level":"0","pokemon_id":"288"}{"order":"","version_group_id":"14","move_id":"46","pokemon_move_method_id":"4","level":"0","pokemon_id":"288"}{"order":"","version_group_id":"14","move_id":"53","pokemon_move_method_id":"4","level":"0","pokemon_id":"288"}{"order":"","version_group_id":"14","move_id":"58","pokemon_move_method_id":"4","level":"0","pokemon_id":"288"}{"order":"","version_group_id":"14","move_id":"59","pokemon_move_method_id":"4","level":"0","pokemon_id":"288"}{"order":"","version_group_id":"14","move_id":"67","pokemon_move_method_id":"3","level":"0","pokemon_id":"288"}{"order":"","version_group_id":"14","move_id":"68","pokemon_move_method_id":"1","level":"37","pokemon_id":"288"}{"order":"","version_group_id":"14","move_id":"70","pokemon_move_method_id":"4","level":"0","pokemon_id":"288"}{"order":"","version_group_id":"14","move_id":"76","pokemon_move_method_id":"4","level":"0","pokemon_id":"288"}{"order":"","version_group_id":"14","move_id":"85","pokemon_move_method_id":"4","level":"0","pokemon_id":"288"}{"order":"","version_group_id":"14","move_id":"87","pokemon_move_method_id":"4","level":"0","pokemon_id":"288"}{"order":"","version_group_id":"14","move_id":"89","pokemon_move_method_id":"4","level":"0","pokemon_id":"288"}{"order":"","version_group_id":"14","move_id":"92","pokemon_move_method_id":"4","level":"0","pokemon_id":"288"}{"order":"","version_group_id":"14","move_id":"104","pokemon_move_method_id":"4","level":"0","pokemon_id":"288"}{"order":"2","version_group_id":"14","move_id":"116","pokemon_move_method_id":"1","level":"1","pokemon_id":"288"}{"order":"","version_group_id":"14","move_id":"126","pokemon_move_method_id":"4","level":"0","pokemon_id":"288"}{"order":"","version_group_id":"14","move_id":"154","pokemon_move_method_id":"1","level":"19","pokemon_id":"288"}{"order":"","version_group_id":"14","move_id":"156","pokemon_move_method_id":"4","level":"0","pokemon_id":"288"}{"order":"","version_group_id":"14","move_id":"157","pokemon_move_method_id":"4","level":"0","pokemon_id":"288"}{"order":"","version_group_id":"14","move_id":"163","pokemon_move_method_id":"1","level":"31","pokemon_id":"288"}{"order":"","version_group_id":"14","move_id":"164","pokemon_move_method_id":"4","level":"0","pokemon_id":"288"}{"order":"","version_group_id":"14","move_id":"179","pokemon_move_method_id":"1","level":"55","pokemon_id":"288"}{"order":"","version_group_id":"14","move_id":"182","pokemon_move_method_id":"4","level":"0","pokemon_id":"288"}{"order":"","version_group_id":"14","move_id":"196","pokemon_move_method_id":"3","level":"0","pokemon_id":"288"}{"order":"","version_group_id":"14","move_id":"203","pokemon_move_method_id":"1","level":"25","pokemon_id":"288"}{"order":"","version_group_id":"14","move_id":"207","pokemon_move_method_id":"4","level":"0","pokemon_id":"288"}{"order":"","version_group_id":"14","move_id":"213","pokemon_move_method_id":"4","level":"0","pokemon_id":"288"}{"order":"","version_group_id":"14","move_id":"214","pokemon_move_method_id":"3","level":"0","pokemon_id":"288"}{"order":"","version_group_id":"14","move_id":"216","pokemon_move_method_id":"4","level":"0","pokemon_id":"288"}{"order":"","version_group_id":"14","move_id":"218","pokemon_move_method_id":"4","level":"0","pokemon_id":"288"}{"order":"3","version_group_id":"14","move_id":"227","pokemon_move_method_id":"1","level":"1","pokemon_id":"288"}{"order":"","version_group_id":"14","move_id":"227","pokemon_move_method_id":"1","level":"7","pokemon_id":"288"}{"order":"","version_group_id":"14","move_id":"237","pokemon_move_method_id":"4","level":"0","pokemon_id":"288"}{"order":"","version_group_id":"14","move_id":"240","pokemon_move_method_id":"4","level":"0","pokemon_id":"288"}{"order":"","version_group_id":"14","move_id":"241","pokemon_move_method_id":"4","level":"0","pokemon_id":"288"}{"order":"","version_group_id":"14","move_id":"247","pokemon_move_method_id":"4","level":"0","pokemon_id":"288"}{"order":"","version_group_id":"14","move_id":"249","pokemon_move_method_id":"4","level":"0","pokemon_id":"288"}{"order":"4","version_group_id":"14","move_id":"253","pokemon_move_method_id":"1","level":"1","pokemon_id":"288"}{"order":"","version_group_id":"14","move_id":"253","pokemon_move_method_id":"1","level":"13","pokemon_id":"288"}{"order":"","version_group_id":"14","move_id":"253","pokemon_move_method_id":"3","level":"0","pokemon_id":"288"}{"order":"","version_group_id":"14","move_id":"263","pokemon_move_method_id":"4","level":"0","pokemon_id":"288"}{"order":"","version_group_id":"14","move_id":"264","pokemon_move_method_id":"1","level":"49","pokemon_id":"288"}{"order":"","version_group_id":"14","move_id":"269","pokemon_move_method_id":"4","level":"0","pokemon_id":"288"}{"order":"","version_group_id":"14","move_id":"280","pokemon_move_method_id":"4","level":"0","pokemon_id":"288"}{"order":"","version_group_id":"14","move_id":"317","pokemon_move_method_id":"4","level":"0","pokemon_id":"288"}{"order":"","version_group_id":"14","move_id":"332","pokemon_move_method_id":"4","level":"0","pokemon_id":"288"}{"order":"","version_group_id":"14","move_id":"339","pokemon_move_method_id":"4","level":"0","pokemon_id":"288"}{"order":"","version_group_id":"14","move_id":"343","pokemon_move_method_id":"3","level":"0","pokemon_id":"288"}{"order":"","version_group_id":"14","move_id":"374","pokemon_move_method_id":"4","level":"0","pokemon_id":"288"}{"order":"","version_group_id":"14","move_id":"411","pokemon_move_method_id":"4","level":"0","pokemon_id":"288"}{"order":"","version_group_id":"14","move_id":"421","pokemon_move_method_id":"4","level":"0","pokemon_id":"288"}{"order":"","version_group_id":"14","move_id":"441","pokemon_move_method_id":"3","level":"0","pokemon_id":"288"}{"order":"","version_group_id":"14","move_id":"468","pokemon_move_method_id":"4","level":"0","pokemon_id":"288"}{"order":"","version_group_id":"14","move_id":"490","pokemon_move_method_id":"4","level":"0","pokemon_id":"288"}{"order":"","version_group_id":"14","move_id":"495","pokemon_move_method_id":"3","level":"0","pokemon_id":"288"}{"order":"","version_group_id":"14","move_id":"496","pokemon_move_method_id":"4","level":"0","pokemon_id":"288"}{"order":"","version_group_id":"14","move_id":"498","pokemon_move_method_id":"1","level":"43","pokemon_id":"288"}{"order":"","version_group_id":"14","move_id":"510","pokemon_move_method_id":"4","level":"0","pokemon_id":"288"}{"order":"","version_group_id":"14","move_id":"514","pokemon_move_method_id":"4","level":"0","pokemon_id":"288"}{"order":"","version_group_id":"14","move_id":"523","pokemon_move_method_id":"4","level":"0","pokemon_id":"288"}{"order":"","version_group_id":"14","move_id":"526","pokemon_move_method_id":"4","level":"0","pokemon_id":"288"}