{"order":"1","version_group_id":"3","move_id":"40","pokemon_move_method_id":"1","level":"1","pokemon_id":"168"}{"order":"","version_group_id":"3","move_id":"63","pokemon_move_method_id":"4","level":"0","pokemon_id":"168"}{"order":"","version_group_id":"3","move_id":"76","pokemon_move_method_id":"4","level":"0","pokemon_id":"168"}{"order":"2","version_group_id":"3","move_id":"81","pokemon_move_method_id":"1","level":"1","pokemon_id":"168"}{"order":"","version_group_id":"3","move_id":"91","pokemon_move_method_id":"4","level":"0","pokemon_id":"168"}{"order":"","version_group_id":"3","move_id":"92","pokemon_move_method_id":"4","level":"0","pokemon_id":"168"}{"order":"","version_group_id":"3","move_id":"94","pokemon_move_method_id":"1","level":"63","pokemon_id":"168"}{"order":"","version_group_id":"3","move_id":"94","pokemon_move_method_id":"4","level":"0","pokemon_id":"168"}{"order":"","version_group_id":"3","move_id":"101","pokemon_move_method_id":"1","level":"17","pokemon_id":"168"}{"order":"","version_group_id":"3","move_id":"103","pokemon_move_method_id":"1","level":"53","pokemon_id":"168"}{"order":"","version_group_id":"3","move_id":"104","pokemon_move_method_id":"4","level":"0","pokemon_id":"168"}{"order":"4","version_group_id":"3","move_id":"132","pokemon_move_method_id":"1","level":"1","pokemon_id":"168"}{"order":"","version_group_id":"3","move_id":"132","pokemon_move_method_id":"1","level":"11","pokemon_id":"168"}{"order":"","version_group_id":"3","move_id":"141","pokemon_move_method_id":"1","level":"25","pokemon_id":"168"}{"order":"","version_group_id":"3","move_id":"148","pokemon_move_method_id":"4","level":"0","pokemon_id":"168"}{"order":"","version_group_id":"3","move_id":"154","pokemon_move_method_id":"1","level":"34","pokemon_id":"168"}{"order":"","version_group_id":"3","move_id":"156","pokemon_move_method_id":"4","level":"0","pokemon_id":"168"}{"order":"","version_group_id":"3","move_id":"168","pokemon_move_method_id":"4","level":"0","pokemon_id":"168"}{"order":"","version_group_id":"3","move_id":"169","pokemon_move_method_id":"1","level":"43","pokemon_id":"168"}{"order":"","version_group_id":"3","move_id":"173","pokemon_move_method_id":"4","level":"0","pokemon_id":"168"}{"order":"","version_group_id":"3","move_id":"174","pokemon_move_method_id":"4","level":"0","pokemon_id":"168"}{"order":"","version_group_id":"3","move_id":"182","pokemon_move_method_id":"4","level":"0","pokemon_id":"168"}{"order":"3","version_group_id":"3","move_id":"184","pokemon_move_method_id":"1","level":"1","pokemon_id":"168"}{"order":"","version_group_id":"3","move_id":"184","pokemon_move_method_id":"1","level":"6","pokemon_id":"168"}{"order":"","version_group_id":"3","move_id":"188","pokemon_move_method_id":"4","level":"0","pokemon_id":"168"}{"order":"","version_group_id":"3","move_id":"202","pokemon_move_method_id":"4","level":"0","pokemon_id":"168"}{"order":"","version_group_id":"3","move_id":"203","pokemon_move_method_id":"4","level":"0","pokemon_id":"168"}{"order":"","version_group_id":"3","move_id":"207","pokemon_move_method_id":"4","level":"0","pokemon_id":"168"}{"order":"","version_group_id":"3","move_id":"213","pokemon_move_method_id":"4","level":"0","pokemon_id":"168"}{"order":"","version_group_id":"3","move_id":"214","pokemon_move_method_id":"4","level":"0","pokemon_id":"168"}{"order":"","version_group_id":"3","move_id":"216","pokemon_move_method_id":"4","level":"0","pokemon_id":"168"}{"order":"","version_group_id":"3","move_id":"218","pokemon_move_method_id":"4","level":"0","pokemon_id":"168"}{"order":"","version_group_id":"3","move_id":"237","pokemon_move_method_id":"4","level":"0","pokemon_id":"168"}{"order":"","version_group_id":"3","move_id":"241","pokemon_move_method_id":"4","level":"0","pokemon_id":"168"}{"order":"1","version_group_id":"4","move_id":"40","pokemon_move_method_id":"1","level":"1","pokemon_id":"168"}{"order":"","version_group_id":"4","move_id":"63","pokemon_move_method_id":"4","level":"0","pokemon_id":"168"}{"order":"","version_group_id":"4","move_id":"76","pokemon_move_method_id":"4","level":"0","pokemon_id":"168"}{"order":"2","version_group_id":"4","move_id":"81","pokemon_move_method_id":"1","level":"1","pokemon_id":"168"}{"order":"","version_group_id":"4","move_id":"91","pokemon_move_method_id":"4","level":"0","pokemon_id":"168"}{"order":"","version_group_id":"4","move_id":"92","pokemon_move_method_id":"4","level":"0","pokemon_id":"168"}{"order":"","version_group_id":"4","move_id":"94","pokemon_move_method_id":"1","level":"63","pokemon_id":"168"}{"order":"","version_group_id":"4","move_id":"94","pokemon_move_method_id":"4","level":"0","pokemon_id":"168"}{"order":"","version_group_id":"4","move_id":"97","pokemon_move_method_id":"1","level":"53","pokemon_id":"168"}{"order":"","version_group_id":"4","move_id":"101","pokemon_move_method_id":"1","level":"17","pokemon_id":"168"}{"order":"","version_group_id":"4","move_id":"104","pokemon_move_method_id":"4","level":"0","pokemon_id":"168"}{"order":"4","version_group_id":"4","move_id":"132","pokemon_move_method_id":"1","level":"1","pokemon_id":"168"}{"order":"","version_group_id":"4","move_id":"132","pokemon_move_method_id":"1","level":"11","pokemon_id":"168"}{"order":"","version_group_id":"4","move_id":"141","pokemon_move_method_id":"1","level":"25","pokemon_id":"168"}{"order":"","version_group_id":"4","move_id":"148","pokemon_move_method_id":"4","level":"0","pokemon_id":"168"}{"order":"","version_group_id":"4","move_id":"154","pokemon_move_method_id":"1","level":"34","pokemon_id":"168"}{"order":"","version_group_id":"4","move_id":"156","pokemon_move_method_id":"4","level":"0","pokemon_id":"168"}{"order":"","version_group_id":"4","move_id":"168","pokemon_move_method_id":"4","level":"0","pokemon_id":"168"}{"order":"","version_group_id":"4","move_id":"169","pokemon_move_method_id":"1","level":"43","pokemon_id":"168"}{"order":"","version_group_id":"4","move_id":"173","pokemon_move_method_id":"4","level":"0","pokemon_id":"168"}{"order":"","version_group_id":"4","move_id":"174","pokemon_move_method_id":"4","level":"0","pokemon_id":"168"}{"order":"","version_group_id":"4","move_id":"182","pokemon_move_method_id":"4","level":"0","pokemon_id":"168"}{"order":"3","version_group_id":"4","move_id":"184","pokemon_move_method_id":"1","level":"1","pokemon_id":"168"}{"order":"","version_group_id":"4","move_id":"184","pokemon_move_method_id":"1","level":"6","pokemon_id":"168"}{"order":"","version_group_id":"4","move_id":"188","pokemon_move_method_id":"4","level":"0","pokemon_id":"168"}{"order":"","version_group_id":"4","move_id":"202","pokemon_move_method_id":"4","level":"0","pokemon_id":"168"}{"order":"","version_group_id":"4","move_id":"203","pokemon_move_method_id":"4","level":"0","pokemon_id":"168"}{"order":"","version_group_id":"4","move_id":"207","pokemon_move_method_id":"4","level":"0","pokemon_id":"168"}{"order":"","version_group_id":"4","move_id":"213","pokemon_move_method_id":"4","level":"0","pokemon_id":"168"}{"order":"","version_group_id":"4","move_id":"214","pokemon_move_method_id":"4","level":"0","pokemon_id":"168"}{"order":"","version_group_id":"4","move_id":"216","pokemon_move_method_id":"4","level":"0","pokemon_id":"168"}{"order":"","version_group_id":"4","move_id":"218","pokemon_move_method_id":"4","level":"0","pokemon_id":"168"}{"order":"","version_group_id":"4","move_id":"237","pokemon_move_method_id":"4","level":"0","pokemon_id":"168"}{"order":"","version_group_id":"4","move_id":"241","pokemon_move_method_id":"4","level":"0","pokemon_id":"168"}{"order":"1","version_group_id":"5","move_id":"40","pokemon_move_method_id":"1","level":"1","pokemon_id":"168"}{"order":"","version_group_id":"5","move_id":"63","pokemon_move_method_id":"4","level":"0","pokemon_id":"168"}{"order":"","version_group_id":"5","move_id":"76","pokemon_move_method_id":"4","level":"0","pokemon_id":"168"}{"order":"2","version_group_id":"5","move_id":"81","pokemon_move_method_id":"1","level":"1","pokemon_id":"168"}{"order":"","version_group_id":"5","move_id":"91","pokemon_move_method_id":"4","level":"0","pokemon_id":"168"}{"order":"","version_group_id":"5","move_id":"92","pokemon_move_method_id":"4","level":"0","pokemon_id":"168"}{"order":"","version_group_id":"5","move_id":"94","pokemon_move_method_id":"1","level":"63","pokemon_id":"168"}{"order":"","version_group_id":"5","move_id":"94","pokemon_move_method_id":"4","level":"0","pokemon_id":"168"}{"order":"","version_group_id":"5","move_id":"97","pokemon_move_method_id":"1","level":"53","pokemon_id":"168"}{"order":"","version_group_id":"5","move_id":"101","pokemon_move_method_id":"1","level":"17","pokemon_id":"168"}{"order":"","version_group_id":"5","move_id":"104","pokemon_move_method_id":"4","level":"0","pokemon_id":"168"}{"order":"4","version_group_id":"5","move_id":"132","pokemon_move_method_id":"1","level":"1","pokemon_id":"168"}{"order":"","version_group_id":"5","move_id":"132","pokemon_move_method_id":"1","level":"11","pokemon_id":"168"}{"order":"","version_group_id":"5","move_id":"141","pokemon_move_method_id":"1","level":"25","pokemon_id":"168"}{"order":"","version_group_id":"5","move_id":"148","pokemon_move_method_id":"4","level":"0","pokemon_id":"168"}{"order":"","version_group_id":"5","move_id":"154","pokemon_move_method_id":"1","level":"34","pokemon_id":"168"}{"order":"","version_group_id":"5","move_id":"156","pokemon_move_method_id":"4","level":"0","pokemon_id":"168"}{"order":"","version_group_id":"5","move_id":"168","pokemon_move_method_id":"4","level":"0","pokemon_id":"168"}{"order":"","version_group_id":"5","move_id":"169","pokemon_move_method_id":"1","level":"43","pokemon_id":"168"}{"order":"","version_group_id":"5","move_id":"182","pokemon_move_method_id":"4","level":"0","pokemon_id":"168"}{"order":"3","version_group_id":"5","move_id":"184","pokemon_move_method_id":"1","level":"1","pokemon_id":"168"}{"order":"","version_group_id":"5","move_id":"184","pokemon_move_method_id":"1","level":"6","pokemon_id":"168"}{"order":"","version_group_id":"5","move_id":"188","pokemon_move_method_id":"4","level":"0","pokemon_id":"168"}{"order":"","version_group_id":"5","move_id":"202","pokemon_move_method_id":"4","level":"0","pokemon_id":"168"}{"order":"","version_group_id":"5","move_id":"213","pokemon_move_method_id":"4","level":"0","pokemon_id":"168"}{"order":"","version_group_id":"5","move_id":"216","pokemon_move_method_id":"4","level":"0","pokemon_id":"168"}{"order":"","version_group_id":"5","move_id":"218","pokemon_move_method_id":"4","level":"0","pokemon_id":"168"}{"order":"","version_group_id":"5","move_id":"237","pokemon_move_method_id":"4","level":"0","pokemon_id":"168"}{"order":"","version_group_id":"5","move_id":"241","pokemon_move_method_id":"4","level":"0","pokemon_id":"168"}{"order":"","version_group_id":"5","move_id":"263","pokemon_move_method_id":"4","level":"0","pokemon_id":"168"}{"order":"","version_group_id":"5","move_id":"290","pokemon_move_method_id":"4","level":"0","pokemon_id":"168"}{"order":"","version_group_id":"6","move_id":"34","pokemon_move_method_id":"3","level":"0","pokemon_id":"168"}{"order":"","version_group_id":"6","move_id":"38","pokemon_move_method_id":"3","level":"0","pokemon_id":"168"}{"order":"1","version_group_id":"6","move_id":"40","pokemon_move_method_id":"1","level":"1","pokemon_id":"168"}{"order":"","version_group_id":"6","move_id":"63","pokemon_move_method_id":"4","level":"0","pokemon_id":"168"}{"order":"","version_group_id":"6","move_id":"76","pokemon_move_method_id":"4","level":"0","pokemon_id":"168"}{"order":"2","version_group_id":"6","move_id":"81","pokemon_move_method_id":"1","level":"1","pokemon_id":"168"}{"order":"","version_group_id":"6","move_id":"91","pokemon_move_method_id":"4","level":"0","pokemon_id":"168"}{"order":"","version_group_id":"6","move_id":"92","pokemon_move_method_id":"4","level":"0","pokemon_id":"168"}{"order":"","version_group_id":"6","move_id":"94","pokemon_move_method_id":"1","level":"63","pokemon_id":"168"}{"order":"","version_group_id":"6","move_id":"94","pokemon_move_method_id":"4","level":"0","pokemon_id":"168"}{"order":"","version_group_id":"6","move_id":"97","pokemon_move_method_id":"1","level":"53","pokemon_id":"168"}{"order":"","version_group_id":"6","move_id":"101","pokemon_move_method_id":"1","level":"17","pokemon_id":"168"}{"order":"","version_group_id":"6","move_id":"102","pokemon_move_method_id":"3","level":"0","pokemon_id":"168"}{"order":"","version_group_id":"6","move_id":"104","pokemon_move_method_id":"4","level":"0","pokemon_id":"168"}{"order":"4","version_group_id":"6","move_id":"132","pokemon_move_method_id":"1","level":"1","pokemon_id":"168"}{"order":"","version_group_id":"6","move_id":"132","pokemon_move_method_id":"1","level":"11","pokemon_id":"168"}{"order":"","version_group_id":"6","move_id":"141","pokemon_move_method_id":"1","level":"25","pokemon_id":"168"}{"order":"","version_group_id":"6","move_id":"148","pokemon_move_method_id":"4","level":"0","pokemon_id":"168"}{"order":"","version_group_id":"6","move_id":"154","pokemon_move_method_id":"1","level":"34","pokemon_id":"168"}{"order":"","version_group_id":"6","move_id":"156","pokemon_move_method_id":"4","level":"0","pokemon_id":"168"}{"order":"","version_group_id":"6","move_id":"164","pokemon_move_method_id":"3","level":"0","pokemon_id":"168"}{"order":"","version_group_id":"6","move_id":"168","pokemon_move_method_id":"4","level":"0","pokemon_id":"168"}{"order":"","version_group_id":"6","move_id":"169","pokemon_move_method_id":"1","level":"43","pokemon_id":"168"}{"order":"","version_group_id":"6","move_id":"173","pokemon_move_method_id":"3","level":"0","pokemon_id":"168"}{"order":"","version_group_id":"6","move_id":"182","pokemon_move_method_id":"4","level":"0","pokemon_id":"168"}{"order":"3","version_group_id":"6","move_id":"184","pokemon_move_method_id":"1","level":"1","pokemon_id":"168"}{"order":"","version_group_id":"6","move_id":"184","pokemon_move_method_id":"1","level":"6","pokemon_id":"168"}{"order":"","version_group_id":"6","move_id":"188","pokemon_move_method_id":"4","level":"0","pokemon_id":"168"}{"order":"","version_group_id":"6","move_id":"202","pokemon_move_method_id":"4","level":"0","pokemon_id":"168"}{"order":"","version_group_id":"6","move_id":"203","pokemon_move_method_id":"3","level":"0","pokemon_id":"168"}{"order":"","version_group_id":"6","move_id":"207","pokemon_move_method_id":"3","level":"0","pokemon_id":"168"}{"order":"","version_group_id":"6","move_id":"213","pokemon_move_method_id":"4","level":"0","pokemon_id":"168"}{"order":"","version_group_id":"6","move_id":"214","pokemon_move_method_id":"3","level":"0","pokemon_id":"168"}{"order":"","version_group_id":"6","move_id":"216","pokemon_move_method_id":"4","level":"0","pokemon_id":"168"}{"order":"","version_group_id":"6","move_id":"218","pokemon_move_method_id":"4","level":"0","pokemon_id":"168"}{"order":"","version_group_id":"6","move_id":"237","pokemon_move_method_id":"4","level":"0","pokemon_id":"168"}{"order":"","version_group_id":"6","move_id":"241","pokemon_move_method_id":"4","level":"0","pokemon_id":"168"}{"order":"","version_group_id":"6","move_id":"263","pokemon_move_method_id":"4","level":"0","pokemon_id":"168"}{"order":"","version_group_id":"6","move_id":"290","pokemon_move_method_id":"4","level":"0","pokemon_id":"168"}{"order":"","version_group_id":"7","move_id":"34","pokemon_move_method_id":"3","level":"0","pokemon_id":"168"}{"order":"","version_group_id":"7","move_id":"38","pokemon_move_method_id":"3","level":"0","pokemon_id":"168"}{"order":"1","version_group_id":"7","move_id":"40","pokemon_move_method_id":"1","level":"1","pokemon_id":"168"}{"order":"","version_group_id":"7","move_id":"63","pokemon_move_method_id":"4","level":"0","pokemon_id":"168"}{"order":"","version_group_id":"7","move_id":"76","pokemon_move_method_id":"4","level":"0","pokemon_id":"168"}{"order":"2","version_group_id":"7","move_id":"81","pokemon_move_method_id":"1","level":"1","pokemon_id":"168"}{"order":"","version_group_id":"7","move_id":"91","pokemon_move_method_id":"4","level":"0","pokemon_id":"168"}{"order":"","version_group_id":"7","move_id":"92","pokemon_move_method_id":"4","level":"0","pokemon_id":"168"}{"order":"","version_group_id":"7","move_id":"94","pokemon_move_method_id":"1","level":"63","pokemon_id":"168"}{"order":"","version_group_id":"7","move_id":"94","pokemon_move_method_id":"4","level":"0","pokemon_id":"168"}{"order":"","version_group_id":"7","move_id":"97","pokemon_move_method_id":"1","level":"53","pokemon_id":"168"}{"order":"","version_group_id":"7","move_id":"101","pokemon_move_method_id":"1","level":"17","pokemon_id":"168"}{"order":"","version_group_id":"7","move_id":"102","pokemon_move_method_id":"3","level":"0","pokemon_id":"168"}{"order":"","version_group_id":"7","move_id":"104","pokemon_move_method_id":"4","level":"0","pokemon_id":"168"}{"order":"4","version_group_id":"7","move_id":"132","pokemon_move_method_id":"1","level":"1","pokemon_id":"168"}{"order":"","version_group_id":"7","move_id":"132","pokemon_move_method_id":"1","level":"11","pokemon_id":"168"}{"order":"","version_group_id":"7","move_id":"141","pokemon_move_method_id":"1","level":"25","pokemon_id":"168"}{"order":"","version_group_id":"7","move_id":"148","pokemon_move_method_id":"4","level":"0","pokemon_id":"168"}{"order":"","version_group_id":"7","move_id":"154","pokemon_move_method_id":"1","level":"34","pokemon_id":"168"}{"order":"","version_group_id":"7","move_id":"156","pokemon_move_method_id":"4","level":"0","pokemon_id":"168"}{"order":"","version_group_id":"7","move_id":"164","pokemon_move_method_id":"3","level":"0","pokemon_id":"168"}{"order":"","version_group_id":"7","move_id":"168","pokemon_move_method_id":"4","level":"0","pokemon_id":"168"}{"order":"","version_group_id":"7","move_id":"169","pokemon_move_method_id":"1","level":"43","pokemon_id":"168"}{"order":"","version_group_id":"7","move_id":"182","pokemon_move_method_id":"4","level":"0","pokemon_id":"168"}{"order":"3","version_group_id":"7","move_id":"184","pokemon_move_method_id":"1","level":"1","pokemon_id":"168"}{"order":"","version_group_id":"7","move_id":"184","pokemon_move_method_id":"1","level":"6","pokemon_id":"168"}{"order":"","version_group_id":"7","move_id":"188","pokemon_move_method_id":"4","level":"0","pokemon_id":"168"}{"order":"","version_group_id":"7","move_id":"202","pokemon_move_method_id":"4","level":"0","pokemon_id":"168"}{"order":"","version_group_id":"7","move_id":"213","pokemon_move_method_id":"4","level":"0","pokemon_id":"168"}{"order":"","version_group_id":"7","move_id":"216","pokemon_move_method_id":"4","level":"0","pokemon_id":"168"}{"order":"","version_group_id":"7","move_id":"218","pokemon_move_method_id":"4","level":"0","pokemon_id":"168"}{"order":"","version_group_id":"7","move_id":"237","pokemon_move_method_id":"4","level":"0","pokemon_id":"168"}{"order":"","version_group_id":"7","move_id":"241","pokemon_move_method_id":"4","level":"0","pokemon_id":"168"}{"order":"","version_group_id":"7","move_id":"263","pokemon_move_method_id":"4","level":"0","pokemon_id":"168"}{"order":"","version_group_id":"7","move_id":"290","pokemon_move_method_id":"4","level":"0","pokemon_id":"168"}{"order":"2","version_group_id":"8","move_id":"40","pokemon_move_method_id":"1","level":"1","pokemon_id":"168"}{"order":"","version_group_id":"8","move_id":"42","pokemon_move_method_id":"1","level":"41","pokemon_id":"168"}{"order":"","version_group_id":"8","move_id":"63","pokemon_move_method_id":"4","level":"0","pokemon_id":"168"}{"order":"","version_group_id":"8","move_id":"76","pokemon_move_method_id":"4","level":"0","pokemon_id":"168"}{"order":"3","version_group_id":"8","move_id":"81","pokemon_move_method_id":"1","level":"1","pokemon_id":"168"}{"order":"","version_group_id":"8","move_id":"91","pokemon_move_method_id":"4","level":"0","pokemon_id":"168"}{"order":"","version_group_id":"8","move_id":"92","pokemon_move_method_id":"4","level":"0","pokemon_id":"168"}{"order":"","version_group_id":"8","move_id":"94","pokemon_move_method_id":"1","level":"46","pokemon_id":"168"}{"order":"","version_group_id":"8","move_id":"94","pokemon_move_method_id":"4","level":"0","pokemon_id":"168"}{"order":"","version_group_id":"8","move_id":"97","pokemon_move_method_id":"1","level":"37","pokemon_id":"168"}{"order":"","version_group_id":"8","move_id":"101","pokemon_move_method_id":"1","level":"15","pokemon_id":"168"}{"order":"","version_group_id":"8","move_id":"104","pokemon_move_method_id":"4","level":"0","pokemon_id":"168"}{"order":"5","version_group_id":"8","move_id":"132","pokemon_move_method_id":"1","level":"1","pokemon_id":"168"}{"order":"","version_group_id":"8","move_id":"132","pokemon_move_method_id":"1","level":"8","pokemon_id":"168"}{"order":"","version_group_id":"8","move_id":"141","pokemon_move_method_id":"1","level":"12","pokemon_id":"168"}{"order":"","version_group_id":"8","move_id":"148","pokemon_move_method_id":"4","level":"0","pokemon_id":"168"}{"order":"","version_group_id":"8","move_id":"154","pokemon_move_method_id":"1","level":"23","pokemon_id":"168"}{"order":"","version_group_id":"8","move_id":"156","pokemon_move_method_id":"4","level":"0","pokemon_id":"168"}{"order":"","version_group_id":"8","move_id":"164","pokemon_move_method_id":"4","level":"0","pokemon_id":"168"}{"order":"","version_group_id":"8","move_id":"168","pokemon_move_method_id":"4","level":"0","pokemon_id":"168"}{"order":"","version_group_id":"8","move_id":"169","pokemon_move_method_id":"1","level":"32","pokemon_id":"168"}{"order":"","version_group_id":"8","move_id":"182","pokemon_move_method_id":"4","level":"0","pokemon_id":"168"}{"order":"4","version_group_id":"8","move_id":"184","pokemon_move_method_id":"1","level":"1","pokemon_id":"168"}{"order":"","version_group_id":"8","move_id":"184","pokemon_move_method_id":"1","level":"5","pokemon_id":"168"}{"order":"","version_group_id":"8","move_id":"188","pokemon_move_method_id":"4","level":"0","pokemon_id":"168"}{"order":"","version_group_id":"8","move_id":"202","pokemon_move_method_id":"4","level":"0","pokemon_id":"168"}{"order":"","version_group_id":"8","move_id":"203","pokemon_move_method_id":"4","level":"0","pokemon_id":"168"}{"order":"","version_group_id":"8","move_id":"207","pokemon_move_method_id":"4","level":"0","pokemon_id":"168"}{"order":"","version_group_id":"8","move_id":"213","pokemon_move_method_id":"4","level":"0","pokemon_id":"168"}{"order":"","version_group_id":"8","move_id":"214","pokemon_move_method_id":"4","level":"0","pokemon_id":"168"}{"order":"","version_group_id":"8","move_id":"216","pokemon_move_method_id":"4","level":"0","pokemon_id":"168"}{"order":"","version_group_id":"8","move_id":"218","pokemon_move_method_id":"4","level":"0","pokemon_id":"168"}{"order":"","version_group_id":"8","move_id":"237","pokemon_move_method_id":"4","level":"0","pokemon_id":"168"}{"order":"","version_group_id":"8","move_id":"241","pokemon_move_method_id":"4","level":"0","pokemon_id":"168"}{"order":"","version_group_id":"8","move_id":"263","pokemon_move_method_id":"4","level":"0","pokemon_id":"168"}{"order":"","version_group_id":"8","move_id":"290","pokemon_move_method_id":"4","level":"0","pokemon_id":"168"}{"order":"","version_group_id":"8","move_id":"363","pokemon_move_method_id":"4","level":"0","pokemon_id":"168"}{"order":"","version_group_id":"8","move_id":"389","pokemon_move_method_id":"1","level":"28","pokemon_id":"168"}{"order":"","version_group_id":"8","move_id":"398","pokemon_move_method_id":"1","level":"50","pokemon_id":"168"}{"order":"","version_group_id":"8","move_id":"398","pokemon_move_method_id":"4","level":"0","pokemon_id":"168"}{"order":"","version_group_id":"8","move_id":"416","pokemon_move_method_id":"4","level":"0","pokemon_id":"168"}{"order":"","version_group_id":"8","move_id":"425","pokemon_move_method_id":"1","level":"19","pokemon_id":"168"}{"order":"","version_group_id":"8","move_id":"445","pokemon_move_method_id":"4","level":"0","pokemon_id":"168"}{"order":"1","version_group_id":"8","move_id":"450","pokemon_move_method_id":"1","level":"1","pokemon_id":"168"}{"order":"2","version_group_id":"9","move_id":"40","pokemon_move_method_id":"1","level":"1","pokemon_id":"168"}{"order":"","version_group_id":"9","move_id":"42","pokemon_move_method_id":"1","level":"41","pokemon_id":"168"}{"order":"","version_group_id":"9","move_id":"63","pokemon_move_method_id":"4","level":"0","pokemon_id":"168"}{"order":"","version_group_id":"9","move_id":"76","pokemon_move_method_id":"4","level":"0","pokemon_id":"168"}{"order":"3","version_group_id":"9","move_id":"81","pokemon_move_method_id":"1","level":"1","pokemon_id":"168"}{"order":"","version_group_id":"9","move_id":"91","pokemon_move_method_id":"4","level":"0","pokemon_id":"168"}{"order":"","version_group_id":"9","move_id":"92","pokemon_move_method_id":"4","level":"0","pokemon_id":"168"}{"order":"","version_group_id":"9","move_id":"94","pokemon_move_method_id":"1","level":"46","pokemon_id":"168"}{"order":"","version_group_id":"9","move_id":"94","pokemon_move_method_id":"4","level":"0","pokemon_id":"168"}{"order":"","version_group_id":"9","move_id":"97","pokemon_move_method_id":"1","level":"37","pokemon_id":"168"}{"order":"","version_group_id":"9","move_id":"101","pokemon_move_method_id":"1","level":"15","pokemon_id":"168"}{"order":"","version_group_id":"9","move_id":"104","pokemon_move_method_id":"4","level":"0","pokemon_id":"168"}{"order":"5","version_group_id":"9","move_id":"132","pokemon_move_method_id":"1","level":"1","pokemon_id":"168"}{"order":"","version_group_id":"9","move_id":"132","pokemon_move_method_id":"1","level":"8","pokemon_id":"168"}{"order":"","version_group_id":"9","move_id":"141","pokemon_move_method_id":"1","level":"12","pokemon_id":"168"}{"order":"","version_group_id":"9","move_id":"148","pokemon_move_method_id":"4","level":"0","pokemon_id":"168"}{"order":"","version_group_id":"9","move_id":"154","pokemon_move_method_id":"1","level":"23","pokemon_id":"168"}{"order":"","version_group_id":"9","move_id":"156","pokemon_move_method_id":"4","level":"0","pokemon_id":"168"}{"order":"","version_group_id":"9","move_id":"164","pokemon_move_method_id":"4","level":"0","pokemon_id":"168"}{"order":"","version_group_id":"9","move_id":"168","pokemon_move_method_id":"4","level":"0","pokemon_id":"168"}{"order":"","version_group_id":"9","move_id":"169","pokemon_move_method_id":"1","level":"32","pokemon_id":"168"}{"order":"","version_group_id":"9","move_id":"182","pokemon_move_method_id":"4","level":"0","pokemon_id":"168"}{"order":"4","version_group_id":"9","move_id":"184","pokemon_move_method_id":"1","level":"1","pokemon_id":"168"}{"order":"","version_group_id":"9","move_id":"184","pokemon_move_method_id":"1","level":"5","pokemon_id":"168"}{"order":"","version_group_id":"9","move_id":"188","pokemon_move_method_id":"4","level":"0","pokemon_id":"168"}{"order":"","version_group_id":"9","move_id":"202","pokemon_move_method_id":"4","level":"0","pokemon_id":"168"}{"order":"","version_group_id":"9","move_id":"203","pokemon_move_method_id":"4","level":"0","pokemon_id":"168"}{"order":"","version_group_id":"9","move_id":"207","pokemon_move_method_id":"4","level":"0","pokemon_id":"168"}{"order":"","version_group_id":"9","move_id":"213","pokemon_move_method_id":"4","level":"0","pokemon_id":"168"}{"order":"","version_group_id":"9","move_id":"214","pokemon_move_method_id":"4","level":"0","pokemon_id":"168"}{"order":"","version_group_id":"9","move_id":"216","pokemon_move_method_id":"4","level":"0","pokemon_id":"168"}{"order":"","version_group_id":"9","move_id":"218","pokemon_move_method_id":"4","level":"0","pokemon_id":"168"}{"order":"","version_group_id":"9","move_id":"237","pokemon_move_method_id":"4","level":"0","pokemon_id":"168"}{"order":"","version_group_id":"9","move_id":"241","pokemon_move_method_id":"4","level":"0","pokemon_id":"168"}{"order":"","version_group_id":"9","move_id":"263","pokemon_move_method_id":"4","level":"0","pokemon_id":"168"}{"order":"","version_group_id":"9","move_id":"290","pokemon_move_method_id":"4","level":"0","pokemon_id":"168"}{"order":"","version_group_id":"9","move_id":"324","pokemon_move_method_id":"3","level":"0","pokemon_id":"168"}{"order":"","version_group_id":"9","move_id":"340","pokemon_move_method_id":"3","level":"0","pokemon_id":"168"}{"order":"","version_group_id":"9","move_id":"363","pokemon_move_method_id":"4","level":"0","pokemon_id":"168"}{"order":"","version_group_id":"9","move_id":"389","pokemon_move_method_id":"1","level":"28","pokemon_id":"168"}{"order":"","version_group_id":"9","move_id":"389","pokemon_move_method_id":"3","level":"0","pokemon_id":"168"}{"order":"","version_group_id":"9","move_id":"398","pokemon_move_method_id":"1","level":"50","pokemon_id":"168"}{"order":"","version_group_id":"9","move_id":"398","pokemon_move_method_id":"4","level":"0","pokemon_id":"168"}{"order":"","version_group_id":"9","move_id":"416","pokemon_move_method_id":"4","level":"0","pokemon_id":"168"}{"order":"","version_group_id":"9","move_id":"425","pokemon_move_method_id":"1","level":"19","pokemon_id":"168"}{"order":"","version_group_id":"9","move_id":"445","pokemon_move_method_id":"4","level":"0","pokemon_id":"168"}{"order":"1","version_group_id":"9","move_id":"450","pokemon_move_method_id":"1","level":"1","pokemon_id":"168"}{"order":"2","version_group_id":"10","move_id":"40","pokemon_move_method_id":"1","level":"1","pokemon_id":"168"}{"order":"","version_group_id":"10","move_id":"42","pokemon_move_method_id":"1","level":"41","pokemon_id":"168"}{"order":"","version_group_id":"10","move_id":"63","pokemon_move_method_id":"4","level":"0","pokemon_id":"168"}{"order":"","version_group_id":"10","move_id":"76","pokemon_move_method_id":"4","level":"0","pokemon_id":"168"}{"order":"3","version_group_id":"10","move_id":"81","pokemon_move_method_id":"1","level":"1","pokemon_id":"168"}{"order":"","version_group_id":"10","move_id":"81","pokemon_move_method_id":"3","level":"0","pokemon_id":"168"}{"order":"","version_group_id":"10","move_id":"91","pokemon_move_method_id":"4","level":"0","pokemon_id":"168"}{"order":"","version_group_id":"10","move_id":"92","pokemon_move_method_id":"4","level":"0","pokemon_id":"168"}{"order":"","version_group_id":"10","move_id":"94","pokemon_move_method_id":"1","level":"46","pokemon_id":"168"}{"order":"","version_group_id":"10","move_id":"94","pokemon_move_method_id":"4","level":"0","pokemon_id":"168"}{"order":"","version_group_id":"10","move_id":"97","pokemon_move_method_id":"1","level":"37","pokemon_id":"168"}{"order":"","version_group_id":"10","move_id":"101","pokemon_move_method_id":"1","level":"15","pokemon_id":"168"}{"order":"","version_group_id":"10","move_id":"104","pokemon_move_method_id":"4","level":"0","pokemon_id":"168"}{"order":"5","version_group_id":"10","move_id":"132","pokemon_move_method_id":"1","level":"1","pokemon_id":"168"}{"order":"","version_group_id":"10","move_id":"132","pokemon_move_method_id":"1","level":"8","pokemon_id":"168"}{"order":"","version_group_id":"10","move_id":"141","pokemon_move_method_id":"1","level":"12","pokemon_id":"168"}{"order":"","version_group_id":"10","move_id":"148","pokemon_move_method_id":"4","level":"0","pokemon_id":"168"}{"order":"","version_group_id":"10","move_id":"154","pokemon_move_method_id":"1","level":"23","pokemon_id":"168"}{"order":"","version_group_id":"10","move_id":"156","pokemon_move_method_id":"4","level":"0","pokemon_id":"168"}{"order":"","version_group_id":"10","move_id":"164","pokemon_move_method_id":"4","level":"0","pokemon_id":"168"}{"order":"","version_group_id":"10","move_id":"168","pokemon_move_method_id":"4","level":"0","pokemon_id":"168"}{"order":"","version_group_id":"10","move_id":"169","pokemon_move_method_id":"1","level":"32","pokemon_id":"168"}{"order":"","version_group_id":"10","move_id":"182","pokemon_move_method_id":"4","level":"0","pokemon_id":"168"}{"order":"4","version_group_id":"10","move_id":"184","pokemon_move_method_id":"1","level":"1","pokemon_id":"168"}{"order":"","version_group_id":"10","move_id":"184","pokemon_move_method_id":"1","level":"5","pokemon_id":"168"}{"order":"","version_group_id":"10","move_id":"188","pokemon_move_method_id":"4","level":"0","pokemon_id":"168"}{"order":"","version_group_id":"10","move_id":"202","pokemon_move_method_id":"4","level":"0","pokemon_id":"168"}{"order":"","version_group_id":"10","move_id":"203","pokemon_move_method_id":"4","level":"0","pokemon_id":"168"}{"order":"","version_group_id":"10","move_id":"207","pokemon_move_method_id":"4","level":"0","pokemon_id":"168"}{"order":"","version_group_id":"10","move_id":"213","pokemon_move_method_id":"4","level":"0","pokemon_id":"168"}{"order":"","version_group_id":"10","move_id":"214","pokemon_move_method_id":"4","level":"0","pokemon_id":"168"}{"order":"","version_group_id":"10","move_id":"216","pokemon_move_method_id":"4","level":"0","pokemon_id":"168"}{"order":"","version_group_id":"10","move_id":"218","pokemon_move_method_id":"4","level":"0","pokemon_id":"168"}{"order":"","version_group_id":"10","move_id":"237","pokemon_move_method_id":"4","level":"0","pokemon_id":"168"}{"order":"","version_group_id":"10","move_id":"241","pokemon_move_method_id":"4","level":"0","pokemon_id":"168"}{"order":"","version_group_id":"10","move_id":"263","pokemon_move_method_id":"4","level":"0","pokemon_id":"168"}{"order":"","version_group_id":"10","move_id":"290","pokemon_move_method_id":"4","level":"0","pokemon_id":"168"}{"order":"","version_group_id":"10","move_id":"324","pokemon_move_method_id":"3","level":"0","pokemon_id":"168"}{"order":"","version_group_id":"10","move_id":"340","pokemon_move_method_id":"3","level":"0","pokemon_id":"168"}{"order":"","version_group_id":"10","move_id":"363","pokemon_move_method_id":"4","level":"0","pokemon_id":"168"}{"order":"","version_group_id":"10","move_id":"389","pokemon_move_method_id":"1","level":"28","pokemon_id":"168"}{"order":"","version_group_id":"10","move_id":"389","pokemon_move_method_id":"3","level":"0","pokemon_id":"168"}{"order":"","version_group_id":"10","move_id":"398","pokemon_move_method_id":"1","level":"50","pokemon_id":"168"}{"order":"","version_group_id":"10","move_id":"398","pokemon_move_method_id":"4","level":"0","pokemon_id":"168"}{"order":"","version_group_id":"10","move_id":"416","pokemon_move_method_id":"4","level":"0","pokemon_id":"168"}{"order":"","version_group_id":"10","move_id":"425","pokemon_move_method_id":"1","level":"19","pokemon_id":"168"}{"order":"","version_group_id":"10","move_id":"445","pokemon_move_method_id":"4","level":"0","pokemon_id":"168"}{"order":"1","version_group_id":"10","move_id":"450","pokemon_move_method_id":"1","level":"1","pokemon_id":"168"}{"order":"","version_group_id":"10","move_id":"450","pokemon_move_method_id":"3","level":"0","pokemon_id":"168"}{"order":"2","version_group_id":"11","move_id":"40","pokemon_move_method_id":"1","level":"1","pokemon_id":"168"}{"order":"","version_group_id":"11","move_id":"42","pokemon_move_method_id":"1","level":"41","pokemon_id":"168"}{"order":"","version_group_id":"11","move_id":"63","pokemon_move_method_id":"4","level":"0","pokemon_id":"168"}{"order":"","version_group_id":"11","move_id":"76","pokemon_move_method_id":"4","level":"0","pokemon_id":"168"}{"order":"3","version_group_id":"11","move_id":"81","pokemon_move_method_id":"1","level":"1","pokemon_id":"168"}{"order":"","version_group_id":"11","move_id":"91","pokemon_move_method_id":"4","level":"0","pokemon_id":"168"}{"order":"","version_group_id":"11","move_id":"92","pokemon_move_method_id":"4","level":"0","pokemon_id":"168"}{"order":"","version_group_id":"11","move_id":"94","pokemon_move_method_id":"1","level":"46","pokemon_id":"168"}{"order":"","version_group_id":"11","move_id":"94","pokemon_move_method_id":"4","level":"0","pokemon_id":"168"}{"order":"","version_group_id":"11","move_id":"97","pokemon_move_method_id":"1","level":"37","pokemon_id":"168"}{"order":"","version_group_id":"11","move_id":"101","pokemon_move_method_id":"1","level":"15","pokemon_id":"168"}{"order":"","version_group_id":"11","move_id":"104","pokemon_move_method_id":"4","level":"0","pokemon_id":"168"}{"order":"5","version_group_id":"11","move_id":"132","pokemon_move_method_id":"1","level":"1","pokemon_id":"168"}{"order":"","version_group_id":"11","move_id":"132","pokemon_move_method_id":"1","level":"8","pokemon_id":"168"}{"order":"","version_group_id":"11","move_id":"141","pokemon_move_method_id":"1","level":"12","pokemon_id":"168"}{"order":"","version_group_id":"11","move_id":"148","pokemon_move_method_id":"4","level":"0","pokemon_id":"168"}{"order":"","version_group_id":"11","move_id":"154","pokemon_move_method_id":"1","level":"23","pokemon_id":"168"}{"order":"","version_group_id":"11","move_id":"156","pokemon_move_method_id":"4","level":"0","pokemon_id":"168"}{"order":"","version_group_id":"11","move_id":"164","pokemon_move_method_id":"4","level":"0","pokemon_id":"168"}{"order":"","version_group_id":"11","move_id":"168","pokemon_move_method_id":"4","level":"0","pokemon_id":"168"}{"order":"","version_group_id":"11","move_id":"169","pokemon_move_method_id":"1","level":"32","pokemon_id":"168"}{"order":"","version_group_id":"11","move_id":"182","pokemon_move_method_id":"4","level":"0","pokemon_id":"168"}{"order":"4","version_group_id":"11","move_id":"184","pokemon_move_method_id":"1","level":"1","pokemon_id":"168"}{"order":"","version_group_id":"11","move_id":"184","pokemon_move_method_id":"1","level":"5","pokemon_id":"168"}{"order":"","version_group_id":"11","move_id":"188","pokemon_move_method_id":"4","level":"0","pokemon_id":"168"}{"order":"","version_group_id":"11","move_id":"207","pokemon_move_method_id":"4","level":"0","pokemon_id":"168"}{"order":"","version_group_id":"11","move_id":"213","pokemon_move_method_id":"4","level":"0","pokemon_id":"168"}{"order":"","version_group_id":"11","move_id":"216","pokemon_move_method_id":"4","level":"0","pokemon_id":"168"}{"order":"","version_group_id":"11","move_id":"218","pokemon_move_method_id":"4","level":"0","pokemon_id":"168"}{"order":"","version_group_id":"11","move_id":"237","pokemon_move_method_id":"4","level":"0","pokemon_id":"168"}{"order":"","version_group_id":"11","move_id":"241","pokemon_move_method_id":"4","level":"0","pokemon_id":"168"}{"order":"","version_group_id":"11","move_id":"263","pokemon_move_method_id":"4","level":"0","pokemon_id":"168"}{"order":"","version_group_id":"11","move_id":"389","pokemon_move_method_id":"1","level":"28","pokemon_id":"168"}{"order":"","version_group_id":"11","move_id":"398","pokemon_move_method_id":"1","level":"50","pokemon_id":"168"}{"order":"","version_group_id":"11","move_id":"398","pokemon_move_method_id":"4","level":"0","pokemon_id":"168"}{"order":"","version_group_id":"11","move_id":"416","pokemon_move_method_id":"4","level":"0","pokemon_id":"168"}{"order":"","version_group_id":"11","move_id":"425","pokemon_move_method_id":"1","level":"19","pokemon_id":"168"}{"order":"","version_group_id":"11","move_id":"440","pokemon_move_method_id":"1","level":"55","pokemon_id":"168"}{"order":"1","version_group_id":"11","move_id":"450","pokemon_move_method_id":"1","level":"1","pokemon_id":"168"}{"order":"","version_group_id":"11","move_id":"468","pokemon_move_method_id":"4","level":"0","pokemon_id":"168"}{"order":"","version_group_id":"11","move_id":"474","pokemon_move_method_id":"4","level":"0","pokemon_id":"168"}{"order":"","version_group_id":"11","move_id":"496","pokemon_move_method_id":"4","level":"0","pokemon_id":"168"}{"order":"","version_group_id":"11","move_id":"522","pokemon_move_method_id":"4","level":"0","pokemon_id":"168"}{"order":"1","version_group_id":"12","move_id":"40","pokemon_move_method_id":"1","level":"1","pokemon_id":"168"}{"order":"","version_group_id":"12","move_id":"63","pokemon_move_method_id":"4","level":"0","pokemon_id":"168"}{"order":"","version_group_id":"12","move_id":"76","pokemon_move_method_id":"4","level":"0","pokemon_id":"168"}{"order":"2","version_group_id":"12","move_id":"81","pokemon_move_method_id":"1","level":"1","pokemon_id":"168"}{"order":"","version_group_id":"12","move_id":"91","pokemon_move_method_id":"4","level":"0","pokemon_id":"168"}{"order":"","version_group_id":"12","move_id":"92","pokemon_move_method_id":"4","level":"0","pokemon_id":"168"}{"order":"","version_group_id":"12","move_id":"94","pokemon_move_method_id":"1","level":"63","pokemon_id":"168"}{"order":"","version_group_id":"12","move_id":"94","pokemon_move_method_id":"4","level":"0","pokemon_id":"168"}{"order":"","version_group_id":"12","move_id":"97","pokemon_move_method_id":"1","level":"53","pokemon_id":"168"}{"order":"","version_group_id":"12","move_id":"101","pokemon_move_method_id":"1","level":"17","pokemon_id":"168"}{"order":"","version_group_id":"12","move_id":"104","pokemon_move_method_id":"4","level":"0","pokemon_id":"168"}{"order":"4","version_group_id":"12","move_id":"132","pokemon_move_method_id":"1","level":"1","pokemon_id":"168"}{"order":"","version_group_id":"12","move_id":"132","pokemon_move_method_id":"1","level":"11","pokemon_id":"168"}{"order":"","version_group_id":"12","move_id":"141","pokemon_move_method_id":"1","level":"25","pokemon_id":"168"}{"order":"","version_group_id":"12","move_id":"148","pokemon_move_method_id":"4","level":"0","pokemon_id":"168"}{"order":"","version_group_id":"12","move_id":"154","pokemon_move_method_id":"1","level":"34","pokemon_id":"168"}{"order":"","version_group_id":"12","move_id":"156","pokemon_move_method_id":"4","level":"0","pokemon_id":"168"}{"order":"","version_group_id":"12","move_id":"168","pokemon_move_method_id":"4","level":"0","pokemon_id":"168"}{"order":"","version_group_id":"12","move_id":"169","pokemon_move_method_id":"1","level":"43","pokemon_id":"168"}{"order":"","version_group_id":"12","move_id":"182","pokemon_move_method_id":"4","level":"0","pokemon_id":"168"}{"order":"3","version_group_id":"12","move_id":"184","pokemon_move_method_id":"1","level":"1","pokemon_id":"168"}{"order":"","version_group_id":"12","move_id":"184","pokemon_move_method_id":"1","level":"6","pokemon_id":"168"}{"order":"","version_group_id":"12","move_id":"188","pokemon_move_method_id":"4","level":"0","pokemon_id":"168"}{"order":"","version_group_id":"12","move_id":"202","pokemon_move_method_id":"4","level":"0","pokemon_id":"168"}{"order":"","version_group_id":"12","move_id":"213","pokemon_move_method_id":"4","level":"0","pokemon_id":"168"}{"order":"","version_group_id":"12","move_id":"216","pokemon_move_method_id":"4","level":"0","pokemon_id":"168"}{"order":"","version_group_id":"12","move_id":"218","pokemon_move_method_id":"4","level":"0","pokemon_id":"168"}{"order":"","version_group_id":"12","move_id":"237","pokemon_move_method_id":"4","level":"0","pokemon_id":"168"}{"order":"","version_group_id":"12","move_id":"241","pokemon_move_method_id":"4","level":"0","pokemon_id":"168"}{"order":"","version_group_id":"12","move_id":"263","pokemon_move_method_id":"4","level":"0","pokemon_id":"168"}{"order":"","version_group_id":"12","move_id":"290","pokemon_move_method_id":"4","level":"0","pokemon_id":"168"}{"order":"","version_group_id":"13","move_id":"34","pokemon_move_method_id":"3","level":"0","pokemon_id":"168"}{"order":"","version_group_id":"13","move_id":"38","pokemon_move_method_id":"3","level":"0","pokemon_id":"168"}{"order":"1","version_group_id":"13","move_id":"40","pokemon_move_method_id":"1","level":"1","pokemon_id":"168"}{"order":"","version_group_id":"13","move_id":"63","pokemon_move_method_id":"4","level":"0","pokemon_id":"168"}{"order":"","version_group_id":"13","move_id":"76","pokemon_move_method_id":"4","level":"0","pokemon_id":"168"}{"order":"2","version_group_id":"13","move_id":"81","pokemon_move_method_id":"1","level":"1","pokemon_id":"168"}{"order":"","version_group_id":"13","move_id":"91","pokemon_move_method_id":"4","level":"0","pokemon_id":"168"}{"order":"","version_group_id":"13","move_id":"92","pokemon_move_method_id":"4","level":"0","pokemon_id":"168"}{"order":"","version_group_id":"13","move_id":"94","pokemon_move_method_id":"1","level":"63","pokemon_id":"168"}{"order":"","version_group_id":"13","move_id":"94","pokemon_move_method_id":"4","level":"0","pokemon_id":"168"}{"order":"","version_group_id":"13","move_id":"97","pokemon_move_method_id":"1","level":"53","pokemon_id":"168"}{"order":"","version_group_id":"13","move_id":"101","pokemon_move_method_id":"1","level":"17","pokemon_id":"168"}{"order":"","version_group_id":"13","move_id":"102","pokemon_move_method_id":"3","level":"0","pokemon_id":"168"}{"order":"","version_group_id":"13","move_id":"104","pokemon_move_method_id":"4","level":"0","pokemon_id":"168"}{"order":"4","version_group_id":"13","move_id":"132","pokemon_move_method_id":"1","level":"1","pokemon_id":"168"}{"order":"","version_group_id":"13","move_id":"132","pokemon_move_method_id":"1","level":"11","pokemon_id":"168"}{"order":"","version_group_id":"13","move_id":"141","pokemon_move_method_id":"1","level":"25","pokemon_id":"168"}{"order":"","version_group_id":"13","move_id":"148","pokemon_move_method_id":"4","level":"0","pokemon_id":"168"}{"order":"","version_group_id":"13","move_id":"154","pokemon_move_method_id":"1","level":"34","pokemon_id":"168"}{"order":"","version_group_id":"13","move_id":"156","pokemon_move_method_id":"4","level":"0","pokemon_id":"168"}{"order":"","version_group_id":"13","move_id":"164","pokemon_move_method_id":"3","level":"0","pokemon_id":"168"}{"order":"","version_group_id":"13","move_id":"168","pokemon_move_method_id":"4","level":"0","pokemon_id":"168"}{"order":"","version_group_id":"13","move_id":"169","pokemon_move_method_id":"1","level":"43","pokemon_id":"168"}{"order":"","version_group_id":"13","move_id":"182","pokemon_move_method_id":"4","level":"0","pokemon_id":"168"}{"order":"3","version_group_id":"13","move_id":"184","pokemon_move_method_id":"1","level":"1","pokemon_id":"168"}{"order":"","version_group_id":"13","move_id":"184","pokemon_move_method_id":"1","level":"6","pokemon_id":"168"}{"order":"","version_group_id":"13","move_id":"188","pokemon_move_method_id":"4","level":"0","pokemon_id":"168"}{"order":"","version_group_id":"13","move_id":"202","pokemon_move_method_id":"4","level":"0","pokemon_id":"168"}{"order":"","version_group_id":"13","move_id":"207","pokemon_move_method_id":"3","level":"0","pokemon_id":"168"}{"order":"","version_group_id":"13","move_id":"213","pokemon_move_method_id":"4","level":"0","pokemon_id":"168"}{"order":"","version_group_id":"13","move_id":"216","pokemon_move_method_id":"4","level":"0","pokemon_id":"168"}{"order":"","version_group_id":"13","move_id":"218","pokemon_move_method_id":"4","level":"0","pokemon_id":"168"}{"order":"","version_group_id":"13","move_id":"237","pokemon_move_method_id":"4","level":"0","pokemon_id":"168"}{"order":"","version_group_id":"13","move_id":"241","pokemon_move_method_id":"4","level":"0","pokemon_id":"168"}{"order":"","version_group_id":"13","move_id":"263","pokemon_move_method_id":"4","level":"0","pokemon_id":"168"}{"order":"","version_group_id":"13","move_id":"290","pokemon_move_method_id":"4","level":"0","pokemon_id":"168"}{"order":"2","version_group_id":"14","move_id":"40","pokemon_move_method_id":"1","level":"1","pokemon_id":"168"}{"order":"","version_group_id":"14","move_id":"42","pokemon_move_method_id":"1","level":"41","pokemon_id":"168"}{"order":"","version_group_id":"14","move_id":"63","pokemon_move_method_id":"4","level":"0","pokemon_id":"168"}{"order":"","version_group_id":"14","move_id":"76","pokemon_move_method_id":"4","level":"0","pokemon_id":"168"}{"order":"3","version_group_id":"14","move_id":"81","pokemon_move_method_id":"1","level":"1","pokemon_id":"168"}{"order":"","version_group_id":"14","move_id":"91","pokemon_move_method_id":"4","level":"0","pokemon_id":"168"}{"order":"","version_group_id":"14","move_id":"92","pokemon_move_method_id":"4","level":"0","pokemon_id":"168"}{"order":"","version_group_id":"14","move_id":"94","pokemon_move_method_id":"1","level":"46","pokemon_id":"168"}{"order":"","version_group_id":"14","move_id":"94","pokemon_move_method_id":"4","level":"0","pokemon_id":"168"}{"order":"","version_group_id":"14","move_id":"97","pokemon_move_method_id":"1","level":"37","pokemon_id":"168"}{"order":"","version_group_id":"14","move_id":"101","pokemon_move_method_id":"1","level":"15","pokemon_id":"168"}{"order":"","version_group_id":"14","move_id":"104","pokemon_move_method_id":"4","level":"0","pokemon_id":"168"}{"order":"5","version_group_id":"14","move_id":"132","pokemon_move_method_id":"1","level":"1","pokemon_id":"168"}{"order":"","version_group_id":"14","move_id":"132","pokemon_move_method_id":"1","level":"8","pokemon_id":"168"}{"order":"","version_group_id":"14","move_id":"141","pokemon_move_method_id":"1","level":"12","pokemon_id":"168"}{"order":"","version_group_id":"14","move_id":"148","pokemon_move_method_id":"4","level":"0","pokemon_id":"168"}{"order":"","version_group_id":"14","move_id":"154","pokemon_move_method_id":"1","level":"23","pokemon_id":"168"}{"order":"","version_group_id":"14","move_id":"156","pokemon_move_method_id":"4","level":"0","pokemon_id":"168"}{"order":"","version_group_id":"14","move_id":"164","pokemon_move_method_id":"4","level":"0","pokemon_id":"168"}{"order":"","version_group_id":"14","move_id":"168","pokemon_move_method_id":"4","level":"0","pokemon_id":"168"}{"order":"","version_group_id":"14","move_id":"169","pokemon_move_method_id":"1","level":"32","pokemon_id":"168"}{"order":"","version_group_id":"14","move_id":"182","pokemon_move_method_id":"4","level":"0","pokemon_id":"168"}{"order":"4","version_group_id":"14","move_id":"184","pokemon_move_method_id":"1","level":"1","pokemon_id":"168"}{"order":"","version_group_id":"14","move_id":"184","pokemon_move_method_id":"1","level":"5","pokemon_id":"168"}{"order":"","version_group_id":"14","move_id":"188","pokemon_move_method_id":"4","level":"0","pokemon_id":"168"}{"order":"","version_group_id":"14","move_id":"202","pokemon_move_method_id":"3","level":"0","pokemon_id":"168"}{"order":"","version_group_id":"14","move_id":"207","pokemon_move_method_id":"4","level":"0","pokemon_id":"168"}{"order":"","version_group_id":"14","move_id":"213","pokemon_move_method_id":"4","level":"0","pokemon_id":"168"}{"order":"","version_group_id":"14","move_id":"214","pokemon_move_method_id":"3","level":"0","pokemon_id":"168"}{"order":"","version_group_id":"14","move_id":"216","pokemon_move_method_id":"4","level":"0","pokemon_id":"168"}{"order":"","version_group_id":"14","move_id":"218","pokemon_move_method_id":"4","level":"0","pokemon_id":"168"}{"order":"","version_group_id":"14","move_id":"237","pokemon_move_method_id":"4","level":"0","pokemon_id":"168"}{"order":"","version_group_id":"14","move_id":"241","pokemon_move_method_id":"4","level":"0","pokemon_id":"168"}{"order":"","version_group_id":"14","move_id":"263","pokemon_move_method_id":"4","level":"0","pokemon_id":"168"}{"order":"","version_group_id":"14","move_id":"324","pokemon_move_method_id":"3","level":"0","pokemon_id":"168"}{"order":"","version_group_id":"14","move_id":"340","pokemon_move_method_id":"3","level":"0","pokemon_id":"168"}{"order":"","version_group_id":"14","move_id":"389","pokemon_move_method_id":"1","level":"28","pokemon_id":"168"}{"order":"","version_group_id":"14","move_id":"398","pokemon_move_method_id":"1","level":"50","pokemon_id":"168"}{"order":"","version_group_id":"14","move_id":"398","pokemon_move_method_id":"4","level":"0","pokemon_id":"168"}{"order":"","version_group_id":"14","move_id":"404","pokemon_move_method_id":"4","level":"0","pokemon_id":"168"}{"order":"","version_group_id":"14","move_id":"416","pokemon_move_method_id":"4","level":"0","pokemon_id":"168"}{"order":"","version_group_id":"14","move_id":"425","pokemon_move_method_id":"1","level":"19","pokemon_id":"168"}{"order":"","version_group_id":"14","move_id":"440","pokemon_move_method_id":"1","level":"55","pokemon_id":"168"}{"order":"1","version_group_id":"14","move_id":"450","pokemon_move_method_id":"1","level":"1","pokemon_id":"168"}{"order":"","version_group_id":"14","move_id":"450","pokemon_move_method_id":"3","level":"0","pokemon_id":"168"}{"order":"","version_group_id":"14","move_id":"468","pokemon_move_method_id":"4","level":"0","pokemon_id":"168"}{"order":"","version_group_id":"14","move_id":"474","pokemon_move_method_id":"4","level":"0","pokemon_id":"168"}{"order":"","version_group_id":"14","move_id":"492","pokemon_move_method_id":"3","level":"0","pokemon_id":"168"}{"order":"","version_group_id":"14","move_id":"496","pokemon_move_method_id":"4","level":"0","pokemon_id":"168"}{"order":"","version_group_id":"14","move_id":"522","pokemon_move_method_id":"4","level":"0","pokemon_id":"168"}{"order":"","version_group_id":"14","move_id":"527","pokemon_move_method_id":"3","level":"0","pokemon_id":"168"}{"order":"4","version_group_id":"15","move_id":"40","pokemon_move_method_id":"1","level":"1","pokemon_id":"168"}{"order":"","version_group_id":"15","move_id":"42","pokemon_move_method_id":"1","level":"41","pokemon_id":"168"}{"order":"","version_group_id":"15","move_id":"63","pokemon_move_method_id":"4","level":"0","pokemon_id":"168"}{"order":"","version_group_id":"15","move_id":"76","pokemon_move_method_id":"4","level":"0","pokemon_id":"168"}{"order":"5","version_group_id":"15","move_id":"81","pokemon_move_method_id":"1","level":"1","pokemon_id":"168"}{"order":"","version_group_id":"15","move_id":"91","pokemon_move_method_id":"4","level":"0","pokemon_id":"168"}{"order":"","version_group_id":"15","move_id":"92","pokemon_move_method_id":"4","level":"0","pokemon_id":"168"}{"order":"","version_group_id":"15","move_id":"94","pokemon_move_method_id":"1","level":"46","pokemon_id":"168"}{"order":"","version_group_id":"15","move_id":"94","pokemon_move_method_id":"4","level":"0","pokemon_id":"168"}{"order":"","version_group_id":"15","move_id":"97","pokemon_move_method_id":"1","level":"37","pokemon_id":"168"}{"order":"","version_group_id":"15","move_id":"101","pokemon_move_method_id":"1","level":"15","pokemon_id":"168"}{"order":"","version_group_id":"15","move_id":"104","pokemon_move_method_id":"4","level":"0","pokemon_id":"168"}{"order":"7","version_group_id":"15","move_id":"132","pokemon_move_method_id":"1","level":"1","pokemon_id":"168"}{"order":"","version_group_id":"15","move_id":"132","pokemon_move_method_id":"1","level":"8","pokemon_id":"168"}{"order":"","version_group_id":"15","move_id":"141","pokemon_move_method_id":"1","level":"12","pokemon_id":"168"}{"order":"","version_group_id":"15","move_id":"148","pokemon_move_method_id":"4","level":"0","pokemon_id":"168"}{"order":"","version_group_id":"15","move_id":"154","pokemon_move_method_id":"1","level":"23","pokemon_id":"168"}{"order":"","version_group_id":"15","move_id":"156","pokemon_move_method_id":"4","level":"0","pokemon_id":"168"}{"order":"","version_group_id":"15","move_id":"164","pokemon_move_method_id":"4","level":"0","pokemon_id":"168"}{"order":"","version_group_id":"15","move_id":"168","pokemon_move_method_id":"4","level":"0","pokemon_id":"168"}{"order":"","version_group_id":"15","move_id":"169","pokemon_move_method_id":"1","level":"32","pokemon_id":"168"}{"order":"","version_group_id":"15","move_id":"182","pokemon_move_method_id":"4","level":"0","pokemon_id":"168"}{"order":"6","version_group_id":"15","move_id":"184","pokemon_move_method_id":"1","level":"1","pokemon_id":"168"}{"order":"","version_group_id":"15","move_id":"184","pokemon_move_method_id":"1","level":"5","pokemon_id":"168"}{"order":"","version_group_id":"15","move_id":"188","pokemon_move_method_id":"4","level":"0","pokemon_id":"168"}{"order":"","version_group_id":"15","move_id":"207","pokemon_move_method_id":"4","level":"0","pokemon_id":"168"}{"order":"","version_group_id":"15","move_id":"213","pokemon_move_method_id":"4","level":"0","pokemon_id":"168"}{"order":"","version_group_id":"15","move_id":"214","pokemon_move_method_id":"4","level":"0","pokemon_id":"168"}{"order":"","version_group_id":"15","move_id":"216","pokemon_move_method_id":"4","level":"0","pokemon_id":"168"}{"order":"","version_group_id":"15","move_id":"218","pokemon_move_method_id":"4","level":"0","pokemon_id":"168"}{"order":"","version_group_id":"15","move_id":"237","pokemon_move_method_id":"4","level":"0","pokemon_id":"168"}{"order":"","version_group_id":"15","move_id":"241","pokemon_move_method_id":"4","level":"0","pokemon_id":"168"}{"order":"","version_group_id":"15","move_id":"263","pokemon_move_method_id":"4","level":"0","pokemon_id":"168"}{"order":"","version_group_id":"15","move_id":"389","pokemon_move_method_id":"1","level":"28","pokemon_id":"168"}{"order":"","version_group_id":"15","move_id":"398","pokemon_move_method_id":"1","level":"50","pokemon_id":"168"}{"order":"","version_group_id":"15","move_id":"398","pokemon_move_method_id":"4","level":"0","pokemon_id":"168"}{"order":"","version_group_id":"15","move_id":"404","pokemon_move_method_id":"4","level":"0","pokemon_id":"168"}{"order":"","version_group_id":"15","move_id":"416","pokemon_move_method_id":"4","level":"0","pokemon_id":"168"}{"order":"","version_group_id":"15","move_id":"425","pokemon_move_method_id":"1","level":"19","pokemon_id":"168"}{"order":"","version_group_id":"15","move_id":"440","pokemon_move_method_id":"1","level":"55","pokemon_id":"168"}{"order":"3","version_group_id":"15","move_id":"450","pokemon_move_method_id":"1","level":"1","pokemon_id":"168"}{"order":"","version_group_id":"15","move_id":"468","pokemon_move_method_id":"4","level":"0","pokemon_id":"168"}{"order":"","version_group_id":"15","move_id":"474","pokemon_move_method_id":"4","level":"0","pokemon_id":"168"}{"order":"","version_group_id":"15","move_id":"496","pokemon_move_method_id":"4","level":"0","pokemon_id":"168"}{"order":"","version_group_id":"15","move_id":"522","pokemon_move_method_id":"4","level":"0","pokemon_id":"168"}{"order":"","version_group_id":"15","move_id":"564","pokemon_move_method_id":"1","level":"58","pokemon_id":"168"}{"order":"2","version_group_id":"15","move_id":"565","pokemon_move_method_id":"1","level":"1","pokemon_id":"168"}{"order":"","version_group_id":"15","move_id":"590","pokemon_move_method_id":"4","level":"0","pokemon_id":"168"}{"order":"1","version_group_id":"15","move_id":"599","pokemon_move_method_id":"1","level":"1","pokemon_id":"168"}{"order":"","version_group_id":"15","move_id":"611","pokemon_move_method_id":"4","level":"0","pokemon_id":"168"}