{"order":"","version_group_id":"1","move_id":"14","pokemon_move_method_id":"1","level":"35","pokemon_id":"123"}{"order":"","version_group_id":"1","move_id":"14","pokemon_move_method_id":"4","level":"0","pokemon_id":"123"}{"order":"","version_group_id":"1","move_id":"15","pokemon_move_method_id":"4","level":"0","pokemon_id":"123"}{"order":"","version_group_id":"1","move_id":"36","pokemon_move_method_id":"4","level":"0","pokemon_id":"123"}{"order":"","version_group_id":"1","move_id":"38","pokemon_move_method_id":"4","level":"0","pokemon_id":"123"}{"order":"","version_group_id":"1","move_id":"43","pokemon_move_method_id":"1","level":"17","pokemon_id":"123"}{"order":"","version_group_id":"1","move_id":"63","pokemon_move_method_id":"4","level":"0","pokemon_id":"123"}{"order":"","version_group_id":"1","move_id":"92","pokemon_move_method_id":"4","level":"0","pokemon_id":"123"}{"order":"","version_group_id":"1","move_id":"97","pokemon_move_method_id":"1","level":"42","pokemon_id":"123"}{"order":"","version_group_id":"1","move_id":"98","pokemon_move_method_id":"1","level":"1","pokemon_id":"123"}{"order":"","version_group_id":"1","move_id":"99","pokemon_move_method_id":"4","level":"0","pokemon_id":"123"}{"order":"","version_group_id":"1","move_id":"102","pokemon_move_method_id":"4","level":"0","pokemon_id":"123"}{"order":"","version_group_id":"1","move_id":"104","pokemon_move_method_id":"1","level":"24","pokemon_id":"123"}{"order":"","version_group_id":"1","move_id":"104","pokemon_move_method_id":"4","level":"0","pokemon_id":"123"}{"order":"","version_group_id":"1","move_id":"116","pokemon_move_method_id":"1","level":"20","pokemon_id":"123"}{"order":"","version_group_id":"1","move_id":"117","pokemon_move_method_id":"4","level":"0","pokemon_id":"123"}{"order":"","version_group_id":"1","move_id":"129","pokemon_move_method_id":"4","level":"0","pokemon_id":"123"}{"order":"","version_group_id":"1","move_id":"130","pokemon_move_method_id":"4","level":"0","pokemon_id":"123"}{"order":"","version_group_id":"1","move_id":"156","pokemon_move_method_id":"4","level":"0","pokemon_id":"123"}{"order":"","version_group_id":"1","move_id":"163","pokemon_move_method_id":"1","level":"29","pokemon_id":"123"}{"order":"","version_group_id":"1","move_id":"164","pokemon_move_method_id":"4","level":"0","pokemon_id":"123"}{"order":"","version_group_id":"2","move_id":"14","pokemon_move_method_id":"1","level":"35","pokemon_id":"123"}{"order":"","version_group_id":"2","move_id":"14","pokemon_move_method_id":"4","level":"0","pokemon_id":"123"}{"order":"","version_group_id":"2","move_id":"15","pokemon_move_method_id":"4","level":"0","pokemon_id":"123"}{"order":"","version_group_id":"2","move_id":"17","pokemon_move_method_id":"1","level":"50","pokemon_id":"123"}{"order":"","version_group_id":"2","move_id":"36","pokemon_move_method_id":"4","level":"0","pokemon_id":"123"}{"order":"","version_group_id":"2","move_id":"38","pokemon_move_method_id":"4","level":"0","pokemon_id":"123"}{"order":"","version_group_id":"2","move_id":"43","pokemon_move_method_id":"1","level":"17","pokemon_id":"123"}{"order":"","version_group_id":"2","move_id":"63","pokemon_move_method_id":"4","level":"0","pokemon_id":"123"}{"order":"","version_group_id":"2","move_id":"92","pokemon_move_method_id":"4","level":"0","pokemon_id":"123"}{"order":"","version_group_id":"2","move_id":"97","pokemon_move_method_id":"1","level":"42","pokemon_id":"123"}{"order":"","version_group_id":"2","move_id":"98","pokemon_move_method_id":"1","level":"1","pokemon_id":"123"}{"order":"","version_group_id":"2","move_id":"99","pokemon_move_method_id":"4","level":"0","pokemon_id":"123"}{"order":"","version_group_id":"2","move_id":"102","pokemon_move_method_id":"4","level":"0","pokemon_id":"123"}{"order":"","version_group_id":"2","move_id":"104","pokemon_move_method_id":"1","level":"24","pokemon_id":"123"}{"order":"","version_group_id":"2","move_id":"104","pokemon_move_method_id":"4","level":"0","pokemon_id":"123"}{"order":"","version_group_id":"2","move_id":"116","pokemon_move_method_id":"1","level":"20","pokemon_id":"123"}{"order":"","version_group_id":"2","move_id":"117","pokemon_move_method_id":"4","level":"0","pokemon_id":"123"}{"order":"","version_group_id":"2","move_id":"129","pokemon_move_method_id":"4","level":"0","pokemon_id":"123"}{"order":"","version_group_id":"2","move_id":"130","pokemon_move_method_id":"4","level":"0","pokemon_id":"123"}{"order":"","version_group_id":"2","move_id":"156","pokemon_move_method_id":"4","level":"0","pokemon_id":"123"}{"order":"","version_group_id":"2","move_id":"163","pokemon_move_method_id":"1","level":"29","pokemon_id":"123"}{"order":"","version_group_id":"2","move_id":"164","pokemon_move_method_id":"4","level":"0","pokemon_id":"123"}{"order":"","version_group_id":"3","move_id":"13","pokemon_move_method_id":"2","level":"0","pokemon_id":"123"}{"order":"","version_group_id":"3","move_id":"14","pokemon_move_method_id":"1","level":"42","pokemon_id":"123"}{"order":"","version_group_id":"3","move_id":"15","pokemon_move_method_id":"4","level":"0","pokemon_id":"123"}{"order":"","version_group_id":"3","move_id":"17","pokemon_move_method_id":"1","level":"30","pokemon_id":"123"}{"order":"","version_group_id":"3","move_id":"29","pokemon_move_method_id":"4","level":"0","pokemon_id":"123"}{"order":"2","version_group_id":"3","move_id":"43","pokemon_move_method_id":"1","level":"1","pokemon_id":"123"}{"order":"","version_group_id":"3","move_id":"63","pokemon_move_method_id":"4","level":"0","pokemon_id":"123"}{"order":"","version_group_id":"3","move_id":"68","pokemon_move_method_id":"2","level":"0","pokemon_id":"123"}{"order":"","version_group_id":"3","move_id":"92","pokemon_move_method_id":"4","level":"0","pokemon_id":"123"}{"order":"","version_group_id":"3","move_id":"97","pokemon_move_method_id":"1","level":"24","pokemon_id":"123"}{"order":"1","version_group_id":"3","move_id":"98","pokemon_move_method_id":"1","level":"1","pokemon_id":"123"}{"order":"","version_group_id":"3","move_id":"104","pokemon_move_method_id":"1","level":"48","pokemon_id":"123"}{"order":"","version_group_id":"3","move_id":"104","pokemon_move_method_id":"4","level":"0","pokemon_id":"123"}{"order":"","version_group_id":"3","move_id":"113","pokemon_move_method_id":"2","level":"0","pokemon_id":"123"}{"order":"","version_group_id":"3","move_id":"116","pokemon_move_method_id":"1","level":"6","pokemon_id":"123"}{"order":"","version_group_id":"3","move_id":"129","pokemon_move_method_id":"4","level":"0","pokemon_id":"123"}{"order":"","version_group_id":"3","move_id":"156","pokemon_move_method_id":"4","level":"0","pokemon_id":"123"}{"order":"","version_group_id":"3","move_id":"163","pokemon_move_method_id":"1","level":"36","pokemon_id":"123"}{"order":"","version_group_id":"3","move_id":"168","pokemon_move_method_id":"4","level":"0","pokemon_id":"123"}{"order":"","version_group_id":"3","move_id":"173","pokemon_move_method_id":"4","level":"0","pokemon_id":"123"}{"order":"","version_group_id":"3","move_id":"174","pokemon_move_method_id":"4","level":"0","pokemon_id":"123"}{"order":"","version_group_id":"3","move_id":"179","pokemon_move_method_id":"2","level":"0","pokemon_id":"123"}{"order":"","version_group_id":"3","move_id":"182","pokemon_move_method_id":"4","level":"0","pokemon_id":"123"}{"order":"","version_group_id":"3","move_id":"197","pokemon_move_method_id":"4","level":"0","pokemon_id":"123"}{"order":"","version_group_id":"3","move_id":"203","pokemon_move_method_id":"4","level":"0","pokemon_id":"123"}{"order":"","version_group_id":"3","move_id":"206","pokemon_move_method_id":"1","level":"18","pokemon_id":"123"}{"order":"","version_group_id":"3","move_id":"207","pokemon_move_method_id":"4","level":"0","pokemon_id":"123"}{"order":"","version_group_id":"3","move_id":"210","pokemon_move_method_id":"4","level":"0","pokemon_id":"123"}{"order":"","version_group_id":"3","move_id":"211","pokemon_move_method_id":"4","level":"0","pokemon_id":"123"}{"order":"","version_group_id":"3","move_id":"213","pokemon_move_method_id":"4","level":"0","pokemon_id":"123"}{"order":"","version_group_id":"3","move_id":"214","pokemon_move_method_id":"4","level":"0","pokemon_id":"123"}{"order":"","version_group_id":"3","move_id":"216","pokemon_move_method_id":"4","level":"0","pokemon_id":"123"}{"order":"","version_group_id":"3","move_id":"218","pokemon_move_method_id":"4","level":"0","pokemon_id":"123"}{"order":"","version_group_id":"3","move_id":"219","pokemon_move_method_id":"2","level":"0","pokemon_id":"123"}{"order":"","version_group_id":"3","move_id":"226","pokemon_move_method_id":"2","level":"0","pokemon_id":"123"}{"order":"","version_group_id":"3","move_id":"228","pokemon_move_method_id":"1","level":"12","pokemon_id":"123"}{"order":"","version_group_id":"3","move_id":"237","pokemon_move_method_id":"4","level":"0","pokemon_id":"123"}{"order":"","version_group_id":"3","move_id":"241","pokemon_move_method_id":"4","level":"0","pokemon_id":"123"}{"order":"","version_group_id":"3","move_id":"249","pokemon_move_method_id":"4","level":"0","pokemon_id":"123"}{"order":"","version_group_id":"4","move_id":"13","pokemon_move_method_id":"2","level":"0","pokemon_id":"123"}{"order":"","version_group_id":"4","move_id":"14","pokemon_move_method_id":"1","level":"42","pokemon_id":"123"}{"order":"","version_group_id":"4","move_id":"15","pokemon_move_method_id":"4","level":"0","pokemon_id":"123"}{"order":"","version_group_id":"4","move_id":"17","pokemon_move_method_id":"1","level":"30","pokemon_id":"123"}{"order":"","version_group_id":"4","move_id":"29","pokemon_move_method_id":"4","level":"0","pokemon_id":"123"}{"order":"2","version_group_id":"4","move_id":"43","pokemon_move_method_id":"1","level":"1","pokemon_id":"123"}{"order":"","version_group_id":"4","move_id":"63","pokemon_move_method_id":"4","level":"0","pokemon_id":"123"}{"order":"","version_group_id":"4","move_id":"68","pokemon_move_method_id":"2","level":"0","pokemon_id":"123"}{"order":"","version_group_id":"4","move_id":"92","pokemon_move_method_id":"4","level":"0","pokemon_id":"123"}{"order":"","version_group_id":"4","move_id":"97","pokemon_move_method_id":"1","level":"24","pokemon_id":"123"}{"order":"1","version_group_id":"4","move_id":"98","pokemon_move_method_id":"1","level":"1","pokemon_id":"123"}{"order":"","version_group_id":"4","move_id":"104","pokemon_move_method_id":"1","level":"48","pokemon_id":"123"}{"order":"","version_group_id":"4","move_id":"104","pokemon_move_method_id":"4","level":"0","pokemon_id":"123"}{"order":"","version_group_id":"4","move_id":"113","pokemon_move_method_id":"2","level":"0","pokemon_id":"123"}{"order":"","version_group_id":"4","move_id":"116","pokemon_move_method_id":"1","level":"6","pokemon_id":"123"}{"order":"","version_group_id":"4","move_id":"129","pokemon_move_method_id":"4","level":"0","pokemon_id":"123"}{"order":"","version_group_id":"4","move_id":"156","pokemon_move_method_id":"4","level":"0","pokemon_id":"123"}{"order":"","version_group_id":"4","move_id":"163","pokemon_move_method_id":"1","level":"36","pokemon_id":"123"}{"order":"","version_group_id":"4","move_id":"168","pokemon_move_method_id":"4","level":"0","pokemon_id":"123"}{"order":"","version_group_id":"4","move_id":"173","pokemon_move_method_id":"4","level":"0","pokemon_id":"123"}{"order":"","version_group_id":"4","move_id":"174","pokemon_move_method_id":"4","level":"0","pokemon_id":"123"}{"order":"","version_group_id":"4","move_id":"179","pokemon_move_method_id":"2","level":"0","pokemon_id":"123"}{"order":"","version_group_id":"4","move_id":"182","pokemon_move_method_id":"4","level":"0","pokemon_id":"123"}{"order":"","version_group_id":"4","move_id":"197","pokemon_move_method_id":"4","level":"0","pokemon_id":"123"}{"order":"","version_group_id":"4","move_id":"203","pokemon_move_method_id":"4","level":"0","pokemon_id":"123"}{"order":"","version_group_id":"4","move_id":"206","pokemon_move_method_id":"1","level":"18","pokemon_id":"123"}{"order":"","version_group_id":"4","move_id":"207","pokemon_move_method_id":"4","level":"0","pokemon_id":"123"}{"order":"","version_group_id":"4","move_id":"210","pokemon_move_method_id":"4","level":"0","pokemon_id":"123"}{"order":"","version_group_id":"4","move_id":"211","pokemon_move_method_id":"4","level":"0","pokemon_id":"123"}{"order":"","version_group_id":"4","move_id":"213","pokemon_move_method_id":"4","level":"0","pokemon_id":"123"}{"order":"","version_group_id":"4","move_id":"214","pokemon_move_method_id":"4","level":"0","pokemon_id":"123"}{"order":"","version_group_id":"4","move_id":"216","pokemon_move_method_id":"4","level":"0","pokemon_id":"123"}{"order":"","version_group_id":"4","move_id":"218","pokemon_move_method_id":"4","level":"0","pokemon_id":"123"}{"order":"","version_group_id":"4","move_id":"219","pokemon_move_method_id":"2","level":"0","pokemon_id":"123"}{"order":"","version_group_id":"4","move_id":"226","pokemon_move_method_id":"2","level":"0","pokemon_id":"123"}{"order":"","version_group_id":"4","move_id":"228","pokemon_move_method_id":"1","level":"12","pokemon_id":"123"}{"order":"","version_group_id":"4","move_id":"237","pokemon_move_method_id":"4","level":"0","pokemon_id":"123"}{"order":"","version_group_id":"4","move_id":"241","pokemon_move_method_id":"4","level":"0","pokemon_id":"123"}{"order":"","version_group_id":"4","move_id":"249","pokemon_move_method_id":"4","level":"0","pokemon_id":"123"}{"order":"","version_group_id":"5","move_id":"13","pokemon_move_method_id":"2","level":"0","pokemon_id":"123"}{"order":"","version_group_id":"5","move_id":"14","pokemon_move_method_id":"1","level":"36","pokemon_id":"123"}{"order":"","version_group_id":"5","move_id":"15","pokemon_move_method_id":"4","level":"0","pokemon_id":"123"}{"order":"","version_group_id":"5","move_id":"17","pokemon_move_method_id":"1","level":"26","pokemon_id":"123"}{"order":"2","version_group_id":"5","move_id":"43","pokemon_move_method_id":"1","level":"1","pokemon_id":"123"}{"order":"","version_group_id":"5","move_id":"63","pokemon_move_method_id":"4","level":"0","pokemon_id":"123"}{"order":"","version_group_id":"5","move_id":"68","pokemon_move_method_id":"2","level":"0","pokemon_id":"123"}{"order":"","version_group_id":"5","move_id":"92","pokemon_move_method_id":"4","level":"0","pokemon_id":"123"}{"order":"","version_group_id":"5","move_id":"97","pokemon_move_method_id":"1","level":"21","pokemon_id":"123"}{"order":"1","version_group_id":"5","move_id":"98","pokemon_move_method_id":"1","level":"1","pokemon_id":"123"}{"order":"","version_group_id":"5","move_id":"104","pokemon_move_method_id":"1","level":"41","pokemon_id":"123"}{"order":"","version_group_id":"5","move_id":"104","pokemon_move_method_id":"4","level":"0","pokemon_id":"123"}{"order":"","version_group_id":"5","move_id":"113","pokemon_move_method_id":"2","level":"0","pokemon_id":"123"}{"order":"","version_group_id":"5","move_id":"116","pokemon_move_method_id":"1","level":"6","pokemon_id":"123"}{"order":"","version_group_id":"5","move_id":"156","pokemon_move_method_id":"4","level":"0","pokemon_id":"123"}{"order":"","version_group_id":"5","move_id":"163","pokemon_move_method_id":"1","level":"31","pokemon_id":"123"}{"order":"","version_group_id":"5","move_id":"168","pokemon_move_method_id":"4","level":"0","pokemon_id":"123"}{"order":"","version_group_id":"5","move_id":"179","pokemon_move_method_id":"2","level":"0","pokemon_id":"123"}{"order":"","version_group_id":"5","move_id":"182","pokemon_move_method_id":"4","level":"0","pokemon_id":"123"}{"order":"","version_group_id":"5","move_id":"203","pokemon_move_method_id":"2","level":"0","pokemon_id":"123"}{"order":"","version_group_id":"5","move_id":"206","pokemon_move_method_id":"1","level":"16","pokemon_id":"123"}{"order":"","version_group_id":"5","move_id":"210","pokemon_move_method_id":"1","level":"46","pokemon_id":"123"}{"order":"","version_group_id":"5","move_id":"211","pokemon_move_method_id":"4","level":"0","pokemon_id":"123"}{"order":"","version_group_id":"5","move_id":"213","pokemon_move_method_id":"4","level":"0","pokemon_id":"123"}{"order":"","version_group_id":"5","move_id":"216","pokemon_move_method_id":"4","level":"0","pokemon_id":"123"}{"order":"","version_group_id":"5","move_id":"218","pokemon_move_method_id":"4","level":"0","pokemon_id":"123"}{"order":"","version_group_id":"5","move_id":"219","pokemon_move_method_id":"2","level":"0","pokemon_id":"123"}{"order":"","version_group_id":"5","move_id":"226","pokemon_move_method_id":"2","level":"0","pokemon_id":"123"}{"order":"","version_group_id":"5","move_id":"228","pokemon_move_method_id":"1","level":"11","pokemon_id":"123"}{"order":"","version_group_id":"5","move_id":"237","pokemon_move_method_id":"4","level":"0","pokemon_id":"123"}{"order":"","version_group_id":"5","move_id":"240","pokemon_move_method_id":"4","level":"0","pokemon_id":"123"}{"order":"","version_group_id":"5","move_id":"241","pokemon_move_method_id":"4","level":"0","pokemon_id":"123"}{"order":"","version_group_id":"5","move_id":"249","pokemon_move_method_id":"4","level":"0","pokemon_id":"123"}{"order":"","version_group_id":"5","move_id":"263","pokemon_move_method_id":"4","level":"0","pokemon_id":"123"}{"order":"","version_group_id":"5","move_id":"290","pokemon_move_method_id":"4","level":"0","pokemon_id":"123"}{"order":"","version_group_id":"5","move_id":"318","pokemon_move_method_id":"2","level":"0","pokemon_id":"123"}{"order":"","version_group_id":"5","move_id":"332","pokemon_move_method_id":"4","level":"0","pokemon_id":"123"}{"order":"","version_group_id":"6","move_id":"13","pokemon_move_method_id":"2","level":"0","pokemon_id":"123"}{"order":"","version_group_id":"6","move_id":"14","pokemon_move_method_id":"1","level":"36","pokemon_id":"123"}{"order":"","version_group_id":"6","move_id":"14","pokemon_move_method_id":"3","level":"0","pokemon_id":"123"}{"order":"","version_group_id":"6","move_id":"15","pokemon_move_method_id":"4","level":"0","pokemon_id":"123"}{"order":"","version_group_id":"6","move_id":"17","pokemon_move_method_id":"1","level":"26","pokemon_id":"123"}{"order":"","version_group_id":"6","move_id":"38","pokemon_move_method_id":"3","level":"0","pokemon_id":"123"}{"order":"2","version_group_id":"6","move_id":"43","pokemon_move_method_id":"1","level":"1","pokemon_id":"123"}{"order":"","version_group_id":"6","move_id":"63","pokemon_move_method_id":"4","level":"0","pokemon_id":"123"}{"order":"","version_group_id":"6","move_id":"68","pokemon_move_method_id":"2","level":"0","pokemon_id":"123"}{"order":"","version_group_id":"6","move_id":"68","pokemon_move_method_id":"3","level":"0","pokemon_id":"123"}{"order":"","version_group_id":"6","move_id":"92","pokemon_move_method_id":"4","level":"0","pokemon_id":"123"}{"order":"","version_group_id":"6","move_id":"97","pokemon_move_method_id":"1","level":"21","pokemon_id":"123"}{"order":"1","version_group_id":"6","move_id":"98","pokemon_move_method_id":"1","level":"1","pokemon_id":"123"}{"order":"","version_group_id":"6","move_id":"102","pokemon_move_method_id":"3","level":"0","pokemon_id":"123"}{"order":"","version_group_id":"6","move_id":"104","pokemon_move_method_id":"1","level":"41","pokemon_id":"123"}{"order":"","version_group_id":"6","move_id":"104","pokemon_move_method_id":"4","level":"0","pokemon_id":"123"}{"order":"","version_group_id":"6","move_id":"113","pokemon_move_method_id":"2","level":"0","pokemon_id":"123"}{"order":"","version_group_id":"6","move_id":"116","pokemon_move_method_id":"1","level":"6","pokemon_id":"123"}{"order":"","version_group_id":"6","move_id":"129","pokemon_move_method_id":"3","level":"0","pokemon_id":"123"}{"order":"","version_group_id":"6","move_id":"156","pokemon_move_method_id":"4","level":"0","pokemon_id":"123"}{"order":"","version_group_id":"6","move_id":"163","pokemon_move_method_id":"1","level":"31","pokemon_id":"123"}{"order":"","version_group_id":"6","move_id":"164","pokemon_move_method_id":"3","level":"0","pokemon_id":"123"}{"order":"","version_group_id":"6","move_id":"168","pokemon_move_method_id":"4","level":"0","pokemon_id":"123"}{"order":"","version_group_id":"6","move_id":"173","pokemon_move_method_id":"3","level":"0","pokemon_id":"123"}{"order":"","version_group_id":"6","move_id":"179","pokemon_move_method_id":"2","level":"0","pokemon_id":"123"}{"order":"","version_group_id":"6","move_id":"182","pokemon_move_method_id":"4","level":"0","pokemon_id":"123"}{"order":"","version_group_id":"6","move_id":"203","pokemon_move_method_id":"2","level":"0","pokemon_id":"123"}{"order":"","version_group_id":"6","move_id":"203","pokemon_move_method_id":"3","level":"0","pokemon_id":"123"}{"order":"","version_group_id":"6","move_id":"206","pokemon_move_method_id":"1","level":"16","pokemon_id":"123"}{"order":"","version_group_id":"6","move_id":"207","pokemon_move_method_id":"3","level":"0","pokemon_id":"123"}{"order":"","version_group_id":"6","move_id":"210","pokemon_move_method_id":"1","level":"46","pokemon_id":"123"}{"order":"","version_group_id":"6","move_id":"210","pokemon_move_method_id":"3","level":"0","pokemon_id":"123"}{"order":"","version_group_id":"6","move_id":"211","pokemon_move_method_id":"4","level":"0","pokemon_id":"123"}{"order":"","version_group_id":"6","move_id":"213","pokemon_move_method_id":"4","level":"0","pokemon_id":"123"}{"order":"","version_group_id":"6","move_id":"214","pokemon_move_method_id":"3","level":"0","pokemon_id":"123"}{"order":"","version_group_id":"6","move_id":"216","pokemon_move_method_id":"4","level":"0","pokemon_id":"123"}{"order":"","version_group_id":"6","move_id":"218","pokemon_move_method_id":"4","level":"0","pokemon_id":"123"}{"order":"","version_group_id":"6","move_id":"219","pokemon_move_method_id":"2","level":"0","pokemon_id":"123"}{"order":"","version_group_id":"6","move_id":"226","pokemon_move_method_id":"2","level":"0","pokemon_id":"123"}{"order":"","version_group_id":"6","move_id":"228","pokemon_move_method_id":"1","level":"11","pokemon_id":"123"}{"order":"","version_group_id":"6","move_id":"237","pokemon_move_method_id":"4","level":"0","pokemon_id":"123"}{"order":"","version_group_id":"6","move_id":"240","pokemon_move_method_id":"4","level":"0","pokemon_id":"123"}{"order":"","version_group_id":"6","move_id":"241","pokemon_move_method_id":"4","level":"0","pokemon_id":"123"}{"order":"","version_group_id":"6","move_id":"249","pokemon_move_method_id":"4","level":"0","pokemon_id":"123"}{"order":"","version_group_id":"6","move_id":"263","pokemon_move_method_id":"4","level":"0","pokemon_id":"123"}{"order":"","version_group_id":"6","move_id":"290","pokemon_move_method_id":"4","level":"0","pokemon_id":"123"}{"order":"","version_group_id":"6","move_id":"318","pokemon_move_method_id":"2","level":"0","pokemon_id":"123"}{"order":"","version_group_id":"6","move_id":"332","pokemon_move_method_id":"4","level":"0","pokemon_id":"123"}{"order":"","version_group_id":"7","move_id":"13","pokemon_move_method_id":"2","level":"0","pokemon_id":"123"}{"order":"","version_group_id":"7","move_id":"14","pokemon_move_method_id":"1","level":"36","pokemon_id":"123"}{"order":"","version_group_id":"7","move_id":"14","pokemon_move_method_id":"3","level":"0","pokemon_id":"123"}{"order":"","version_group_id":"7","move_id":"15","pokemon_move_method_id":"4","level":"0","pokemon_id":"123"}{"order":"","version_group_id":"7","move_id":"17","pokemon_move_method_id":"1","level":"26","pokemon_id":"123"}{"order":"","version_group_id":"7","move_id":"38","pokemon_move_method_id":"3","level":"0","pokemon_id":"123"}{"order":"2","version_group_id":"7","move_id":"43","pokemon_move_method_id":"1","level":"1","pokemon_id":"123"}{"order":"","version_group_id":"7","move_id":"63","pokemon_move_method_id":"4","level":"0","pokemon_id":"123"}{"order":"","version_group_id":"7","move_id":"68","pokemon_move_method_id":"2","level":"0","pokemon_id":"123"}{"order":"","version_group_id":"7","move_id":"68","pokemon_move_method_id":"3","level":"0","pokemon_id":"123"}{"order":"","version_group_id":"7","move_id":"92","pokemon_move_method_id":"4","level":"0","pokemon_id":"123"}{"order":"","version_group_id":"7","move_id":"97","pokemon_move_method_id":"1","level":"21","pokemon_id":"123"}{"order":"1","version_group_id":"7","move_id":"98","pokemon_move_method_id":"1","level":"1","pokemon_id":"123"}{"order":"","version_group_id":"7","move_id":"102","pokemon_move_method_id":"3","level":"0","pokemon_id":"123"}{"order":"","version_group_id":"7","move_id":"104","pokemon_move_method_id":"1","level":"41","pokemon_id":"123"}{"order":"","version_group_id":"7","move_id":"104","pokemon_move_method_id":"4","level":"0","pokemon_id":"123"}{"order":"","version_group_id":"7","move_id":"113","pokemon_move_method_id":"2","level":"0","pokemon_id":"123"}{"order":"","version_group_id":"7","move_id":"116","pokemon_move_method_id":"1","level":"6","pokemon_id":"123"}{"order":"","version_group_id":"7","move_id":"156","pokemon_move_method_id":"4","level":"0","pokemon_id":"123"}{"order":"","version_group_id":"7","move_id":"163","pokemon_move_method_id":"1","level":"31","pokemon_id":"123"}{"order":"","version_group_id":"7","move_id":"164","pokemon_move_method_id":"3","level":"0","pokemon_id":"123"}{"order":"","version_group_id":"7","move_id":"168","pokemon_move_method_id":"4","level":"0","pokemon_id":"123"}{"order":"","version_group_id":"7","move_id":"179","pokemon_move_method_id":"2","level":"0","pokemon_id":"123"}{"order":"","version_group_id":"7","move_id":"182","pokemon_move_method_id":"4","level":"0","pokemon_id":"123"}{"order":"","version_group_id":"7","move_id":"203","pokemon_move_method_id":"2","level":"0","pokemon_id":"123"}{"order":"","version_group_id":"7","move_id":"206","pokemon_move_method_id":"1","level":"16","pokemon_id":"123"}{"order":"","version_group_id":"7","move_id":"210","pokemon_move_method_id":"1","level":"46","pokemon_id":"123"}{"order":"","version_group_id":"7","move_id":"211","pokemon_move_method_id":"4","level":"0","pokemon_id":"123"}{"order":"","version_group_id":"7","move_id":"213","pokemon_move_method_id":"4","level":"0","pokemon_id":"123"}{"order":"","version_group_id":"7","move_id":"216","pokemon_move_method_id":"4","level":"0","pokemon_id":"123"}{"order":"","version_group_id":"7","move_id":"218","pokemon_move_method_id":"4","level":"0","pokemon_id":"123"}{"order":"","version_group_id":"7","move_id":"219","pokemon_move_method_id":"2","level":"0","pokemon_id":"123"}{"order":"","version_group_id":"7","move_id":"226","pokemon_move_method_id":"2","level":"0","pokemon_id":"123"}{"order":"","version_group_id":"7","move_id":"228","pokemon_move_method_id":"1","level":"11","pokemon_id":"123"}{"order":"","version_group_id":"7","move_id":"237","pokemon_move_method_id":"4","level":"0","pokemon_id":"123"}{"order":"","version_group_id":"7","move_id":"240","pokemon_move_method_id":"4","level":"0","pokemon_id":"123"}{"order":"","version_group_id":"7","move_id":"241","pokemon_move_method_id":"4","level":"0","pokemon_id":"123"}{"order":"","version_group_id":"7","move_id":"249","pokemon_move_method_id":"4","level":"0","pokemon_id":"123"}{"order":"","version_group_id":"7","move_id":"263","pokemon_move_method_id":"4","level":"0","pokemon_id":"123"}{"order":"","version_group_id":"7","move_id":"290","pokemon_move_method_id":"4","level":"0","pokemon_id":"123"}{"order":"","version_group_id":"7","move_id":"318","pokemon_move_method_id":"2","level":"0","pokemon_id":"123"}{"order":"","version_group_id":"7","move_id":"332","pokemon_move_method_id":"4","level":"0","pokemon_id":"123"}{"order":"","version_group_id":"8","move_id":"13","pokemon_move_method_id":"1","level":"33","pokemon_id":"123"}{"order":"","version_group_id":"8","move_id":"13","pokemon_move_method_id":"2","level":"0","pokemon_id":"123"}{"order":"","version_group_id":"8","move_id":"14","pokemon_move_method_id":"1","level":"57","pokemon_id":"123"}{"order":"","version_group_id":"8","move_id":"14","pokemon_move_method_id":"4","level":"0","pokemon_id":"123"}{"order":"","version_group_id":"8","move_id":"15","pokemon_move_method_id":"4","level":"0","pokemon_id":"123"}{"order":"","version_group_id":"8","move_id":"17","pokemon_move_method_id":"1","level":"21","pokemon_id":"123"}{"order":"2","version_group_id":"8","move_id":"43","pokemon_move_method_id":"1","level":"1","pokemon_id":"123"}{"order":"","version_group_id":"8","move_id":"63","pokemon_move_method_id":"4","level":"0","pokemon_id":"123"}{"order":"","version_group_id":"8","move_id":"68","pokemon_move_method_id":"2","level":"0","pokemon_id":"123"}{"order":"","version_group_id":"8","move_id":"92","pokemon_move_method_id":"4","level":"0","pokemon_id":"123"}{"order":"","version_group_id":"8","move_id":"97","pokemon_move_method_id":"1","level":"17","pokemon_id":"123"}{"order":"1","version_group_id":"8","move_id":"98","pokemon_move_method_id":"1","level":"1","pokemon_id":"123"}{"order":"","version_group_id":"8","move_id":"104","pokemon_move_method_id":"1","level":"37","pokemon_id":"123"}{"order":"","version_group_id":"8","move_id":"104","pokemon_move_method_id":"4","level":"0","pokemon_id":"123"}{"order":"","version_group_id":"8","move_id":"113","pokemon_move_method_id":"2","level":"0","pokemon_id":"123"}{"order":"","version_group_id":"8","move_id":"116","pokemon_move_method_id":"1","level":"5","pokemon_id":"123"}{"order":"","version_group_id":"8","move_id":"156","pokemon_move_method_id":"4","level":"0","pokemon_id":"123"}{"order":"","version_group_id":"8","move_id":"163","pokemon_move_method_id":"1","level":"29","pokemon_id":"123"}{"order":"","version_group_id":"8","move_id":"164","pokemon_move_method_id":"4","level":"0","pokemon_id":"123"}{"order":"","version_group_id":"8","move_id":"168","pokemon_move_method_id":"4","level":"0","pokemon_id":"123"}{"order":"","version_group_id":"8","move_id":"179","pokemon_move_method_id":"2","level":"0","pokemon_id":"123"}{"order":"","version_group_id":"8","move_id":"182","pokemon_move_method_id":"4","level":"0","pokemon_id":"123"}{"order":"","version_group_id":"8","move_id":"203","pokemon_move_method_id":"2","level":"0","pokemon_id":"123"}{"order":"","version_group_id":"8","move_id":"203","pokemon_move_method_id":"4","level":"0","pokemon_id":"123"}{"order":"","version_group_id":"8","move_id":"206","pokemon_move_method_id":"1","level":"13","pokemon_id":"123"}{"order":"","version_group_id":"8","move_id":"206","pokemon_move_method_id":"4","level":"0","pokemon_id":"123"}{"order":"","version_group_id":"8","move_id":"207","pokemon_move_method_id":"4","level":"0","pokemon_id":"123"}{"order":"","version_group_id":"8","move_id":"210","pokemon_move_method_id":"1","level":"25","pokemon_id":"123"}{"order":"","version_group_id":"8","move_id":"211","pokemon_move_method_id":"4","level":"0","pokemon_id":"123"}{"order":"","version_group_id":"8","move_id":"213","pokemon_move_method_id":"4","level":"0","pokemon_id":"123"}{"order":"","version_group_id":"8","move_id":"214","pokemon_move_method_id":"4","level":"0","pokemon_id":"123"}{"order":"","version_group_id":"8","move_id":"216","pokemon_move_method_id":"4","level":"0","pokemon_id":"123"}{"order":"","version_group_id":"8","move_id":"218","pokemon_move_method_id":"4","level":"0","pokemon_id":"123"}{"order":"","version_group_id":"8","move_id":"219","pokemon_move_method_id":"2","level":"0","pokemon_id":"123"}{"order":"","version_group_id":"8","move_id":"226","pokemon_move_method_id":"2","level":"0","pokemon_id":"123"}{"order":"","version_group_id":"8","move_id":"228","pokemon_move_method_id":"1","level":"9","pokemon_id":"123"}{"order":"","version_group_id":"8","move_id":"237","pokemon_move_method_id":"4","level":"0","pokemon_id":"123"}{"order":"","version_group_id":"8","move_id":"240","pokemon_move_method_id":"4","level":"0","pokemon_id":"123"}{"order":"","version_group_id":"8","move_id":"241","pokemon_move_method_id":"4","level":"0","pokemon_id":"123"}{"order":"","version_group_id":"8","move_id":"249","pokemon_move_method_id":"4","level":"0","pokemon_id":"123"}{"order":"","version_group_id":"8","move_id":"263","pokemon_move_method_id":"4","level":"0","pokemon_id":"123"}{"order":"","version_group_id":"8","move_id":"280","pokemon_move_method_id":"4","level":"0","pokemon_id":"123"}{"order":"","version_group_id":"8","move_id":"290","pokemon_move_method_id":"4","level":"0","pokemon_id":"123"}{"order":"","version_group_id":"8","move_id":"318","pokemon_move_method_id":"2","level":"0","pokemon_id":"123"}{"order":"","version_group_id":"8","move_id":"318","pokemon_move_method_id":"4","level":"0","pokemon_id":"123"}{"order":"","version_group_id":"8","move_id":"332","pokemon_move_method_id":"4","level":"0","pokemon_id":"123"}{"order":"","version_group_id":"8","move_id":"355","pokemon_move_method_id":"4","level":"0","pokemon_id":"123"}{"order":"","version_group_id":"8","move_id":"363","pokemon_move_method_id":"4","level":"0","pokemon_id":"123"}{"order":"","version_group_id":"8","move_id":"369","pokemon_move_method_id":"4","level":"0","pokemon_id":"123"}{"order":"","version_group_id":"8","move_id":"400","pokemon_move_method_id":"1","level":"45","pokemon_id":"123"}{"order":"","version_group_id":"8","move_id":"400","pokemon_move_method_id":"2","level":"0","pokemon_id":"123"}{"order":"","version_group_id":"8","move_id":"403","pokemon_move_method_id":"1","level":"53","pokemon_id":"123"}{"order":"","version_group_id":"8","move_id":"404","pokemon_move_method_id":"1","level":"41","pokemon_id":"123"}{"order":"","version_group_id":"8","move_id":"404","pokemon_move_method_id":"4","level":"0","pokemon_id":"123"}{"order":"","version_group_id":"8","move_id":"405","pokemon_move_method_id":"2","level":"0","pokemon_id":"123"}{"order":"","version_group_id":"8","move_id":"416","pokemon_move_method_id":"4","level":"0","pokemon_id":"123"}{"order":"","version_group_id":"8","move_id":"432","pokemon_move_method_id":"4","level":"0","pokemon_id":"123"}{"order":"","version_group_id":"8","move_id":"445","pokemon_move_method_id":"4","level":"0","pokemon_id":"123"}{"order":"","version_group_id":"8","move_id":"458","pokemon_move_method_id":"1","level":"49","pokemon_id":"123"}{"order":"","version_group_id":"9","move_id":"13","pokemon_move_method_id":"1","level":"33","pokemon_id":"123"}{"order":"","version_group_id":"9","move_id":"13","pokemon_move_method_id":"2","level":"0","pokemon_id":"123"}{"order":"","version_group_id":"9","move_id":"14","pokemon_move_method_id":"1","level":"57","pokemon_id":"123"}{"order":"","version_group_id":"9","move_id":"14","pokemon_move_method_id":"4","level":"0","pokemon_id":"123"}{"order":"","version_group_id":"9","move_id":"15","pokemon_move_method_id":"4","level":"0","pokemon_id":"123"}{"order":"","version_group_id":"9","move_id":"17","pokemon_move_method_id":"1","level":"21","pokemon_id":"123"}{"order":"3","version_group_id":"9","move_id":"43","pokemon_move_method_id":"1","level":"1","pokemon_id":"123"}{"order":"","version_group_id":"9","move_id":"63","pokemon_move_method_id":"4","level":"0","pokemon_id":"123"}{"order":"","version_group_id":"9","move_id":"68","pokemon_move_method_id":"2","level":"0","pokemon_id":"123"}{"order":"","version_group_id":"9","move_id":"92","pokemon_move_method_id":"4","level":"0","pokemon_id":"123"}{"order":"","version_group_id":"9","move_id":"97","pokemon_move_method_id":"1","level":"17","pokemon_id":"123"}{"order":"2","version_group_id":"9","move_id":"98","pokemon_move_method_id":"1","level":"1","pokemon_id":"123"}{"order":"","version_group_id":"9","move_id":"104","pokemon_move_method_id":"1","level":"37","pokemon_id":"123"}{"order":"","version_group_id":"9","move_id":"104","pokemon_move_method_id":"4","level":"0","pokemon_id":"123"}{"order":"","version_group_id":"9","move_id":"113","pokemon_move_method_id":"2","level":"0","pokemon_id":"123"}{"order":"","version_group_id":"9","move_id":"116","pokemon_move_method_id":"1","level":"5","pokemon_id":"123"}{"order":"","version_group_id":"9","move_id":"129","pokemon_move_method_id":"3","level":"0","pokemon_id":"123"}{"order":"","version_group_id":"9","move_id":"156","pokemon_move_method_id":"4","level":"0","pokemon_id":"123"}{"order":"","version_group_id":"9","move_id":"163","pokemon_move_method_id":"1","level":"29","pokemon_id":"123"}{"order":"","version_group_id":"9","move_id":"164","pokemon_move_method_id":"4","level":"0","pokemon_id":"123"}{"order":"","version_group_id":"9","move_id":"168","pokemon_move_method_id":"4","level":"0","pokemon_id":"123"}{"order":"","version_group_id":"9","move_id":"173","pokemon_move_method_id":"3","level":"0","pokemon_id":"123"}{"order":"","version_group_id":"9","move_id":"179","pokemon_move_method_id":"2","level":"0","pokemon_id":"123"}{"order":"","version_group_id":"9","move_id":"182","pokemon_move_method_id":"4","level":"0","pokemon_id":"123"}{"order":"","version_group_id":"9","move_id":"203","pokemon_move_method_id":"2","level":"0","pokemon_id":"123"}{"order":"","version_group_id":"9","move_id":"203","pokemon_move_method_id":"4","level":"0","pokemon_id":"123"}{"order":"","version_group_id":"9","move_id":"206","pokemon_move_method_id":"1","level":"13","pokemon_id":"123"}{"order":"","version_group_id":"9","move_id":"206","pokemon_move_method_id":"4","level":"0","pokemon_id":"123"}{"order":"","version_group_id":"9","move_id":"207","pokemon_move_method_id":"4","level":"0","pokemon_id":"123"}{"order":"","version_group_id":"9","move_id":"210","pokemon_move_method_id":"1","level":"25","pokemon_id":"123"}{"order":"","version_group_id":"9","move_id":"210","pokemon_move_method_id":"3","level":"0","pokemon_id":"123"}{"order":"","version_group_id":"9","move_id":"211","pokemon_move_method_id":"4","level":"0","pokemon_id":"123"}{"order":"","version_group_id":"9","move_id":"213","pokemon_move_method_id":"4","level":"0","pokemon_id":"123"}{"order":"","version_group_id":"9","move_id":"214","pokemon_move_method_id":"4","level":"0","pokemon_id":"123"}{"order":"","version_group_id":"9","move_id":"216","pokemon_move_method_id":"4","level":"0","pokemon_id":"123"}{"order":"","version_group_id":"9","move_id":"218","pokemon_move_method_id":"4","level":"0","pokemon_id":"123"}{"order":"","version_group_id":"9","move_id":"219","pokemon_move_method_id":"2","level":"0","pokemon_id":"123"}{"order":"","version_group_id":"9","move_id":"226","pokemon_move_method_id":"2","level":"0","pokemon_id":"123"}{"order":"","version_group_id":"9","move_id":"228","pokemon_move_method_id":"1","level":"9","pokemon_id":"123"}{"order":"","version_group_id":"9","move_id":"237","pokemon_move_method_id":"4","level":"0","pokemon_id":"123"}{"order":"","version_group_id":"9","move_id":"240","pokemon_move_method_id":"4","level":"0","pokemon_id":"123"}{"order":"","version_group_id":"9","move_id":"241","pokemon_move_method_id":"4","level":"0","pokemon_id":"123"}{"order":"","version_group_id":"9","move_id":"249","pokemon_move_method_id":"4","level":"0","pokemon_id":"123"}{"order":"","version_group_id":"9","move_id":"263","pokemon_move_method_id":"4","level":"0","pokemon_id":"123"}{"order":"","version_group_id":"9","move_id":"280","pokemon_move_method_id":"4","level":"0","pokemon_id":"123"}{"order":"","version_group_id":"9","move_id":"282","pokemon_move_method_id":"3","level":"0","pokemon_id":"123"}{"order":"","version_group_id":"9","move_id":"290","pokemon_move_method_id":"4","level":"0","pokemon_id":"123"}{"order":"","version_group_id":"9","move_id":"318","pokemon_move_method_id":"2","level":"0","pokemon_id":"123"}{"order":"","version_group_id":"9","move_id":"318","pokemon_move_method_id":"4","level":"0","pokemon_id":"123"}{"order":"","version_group_id":"9","move_id":"332","pokemon_move_method_id":"4","level":"0","pokemon_id":"123"}{"order":"","version_group_id":"9","move_id":"355","pokemon_move_method_id":"4","level":"0","pokemon_id":"123"}{"order":"","version_group_id":"9","move_id":"363","pokemon_move_method_id":"4","level":"0","pokemon_id":"123"}{"order":"","version_group_id":"9","move_id":"364","pokemon_move_method_id":"1","level":"61","pokemon_id":"123"}{"order":"","version_group_id":"9","move_id":"369","pokemon_move_method_id":"4","level":"0","pokemon_id":"123"}{"order":"","version_group_id":"9","move_id":"400","pokemon_move_method_id":"1","level":"45","pokemon_id":"123"}{"order":"","version_group_id":"9","move_id":"400","pokemon_move_method_id":"2","level":"0","pokemon_id":"123"}{"order":"","version_group_id":"9","move_id":"403","pokemon_move_method_id":"1","level":"53","pokemon_id":"123"}{"order":"","version_group_id":"9","move_id":"404","pokemon_move_method_id":"1","level":"41","pokemon_id":"123"}{"order":"","version_group_id":"9","move_id":"404","pokemon_move_method_id":"4","level":"0","pokemon_id":"123"}{"order":"","version_group_id":"9","move_id":"405","pokemon_move_method_id":"2","level":"0","pokemon_id":"123"}{"order":"1","version_group_id":"9","move_id":"410","pokemon_move_method_id":"1","level":"1","pokemon_id":"123"}{"order":"","version_group_id":"9","move_id":"416","pokemon_move_method_id":"4","level":"0","pokemon_id":"123"}{"order":"","version_group_id":"9","move_id":"432","pokemon_move_method_id":"4","level":"0","pokemon_id":"123"}{"order":"","version_group_id":"9","move_id":"445","pokemon_move_method_id":"4","level":"0","pokemon_id":"123"}{"order":"","version_group_id":"9","move_id":"458","pokemon_move_method_id":"1","level":"49","pokemon_id":"123"}{"order":"","version_group_id":"9","move_id":"466","pokemon_move_method_id":"3","level":"0","pokemon_id":"123"}{"order":"","version_group_id":"10","move_id":"13","pokemon_move_method_id":"1","level":"33","pokemon_id":"123"}{"order":"","version_group_id":"10","move_id":"13","pokemon_move_method_id":"2","level":"0","pokemon_id":"123"}{"order":"","version_group_id":"10","move_id":"14","pokemon_move_method_id":"1","level":"57","pokemon_id":"123"}{"order":"","version_group_id":"10","move_id":"14","pokemon_move_method_id":"4","level":"0","pokemon_id":"123"}{"order":"","version_group_id":"10","move_id":"15","pokemon_move_method_id":"4","level":"0","pokemon_id":"123"}{"order":"","version_group_id":"10","move_id":"17","pokemon_move_method_id":"1","level":"21","pokemon_id":"123"}{"order":"","version_group_id":"10","move_id":"29","pokemon_move_method_id":"3","level":"0","pokemon_id":"123"}{"order":"3","version_group_id":"10","move_id":"43","pokemon_move_method_id":"1","level":"1","pokemon_id":"123"}{"order":"","version_group_id":"10","move_id":"63","pokemon_move_method_id":"4","level":"0","pokemon_id":"123"}{"order":"","version_group_id":"10","move_id":"68","pokemon_move_method_id":"2","level":"0","pokemon_id":"123"}{"order":"","version_group_id":"10","move_id":"92","pokemon_move_method_id":"4","level":"0","pokemon_id":"123"}{"order":"","version_group_id":"10","move_id":"97","pokemon_move_method_id":"1","level":"17","pokemon_id":"123"}{"order":"2","version_group_id":"10","move_id":"98","pokemon_move_method_id":"1","level":"1","pokemon_id":"123"}{"order":"","version_group_id":"10","move_id":"104","pokemon_move_method_id":"1","level":"37","pokemon_id":"123"}{"order":"","version_group_id":"10","move_id":"104","pokemon_move_method_id":"4","level":"0","pokemon_id":"123"}{"order":"","version_group_id":"10","move_id":"113","pokemon_move_method_id":"2","level":"0","pokemon_id":"123"}{"order":"","version_group_id":"10","move_id":"116","pokemon_move_method_id":"1","level":"5","pokemon_id":"123"}{"order":"","version_group_id":"10","move_id":"129","pokemon_move_method_id":"3","level":"0","pokemon_id":"123"}{"order":"","version_group_id":"10","move_id":"156","pokemon_move_method_id":"4","level":"0","pokemon_id":"123"}{"order":"","version_group_id":"10","move_id":"163","pokemon_move_method_id":"1","level":"29","pokemon_id":"123"}{"order":"","version_group_id":"10","move_id":"164","pokemon_move_method_id":"4","level":"0","pokemon_id":"123"}{"order":"","version_group_id":"10","move_id":"168","pokemon_move_method_id":"4","level":"0","pokemon_id":"123"}{"order":"","version_group_id":"10","move_id":"173","pokemon_move_method_id":"3","level":"0","pokemon_id":"123"}{"order":"","version_group_id":"10","move_id":"179","pokemon_move_method_id":"2","level":"0","pokemon_id":"123"}{"order":"","version_group_id":"10","move_id":"182","pokemon_move_method_id":"4","level":"0","pokemon_id":"123"}{"order":"","version_group_id":"10","move_id":"203","pokemon_move_method_id":"2","level":"0","pokemon_id":"123"}{"order":"","version_group_id":"10","move_id":"203","pokemon_move_method_id":"4","level":"0","pokemon_id":"123"}{"order":"","version_group_id":"10","move_id":"206","pokemon_move_method_id":"1","level":"13","pokemon_id":"123"}{"order":"","version_group_id":"10","move_id":"206","pokemon_move_method_id":"4","level":"0","pokemon_id":"123"}{"order":"","version_group_id":"10","move_id":"207","pokemon_move_method_id":"4","level":"0","pokemon_id":"123"}{"order":"","version_group_id":"10","move_id":"210","pokemon_move_method_id":"1","level":"25","pokemon_id":"123"}{"order":"","version_group_id":"10","move_id":"210","pokemon_move_method_id":"3","level":"0","pokemon_id":"123"}{"order":"","version_group_id":"10","move_id":"211","pokemon_move_method_id":"4","level":"0","pokemon_id":"123"}{"order":"","version_group_id":"10","move_id":"213","pokemon_move_method_id":"4","level":"0","pokemon_id":"123"}{"order":"","version_group_id":"10","move_id":"214","pokemon_move_method_id":"4","level":"0","pokemon_id":"123"}{"order":"","version_group_id":"10","move_id":"216","pokemon_move_method_id":"4","level":"0","pokemon_id":"123"}{"order":"","version_group_id":"10","move_id":"218","pokemon_move_method_id":"4","level":"0","pokemon_id":"123"}{"order":"","version_group_id":"10","move_id":"219","pokemon_move_method_id":"2","level":"0","pokemon_id":"123"}{"order":"","version_group_id":"10","move_id":"226","pokemon_move_method_id":"2","level":"0","pokemon_id":"123"}{"order":"","version_group_id":"10","move_id":"228","pokemon_move_method_id":"1","level":"9","pokemon_id":"123"}{"order":"","version_group_id":"10","move_id":"237","pokemon_move_method_id":"4","level":"0","pokemon_id":"123"}{"order":"","version_group_id":"10","move_id":"240","pokemon_move_method_id":"4","level":"0","pokemon_id":"123"}{"order":"","version_group_id":"10","move_id":"241","pokemon_move_method_id":"4","level":"0","pokemon_id":"123"}{"order":"","version_group_id":"10","move_id":"249","pokemon_move_method_id":"4","level":"0","pokemon_id":"123"}{"order":"","version_group_id":"10","move_id":"263","pokemon_move_method_id":"4","level":"0","pokemon_id":"123"}{"order":"","version_group_id":"10","move_id":"280","pokemon_move_method_id":"4","level":"0","pokemon_id":"123"}{"order":"","version_group_id":"10","move_id":"282","pokemon_move_method_id":"3","level":"0","pokemon_id":"123"}{"order":"","version_group_id":"10","move_id":"290","pokemon_move_method_id":"4","level":"0","pokemon_id":"123"}{"order":"","version_group_id":"10","move_id":"318","pokemon_move_method_id":"2","level":"0","pokemon_id":"123"}{"order":"","version_group_id":"10","move_id":"318","pokemon_move_method_id":"4","level":"0","pokemon_id":"123"}{"order":"","version_group_id":"10","move_id":"332","pokemon_move_method_id":"4","level":"0","pokemon_id":"123"}{"order":"","version_group_id":"10","move_id":"355","pokemon_move_method_id":"4","level":"0","pokemon_id":"123"}{"order":"","version_group_id":"10","move_id":"363","pokemon_move_method_id":"4","level":"0","pokemon_id":"123"}{"order":"","version_group_id":"10","move_id":"364","pokemon_move_method_id":"1","level":"61","pokemon_id":"123"}{"order":"","version_group_id":"10","move_id":"366","pokemon_move_method_id":"3","level":"0","pokemon_id":"123"}{"order":"","version_group_id":"10","move_id":"369","pokemon_move_method_id":"4","level":"0","pokemon_id":"123"}{"order":"","version_group_id":"10","move_id":"400","pokemon_move_method_id":"1","level":"45","pokemon_id":"123"}{"order":"","version_group_id":"10","move_id":"400","pokemon_move_method_id":"2","level":"0","pokemon_id":"123"}{"order":"","version_group_id":"10","move_id":"403","pokemon_move_method_id":"1","level":"53","pokemon_id":"123"}{"order":"","version_group_id":"10","move_id":"404","pokemon_move_method_id":"1","level":"41","pokemon_id":"123"}{"order":"","version_group_id":"10","move_id":"404","pokemon_move_method_id":"4","level":"0","pokemon_id":"123"}{"order":"","version_group_id":"10","move_id":"405","pokemon_move_method_id":"2","level":"0","pokemon_id":"123"}{"order":"1","version_group_id":"10","move_id":"410","pokemon_move_method_id":"1","level":"1","pokemon_id":"123"}{"order":"","version_group_id":"10","move_id":"416","pokemon_move_method_id":"4","level":"0","pokemon_id":"123"}{"order":"","version_group_id":"10","move_id":"445","pokemon_move_method_id":"4","level":"0","pokemon_id":"123"}{"order":"","version_group_id":"10","move_id":"450","pokemon_move_method_id":"3","level":"0","pokemon_id":"123"}{"order":"","version_group_id":"10","move_id":"458","pokemon_move_method_id":"1","level":"49","pokemon_id":"123"}{"order":"","version_group_id":"10","move_id":"466","pokemon_move_method_id":"3","level":"0","pokemon_id":"123"}{"order":"","version_group_id":"11","move_id":"13","pokemon_move_method_id":"1","level":"33","pokemon_id":"123"}{"order":"","version_group_id":"11","move_id":"13","pokemon_move_method_id":"2","level":"0","pokemon_id":"123"}{"order":"","version_group_id":"11","move_id":"14","pokemon_move_method_id":"1","level":"57","pokemon_id":"123"}{"order":"","version_group_id":"11","move_id":"14","pokemon_move_method_id":"4","level":"0","pokemon_id":"123"}{"order":"","version_group_id":"11","move_id":"15","pokemon_move_method_id":"4","level":"0","pokemon_id":"123"}{"order":"","version_group_id":"11","move_id":"17","pokemon_move_method_id":"1","level":"21","pokemon_id":"123"}{"order":"3","version_group_id":"11","move_id":"43","pokemon_move_method_id":"1","level":"1","pokemon_id":"123"}{"order":"","version_group_id":"11","move_id":"63","pokemon_move_method_id":"4","level":"0","pokemon_id":"123"}{"order":"","version_group_id":"11","move_id":"68","pokemon_move_method_id":"2","level":"0","pokemon_id":"123"}{"order":"","version_group_id":"11","move_id":"92","pokemon_move_method_id":"4","level":"0","pokemon_id":"123"}{"order":"","version_group_id":"11","move_id":"97","pokemon_move_method_id":"1","level":"17","pokemon_id":"123"}{"order":"2","version_group_id":"11","move_id":"98","pokemon_move_method_id":"1","level":"1","pokemon_id":"123"}{"order":"","version_group_id":"11","move_id":"104","pokemon_move_method_id":"1","level":"37","pokemon_id":"123"}{"order":"","version_group_id":"11","move_id":"104","pokemon_move_method_id":"4","level":"0","pokemon_id":"123"}{"order":"","version_group_id":"11","move_id":"113","pokemon_move_method_id":"4","level":"0","pokemon_id":"123"}{"order":"","version_group_id":"11","move_id":"116","pokemon_move_method_id":"1","level":"5","pokemon_id":"123"}{"order":"","version_group_id":"11","move_id":"156","pokemon_move_method_id":"4","level":"0","pokemon_id":"123"}{"order":"","version_group_id":"11","move_id":"163","pokemon_move_method_id":"1","level":"29","pokemon_id":"123"}{"order":"","version_group_id":"11","move_id":"164","pokemon_move_method_id":"4","level":"0","pokemon_id":"123"}{"order":"","version_group_id":"11","move_id":"168","pokemon_move_method_id":"4","level":"0","pokemon_id":"123"}{"order":"","version_group_id":"11","move_id":"179","pokemon_move_method_id":"2","level":"0","pokemon_id":"123"}{"order":"","version_group_id":"11","move_id":"182","pokemon_move_method_id":"4","level":"0","pokemon_id":"123"}{"order":"","version_group_id":"11","move_id":"203","pokemon_move_method_id":"2","level":"0","pokemon_id":"123"}{"order":"","version_group_id":"11","move_id":"206","pokemon_move_method_id":"1","level":"13","pokemon_id":"123"}{"order":"","version_group_id":"11","move_id":"206","pokemon_move_method_id":"4","level":"0","pokemon_id":"123"}{"order":"","version_group_id":"11","move_id":"207","pokemon_move_method_id":"4","level":"0","pokemon_id":"123"}{"order":"","version_group_id":"11","move_id":"210","pokemon_move_method_id":"1","level":"25","pokemon_id":"123"}{"order":"","version_group_id":"11","move_id":"211","pokemon_move_method_id":"2","level":"0","pokemon_id":"123"}{"order":"","version_group_id":"11","move_id":"213","pokemon_move_method_id":"4","level":"0","pokemon_id":"123"}{"order":"","version_group_id":"11","move_id":"216","pokemon_move_method_id":"4","level":"0","pokemon_id":"123"}{"order":"","version_group_id":"11","move_id":"218","pokemon_move_method_id":"4","level":"0","pokemon_id":"123"}{"order":"","version_group_id":"11","move_id":"219","pokemon_move_method_id":"4","level":"0","pokemon_id":"123"}{"order":"","version_group_id":"11","move_id":"226","pokemon_move_method_id":"2","level":"0","pokemon_id":"123"}{"order":"","version_group_id":"11","move_id":"228","pokemon_move_method_id":"1","level":"9","pokemon_id":"123"}{"order":"","version_group_id":"11","move_id":"237","pokemon_move_method_id":"4","level":"0","pokemon_id":"123"}{"order":"","version_group_id":"11","move_id":"240","pokemon_move_method_id":"4","level":"0","pokemon_id":"123"}{"order":"","version_group_id":"11","move_id":"241","pokemon_move_method_id":"4","level":"0","pokemon_id":"123"}{"order":"","version_group_id":"11","move_id":"249","pokemon_move_method_id":"4","level":"0","pokemon_id":"123"}{"order":"","version_group_id":"11","move_id":"263","pokemon_move_method_id":"4","level":"0","pokemon_id":"123"}{"order":"","version_group_id":"11","move_id":"280","pokemon_move_method_id":"4","level":"0","pokemon_id":"123"}{"order":"","version_group_id":"11","move_id":"318","pokemon_move_method_id":"2","level":"0","pokemon_id":"123"}{"order":"","version_group_id":"11","move_id":"332","pokemon_move_method_id":"4","level":"0","pokemon_id":"123"}{"order":"","version_group_id":"11","move_id":"364","pokemon_move_method_id":"1","level":"61","pokemon_id":"123"}{"order":"","version_group_id":"11","move_id":"369","pokemon_move_method_id":"4","level":"0","pokemon_id":"123"}{"order":"","version_group_id":"11","move_id":"400","pokemon_move_method_id":"1","level":"45","pokemon_id":"123"}{"order":"","version_group_id":"11","move_id":"400","pokemon_move_method_id":"2","level":"0","pokemon_id":"123"}{"order":"","version_group_id":"11","move_id":"403","pokemon_move_method_id":"1","level":"53","pokemon_id":"123"}{"order":"","version_group_id":"11","move_id":"404","pokemon_move_method_id":"1","level":"41","pokemon_id":"123"}{"order":"","version_group_id":"11","move_id":"404","pokemon_move_method_id":"4","level":"0","pokemon_id":"123"}{"order":"","version_group_id":"11","move_id":"405","pokemon_move_method_id":"2","level":"0","pokemon_id":"123"}{"order":"1","version_group_id":"11","move_id":"410","pokemon_move_method_id":"1","level":"1","pokemon_id":"123"}{"order":"","version_group_id":"11","move_id":"416","pokemon_move_method_id":"4","level":"0","pokemon_id":"123"}{"order":"","version_group_id":"11","move_id":"432","pokemon_move_method_id":"2","level":"0","pokemon_id":"123"}{"order":"","version_group_id":"11","move_id":"458","pokemon_move_method_id":"1","level":"49","pokemon_id":"123"}{"order":"","version_group_id":"11","move_id":"496","pokemon_move_method_id":"4","level":"0","pokemon_id":"123"}{"order":"","version_group_id":"11","move_id":"522","pokemon_move_method_id":"4","level":"0","pokemon_id":"123"}{"order":"","version_group_id":"12","move_id":"14","pokemon_move_method_id":"1","level":"36","pokemon_id":"123"}{"order":"","version_group_id":"12","move_id":"15","pokemon_move_method_id":"4","level":"0","pokemon_id":"123"}{"order":"","version_group_id":"12","move_id":"17","pokemon_move_method_id":"1","level":"26","pokemon_id":"123"}{"order":"2","version_group_id":"12","move_id":"43","pokemon_move_method_id":"1","level":"1","pokemon_id":"123"}{"order":"","version_group_id":"12","move_id":"63","pokemon_move_method_id":"4","level":"0","pokemon_id":"123"}{"order":"","version_group_id":"12","move_id":"92","pokemon_move_method_id":"4","level":"0","pokemon_id":"123"}{"order":"","version_group_id":"12","move_id":"97","pokemon_move_method_id":"1","level":"21","pokemon_id":"123"}{"order":"1","version_group_id":"12","move_id":"98","pokemon_move_method_id":"1","level":"1","pokemon_id":"123"}{"order":"","version_group_id":"12","move_id":"104","pokemon_move_method_id":"1","level":"41","pokemon_id":"123"}{"order":"","version_group_id":"12","move_id":"104","pokemon_move_method_id":"4","level":"0","pokemon_id":"123"}{"order":"","version_group_id":"12","move_id":"116","pokemon_move_method_id":"1","level":"6","pokemon_id":"123"}{"order":"","version_group_id":"12","move_id":"156","pokemon_move_method_id":"4","level":"0","pokemon_id":"123"}{"order":"","version_group_id":"12","move_id":"163","pokemon_move_method_id":"1","level":"31","pokemon_id":"123"}{"order":"","version_group_id":"12","move_id":"168","pokemon_move_method_id":"4","level":"0","pokemon_id":"123"}{"order":"","version_group_id":"12","move_id":"182","pokemon_move_method_id":"4","level":"0","pokemon_id":"123"}{"order":"","version_group_id":"12","move_id":"206","pokemon_move_method_id":"1","level":"16","pokemon_id":"123"}{"order":"","version_group_id":"12","move_id":"210","pokemon_move_method_id":"1","level":"46","pokemon_id":"123"}{"order":"","version_group_id":"12","move_id":"211","pokemon_move_method_id":"4","level":"0","pokemon_id":"123"}{"order":"","version_group_id":"12","move_id":"213","pokemon_move_method_id":"4","level":"0","pokemon_id":"123"}{"order":"","version_group_id":"12","move_id":"216","pokemon_move_method_id":"4","level":"0","pokemon_id":"123"}{"order":"","version_group_id":"12","move_id":"218","pokemon_move_method_id":"4","level":"0","pokemon_id":"123"}{"order":"","version_group_id":"12","move_id":"228","pokemon_move_method_id":"1","level":"11","pokemon_id":"123"}{"order":"","version_group_id":"12","move_id":"237","pokemon_move_method_id":"4","level":"0","pokemon_id":"123"}{"order":"","version_group_id":"12","move_id":"240","pokemon_move_method_id":"4","level":"0","pokemon_id":"123"}{"order":"","version_group_id":"12","move_id":"241","pokemon_move_method_id":"4","level":"0","pokemon_id":"123"}{"order":"","version_group_id":"12","move_id":"249","pokemon_move_method_id":"4","level":"0","pokemon_id":"123"}{"order":"","version_group_id":"12","move_id":"263","pokemon_move_method_id":"4","level":"0","pokemon_id":"123"}{"order":"","version_group_id":"12","move_id":"290","pokemon_move_method_id":"4","level":"0","pokemon_id":"123"}{"order":"","version_group_id":"12","move_id":"332","pokemon_move_method_id":"4","level":"0","pokemon_id":"123"}{"order":"","version_group_id":"13","move_id":"14","pokemon_move_method_id":"1","level":"36","pokemon_id":"123"}{"order":"","version_group_id":"13","move_id":"15","pokemon_move_method_id":"4","level":"0","pokemon_id":"123"}{"order":"","version_group_id":"13","move_id":"17","pokemon_move_method_id":"1","level":"26","pokemon_id":"123"}{"order":"","version_group_id":"13","move_id":"38","pokemon_move_method_id":"3","level":"0","pokemon_id":"123"}{"order":"2","version_group_id":"13","move_id":"43","pokemon_move_method_id":"1","level":"1","pokemon_id":"123"}{"order":"","version_group_id":"13","move_id":"63","pokemon_move_method_id":"4","level":"0","pokemon_id":"123"}{"order":"","version_group_id":"13","move_id":"92","pokemon_move_method_id":"4","level":"0","pokemon_id":"123"}{"order":"","version_group_id":"13","move_id":"97","pokemon_move_method_id":"1","level":"21","pokemon_id":"123"}{"order":"1","version_group_id":"13","move_id":"98","pokemon_move_method_id":"1","level":"1","pokemon_id":"123"}{"order":"","version_group_id":"13","move_id":"102","pokemon_move_method_id":"3","level":"0","pokemon_id":"123"}{"order":"","version_group_id":"13","move_id":"104","pokemon_move_method_id":"1","level":"41","pokemon_id":"123"}{"order":"","version_group_id":"13","move_id":"104","pokemon_move_method_id":"4","level":"0","pokemon_id":"123"}{"order":"","version_group_id":"13","move_id":"116","pokemon_move_method_id":"1","level":"6","pokemon_id":"123"}{"order":"","version_group_id":"13","move_id":"156","pokemon_move_method_id":"4","level":"0","pokemon_id":"123"}{"order":"","version_group_id":"13","move_id":"163","pokemon_move_method_id":"1","level":"31","pokemon_id":"123"}{"order":"","version_group_id":"13","move_id":"164","pokemon_move_method_id":"3","level":"0","pokemon_id":"123"}{"order":"","version_group_id":"13","move_id":"168","pokemon_move_method_id":"4","level":"0","pokemon_id":"123"}{"order":"","version_group_id":"13","move_id":"182","pokemon_move_method_id":"4","level":"0","pokemon_id":"123"}{"order":"","version_group_id":"13","move_id":"206","pokemon_move_method_id":"1","level":"16","pokemon_id":"123"}{"order":"","version_group_id":"13","move_id":"207","pokemon_move_method_id":"3","level":"0","pokemon_id":"123"}{"order":"","version_group_id":"13","move_id":"210","pokemon_move_method_id":"1","level":"46","pokemon_id":"123"}{"order":"","version_group_id":"13","move_id":"211","pokemon_move_method_id":"4","level":"0","pokemon_id":"123"}{"order":"","version_group_id":"13","move_id":"213","pokemon_move_method_id":"4","level":"0","pokemon_id":"123"}{"order":"","version_group_id":"13","move_id":"216","pokemon_move_method_id":"4","level":"0","pokemon_id":"123"}{"order":"","version_group_id":"13","move_id":"218","pokemon_move_method_id":"4","level":"0","pokemon_id":"123"}{"order":"","version_group_id":"13","move_id":"228","pokemon_move_method_id":"1","level":"11","pokemon_id":"123"}{"order":"","version_group_id":"13","move_id":"237","pokemon_move_method_id":"4","level":"0","pokemon_id":"123"}{"order":"","version_group_id":"13","move_id":"240","pokemon_move_method_id":"4","level":"0","pokemon_id":"123"}{"order":"","version_group_id":"13","move_id":"241","pokemon_move_method_id":"4","level":"0","pokemon_id":"123"}{"order":"","version_group_id":"13","move_id":"249","pokemon_move_method_id":"4","level":"0","pokemon_id":"123"}{"order":"","version_group_id":"13","move_id":"263","pokemon_move_method_id":"4","level":"0","pokemon_id":"123"}{"order":"","version_group_id":"13","move_id":"290","pokemon_move_method_id":"4","level":"0","pokemon_id":"123"}{"order":"","version_group_id":"13","move_id":"332","pokemon_move_method_id":"4","level":"0","pokemon_id":"123"}{"order":"","version_group_id":"14","move_id":"13","pokemon_move_method_id":"1","level":"33","pokemon_id":"123"}{"order":"","version_group_id":"14","move_id":"13","pokemon_move_method_id":"2","level":"0","pokemon_id":"123"}{"order":"","version_group_id":"14","move_id":"14","pokemon_move_method_id":"1","level":"57","pokemon_id":"123"}{"order":"","version_group_id":"14","move_id":"14","pokemon_move_method_id":"4","level":"0","pokemon_id":"123"}{"order":"","version_group_id":"14","move_id":"15","pokemon_move_method_id":"4","level":"0","pokemon_id":"123"}{"order":"","version_group_id":"14","move_id":"17","pokemon_move_method_id":"1","level":"21","pokemon_id":"123"}{"order":"3","version_group_id":"14","move_id":"43","pokemon_move_method_id":"1","level":"1","pokemon_id":"123"}{"order":"","version_group_id":"14","move_id":"63","pokemon_move_method_id":"4","level":"0","pokemon_id":"123"}{"order":"","version_group_id":"14","move_id":"68","pokemon_move_method_id":"2","level":"0","pokemon_id":"123"}{"order":"","version_group_id":"14","move_id":"92","pokemon_move_method_id":"4","level":"0","pokemon_id":"123"}{"order":"","version_group_id":"14","move_id":"97","pokemon_move_method_id":"1","level":"17","pokemon_id":"123"}{"order":"2","version_group_id":"14","move_id":"98","pokemon_move_method_id":"1","level":"1","pokemon_id":"123"}{"order":"","version_group_id":"14","move_id":"104","pokemon_move_method_id":"1","level":"37","pokemon_id":"123"}{"order":"","version_group_id":"14","move_id":"104","pokemon_move_method_id":"4","level":"0","pokemon_id":"123"}{"order":"","version_group_id":"14","move_id":"113","pokemon_move_method_id":"4","level":"0","pokemon_id":"123"}{"order":"","version_group_id":"14","move_id":"116","pokemon_move_method_id":"1","level":"5","pokemon_id":"123"}{"order":"","version_group_id":"14","move_id":"156","pokemon_move_method_id":"4","level":"0","pokemon_id":"123"}{"order":"","version_group_id":"14","move_id":"163","pokemon_move_method_id":"1","level":"29","pokemon_id":"123"}{"order":"","version_group_id":"14","move_id":"164","pokemon_move_method_id":"4","level":"0","pokemon_id":"123"}{"order":"","version_group_id":"14","move_id":"168","pokemon_move_method_id":"4","level":"0","pokemon_id":"123"}{"order":"","version_group_id":"14","move_id":"173","pokemon_move_method_id":"3","level":"0","pokemon_id":"123"}{"order":"","version_group_id":"14","move_id":"179","pokemon_move_method_id":"2","level":"0","pokemon_id":"123"}{"order":"","version_group_id":"14","move_id":"182","pokemon_move_method_id":"4","level":"0","pokemon_id":"123"}{"order":"","version_group_id":"14","move_id":"203","pokemon_move_method_id":"2","level":"0","pokemon_id":"123"}{"order":"","version_group_id":"14","move_id":"206","pokemon_move_method_id":"1","level":"13","pokemon_id":"123"}{"order":"","version_group_id":"14","move_id":"206","pokemon_move_method_id":"4","level":"0","pokemon_id":"123"}{"order":"","version_group_id":"14","move_id":"207","pokemon_move_method_id":"4","level":"0","pokemon_id":"123"}{"order":"","version_group_id":"14","move_id":"210","pokemon_move_method_id":"1","level":"25","pokemon_id":"123"}{"order":"","version_group_id":"14","move_id":"211","pokemon_move_method_id":"2","level":"0","pokemon_id":"123"}{"order":"","version_group_id":"14","move_id":"213","pokemon_move_method_id":"4","level":"0","pokemon_id":"123"}{"order":"","version_group_id":"14","move_id":"214","pokemon_move_method_id":"3","level":"0","pokemon_id":"123"}{"order":"","version_group_id":"14","move_id":"216","pokemon_move_method_id":"4","level":"0","pokemon_id":"123"}{"order":"","version_group_id":"14","move_id":"218","pokemon_move_method_id":"4","level":"0","pokemon_id":"123"}{"order":"","version_group_id":"14","move_id":"219","pokemon_move_method_id":"4","level":"0","pokemon_id":"123"}{"order":"","version_group_id":"14","move_id":"226","pokemon_move_method_id":"2","level":"0","pokemon_id":"123"}{"order":"","version_group_id":"14","move_id":"228","pokemon_move_method_id":"1","level":"9","pokemon_id":"123"}{"order":"","version_group_id":"14","move_id":"237","pokemon_move_method_id":"4","level":"0","pokemon_id":"123"}{"order":"","version_group_id":"14","move_id":"240","pokemon_move_method_id":"4","level":"0","pokemon_id":"123"}{"order":"","version_group_id":"14","move_id":"241","pokemon_move_method_id":"4","level":"0","pokemon_id":"123"}{"order":"","version_group_id":"14","move_id":"249","pokemon_move_method_id":"4","level":"0","pokemon_id":"123"}{"order":"","version_group_id":"14","move_id":"263","pokemon_move_method_id":"4","level":"0","pokemon_id":"123"}{"order":"","version_group_id":"14","move_id":"280","pokemon_move_method_id":"4","level":"0","pokemon_id":"123"}{"order":"","version_group_id":"14","move_id":"282","pokemon_move_method_id":"3","level":"0","pokemon_id":"123"}{"order":"","version_group_id":"14","move_id":"318","pokemon_move_method_id":"2","level":"0","pokemon_id":"123"}{"order":"","version_group_id":"14","move_id":"332","pokemon_move_method_id":"4","level":"0","pokemon_id":"123"}{"order":"","version_group_id":"14","move_id":"355","pokemon_move_method_id":"3","level":"0","pokemon_id":"123"}{"order":"","version_group_id":"14","move_id":"364","pokemon_move_method_id":"1","level":"61","pokemon_id":"123"}{"order":"","version_group_id":"14","move_id":"366","pokemon_move_method_id":"3","level":"0","pokemon_id":"123"}{"order":"","version_group_id":"14","move_id":"369","pokemon_move_method_id":"4","level":"0","pokemon_id":"123"}{"order":"","version_group_id":"14","move_id":"400","pokemon_move_method_id":"1","level":"45","pokemon_id":"123"}{"order":"","version_group_id":"14","move_id":"400","pokemon_move_method_id":"2","level":"0","pokemon_id":"123"}{"order":"","version_group_id":"14","move_id":"403","pokemon_move_method_id":"1","level":"53","pokemon_id":"123"}{"order":"","version_group_id":"14","move_id":"404","pokemon_move_method_id":"1","level":"41","pokemon_id":"123"}{"order":"","version_group_id":"14","move_id":"404","pokemon_move_method_id":"4","level":"0","pokemon_id":"123"}{"order":"","version_group_id":"14","move_id":"405","pokemon_move_method_id":"2","level":"0","pokemon_id":"123"}{"order":"1","version_group_id":"14","move_id":"410","pokemon_move_method_id":"1","level":"1","pokemon_id":"123"}{"order":"","version_group_id":"14","move_id":"416","pokemon_move_method_id":"4","level":"0","pokemon_id":"123"}{"order":"","version_group_id":"14","move_id":"432","pokemon_move_method_id":"2","level":"0","pokemon_id":"123"}{"order":"","version_group_id":"14","move_id":"450","pokemon_move_method_id":"3","level":"0","pokemon_id":"123"}{"order":"","version_group_id":"14","move_id":"458","pokemon_move_method_id":"1","level":"49","pokemon_id":"123"}{"order":"","version_group_id":"14","move_id":"496","pokemon_move_method_id":"4","level":"0","pokemon_id":"123"}{"order":"","version_group_id":"14","move_id":"522","pokemon_move_method_id":"4","level":"0","pokemon_id":"123"}{"order":"","version_group_id":"15","move_id":"13","pokemon_move_method_id":"1","level":"33","pokemon_id":"123"}{"order":"","version_group_id":"15","move_id":"13","pokemon_move_method_id":"2","level":"0","pokemon_id":"123"}{"order":"","version_group_id":"15","move_id":"14","pokemon_move_method_id":"1","level":"57","pokemon_id":"123"}{"order":"","version_group_id":"15","move_id":"14","pokemon_move_method_id":"4","level":"0","pokemon_id":"123"}{"order":"","version_group_id":"15","move_id":"15","pokemon_move_method_id":"4","level":"0","pokemon_id":"123"}{"order":"","version_group_id":"15","move_id":"17","pokemon_move_method_id":"1","level":"21","pokemon_id":"123"}{"order":"3","version_group_id":"15","move_id":"43","pokemon_move_method_id":"1","level":"1","pokemon_id":"123"}{"order":"","version_group_id":"15","move_id":"63","pokemon_move_method_id":"4","level":"0","pokemon_id":"123"}{"order":"","version_group_id":"15","move_id":"68","pokemon_move_method_id":"2","level":"0","pokemon_id":"123"}{"order":"","version_group_id":"15","move_id":"92","pokemon_move_method_id":"4","level":"0","pokemon_id":"123"}{"order":"","version_group_id":"15","move_id":"97","pokemon_move_method_id":"1","level":"17","pokemon_id":"123"}{"order":"2","version_group_id":"15","move_id":"98","pokemon_move_method_id":"1","level":"1","pokemon_id":"123"}{"order":"","version_group_id":"15","move_id":"104","pokemon_move_method_id":"1","level":"37","pokemon_id":"123"}{"order":"","version_group_id":"15","move_id":"104","pokemon_move_method_id":"4","level":"0","pokemon_id":"123"}{"order":"","version_group_id":"15","move_id":"113","pokemon_move_method_id":"4","level":"0","pokemon_id":"123"}{"order":"","version_group_id":"15","move_id":"116","pokemon_move_method_id":"1","level":"5","pokemon_id":"123"}{"order":"","version_group_id":"15","move_id":"156","pokemon_move_method_id":"4","level":"0","pokemon_id":"123"}{"order":"","version_group_id":"15","move_id":"163","pokemon_move_method_id":"1","level":"29","pokemon_id":"123"}{"order":"","version_group_id":"15","move_id":"164","pokemon_move_method_id":"4","level":"0","pokemon_id":"123"}{"order":"","version_group_id":"15","move_id":"168","pokemon_move_method_id":"4","level":"0","pokemon_id":"123"}{"order":"","version_group_id":"15","move_id":"179","pokemon_move_method_id":"2","level":"0","pokemon_id":"123"}{"order":"","version_group_id":"15","move_id":"182","pokemon_move_method_id":"4","level":"0","pokemon_id":"123"}{"order":"","version_group_id":"15","move_id":"203","pokemon_move_method_id":"2","level":"0","pokemon_id":"123"}{"order":"","version_group_id":"15","move_id":"206","pokemon_move_method_id":"1","level":"13","pokemon_id":"123"}{"order":"","version_group_id":"15","move_id":"206","pokemon_move_method_id":"4","level":"0","pokemon_id":"123"}{"order":"","version_group_id":"15","move_id":"207","pokemon_move_method_id":"4","level":"0","pokemon_id":"123"}{"order":"","version_group_id":"15","move_id":"210","pokemon_move_method_id":"1","level":"25","pokemon_id":"123"}{"order":"","version_group_id":"15","move_id":"211","pokemon_move_method_id":"2","level":"0","pokemon_id":"123"}{"order":"","version_group_id":"15","move_id":"211","pokemon_move_method_id":"4","level":"0","pokemon_id":"123"}{"order":"","version_group_id":"15","move_id":"213","pokemon_move_method_id":"4","level":"0","pokemon_id":"123"}{"order":"","version_group_id":"15","move_id":"214","pokemon_move_method_id":"4","level":"0","pokemon_id":"123"}{"order":"","version_group_id":"15","move_id":"216","pokemon_move_method_id":"4","level":"0","pokemon_id":"123"}{"order":"","version_group_id":"15","move_id":"218","pokemon_move_method_id":"4","level":"0","pokemon_id":"123"}{"order":"","version_group_id":"15","move_id":"219","pokemon_move_method_id":"4","level":"0","pokemon_id":"123"}{"order":"","version_group_id":"15","move_id":"226","pokemon_move_method_id":"2","level":"0","pokemon_id":"123"}{"order":"","version_group_id":"15","move_id":"228","pokemon_move_method_id":"1","level":"9","pokemon_id":"123"}{"order":"","version_group_id":"15","move_id":"237","pokemon_move_method_id":"4","level":"0","pokemon_id":"123"}{"order":"","version_group_id":"15","move_id":"240","pokemon_move_method_id":"4","level":"0","pokemon_id":"123"}{"order":"","version_group_id":"15","move_id":"241","pokemon_move_method_id":"4","level":"0","pokemon_id":"123"}{"order":"","version_group_id":"15","move_id":"249","pokemon_move_method_id":"4","level":"0","pokemon_id":"123"}{"order":"","version_group_id":"15","move_id":"263","pokemon_move_method_id":"4","level":"0","pokemon_id":"123"}{"order":"","version_group_id":"15","move_id":"280","pokemon_move_method_id":"4","level":"0","pokemon_id":"123"}{"order":"","version_group_id":"15","move_id":"318","pokemon_move_method_id":"2","level":"0","pokemon_id":"123"}{"order":"","version_group_id":"15","move_id":"332","pokemon_move_method_id":"4","level":"0","pokemon_id":"123"}{"order":"","version_group_id":"15","move_id":"355","pokemon_move_method_id":"4","level":"0","pokemon_id":"123"}{"order":"","version_group_id":"15","move_id":"364","pokemon_move_method_id":"1","level":"61","pokemon_id":"123"}{"order":"","version_group_id":"15","move_id":"369","pokemon_move_method_id":"4","level":"0","pokemon_id":"123"}{"order":"","version_group_id":"15","move_id":"400","pokemon_move_method_id":"1","level":"45","pokemon_id":"123"}{"order":"","version_group_id":"15","move_id":"400","pokemon_move_method_id":"2","level":"0","pokemon_id":"123"}{"order":"","version_group_id":"15","move_id":"403","pokemon_move_method_id":"1","level":"50","pokemon_id":"123"}{"order":"","version_group_id":"15","move_id":"404","pokemon_move_method_id":"1","level":"41","pokemon_id":"123"}{"order":"","version_group_id":"15","move_id":"404","pokemon_move_method_id":"4","level":"0","pokemon_id":"123"}{"order":"","version_group_id":"15","move_id":"405","pokemon_move_method_id":"2","level":"0","pokemon_id":"123"}{"order":"1","version_group_id":"15","move_id":"410","pokemon_move_method_id":"1","level":"1","pokemon_id":"123"}{"order":"","version_group_id":"15","move_id":"416","pokemon_move_method_id":"4","level":"0","pokemon_id":"123"}{"order":"","version_group_id":"15","move_id":"432","pokemon_move_method_id":"2","level":"0","pokemon_id":"123"}{"order":"","version_group_id":"15","move_id":"458","pokemon_move_method_id":"1","level":"49","pokemon_id":"123"}{"order":"","version_group_id":"15","move_id":"496","pokemon_move_method_id":"4","level":"0","pokemon_id":"123"}{"order":"","version_group_id":"15","move_id":"501","pokemon_move_method_id":"2","level":"0","pokemon_id":"123"}{"order":"","version_group_id":"15","move_id":"522","pokemon_move_method_id":"4","level":"0","pokemon_id":"123"}{"order":"","version_group_id":"15","move_id":"590","pokemon_move_method_id":"4","level":"0","pokemon_id":"123"}