{"order":"","version_group_id":"5","move_id":"45","pokemon_move_method_id":"1","level":"1","pokemon_id":"280"}{"order":"","version_group_id":"5","move_id":"50","pokemon_move_method_id":"2","level":"0","pokemon_id":"280"}{"order":"","version_group_id":"5","move_id":"85","pokemon_move_method_id":"4","level":"0","pokemon_id":"280"}{"order":"","version_group_id":"5","move_id":"92","pokemon_move_method_id":"4","level":"0","pokemon_id":"280"}{"order":"","version_group_id":"5","move_id":"93","pokemon_move_method_id":"1","level":"6","pokemon_id":"280"}{"order":"","version_group_id":"5","move_id":"94","pokemon_move_method_id":"1","level":"26","pokemon_id":"280"}{"order":"","version_group_id":"5","move_id":"94","pokemon_move_method_id":"4","level":"0","pokemon_id":"280"}{"order":"","version_group_id":"5","move_id":"95","pokemon_move_method_id":"1","level":"41","pokemon_id":"280"}{"order":"","version_group_id":"5","move_id":"100","pokemon_move_method_id":"1","level":"16","pokemon_id":"280"}{"order":"","version_group_id":"5","move_id":"104","pokemon_move_method_id":"1","level":"11","pokemon_id":"280"}{"order":"","version_group_id":"5","move_id":"104","pokemon_move_method_id":"4","level":"0","pokemon_id":"280"}{"order":"","version_group_id":"5","move_id":"113","pokemon_move_method_id":"4","level":"0","pokemon_id":"280"}{"order":"","version_group_id":"5","move_id":"115","pokemon_move_method_id":"4","level":"0","pokemon_id":"280"}{"order":"","version_group_id":"5","move_id":"138","pokemon_move_method_id":"1","level":"46","pokemon_id":"280"}{"order":"","version_group_id":"5","move_id":"148","pokemon_move_method_id":"4","level":"0","pokemon_id":"280"}{"order":"","version_group_id":"5","move_id":"156","pokemon_move_method_id":"4","level":"0","pokemon_id":"280"}{"order":"","version_group_id":"5","move_id":"168","pokemon_move_method_id":"4","level":"0","pokemon_id":"280"}{"order":"","version_group_id":"5","move_id":"182","pokemon_move_method_id":"4","level":"0","pokemon_id":"280"}{"order":"","version_group_id":"5","move_id":"194","pokemon_move_method_id":"2","level":"0","pokemon_id":"280"}{"order":"","version_group_id":"5","move_id":"212","pokemon_move_method_id":"2","level":"0","pokemon_id":"280"}{"order":"","version_group_id":"5","move_id":"213","pokemon_move_method_id":"4","level":"0","pokemon_id":"280"}{"order":"","version_group_id":"5","move_id":"216","pokemon_move_method_id":"4","level":"0","pokemon_id":"280"}{"order":"","version_group_id":"5","move_id":"218","pokemon_move_method_id":"4","level":"0","pokemon_id":"280"}{"order":"","version_group_id":"5","move_id":"219","pokemon_move_method_id":"4","level":"0","pokemon_id":"280"}{"order":"","version_group_id":"5","move_id":"237","pokemon_move_method_id":"4","level":"0","pokemon_id":"280"}{"order":"","version_group_id":"5","move_id":"240","pokemon_move_method_id":"4","level":"0","pokemon_id":"280"}{"order":"","version_group_id":"5","move_id":"241","pokemon_move_method_id":"4","level":"0","pokemon_id":"280"}{"order":"","version_group_id":"5","move_id":"247","pokemon_move_method_id":"4","level":"0","pokemon_id":"280"}{"order":"","version_group_id":"5","move_id":"248","pokemon_move_method_id":"1","level":"36","pokemon_id":"280"}{"order":"","version_group_id":"5","move_id":"259","pokemon_move_method_id":"4","level":"0","pokemon_id":"280"}{"order":"","version_group_id":"5","move_id":"261","pokemon_move_method_id":"2","level":"0","pokemon_id":"280"}{"order":"","version_group_id":"5","move_id":"262","pokemon_move_method_id":"2","level":"0","pokemon_id":"280"}{"order":"","version_group_id":"5","move_id":"263","pokemon_move_method_id":"4","level":"0","pokemon_id":"280"}{"order":"","version_group_id":"5","move_id":"269","pokemon_move_method_id":"4","level":"0","pokemon_id":"280"}{"order":"","version_group_id":"5","move_id":"285","pokemon_move_method_id":"4","level":"0","pokemon_id":"280"}{"order":"","version_group_id":"5","move_id":"286","pokemon_move_method_id":"1","level":"31","pokemon_id":"280"}{"order":"","version_group_id":"5","move_id":"289","pokemon_move_method_id":"4","level":"0","pokemon_id":"280"}{"order":"","version_group_id":"5","move_id":"290","pokemon_move_method_id":"4","level":"0","pokemon_id":"280"}{"order":"","version_group_id":"5","move_id":"347","pokemon_move_method_id":"1","level":"21","pokemon_id":"280"}{"order":"","version_group_id":"5","move_id":"347","pokemon_move_method_id":"4","level":"0","pokemon_id":"280"}{"order":"","version_group_id":"5","move_id":"351","pokemon_move_method_id":"4","level":"0","pokemon_id":"280"}{"order":"","version_group_id":"6","move_id":"7","pokemon_move_method_id":"3","level":"0","pokemon_id":"280"}{"order":"","version_group_id":"6","move_id":"8","pokemon_move_method_id":"3","level":"0","pokemon_id":"280"}{"order":"","version_group_id":"6","move_id":"9","pokemon_move_method_id":"3","level":"0","pokemon_id":"280"}{"order":"","version_group_id":"6","move_id":"34","pokemon_move_method_id":"3","level":"0","pokemon_id":"280"}{"order":"","version_group_id":"6","move_id":"38","pokemon_move_method_id":"3","level":"0","pokemon_id":"280"}{"order":"","version_group_id":"6","move_id":"45","pokemon_move_method_id":"1","level":"1","pokemon_id":"280"}{"order":"","version_group_id":"6","move_id":"50","pokemon_move_method_id":"2","level":"0","pokemon_id":"280"}{"order":"","version_group_id":"6","move_id":"85","pokemon_move_method_id":"4","level":"0","pokemon_id":"280"}{"order":"","version_group_id":"6","move_id":"86","pokemon_move_method_id":"3","level":"0","pokemon_id":"280"}{"order":"","version_group_id":"6","move_id":"92","pokemon_move_method_id":"4","level":"0","pokemon_id":"280"}{"order":"","version_group_id":"6","move_id":"93","pokemon_move_method_id":"1","level":"6","pokemon_id":"280"}{"order":"","version_group_id":"6","move_id":"94","pokemon_move_method_id":"1","level":"26","pokemon_id":"280"}{"order":"","version_group_id":"6","move_id":"94","pokemon_move_method_id":"4","level":"0","pokemon_id":"280"}{"order":"","version_group_id":"6","move_id":"95","pokemon_move_method_id":"1","level":"41","pokemon_id":"280"}{"order":"","version_group_id":"6","move_id":"100","pokemon_move_method_id":"1","level":"16","pokemon_id":"280"}{"order":"","version_group_id":"6","move_id":"102","pokemon_move_method_id":"3","level":"0","pokemon_id":"280"}{"order":"","version_group_id":"6","move_id":"104","pokemon_move_method_id":"1","level":"11","pokemon_id":"280"}{"order":"","version_group_id":"6","move_id":"104","pokemon_move_method_id":"4","level":"0","pokemon_id":"280"}{"order":"","version_group_id":"6","move_id":"111","pokemon_move_method_id":"3","level":"0","pokemon_id":"280"}{"order":"","version_group_id":"6","move_id":"113","pokemon_move_method_id":"4","level":"0","pokemon_id":"280"}{"order":"","version_group_id":"6","move_id":"115","pokemon_move_method_id":"4","level":"0","pokemon_id":"280"}{"order":"","version_group_id":"6","move_id":"138","pokemon_move_method_id":"1","level":"46","pokemon_id":"280"}{"order":"","version_group_id":"6","move_id":"138","pokemon_move_method_id":"3","level":"0","pokemon_id":"280"}{"order":"","version_group_id":"6","move_id":"148","pokemon_move_method_id":"4","level":"0","pokemon_id":"280"}{"order":"","version_group_id":"6","move_id":"156","pokemon_move_method_id":"4","level":"0","pokemon_id":"280"}{"order":"","version_group_id":"6","move_id":"164","pokemon_move_method_id":"3","level":"0","pokemon_id":"280"}{"order":"","version_group_id":"6","move_id":"168","pokemon_move_method_id":"4","level":"0","pokemon_id":"280"}{"order":"","version_group_id":"6","move_id":"173","pokemon_move_method_id":"3","level":"0","pokemon_id":"280"}{"order":"","version_group_id":"6","move_id":"182","pokemon_move_method_id":"4","level":"0","pokemon_id":"280"}{"order":"","version_group_id":"6","move_id":"189","pokemon_move_method_id":"3","level":"0","pokemon_id":"280"}{"order":"","version_group_id":"6","move_id":"194","pokemon_move_method_id":"2","level":"0","pokemon_id":"280"}{"order":"","version_group_id":"6","move_id":"196","pokemon_move_method_id":"3","level":"0","pokemon_id":"280"}{"order":"","version_group_id":"6","move_id":"203","pokemon_move_method_id":"3","level":"0","pokemon_id":"280"}{"order":"","version_group_id":"6","move_id":"207","pokemon_move_method_id":"3","level":"0","pokemon_id":"280"}{"order":"","version_group_id":"6","move_id":"212","pokemon_move_method_id":"2","level":"0","pokemon_id":"280"}{"order":"","version_group_id":"6","move_id":"213","pokemon_move_method_id":"4","level":"0","pokemon_id":"280"}{"order":"","version_group_id":"6","move_id":"214","pokemon_move_method_id":"3","level":"0","pokemon_id":"280"}{"order":"","version_group_id":"6","move_id":"216","pokemon_move_method_id":"4","level":"0","pokemon_id":"280"}{"order":"","version_group_id":"6","move_id":"218","pokemon_move_method_id":"4","level":"0","pokemon_id":"280"}{"order":"","version_group_id":"6","move_id":"219","pokemon_move_method_id":"4","level":"0","pokemon_id":"280"}{"order":"","version_group_id":"6","move_id":"237","pokemon_move_method_id":"4","level":"0","pokemon_id":"280"}{"order":"","version_group_id":"6","move_id":"240","pokemon_move_method_id":"4","level":"0","pokemon_id":"280"}{"order":"","version_group_id":"6","move_id":"241","pokemon_move_method_id":"4","level":"0","pokemon_id":"280"}{"order":"","version_group_id":"6","move_id":"244","pokemon_move_method_id":"3","level":"0","pokemon_id":"280"}{"order":"","version_group_id":"6","move_id":"247","pokemon_move_method_id":"4","level":"0","pokemon_id":"280"}{"order":"","version_group_id":"6","move_id":"248","pokemon_move_method_id":"1","level":"36","pokemon_id":"280"}{"order":"","version_group_id":"6","move_id":"259","pokemon_move_method_id":"4","level":"0","pokemon_id":"280"}{"order":"","version_group_id":"6","move_id":"261","pokemon_move_method_id":"2","level":"0","pokemon_id":"280"}{"order":"","version_group_id":"6","move_id":"262","pokemon_move_method_id":"2","level":"0","pokemon_id":"280"}{"order":"","version_group_id":"6","move_id":"263","pokemon_move_method_id":"4","level":"0","pokemon_id":"280"}{"order":"","version_group_id":"6","move_id":"269","pokemon_move_method_id":"4","level":"0","pokemon_id":"280"}{"order":"","version_group_id":"6","move_id":"285","pokemon_move_method_id":"4","level":"0","pokemon_id":"280"}{"order":"","version_group_id":"6","move_id":"286","pokemon_move_method_id":"1","level":"31","pokemon_id":"280"}{"order":"","version_group_id":"6","move_id":"289","pokemon_move_method_id":"4","level":"0","pokemon_id":"280"}{"order":"","version_group_id":"6","move_id":"290","pokemon_move_method_id":"4","level":"0","pokemon_id":"280"}{"order":"","version_group_id":"6","move_id":"347","pokemon_move_method_id":"1","level":"21","pokemon_id":"280"}{"order":"","version_group_id":"6","move_id":"347","pokemon_move_method_id":"4","level":"0","pokemon_id":"280"}{"order":"","version_group_id":"6","move_id":"351","pokemon_move_method_id":"4","level":"0","pokemon_id":"280"}{"order":"","version_group_id":"7","move_id":"34","pokemon_move_method_id":"3","level":"0","pokemon_id":"280"}{"order":"","version_group_id":"7","move_id":"38","pokemon_move_method_id":"3","level":"0","pokemon_id":"280"}{"order":"","version_group_id":"7","move_id":"45","pokemon_move_method_id":"1","level":"1","pokemon_id":"280"}{"order":"","version_group_id":"7","move_id":"50","pokemon_move_method_id":"2","level":"0","pokemon_id":"280"}{"order":"","version_group_id":"7","move_id":"85","pokemon_move_method_id":"4","level":"0","pokemon_id":"280"}{"order":"","version_group_id":"7","move_id":"86","pokemon_move_method_id":"3","level":"0","pokemon_id":"280"}{"order":"","version_group_id":"7","move_id":"92","pokemon_move_method_id":"4","level":"0","pokemon_id":"280"}{"order":"","version_group_id":"7","move_id":"93","pokemon_move_method_id":"1","level":"6","pokemon_id":"280"}{"order":"","version_group_id":"7","move_id":"94","pokemon_move_method_id":"1","level":"26","pokemon_id":"280"}{"order":"","version_group_id":"7","move_id":"94","pokemon_move_method_id":"4","level":"0","pokemon_id":"280"}{"order":"","version_group_id":"7","move_id":"95","pokemon_move_method_id":"1","level":"41","pokemon_id":"280"}{"order":"","version_group_id":"7","move_id":"100","pokemon_move_method_id":"1","level":"16","pokemon_id":"280"}{"order":"","version_group_id":"7","move_id":"102","pokemon_move_method_id":"3","level":"0","pokemon_id":"280"}{"order":"","version_group_id":"7","move_id":"104","pokemon_move_method_id":"1","level":"11","pokemon_id":"280"}{"order":"","version_group_id":"7","move_id":"104","pokemon_move_method_id":"4","level":"0","pokemon_id":"280"}{"order":"","version_group_id":"7","move_id":"113","pokemon_move_method_id":"4","level":"0","pokemon_id":"280"}{"order":"","version_group_id":"7","move_id":"115","pokemon_move_method_id":"4","level":"0","pokemon_id":"280"}{"order":"","version_group_id":"7","move_id":"138","pokemon_move_method_id":"1","level":"46","pokemon_id":"280"}{"order":"","version_group_id":"7","move_id":"138","pokemon_move_method_id":"3","level":"0","pokemon_id":"280"}{"order":"","version_group_id":"7","move_id":"148","pokemon_move_method_id":"4","level":"0","pokemon_id":"280"}{"order":"","version_group_id":"7","move_id":"156","pokemon_move_method_id":"4","level":"0","pokemon_id":"280"}{"order":"","version_group_id":"7","move_id":"164","pokemon_move_method_id":"3","level":"0","pokemon_id":"280"}{"order":"","version_group_id":"7","move_id":"168","pokemon_move_method_id":"4","level":"0","pokemon_id":"280"}{"order":"","version_group_id":"7","move_id":"182","pokemon_move_method_id":"4","level":"0","pokemon_id":"280"}{"order":"","version_group_id":"7","move_id":"194","pokemon_move_method_id":"2","level":"0","pokemon_id":"280"}{"order":"","version_group_id":"7","move_id":"212","pokemon_move_method_id":"2","level":"0","pokemon_id":"280"}{"order":"","version_group_id":"7","move_id":"213","pokemon_move_method_id":"4","level":"0","pokemon_id":"280"}{"order":"","version_group_id":"7","move_id":"216","pokemon_move_method_id":"4","level":"0","pokemon_id":"280"}{"order":"","version_group_id":"7","move_id":"218","pokemon_move_method_id":"4","level":"0","pokemon_id":"280"}{"order":"","version_group_id":"7","move_id":"219","pokemon_move_method_id":"4","level":"0","pokemon_id":"280"}{"order":"","version_group_id":"7","move_id":"237","pokemon_move_method_id":"4","level":"0","pokemon_id":"280"}{"order":"","version_group_id":"7","move_id":"240","pokemon_move_method_id":"4","level":"0","pokemon_id":"280"}{"order":"","version_group_id":"7","move_id":"241","pokemon_move_method_id":"4","level":"0","pokemon_id":"280"}{"order":"","version_group_id":"7","move_id":"247","pokemon_move_method_id":"4","level":"0","pokemon_id":"280"}{"order":"","version_group_id":"7","move_id":"248","pokemon_move_method_id":"1","level":"36","pokemon_id":"280"}{"order":"","version_group_id":"7","move_id":"259","pokemon_move_method_id":"4","level":"0","pokemon_id":"280"}{"order":"","version_group_id":"7","move_id":"261","pokemon_move_method_id":"2","level":"0","pokemon_id":"280"}{"order":"","version_group_id":"7","move_id":"262","pokemon_move_method_id":"2","level":"0","pokemon_id":"280"}{"order":"","version_group_id":"7","move_id":"263","pokemon_move_method_id":"4","level":"0","pokemon_id":"280"}{"order":"","version_group_id":"7","move_id":"269","pokemon_move_method_id":"4","level":"0","pokemon_id":"280"}{"order":"","version_group_id":"7","move_id":"285","pokemon_move_method_id":"4","level":"0","pokemon_id":"280"}{"order":"","version_group_id":"7","move_id":"286","pokemon_move_method_id":"1","level":"31","pokemon_id":"280"}{"order":"","version_group_id":"7","move_id":"289","pokemon_move_method_id":"4","level":"0","pokemon_id":"280"}{"order":"","version_group_id":"7","move_id":"290","pokemon_move_method_id":"4","level":"0","pokemon_id":"280"}{"order":"","version_group_id":"7","move_id":"347","pokemon_move_method_id":"1","level":"21","pokemon_id":"280"}{"order":"","version_group_id":"7","move_id":"347","pokemon_move_method_id":"4","level":"0","pokemon_id":"280"}{"order":"","version_group_id":"7","move_id":"351","pokemon_move_method_id":"4","level":"0","pokemon_id":"280"}{"order":"","version_group_id":"8","move_id":"45","pokemon_move_method_id":"1","level":"1","pokemon_id":"280"}{"order":"","version_group_id":"8","move_id":"50","pokemon_move_method_id":"2","level":"0","pokemon_id":"280"}{"order":"","version_group_id":"8","move_id":"85","pokemon_move_method_id":"4","level":"0","pokemon_id":"280"}{"order":"","version_group_id":"8","move_id":"86","pokemon_move_method_id":"4","level":"0","pokemon_id":"280"}{"order":"","version_group_id":"8","move_id":"92","pokemon_move_method_id":"4","level":"0","pokemon_id":"280"}{"order":"","version_group_id":"8","move_id":"93","pokemon_move_method_id":"1","level":"6","pokemon_id":"280"}{"order":"","version_group_id":"8","move_id":"94","pokemon_move_method_id":"1","level":"28","pokemon_id":"280"}{"order":"","version_group_id":"8","move_id":"94","pokemon_move_method_id":"4","level":"0","pokemon_id":"280"}{"order":"","version_group_id":"8","move_id":"95","pokemon_move_method_id":"1","level":"43","pokemon_id":"280"}{"order":"","version_group_id":"8","move_id":"100","pokemon_move_method_id":"1","level":"12","pokemon_id":"280"}{"order":"","version_group_id":"8","move_id":"104","pokemon_move_method_id":"1","level":"10","pokemon_id":"280"}{"order":"","version_group_id":"8","move_id":"104","pokemon_move_method_id":"4","level":"0","pokemon_id":"280"}{"order":"","version_group_id":"8","move_id":"109","pokemon_move_method_id":"2","level":"0","pokemon_id":"280"}{"order":"","version_group_id":"8","move_id":"113","pokemon_move_method_id":"4","level":"0","pokemon_id":"280"}{"order":"","version_group_id":"8","move_id":"115","pokemon_move_method_id":"4","level":"0","pokemon_id":"280"}{"order":"","version_group_id":"8","move_id":"138","pokemon_move_method_id":"1","level":"45","pokemon_id":"280"}{"order":"","version_group_id":"8","move_id":"138","pokemon_move_method_id":"4","level":"0","pokemon_id":"280"}{"order":"","version_group_id":"8","move_id":"148","pokemon_move_method_id":"4","level":"0","pokemon_id":"280"}{"order":"","version_group_id":"8","move_id":"156","pokemon_move_method_id":"4","level":"0","pokemon_id":"280"}{"order":"","version_group_id":"8","move_id":"164","pokemon_move_method_id":"4","level":"0","pokemon_id":"280"}{"order":"","version_group_id":"8","move_id":"168","pokemon_move_method_id":"4","level":"0","pokemon_id":"280"}{"order":"","version_group_id":"8","move_id":"182","pokemon_move_method_id":"4","level":"0","pokemon_id":"280"}{"order":"","version_group_id":"8","move_id":"194","pokemon_move_method_id":"2","level":"0","pokemon_id":"280"}{"order":"","version_group_id":"8","move_id":"203","pokemon_move_method_id":"4","level":"0","pokemon_id":"280"}{"order":"","version_group_id":"8","move_id":"204","pokemon_move_method_id":"1","level":"39","pokemon_id":"280"}{"order":"","version_group_id":"8","move_id":"207","pokemon_move_method_id":"4","level":"0","pokemon_id":"280"}{"order":"","version_group_id":"8","move_id":"212","pokemon_move_method_id":"2","level":"0","pokemon_id":"280"}{"order":"","version_group_id":"8","move_id":"213","pokemon_move_method_id":"4","level":"0","pokemon_id":"280"}{"order":"","version_group_id":"8","move_id":"214","pokemon_move_method_id":"4","level":"0","pokemon_id":"280"}{"order":"","version_group_id":"8","move_id":"216","pokemon_move_method_id":"4","level":"0","pokemon_id":"280"}{"order":"","version_group_id":"8","move_id":"218","pokemon_move_method_id":"4","level":"0","pokemon_id":"280"}{"order":"","version_group_id":"8","move_id":"219","pokemon_move_method_id":"4","level":"0","pokemon_id":"280"}{"order":"","version_group_id":"8","move_id":"237","pokemon_move_method_id":"4","level":"0","pokemon_id":"280"}{"order":"","version_group_id":"8","move_id":"240","pokemon_move_method_id":"4","level":"0","pokemon_id":"280"}{"order":"","version_group_id":"8","move_id":"241","pokemon_move_method_id":"4","level":"0","pokemon_id":"280"}{"order":"","version_group_id":"8","move_id":"244","pokemon_move_method_id":"4","level":"0","pokemon_id":"280"}{"order":"","version_group_id":"8","move_id":"247","pokemon_move_method_id":"4","level":"0","pokemon_id":"280"}{"order":"","version_group_id":"8","move_id":"248","pokemon_move_method_id":"1","level":"34","pokemon_id":"280"}{"order":"","version_group_id":"8","move_id":"259","pokemon_move_method_id":"4","level":"0","pokemon_id":"280"}{"order":"","version_group_id":"8","move_id":"261","pokemon_move_method_id":"2","level":"0","pokemon_id":"280"}{"order":"","version_group_id":"8","move_id":"262","pokemon_move_method_id":"2","level":"0","pokemon_id":"280"}{"order":"","version_group_id":"8","move_id":"263","pokemon_move_method_id":"4","level":"0","pokemon_id":"280"}{"order":"","version_group_id":"8","move_id":"269","pokemon_move_method_id":"4","level":"0","pokemon_id":"280"}{"order":"","version_group_id":"8","move_id":"278","pokemon_move_method_id":"4","level":"0","pokemon_id":"280"}{"order":"","version_group_id":"8","move_id":"285","pokemon_move_method_id":"4","level":"0","pokemon_id":"280"}{"order":"","version_group_id":"8","move_id":"286","pokemon_move_method_id":"1","level":"32","pokemon_id":"280"}{"order":"","version_group_id":"8","move_id":"288","pokemon_move_method_id":"2","level":"0","pokemon_id":"280"}{"order":"","version_group_id":"8","move_id":"289","pokemon_move_method_id":"4","level":"0","pokemon_id":"280"}{"order":"","version_group_id":"8","move_id":"290","pokemon_move_method_id":"4","level":"0","pokemon_id":"280"}{"order":"","version_group_id":"8","move_id":"345","pokemon_move_method_id":"1","level":"21","pokemon_id":"280"}{"order":"","version_group_id":"8","move_id":"347","pokemon_move_method_id":"1","level":"23","pokemon_id":"280"}{"order":"","version_group_id":"8","move_id":"347","pokemon_move_method_id":"4","level":"0","pokemon_id":"280"}{"order":"","version_group_id":"8","move_id":"351","pokemon_move_method_id":"4","level":"0","pokemon_id":"280"}{"order":"","version_group_id":"8","move_id":"363","pokemon_move_method_id":"4","level":"0","pokemon_id":"280"}{"order":"","version_group_id":"8","move_id":"374","pokemon_move_method_id":"4","level":"0","pokemon_id":"280"}{"order":"","version_group_id":"8","move_id":"381","pokemon_move_method_id":"1","level":"17","pokemon_id":"280"}{"order":"","version_group_id":"8","move_id":"425","pokemon_move_method_id":"2","level":"0","pokemon_id":"280"}{"order":"","version_group_id":"8","move_id":"433","pokemon_move_method_id":"4","level":"0","pokemon_id":"280"}{"order":"","version_group_id":"8","move_id":"445","pokemon_move_method_id":"4","level":"0","pokemon_id":"280"}{"order":"","version_group_id":"8","move_id":"447","pokemon_move_method_id":"4","level":"0","pokemon_id":"280"}{"order":"","version_group_id":"8","move_id":"451","pokemon_move_method_id":"4","level":"0","pokemon_id":"280"}{"order":"","version_group_id":"9","move_id":"7","pokemon_move_method_id":"3","level":"0","pokemon_id":"280"}{"order":"","version_group_id":"9","move_id":"8","pokemon_move_method_id":"3","level":"0","pokemon_id":"280"}{"order":"","version_group_id":"9","move_id":"9","pokemon_move_method_id":"3","level":"0","pokemon_id":"280"}{"order":"","version_group_id":"9","move_id":"45","pokemon_move_method_id":"1","level":"1","pokemon_id":"280"}{"order":"","version_group_id":"9","move_id":"50","pokemon_move_method_id":"2","level":"0","pokemon_id":"280"}{"order":"","version_group_id":"9","move_id":"85","pokemon_move_method_id":"4","level":"0","pokemon_id":"280"}{"order":"","version_group_id":"9","move_id":"86","pokemon_move_method_id":"4","level":"0","pokemon_id":"280"}{"order":"","version_group_id":"9","move_id":"92","pokemon_move_method_id":"4","level":"0","pokemon_id":"280"}{"order":"","version_group_id":"9","move_id":"93","pokemon_move_method_id":"1","level":"6","pokemon_id":"280"}{"order":"","version_group_id":"9","move_id":"94","pokemon_move_method_id":"1","level":"28","pokemon_id":"280"}{"order":"","version_group_id":"9","move_id":"94","pokemon_move_method_id":"4","level":"0","pokemon_id":"280"}{"order":"","version_group_id":"9","move_id":"95","pokemon_move_method_id":"1","level":"43","pokemon_id":"280"}{"order":"","version_group_id":"9","move_id":"100","pokemon_move_method_id":"1","level":"12","pokemon_id":"280"}{"order":"","version_group_id":"9","move_id":"104","pokemon_move_method_id":"1","level":"10","pokemon_id":"280"}{"order":"","version_group_id":"9","move_id":"104","pokemon_move_method_id":"4","level":"0","pokemon_id":"280"}{"order":"","version_group_id":"9","move_id":"109","pokemon_move_method_id":"2","level":"0","pokemon_id":"280"}{"order":"","version_group_id":"9","move_id":"113","pokemon_move_method_id":"4","level":"0","pokemon_id":"280"}{"order":"","version_group_id":"9","move_id":"115","pokemon_move_method_id":"4","level":"0","pokemon_id":"280"}{"order":"","version_group_id":"9","move_id":"129","pokemon_move_method_id":"3","level":"0","pokemon_id":"280"}{"order":"","version_group_id":"9","move_id":"138","pokemon_move_method_id":"1","level":"45","pokemon_id":"280"}{"order":"","version_group_id":"9","move_id":"138","pokemon_move_method_id":"4","level":"0","pokemon_id":"280"}{"order":"","version_group_id":"9","move_id":"148","pokemon_move_method_id":"4","level":"0","pokemon_id":"280"}{"order":"","version_group_id":"9","move_id":"156","pokemon_move_method_id":"4","level":"0","pokemon_id":"280"}{"order":"","version_group_id":"9","move_id":"164","pokemon_move_method_id":"4","level":"0","pokemon_id":"280"}{"order":"","version_group_id":"9","move_id":"168","pokemon_move_method_id":"4","level":"0","pokemon_id":"280"}{"order":"","version_group_id":"9","move_id":"173","pokemon_move_method_id":"3","level":"0","pokemon_id":"280"}{"order":"","version_group_id":"9","move_id":"182","pokemon_move_method_id":"4","level":"0","pokemon_id":"280"}{"order":"","version_group_id":"9","move_id":"189","pokemon_move_method_id":"3","level":"0","pokemon_id":"280"}{"order":"","version_group_id":"9","move_id":"194","pokemon_move_method_id":"2","level":"0","pokemon_id":"280"}{"order":"","version_group_id":"9","move_id":"196","pokemon_move_method_id":"3","level":"0","pokemon_id":"280"}{"order":"","version_group_id":"9","move_id":"203","pokemon_move_method_id":"4","level":"0","pokemon_id":"280"}{"order":"","version_group_id":"9","move_id":"204","pokemon_move_method_id":"1","level":"39","pokemon_id":"280"}{"order":"","version_group_id":"9","move_id":"207","pokemon_move_method_id":"4","level":"0","pokemon_id":"280"}{"order":"","version_group_id":"9","move_id":"212","pokemon_move_method_id":"2","level":"0","pokemon_id":"280"}{"order":"","version_group_id":"9","move_id":"213","pokemon_move_method_id":"4","level":"0","pokemon_id":"280"}{"order":"","version_group_id":"9","move_id":"214","pokemon_move_method_id":"4","level":"0","pokemon_id":"280"}{"order":"","version_group_id":"9","move_id":"216","pokemon_move_method_id":"4","level":"0","pokemon_id":"280"}{"order":"","version_group_id":"9","move_id":"218","pokemon_move_method_id":"4","level":"0","pokemon_id":"280"}{"order":"","version_group_id":"9","move_id":"219","pokemon_move_method_id":"4","level":"0","pokemon_id":"280"}{"order":"","version_group_id":"9","move_id":"237","pokemon_move_method_id":"4","level":"0","pokemon_id":"280"}{"order":"","version_group_id":"9","move_id":"240","pokemon_move_method_id":"4","level":"0","pokemon_id":"280"}{"order":"","version_group_id":"9","move_id":"241","pokemon_move_method_id":"4","level":"0","pokemon_id":"280"}{"order":"","version_group_id":"9","move_id":"244","pokemon_move_method_id":"4","level":"0","pokemon_id":"280"}{"order":"","version_group_id":"9","move_id":"247","pokemon_move_method_id":"4","level":"0","pokemon_id":"280"}{"order":"","version_group_id":"9","move_id":"248","pokemon_move_method_id":"1","level":"34","pokemon_id":"280"}{"order":"","version_group_id":"9","move_id":"259","pokemon_move_method_id":"4","level":"0","pokemon_id":"280"}{"order":"","version_group_id":"9","move_id":"261","pokemon_move_method_id":"2","level":"0","pokemon_id":"280"}{"order":"","version_group_id":"9","move_id":"262","pokemon_move_method_id":"2","level":"0","pokemon_id":"280"}{"order":"","version_group_id":"9","move_id":"263","pokemon_move_method_id":"4","level":"0","pokemon_id":"280"}{"order":"","version_group_id":"9","move_id":"269","pokemon_move_method_id":"4","level":"0","pokemon_id":"280"}{"order":"","version_group_id":"9","move_id":"270","pokemon_move_method_id":"3","level":"0","pokemon_id":"280"}{"order":"","version_group_id":"9","move_id":"271","pokemon_move_method_id":"3","level":"0","pokemon_id":"280"}{"order":"","version_group_id":"9","move_id":"278","pokemon_move_method_id":"4","level":"0","pokemon_id":"280"}{"order":"","version_group_id":"9","move_id":"285","pokemon_move_method_id":"4","level":"0","pokemon_id":"280"}{"order":"","version_group_id":"9","move_id":"286","pokemon_move_method_id":"1","level":"32","pokemon_id":"280"}{"order":"","version_group_id":"9","move_id":"288","pokemon_move_method_id":"2","level":"0","pokemon_id":"280"}{"order":"","version_group_id":"9","move_id":"289","pokemon_move_method_id":"4","level":"0","pokemon_id":"280"}{"order":"","version_group_id":"9","move_id":"290","pokemon_move_method_id":"4","level":"0","pokemon_id":"280"}{"order":"","version_group_id":"9","move_id":"324","pokemon_move_method_id":"3","level":"0","pokemon_id":"280"}{"order":"","version_group_id":"9","move_id":"345","pokemon_move_method_id":"1","level":"21","pokemon_id":"280"}{"order":"","version_group_id":"9","move_id":"347","pokemon_move_method_id":"1","level":"23","pokemon_id":"280"}{"order":"","version_group_id":"9","move_id":"347","pokemon_move_method_id":"4","level":"0","pokemon_id":"280"}{"order":"","version_group_id":"9","move_id":"351","pokemon_move_method_id":"4","level":"0","pokemon_id":"280"}{"order":"","version_group_id":"9","move_id":"363","pokemon_move_method_id":"4","level":"0","pokemon_id":"280"}{"order":"","version_group_id":"9","move_id":"374","pokemon_move_method_id":"4","level":"0","pokemon_id":"280"}{"order":"","version_group_id":"9","move_id":"381","pokemon_move_method_id":"1","level":"17","pokemon_id":"280"}{"order":"","version_group_id":"9","move_id":"425","pokemon_move_method_id":"2","level":"0","pokemon_id":"280"}{"order":"","version_group_id":"9","move_id":"428","pokemon_move_method_id":"3","level":"0","pokemon_id":"280"}{"order":"","version_group_id":"9","move_id":"433","pokemon_move_method_id":"4","level":"0","pokemon_id":"280"}{"order":"","version_group_id":"9","move_id":"445","pokemon_move_method_id":"4","level":"0","pokemon_id":"280"}{"order":"","version_group_id":"9","move_id":"447","pokemon_move_method_id":"4","level":"0","pokemon_id":"280"}{"order":"","version_group_id":"9","move_id":"451","pokemon_move_method_id":"4","level":"0","pokemon_id":"280"}{"order":"","version_group_id":"10","move_id":"7","pokemon_move_method_id":"3","level":"0","pokemon_id":"280"}{"order":"","version_group_id":"10","move_id":"8","pokemon_move_method_id":"3","level":"0","pokemon_id":"280"}{"order":"","version_group_id":"10","move_id":"9","pokemon_move_method_id":"3","level":"0","pokemon_id":"280"}{"order":"","version_group_id":"10","move_id":"29","pokemon_move_method_id":"3","level":"0","pokemon_id":"280"}{"order":"","version_group_id":"10","move_id":"45","pokemon_move_method_id":"1","level":"1","pokemon_id":"280"}{"order":"","version_group_id":"10","move_id":"50","pokemon_move_method_id":"2","level":"0","pokemon_id":"280"}{"order":"","version_group_id":"10","move_id":"85","pokemon_move_method_id":"4","level":"0","pokemon_id":"280"}{"order":"","version_group_id":"10","move_id":"86","pokemon_move_method_id":"4","level":"0","pokemon_id":"280"}{"order":"","version_group_id":"10","move_id":"92","pokemon_move_method_id":"4","level":"0","pokemon_id":"280"}{"order":"","version_group_id":"10","move_id":"93","pokemon_move_method_id":"1","level":"6","pokemon_id":"280"}{"order":"","version_group_id":"10","move_id":"94","pokemon_move_method_id":"1","level":"28","pokemon_id":"280"}{"order":"","version_group_id":"10","move_id":"94","pokemon_move_method_id":"4","level":"0","pokemon_id":"280"}{"order":"","version_group_id":"10","move_id":"95","pokemon_move_method_id":"1","level":"43","pokemon_id":"280"}{"order":"","version_group_id":"10","move_id":"100","pokemon_move_method_id":"1","level":"12","pokemon_id":"280"}{"order":"","version_group_id":"10","move_id":"104","pokemon_move_method_id":"1","level":"10","pokemon_id":"280"}{"order":"","version_group_id":"10","move_id":"104","pokemon_move_method_id":"4","level":"0","pokemon_id":"280"}{"order":"","version_group_id":"10","move_id":"109","pokemon_move_method_id":"2","level":"0","pokemon_id":"280"}{"order":"","version_group_id":"10","move_id":"113","pokemon_move_method_id":"4","level":"0","pokemon_id":"280"}{"order":"","version_group_id":"10","move_id":"115","pokemon_move_method_id":"4","level":"0","pokemon_id":"280"}{"order":"","version_group_id":"10","move_id":"129","pokemon_move_method_id":"3","level":"0","pokemon_id":"280"}{"order":"","version_group_id":"10","move_id":"138","pokemon_move_method_id":"1","level":"45","pokemon_id":"280"}{"order":"","version_group_id":"10","move_id":"138","pokemon_move_method_id":"4","level":"0","pokemon_id":"280"}{"order":"","version_group_id":"10","move_id":"148","pokemon_move_method_id":"4","level":"0","pokemon_id":"280"}{"order":"","version_group_id":"10","move_id":"156","pokemon_move_method_id":"4","level":"0","pokemon_id":"280"}{"order":"","version_group_id":"10","move_id":"164","pokemon_move_method_id":"4","level":"0","pokemon_id":"280"}{"order":"","version_group_id":"10","move_id":"168","pokemon_move_method_id":"4","level":"0","pokemon_id":"280"}{"order":"","version_group_id":"10","move_id":"173","pokemon_move_method_id":"3","level":"0","pokemon_id":"280"}{"order":"","version_group_id":"10","move_id":"182","pokemon_move_method_id":"4","level":"0","pokemon_id":"280"}{"order":"","version_group_id":"10","move_id":"189","pokemon_move_method_id":"3","level":"0","pokemon_id":"280"}{"order":"","version_group_id":"10","move_id":"194","pokemon_move_method_id":"2","level":"0","pokemon_id":"280"}{"order":"","version_group_id":"10","move_id":"196","pokemon_move_method_id":"3","level":"0","pokemon_id":"280"}{"order":"","version_group_id":"10","move_id":"203","pokemon_move_method_id":"4","level":"0","pokemon_id":"280"}{"order":"","version_group_id":"10","move_id":"204","pokemon_move_method_id":"1","level":"39","pokemon_id":"280"}{"order":"","version_group_id":"10","move_id":"207","pokemon_move_method_id":"4","level":"0","pokemon_id":"280"}{"order":"","version_group_id":"10","move_id":"212","pokemon_move_method_id":"2","level":"0","pokemon_id":"280"}{"order":"","version_group_id":"10","move_id":"213","pokemon_move_method_id":"4","level":"0","pokemon_id":"280"}{"order":"","version_group_id":"10","move_id":"214","pokemon_move_method_id":"4","level":"0","pokemon_id":"280"}{"order":"","version_group_id":"10","move_id":"216","pokemon_move_method_id":"4","level":"0","pokemon_id":"280"}{"order":"","version_group_id":"10","move_id":"218","pokemon_move_method_id":"4","level":"0","pokemon_id":"280"}{"order":"","version_group_id":"10","move_id":"219","pokemon_move_method_id":"4","level":"0","pokemon_id":"280"}{"order":"","version_group_id":"10","move_id":"220","pokemon_move_method_id":"3","level":"0","pokemon_id":"280"}{"order":"","version_group_id":"10","move_id":"227","pokemon_move_method_id":"2","level":"0","pokemon_id":"280"}{"order":"","version_group_id":"10","move_id":"237","pokemon_move_method_id":"4","level":"0","pokemon_id":"280"}{"order":"","version_group_id":"10","move_id":"240","pokemon_move_method_id":"4","level":"0","pokemon_id":"280"}{"order":"","version_group_id":"10","move_id":"241","pokemon_move_method_id":"4","level":"0","pokemon_id":"280"}{"order":"","version_group_id":"10","move_id":"244","pokemon_move_method_id":"4","level":"0","pokemon_id":"280"}{"order":"","version_group_id":"10","move_id":"247","pokemon_move_method_id":"4","level":"0","pokemon_id":"280"}{"order":"","version_group_id":"10","move_id":"248","pokemon_move_method_id":"1","level":"34","pokemon_id":"280"}{"order":"","version_group_id":"10","move_id":"259","pokemon_move_method_id":"4","level":"0","pokemon_id":"280"}{"order":"","version_group_id":"10","move_id":"261","pokemon_move_method_id":"2","level":"0","pokemon_id":"280"}{"order":"","version_group_id":"10","move_id":"262","pokemon_move_method_id":"2","level":"0","pokemon_id":"280"}{"order":"","version_group_id":"10","move_id":"263","pokemon_move_method_id":"4","level":"0","pokemon_id":"280"}{"order":"","version_group_id":"10","move_id":"269","pokemon_move_method_id":"4","level":"0","pokemon_id":"280"}{"order":"","version_group_id":"10","move_id":"270","pokemon_move_method_id":"3","level":"0","pokemon_id":"280"}{"order":"","version_group_id":"10","move_id":"271","pokemon_move_method_id":"3","level":"0","pokemon_id":"280"}{"order":"","version_group_id":"10","move_id":"277","pokemon_move_method_id":"3","level":"0","pokemon_id":"280"}{"order":"","version_group_id":"10","move_id":"278","pokemon_move_method_id":"4","level":"0","pokemon_id":"280"}{"order":"","version_group_id":"10","move_id":"285","pokemon_move_method_id":"4","level":"0","pokemon_id":"280"}{"order":"","version_group_id":"10","move_id":"286","pokemon_move_method_id":"1","level":"32","pokemon_id":"280"}{"order":"","version_group_id":"10","move_id":"288","pokemon_move_method_id":"2","level":"0","pokemon_id":"280"}{"order":"","version_group_id":"10","move_id":"289","pokemon_move_method_id":"4","level":"0","pokemon_id":"280"}{"order":"","version_group_id":"10","move_id":"290","pokemon_move_method_id":"4","level":"0","pokemon_id":"280"}{"order":"","version_group_id":"10","move_id":"324","pokemon_move_method_id":"3","level":"0","pokemon_id":"280"}{"order":"","version_group_id":"10","move_id":"345","pokemon_move_method_id":"1","level":"21","pokemon_id":"280"}{"order":"","version_group_id":"10","move_id":"347","pokemon_move_method_id":"1","level":"23","pokemon_id":"280"}{"order":"","version_group_id":"10","move_id":"347","pokemon_move_method_id":"4","level":"0","pokemon_id":"280"}{"order":"","version_group_id":"10","move_id":"351","pokemon_move_method_id":"4","level":"0","pokemon_id":"280"}{"order":"","version_group_id":"10","move_id":"363","pokemon_move_method_id":"4","level":"0","pokemon_id":"280"}{"order":"","version_group_id":"10","move_id":"374","pokemon_move_method_id":"4","level":"0","pokemon_id":"280"}{"order":"","version_group_id":"10","move_id":"381","pokemon_move_method_id":"1","level":"17","pokemon_id":"280"}{"order":"","version_group_id":"10","move_id":"425","pokemon_move_method_id":"2","level":"0","pokemon_id":"280"}{"order":"","version_group_id":"10","move_id":"428","pokemon_move_method_id":"3","level":"0","pokemon_id":"280"}{"order":"","version_group_id":"10","move_id":"433","pokemon_move_method_id":"4","level":"0","pokemon_id":"280"}{"order":"","version_group_id":"10","move_id":"445","pokemon_move_method_id":"4","level":"0","pokemon_id":"280"}{"order":"","version_group_id":"10","move_id":"447","pokemon_move_method_id":"4","level":"0","pokemon_id":"280"}{"order":"","version_group_id":"10","move_id":"451","pokemon_move_method_id":"4","level":"0","pokemon_id":"280"}{"order":"","version_group_id":"11","move_id":"45","pokemon_move_method_id":"1","level":"1","pokemon_id":"280"}{"order":"","version_group_id":"11","move_id":"50","pokemon_move_method_id":"2","level":"0","pokemon_id":"280"}{"order":"","version_group_id":"11","move_id":"85","pokemon_move_method_id":"4","level":"0","pokemon_id":"280"}{"order":"","version_group_id":"11","move_id":"86","pokemon_move_method_id":"4","level":"0","pokemon_id":"280"}{"order":"","version_group_id":"11","move_id":"92","pokemon_move_method_id":"4","level":"0","pokemon_id":"280"}{"order":"","version_group_id":"11","move_id":"93","pokemon_move_method_id":"1","level":"6","pokemon_id":"280"}{"order":"","version_group_id":"11","move_id":"94","pokemon_move_method_id":"1","level":"32","pokemon_id":"280"}{"order":"","version_group_id":"11","move_id":"94","pokemon_move_method_id":"4","level":"0","pokemon_id":"280"}{"order":"","version_group_id":"11","move_id":"95","pokemon_move_method_id":"1","level":"45","pokemon_id":"280"}{"order":"","version_group_id":"11","move_id":"100","pokemon_move_method_id":"1","level":"12","pokemon_id":"280"}{"order":"","version_group_id":"11","move_id":"104","pokemon_move_method_id":"1","level":"10","pokemon_id":"280"}{"order":"","version_group_id":"11","move_id":"104","pokemon_move_method_id":"4","level":"0","pokemon_id":"280"}{"order":"","version_group_id":"11","move_id":"109","pokemon_move_method_id":"2","level":"0","pokemon_id":"280"}{"order":"","version_group_id":"11","move_id":"113","pokemon_move_method_id":"4","level":"0","pokemon_id":"280"}{"order":"","version_group_id":"11","move_id":"115","pokemon_move_method_id":"4","level":"0","pokemon_id":"280"}{"order":"","version_group_id":"11","move_id":"138","pokemon_move_method_id":"1","level":"50","pokemon_id":"280"}{"order":"","version_group_id":"11","move_id":"138","pokemon_move_method_id":"4","level":"0","pokemon_id":"280"}{"order":"","version_group_id":"11","move_id":"148","pokemon_move_method_id":"4","level":"0","pokemon_id":"280"}{"order":"","version_group_id":"11","move_id":"156","pokemon_move_method_id":"4","level":"0","pokemon_id":"280"}{"order":"","version_group_id":"11","move_id":"164","pokemon_move_method_id":"4","level":"0","pokemon_id":"280"}{"order":"","version_group_id":"11","move_id":"168","pokemon_move_method_id":"4","level":"0","pokemon_id":"280"}{"order":"","version_group_id":"11","move_id":"182","pokemon_move_method_id":"4","level":"0","pokemon_id":"280"}{"order":"","version_group_id":"11","move_id":"194","pokemon_move_method_id":"2","level":"0","pokemon_id":"280"}{"order":"","version_group_id":"11","move_id":"204","pokemon_move_method_id":"1","level":"43","pokemon_id":"280"}{"order":"","version_group_id":"11","move_id":"207","pokemon_move_method_id":"4","level":"0","pokemon_id":"280"}{"order":"","version_group_id":"11","move_id":"212","pokemon_move_method_id":"2","level":"0","pokemon_id":"280"}{"order":"","version_group_id":"11","move_id":"213","pokemon_move_method_id":"4","level":"0","pokemon_id":"280"}{"order":"","version_group_id":"11","move_id":"216","pokemon_move_method_id":"4","level":"0","pokemon_id":"280"}{"order":"","version_group_id":"11","move_id":"218","pokemon_move_method_id":"4","level":"0","pokemon_id":"280"}{"order":"","version_group_id":"11","move_id":"219","pokemon_move_method_id":"4","level":"0","pokemon_id":"280"}{"order":"","version_group_id":"11","move_id":"227","pokemon_move_method_id":"2","level":"0","pokemon_id":"280"}{"order":"","version_group_id":"11","move_id":"237","pokemon_move_method_id":"4","level":"0","pokemon_id":"280"}{"order":"","version_group_id":"11","move_id":"240","pokemon_move_method_id":"4","level":"0","pokemon_id":"280"}{"order":"","version_group_id":"11","move_id":"241","pokemon_move_method_id":"4","level":"0","pokemon_id":"280"}{"order":"","version_group_id":"11","move_id":"244","pokemon_move_method_id":"4","level":"0","pokemon_id":"280"}{"order":"","version_group_id":"11","move_id":"247","pokemon_move_method_id":"4","level":"0","pokemon_id":"280"}{"order":"","version_group_id":"11","move_id":"248","pokemon_move_method_id":"1","level":"39","pokemon_id":"280"}{"order":"","version_group_id":"11","move_id":"259","pokemon_move_method_id":"4","level":"0","pokemon_id":"280"}{"order":"","version_group_id":"11","move_id":"261","pokemon_move_method_id":"4","level":"0","pokemon_id":"280"}{"order":"","version_group_id":"11","move_id":"262","pokemon_move_method_id":"2","level":"0","pokemon_id":"280"}{"order":"","version_group_id":"11","move_id":"263","pokemon_move_method_id":"4","level":"0","pokemon_id":"280"}{"order":"","version_group_id":"11","move_id":"269","pokemon_move_method_id":"4","level":"0","pokemon_id":"280"}{"order":"","version_group_id":"11","move_id":"285","pokemon_move_method_id":"2","level":"0","pokemon_id":"280"}{"order":"","version_group_id":"11","move_id":"286","pokemon_move_method_id":"1","level":"34","pokemon_id":"280"}{"order":"","version_group_id":"11","move_id":"288","pokemon_move_method_id":"2","level":"0","pokemon_id":"280"}{"order":"","version_group_id":"11","move_id":"345","pokemon_move_method_id":"1","level":"21","pokemon_id":"280"}{"order":"","version_group_id":"11","move_id":"347","pokemon_move_method_id":"1","level":"28","pokemon_id":"280"}{"order":"","version_group_id":"11","move_id":"347","pokemon_move_method_id":"4","level":"0","pokemon_id":"280"}{"order":"","version_group_id":"11","move_id":"374","pokemon_move_method_id":"4","level":"0","pokemon_id":"280"}{"order":"","version_group_id":"11","move_id":"381","pokemon_move_method_id":"1","level":"17","pokemon_id":"280"}{"order":"","version_group_id":"11","move_id":"425","pokemon_move_method_id":"2","level":"0","pokemon_id":"280"}{"order":"","version_group_id":"11","move_id":"433","pokemon_move_method_id":"4","level":"0","pokemon_id":"280"}{"order":"","version_group_id":"11","move_id":"447","pokemon_move_method_id":"4","level":"0","pokemon_id":"280"}{"order":"","version_group_id":"11","move_id":"451","pokemon_move_method_id":"4","level":"0","pokemon_id":"280"}{"order":"","version_group_id":"11","move_id":"473","pokemon_move_method_id":"4","level":"0","pokemon_id":"280"}{"order":"","version_group_id":"11","move_id":"477","pokemon_move_method_id":"4","level":"0","pokemon_id":"280"}{"order":"","version_group_id":"11","move_id":"485","pokemon_move_method_id":"2","level":"0","pokemon_id":"280"}{"order":"","version_group_id":"11","move_id":"496","pokemon_move_method_id":"4","level":"0","pokemon_id":"280"}{"order":"","version_group_id":"11","move_id":"497","pokemon_move_method_id":"4","level":"0","pokemon_id":"280"}{"order":"","version_group_id":"11","move_id":"500","pokemon_move_method_id":"1","level":"54","pokemon_id":"280"}{"order":"","version_group_id":"11","move_id":"502","pokemon_move_method_id":"4","level":"0","pokemon_id":"280"}{"order":"","version_group_id":"11","move_id":"505","pokemon_move_method_id":"1","level":"23","pokemon_id":"280"}{"order":"","version_group_id":"12","move_id":"45","pokemon_move_method_id":"1","level":"1","pokemon_id":"280"}{"order":"","version_group_id":"12","move_id":"85","pokemon_move_method_id":"4","level":"0","pokemon_id":"280"}{"order":"","version_group_id":"12","move_id":"92","pokemon_move_method_id":"4","level":"0","pokemon_id":"280"}{"order":"","version_group_id":"12","move_id":"93","pokemon_move_method_id":"1","level":"6","pokemon_id":"280"}{"order":"","version_group_id":"12","move_id":"94","pokemon_move_method_id":"1","level":"26","pokemon_id":"280"}{"order":"","version_group_id":"12","move_id":"94","pokemon_move_method_id":"4","level":"0","pokemon_id":"280"}{"order":"","version_group_id":"12","move_id":"95","pokemon_move_method_id":"1","level":"41","pokemon_id":"280"}{"order":"","version_group_id":"12","move_id":"100","pokemon_move_method_id":"1","level":"16","pokemon_id":"280"}{"order":"","version_group_id":"12","move_id":"104","pokemon_move_method_id":"1","level":"11","pokemon_id":"280"}{"order":"","version_group_id":"12","move_id":"104","pokemon_move_method_id":"4","level":"0","pokemon_id":"280"}{"order":"","version_group_id":"12","move_id":"113","pokemon_move_method_id":"4","level":"0","pokemon_id":"280"}{"order":"","version_group_id":"12","move_id":"115","pokemon_move_method_id":"4","level":"0","pokemon_id":"280"}{"order":"","version_group_id":"12","move_id":"138","pokemon_move_method_id":"1","level":"46","pokemon_id":"280"}{"order":"","version_group_id":"12","move_id":"148","pokemon_move_method_id":"4","level":"0","pokemon_id":"280"}{"order":"","version_group_id":"12","move_id":"156","pokemon_move_method_id":"4","level":"0","pokemon_id":"280"}{"order":"","version_group_id":"12","move_id":"168","pokemon_move_method_id":"4","level":"0","pokemon_id":"280"}{"order":"","version_group_id":"12","move_id":"182","pokemon_move_method_id":"4","level":"0","pokemon_id":"280"}{"order":"","version_group_id":"12","move_id":"213","pokemon_move_method_id":"4","level":"0","pokemon_id":"280"}{"order":"","version_group_id":"12","move_id":"216","pokemon_move_method_id":"4","level":"0","pokemon_id":"280"}{"order":"","version_group_id":"12","move_id":"218","pokemon_move_method_id":"4","level":"0","pokemon_id":"280"}{"order":"","version_group_id":"12","move_id":"219","pokemon_move_method_id":"4","level":"0","pokemon_id":"280"}{"order":"","version_group_id":"12","move_id":"237","pokemon_move_method_id":"4","level":"0","pokemon_id":"280"}{"order":"","version_group_id":"12","move_id":"240","pokemon_move_method_id":"4","level":"0","pokemon_id":"280"}{"order":"","version_group_id":"12","move_id":"241","pokemon_move_method_id":"4","level":"0","pokemon_id":"280"}{"order":"","version_group_id":"12","move_id":"247","pokemon_move_method_id":"4","level":"0","pokemon_id":"280"}{"order":"","version_group_id":"12","move_id":"248","pokemon_move_method_id":"1","level":"36","pokemon_id":"280"}{"order":"","version_group_id":"12","move_id":"259","pokemon_move_method_id":"4","level":"0","pokemon_id":"280"}{"order":"","version_group_id":"12","move_id":"263","pokemon_move_method_id":"4","level":"0","pokemon_id":"280"}{"order":"","version_group_id":"12","move_id":"269","pokemon_move_method_id":"4","level":"0","pokemon_id":"280"}{"order":"","version_group_id":"12","move_id":"285","pokemon_move_method_id":"4","level":"0","pokemon_id":"280"}{"order":"","version_group_id":"12","move_id":"286","pokemon_move_method_id":"1","level":"31","pokemon_id":"280"}{"order":"","version_group_id":"12","move_id":"289","pokemon_move_method_id":"4","level":"0","pokemon_id":"280"}{"order":"","version_group_id":"12","move_id":"290","pokemon_move_method_id":"4","level":"0","pokemon_id":"280"}{"order":"","version_group_id":"12","move_id":"347","pokemon_move_method_id":"1","level":"21","pokemon_id":"280"}{"order":"","version_group_id":"12","move_id":"347","pokemon_move_method_id":"4","level":"0","pokemon_id":"280"}{"order":"","version_group_id":"12","move_id":"351","pokemon_move_method_id":"4","level":"0","pokemon_id":"280"}{"order":"","version_group_id":"13","move_id":"34","pokemon_move_method_id":"3","level":"0","pokemon_id":"280"}{"order":"","version_group_id":"13","move_id":"38","pokemon_move_method_id":"3","level":"0","pokemon_id":"280"}{"order":"","version_group_id":"13","move_id":"45","pokemon_move_method_id":"1","level":"1","pokemon_id":"280"}{"order":"","version_group_id":"13","move_id":"85","pokemon_move_method_id":"4","level":"0","pokemon_id":"280"}{"order":"","version_group_id":"13","move_id":"86","pokemon_move_method_id":"3","level":"0","pokemon_id":"280"}{"order":"","version_group_id":"13","move_id":"92","pokemon_move_method_id":"4","level":"0","pokemon_id":"280"}{"order":"","version_group_id":"13","move_id":"93","pokemon_move_method_id":"1","level":"6","pokemon_id":"280"}{"order":"","version_group_id":"13","move_id":"94","pokemon_move_method_id":"1","level":"26","pokemon_id":"280"}{"order":"","version_group_id":"13","move_id":"94","pokemon_move_method_id":"4","level":"0","pokemon_id":"280"}{"order":"","version_group_id":"13","move_id":"95","pokemon_move_method_id":"1","level":"41","pokemon_id":"280"}{"order":"","version_group_id":"13","move_id":"100","pokemon_move_method_id":"1","level":"16","pokemon_id":"280"}{"order":"","version_group_id":"13","move_id":"102","pokemon_move_method_id":"3","level":"0","pokemon_id":"280"}{"order":"","version_group_id":"13","move_id":"104","pokemon_move_method_id":"1","level":"11","pokemon_id":"280"}{"order":"","version_group_id":"13","move_id":"104","pokemon_move_method_id":"4","level":"0","pokemon_id":"280"}{"order":"","version_group_id":"13","move_id":"113","pokemon_move_method_id":"4","level":"0","pokemon_id":"280"}{"order":"","version_group_id":"13","move_id":"115","pokemon_move_method_id":"4","level":"0","pokemon_id":"280"}{"order":"","version_group_id":"13","move_id":"138","pokemon_move_method_id":"1","level":"46","pokemon_id":"280"}{"order":"","version_group_id":"13","move_id":"138","pokemon_move_method_id":"3","level":"0","pokemon_id":"280"}{"order":"","version_group_id":"13","move_id":"148","pokemon_move_method_id":"4","level":"0","pokemon_id":"280"}{"order":"","version_group_id":"13","move_id":"156","pokemon_move_method_id":"4","level":"0","pokemon_id":"280"}{"order":"","version_group_id":"13","move_id":"164","pokemon_move_method_id":"3","level":"0","pokemon_id":"280"}{"order":"","version_group_id":"13","move_id":"168","pokemon_move_method_id":"4","level":"0","pokemon_id":"280"}{"order":"","version_group_id":"13","move_id":"171","pokemon_move_method_id":"3","level":"0","pokemon_id":"280"}{"order":"","version_group_id":"13","move_id":"182","pokemon_move_method_id":"4","level":"0","pokemon_id":"280"}{"order":"","version_group_id":"13","move_id":"196","pokemon_move_method_id":"3","level":"0","pokemon_id":"280"}{"order":"","version_group_id":"13","move_id":"207","pokemon_move_method_id":"3","level":"0","pokemon_id":"280"}{"order":"","version_group_id":"13","move_id":"213","pokemon_move_method_id":"4","level":"0","pokemon_id":"280"}{"order":"","version_group_id":"13","move_id":"216","pokemon_move_method_id":"4","level":"0","pokemon_id":"280"}{"order":"","version_group_id":"13","move_id":"218","pokemon_move_method_id":"4","level":"0","pokemon_id":"280"}{"order":"","version_group_id":"13","move_id":"219","pokemon_move_method_id":"4","level":"0","pokemon_id":"280"}{"order":"","version_group_id":"13","move_id":"237","pokemon_move_method_id":"4","level":"0","pokemon_id":"280"}{"order":"","version_group_id":"13","move_id":"240","pokemon_move_method_id":"4","level":"0","pokemon_id":"280"}{"order":"","version_group_id":"13","move_id":"241","pokemon_move_method_id":"4","level":"0","pokemon_id":"280"}{"order":"","version_group_id":"13","move_id":"247","pokemon_move_method_id":"4","level":"0","pokemon_id":"280"}{"order":"","version_group_id":"13","move_id":"248","pokemon_move_method_id":"1","level":"36","pokemon_id":"280"}{"order":"","version_group_id":"13","move_id":"259","pokemon_move_method_id":"4","level":"0","pokemon_id":"280"}{"order":"","version_group_id":"13","move_id":"263","pokemon_move_method_id":"4","level":"0","pokemon_id":"280"}{"order":"","version_group_id":"13","move_id":"269","pokemon_move_method_id":"4","level":"0","pokemon_id":"280"}{"order":"","version_group_id":"13","move_id":"285","pokemon_move_method_id":"4","level":"0","pokemon_id":"280"}{"order":"","version_group_id":"13","move_id":"286","pokemon_move_method_id":"1","level":"31","pokemon_id":"280"}{"order":"","version_group_id":"13","move_id":"289","pokemon_move_method_id":"4","level":"0","pokemon_id":"280"}{"order":"","version_group_id":"13","move_id":"290","pokemon_move_method_id":"4","level":"0","pokemon_id":"280"}{"order":"","version_group_id":"13","move_id":"347","pokemon_move_method_id":"1","level":"21","pokemon_id":"280"}{"order":"","version_group_id":"13","move_id":"347","pokemon_move_method_id":"4","level":"0","pokemon_id":"280"}{"order":"","version_group_id":"13","move_id":"351","pokemon_move_method_id":"4","level":"0","pokemon_id":"280"}{"order":"","version_group_id":"14","move_id":"7","pokemon_move_method_id":"3","level":"0","pokemon_id":"280"}{"order":"","version_group_id":"14","move_id":"8","pokemon_move_method_id":"3","level":"0","pokemon_id":"280"}{"order":"","version_group_id":"14","move_id":"9","pokemon_move_method_id":"3","level":"0","pokemon_id":"280"}{"order":"","version_group_id":"14","move_id":"45","pokemon_move_method_id":"1","level":"1","pokemon_id":"280"}{"order":"","version_group_id":"14","move_id":"50","pokemon_move_method_id":"2","level":"0","pokemon_id":"280"}{"order":"","version_group_id":"14","move_id":"85","pokemon_move_method_id":"4","level":"0","pokemon_id":"280"}{"order":"","version_group_id":"14","move_id":"86","pokemon_move_method_id":"4","level":"0","pokemon_id":"280"}{"order":"","version_group_id":"14","move_id":"92","pokemon_move_method_id":"4","level":"0","pokemon_id":"280"}{"order":"","version_group_id":"14","move_id":"93","pokemon_move_method_id":"1","level":"6","pokemon_id":"280"}{"order":"","version_group_id":"14","move_id":"94","pokemon_move_method_id":"1","level":"32","pokemon_id":"280"}{"order":"","version_group_id":"14","move_id":"94","pokemon_move_method_id":"4","level":"0","pokemon_id":"280"}{"order":"","version_group_id":"14","move_id":"95","pokemon_move_method_id":"1","level":"45","pokemon_id":"280"}{"order":"","version_group_id":"14","move_id":"100","pokemon_move_method_id":"1","level":"12","pokemon_id":"280"}{"order":"","version_group_id":"14","move_id":"104","pokemon_move_method_id":"1","level":"10","pokemon_id":"280"}{"order":"","version_group_id":"14","move_id":"104","pokemon_move_method_id":"4","level":"0","pokemon_id":"280"}{"order":"","version_group_id":"14","move_id":"109","pokemon_move_method_id":"2","level":"0","pokemon_id":"280"}{"order":"","version_group_id":"14","move_id":"113","pokemon_move_method_id":"4","level":"0","pokemon_id":"280"}{"order":"","version_group_id":"14","move_id":"115","pokemon_move_method_id":"4","level":"0","pokemon_id":"280"}{"order":"","version_group_id":"14","move_id":"138","pokemon_move_method_id":"1","level":"50","pokemon_id":"280"}{"order":"","version_group_id":"14","move_id":"138","pokemon_move_method_id":"4","level":"0","pokemon_id":"280"}{"order":"","version_group_id":"14","move_id":"148","pokemon_move_method_id":"4","level":"0","pokemon_id":"280"}{"order":"","version_group_id":"14","move_id":"156","pokemon_move_method_id":"4","level":"0","pokemon_id":"280"}{"order":"","version_group_id":"14","move_id":"164","pokemon_move_method_id":"4","level":"0","pokemon_id":"280"}{"order":"","version_group_id":"14","move_id":"168","pokemon_move_method_id":"4","level":"0","pokemon_id":"280"}{"order":"","version_group_id":"14","move_id":"173","pokemon_move_method_id":"3","level":"0","pokemon_id":"280"}{"order":"","version_group_id":"14","move_id":"182","pokemon_move_method_id":"4","level":"0","pokemon_id":"280"}{"order":"","version_group_id":"14","move_id":"194","pokemon_move_method_id":"2","level":"0","pokemon_id":"280"}{"order":"","version_group_id":"14","move_id":"196","pokemon_move_method_id":"3","level":"0","pokemon_id":"280"}{"order":"","version_group_id":"14","move_id":"204","pokemon_move_method_id":"1","level":"43","pokemon_id":"280"}{"order":"","version_group_id":"14","move_id":"207","pokemon_move_method_id":"4","level":"0","pokemon_id":"280"}{"order":"","version_group_id":"14","move_id":"212","pokemon_move_method_id":"2","level":"0","pokemon_id":"280"}{"order":"","version_group_id":"14","move_id":"213","pokemon_move_method_id":"4","level":"0","pokemon_id":"280"}{"order":"","version_group_id":"14","move_id":"214","pokemon_move_method_id":"3","level":"0","pokemon_id":"280"}{"order":"","version_group_id":"14","move_id":"216","pokemon_move_method_id":"4","level":"0","pokemon_id":"280"}{"order":"","version_group_id":"14","move_id":"218","pokemon_move_method_id":"4","level":"0","pokemon_id":"280"}{"order":"","version_group_id":"14","move_id":"219","pokemon_move_method_id":"4","level":"0","pokemon_id":"280"}{"order":"","version_group_id":"14","move_id":"220","pokemon_move_method_id":"3","level":"0","pokemon_id":"280"}{"order":"","version_group_id":"14","move_id":"227","pokemon_move_method_id":"2","level":"0","pokemon_id":"280"}{"order":"","version_group_id":"14","move_id":"237","pokemon_move_method_id":"4","level":"0","pokemon_id":"280"}{"order":"","version_group_id":"14","move_id":"240","pokemon_move_method_id":"4","level":"0","pokemon_id":"280"}{"order":"","version_group_id":"14","move_id":"241","pokemon_move_method_id":"4","level":"0","pokemon_id":"280"}{"order":"","version_group_id":"14","move_id":"244","pokemon_move_method_id":"4","level":"0","pokemon_id":"280"}{"order":"","version_group_id":"14","move_id":"247","pokemon_move_method_id":"4","level":"0","pokemon_id":"280"}{"order":"","version_group_id":"14","move_id":"248","pokemon_move_method_id":"1","level":"39","pokemon_id":"280"}{"order":"","version_group_id":"14","move_id":"259","pokemon_move_method_id":"4","level":"0","pokemon_id":"280"}{"order":"","version_group_id":"14","move_id":"261","pokemon_move_method_id":"4","level":"0","pokemon_id":"280"}{"order":"","version_group_id":"14","move_id":"262","pokemon_move_method_id":"2","level":"0","pokemon_id":"280"}{"order":"","version_group_id":"14","move_id":"263","pokemon_move_method_id":"4","level":"0","pokemon_id":"280"}{"order":"","version_group_id":"14","move_id":"269","pokemon_move_method_id":"4","level":"0","pokemon_id":"280"}{"order":"","version_group_id":"14","move_id":"270","pokemon_move_method_id":"3","level":"0","pokemon_id":"280"}{"order":"","version_group_id":"14","move_id":"271","pokemon_move_method_id":"3","level":"0","pokemon_id":"280"}{"order":"","version_group_id":"14","move_id":"277","pokemon_move_method_id":"3","level":"0","pokemon_id":"280"}{"order":"","version_group_id":"14","move_id":"278","pokemon_move_method_id":"3","level":"0","pokemon_id":"280"}{"order":"","version_group_id":"14","move_id":"285","pokemon_move_method_id":"2","level":"0","pokemon_id":"280"}{"order":"","version_group_id":"14","move_id":"285","pokemon_move_method_id":"3","level":"0","pokemon_id":"280"}{"order":"","version_group_id":"14","move_id":"286","pokemon_move_method_id":"1","level":"34","pokemon_id":"280"}{"order":"","version_group_id":"14","move_id":"288","pokemon_move_method_id":"2","level":"0","pokemon_id":"280"}{"order":"","version_group_id":"14","move_id":"289","pokemon_move_method_id":"3","level":"0","pokemon_id":"280"}{"order":"","version_group_id":"14","move_id":"304","pokemon_move_method_id":"3","level":"0","pokemon_id":"280"}{"order":"","version_group_id":"14","move_id":"324","pokemon_move_method_id":"3","level":"0","pokemon_id":"280"}{"order":"","version_group_id":"14","move_id":"345","pokemon_move_method_id":"1","level":"21","pokemon_id":"280"}{"order":"","version_group_id":"14","move_id":"347","pokemon_move_method_id":"1","level":"28","pokemon_id":"280"}{"order":"","version_group_id":"14","move_id":"347","pokemon_move_method_id":"4","level":"0","pokemon_id":"280"}{"order":"","version_group_id":"14","move_id":"374","pokemon_move_method_id":"4","level":"0","pokemon_id":"280"}{"order":"","version_group_id":"14","move_id":"381","pokemon_move_method_id":"1","level":"17","pokemon_id":"280"}{"order":"","version_group_id":"14","move_id":"425","pokemon_move_method_id":"2","level":"0","pokemon_id":"280"}{"order":"","version_group_id":"14","move_id":"428","pokemon_move_method_id":"3","level":"0","pokemon_id":"280"}{"order":"","version_group_id":"14","move_id":"433","pokemon_move_method_id":"4","level":"0","pokemon_id":"280"}{"order":"","version_group_id":"14","move_id":"447","pokemon_move_method_id":"4","level":"0","pokemon_id":"280"}{"order":"","version_group_id":"14","move_id":"451","pokemon_move_method_id":"4","level":"0","pokemon_id":"280"}{"order":"","version_group_id":"14","move_id":"472","pokemon_move_method_id":"3","level":"0","pokemon_id":"280"}{"order":"","version_group_id":"14","move_id":"473","pokemon_move_method_id":"4","level":"0","pokemon_id":"280"}{"order":"","version_group_id":"14","move_id":"477","pokemon_move_method_id":"4","level":"0","pokemon_id":"280"}{"order":"","version_group_id":"14","move_id":"478","pokemon_move_method_id":"3","level":"0","pokemon_id":"280"}{"order":"","version_group_id":"14","move_id":"485","pokemon_move_method_id":"2","level":"0","pokemon_id":"280"}{"order":"","version_group_id":"14","move_id":"496","pokemon_move_method_id":"4","level":"0","pokemon_id":"280"}{"order":"","version_group_id":"14","move_id":"497","pokemon_move_method_id":"4","level":"0","pokemon_id":"280"}{"order":"","version_group_id":"14","move_id":"500","pokemon_move_method_id":"1","level":"54","pokemon_id":"280"}{"order":"","version_group_id":"14","move_id":"502","pokemon_move_method_id":"4","level":"0","pokemon_id":"280"}{"order":"","version_group_id":"14","move_id":"505","pokemon_move_method_id":"1","level":"23","pokemon_id":"280"}{"order":"","version_group_id":"15","move_id":"45","pokemon_move_method_id":"1","level":"1","pokemon_id":"280"}{"order":"","version_group_id":"15","move_id":"50","pokemon_move_method_id":"2","level":"0","pokemon_id":"280"}{"order":"","version_group_id":"15","move_id":"85","pokemon_move_method_id":"4","level":"0","pokemon_id":"280"}{"order":"","version_group_id":"15","move_id":"86","pokemon_move_method_id":"4","level":"0","pokemon_id":"280"}{"order":"","version_group_id":"15","move_id":"92","pokemon_move_method_id":"4","level":"0","pokemon_id":"280"}{"order":"","version_group_id":"15","move_id":"93","pokemon_move_method_id":"1","level":"6","pokemon_id":"280"}{"order":"","version_group_id":"15","move_id":"94","pokemon_move_method_id":"1","level":"32","pokemon_id":"280"}{"order":"","version_group_id":"15","move_id":"94","pokemon_move_method_id":"4","level":"0","pokemon_id":"280"}{"order":"","version_group_id":"15","move_id":"95","pokemon_move_method_id":"1","level":"45","pokemon_id":"280"}{"order":"","version_group_id":"15","move_id":"100","pokemon_move_method_id":"1","level":"12","pokemon_id":"280"}{"order":"","version_group_id":"15","move_id":"104","pokemon_move_method_id":"1","level":"10","pokemon_id":"280"}{"order":"","version_group_id":"15","move_id":"104","pokemon_move_method_id":"4","level":"0","pokemon_id":"280"}{"order":"","version_group_id":"15","move_id":"109","pokemon_move_method_id":"2","level":"0","pokemon_id":"280"}{"order":"","version_group_id":"15","move_id":"113","pokemon_move_method_id":"4","level":"0","pokemon_id":"280"}{"order":"","version_group_id":"15","move_id":"115","pokemon_move_method_id":"4","level":"0","pokemon_id":"280"}{"order":"","version_group_id":"15","move_id":"138","pokemon_move_method_id":"1","level":"49","pokemon_id":"280"}{"order":"","version_group_id":"15","move_id":"138","pokemon_move_method_id":"4","level":"0","pokemon_id":"280"}{"order":"","version_group_id":"15","move_id":"148","pokemon_move_method_id":"4","level":"0","pokemon_id":"280"}{"order":"","version_group_id":"15","move_id":"156","pokemon_move_method_id":"4","level":"0","pokemon_id":"280"}{"order":"","version_group_id":"15","move_id":"164","pokemon_move_method_id":"4","level":"0","pokemon_id":"280"}{"order":"","version_group_id":"15","move_id":"168","pokemon_move_method_id":"4","level":"0","pokemon_id":"280"}{"order":"","version_group_id":"15","move_id":"182","pokemon_move_method_id":"4","level":"0","pokemon_id":"280"}{"order":"","version_group_id":"15","move_id":"194","pokemon_move_method_id":"2","level":"0","pokemon_id":"280"}{"order":"","version_group_id":"15","move_id":"204","pokemon_move_method_id":"1","level":"43","pokemon_id":"280"}{"order":"","version_group_id":"15","move_id":"207","pokemon_move_method_id":"4","level":"0","pokemon_id":"280"}{"order":"","version_group_id":"15","move_id":"212","pokemon_move_method_id":"2","level":"0","pokemon_id":"280"}{"order":"","version_group_id":"15","move_id":"213","pokemon_move_method_id":"4","level":"0","pokemon_id":"280"}{"order":"","version_group_id":"15","move_id":"214","pokemon_move_method_id":"4","level":"0","pokemon_id":"280"}{"order":"","version_group_id":"15","move_id":"216","pokemon_move_method_id":"4","level":"0","pokemon_id":"280"}{"order":"","version_group_id":"15","move_id":"218","pokemon_move_method_id":"4","level":"0","pokemon_id":"280"}{"order":"","version_group_id":"15","move_id":"219","pokemon_move_method_id":"4","level":"0","pokemon_id":"280"}{"order":"","version_group_id":"15","move_id":"227","pokemon_move_method_id":"2","level":"0","pokemon_id":"280"}{"order":"","version_group_id":"15","move_id":"237","pokemon_move_method_id":"4","level":"0","pokemon_id":"280"}{"order":"","version_group_id":"15","move_id":"240","pokemon_move_method_id":"4","level":"0","pokemon_id":"280"}{"order":"","version_group_id":"15","move_id":"241","pokemon_move_method_id":"4","level":"0","pokemon_id":"280"}{"order":"","version_group_id":"15","move_id":"244","pokemon_move_method_id":"4","level":"0","pokemon_id":"280"}{"order":"","version_group_id":"15","move_id":"247","pokemon_move_method_id":"4","level":"0","pokemon_id":"280"}{"order":"","version_group_id":"15","move_id":"248","pokemon_move_method_id":"1","level":"39","pokemon_id":"280"}{"order":"","version_group_id":"15","move_id":"259","pokemon_move_method_id":"4","level":"0","pokemon_id":"280"}{"order":"","version_group_id":"15","move_id":"261","pokemon_move_method_id":"4","level":"0","pokemon_id":"280"}{"order":"","version_group_id":"15","move_id":"262","pokemon_move_method_id":"2","level":"0","pokemon_id":"280"}{"order":"","version_group_id":"15","move_id":"263","pokemon_move_method_id":"4","level":"0","pokemon_id":"280"}{"order":"","version_group_id":"15","move_id":"269","pokemon_move_method_id":"4","level":"0","pokemon_id":"280"}{"order":"","version_group_id":"15","move_id":"285","pokemon_move_method_id":"2","level":"0","pokemon_id":"280"}{"order":"","version_group_id":"15","move_id":"286","pokemon_move_method_id":"1","level":"34","pokemon_id":"280"}{"order":"","version_group_id":"15","move_id":"288","pokemon_move_method_id":"2","level":"0","pokemon_id":"280"}{"order":"","version_group_id":"15","move_id":"345","pokemon_move_method_id":"1","level":"21","pokemon_id":"280"}{"order":"","version_group_id":"15","move_id":"347","pokemon_move_method_id":"1","level":"28","pokemon_id":"280"}{"order":"","version_group_id":"15","move_id":"347","pokemon_move_method_id":"4","level":"0","pokemon_id":"280"}{"order":"","version_group_id":"15","move_id":"374","pokemon_move_method_id":"4","level":"0","pokemon_id":"280"}{"order":"","version_group_id":"15","move_id":"381","pokemon_move_method_id":"1","level":"17","pokemon_id":"280"}{"order":"","version_group_id":"15","move_id":"425","pokemon_move_method_id":"2","level":"0","pokemon_id":"280"}{"order":"","version_group_id":"15","move_id":"433","pokemon_move_method_id":"4","level":"0","pokemon_id":"280"}{"order":"","version_group_id":"15","move_id":"447","pokemon_move_method_id":"4","level":"0","pokemon_id":"280"}{"order":"","version_group_id":"15","move_id":"451","pokemon_move_method_id":"4","level":"0","pokemon_id":"280"}{"order":"","version_group_id":"15","move_id":"473","pokemon_move_method_id":"4","level":"0","pokemon_id":"280"}{"order":"","version_group_id":"15","move_id":"485","pokemon_move_method_id":"2","level":"0","pokemon_id":"280"}{"order":"","version_group_id":"15","move_id":"496","pokemon_move_method_id":"4","level":"0","pokemon_id":"280"}{"order":"","version_group_id":"15","move_id":"497","pokemon_move_method_id":"4","level":"0","pokemon_id":"280"}{"order":"","version_group_id":"15","move_id":"500","pokemon_move_method_id":"1","level":"54","pokemon_id":"280"}{"order":"","version_group_id":"15","move_id":"505","pokemon_move_method_id":"1","level":"23","pokemon_id":"280"}{"order":"","version_group_id":"15","move_id":"581","pokemon_move_method_id":"2","level":"0","pokemon_id":"280"}{"order":"","version_group_id":"15","move_id":"590","pokemon_move_method_id":"4","level":"0","pokemon_id":"280"}{"order":"","version_group_id":"15","move_id":"605","pokemon_move_method_id":"4","level":"0","pokemon_id":"280"}