{"order":"","version_group_id":"1","move_id":"5","pokemon_move_method_id":"4","level":"0","pokemon_id":"105"}{"order":"","version_group_id":"1","move_id":"25","pokemon_move_method_id":"4","level":"0","pokemon_id":"105"}{"order":"","version_group_id":"1","move_id":"34","pokemon_move_method_id":"4","level":"0","pokemon_id":"105"}{"order":"","version_group_id":"1","move_id":"36","pokemon_move_method_id":"4","level":"0","pokemon_id":"105"}{"order":"","version_group_id":"1","move_id":"37","pokemon_move_method_id":"1","level":"41","pokemon_id":"105"}{"order":"","version_group_id":"1","move_id":"38","pokemon_move_method_id":"4","level":"0","pokemon_id":"105"}{"order":"3","version_group_id":"1","move_id":"43","pokemon_move_method_id":"1","level":"1","pokemon_id":"105"}{"order":"","version_group_id":"1","move_id":"43","pokemon_move_method_id":"1","level":"25","pokemon_id":"105"}{"order":"2","version_group_id":"1","move_id":"45","pokemon_move_method_id":"1","level":"1","pokemon_id":"105"}{"order":"","version_group_id":"1","move_id":"55","pokemon_move_method_id":"4","level":"0","pokemon_id":"105"}{"order":"","version_group_id":"1","move_id":"58","pokemon_move_method_id":"4","level":"0","pokemon_id":"105"}{"order":"","version_group_id":"1","move_id":"59","pokemon_move_method_id":"4","level":"0","pokemon_id":"105"}{"order":"","version_group_id":"1","move_id":"61","pokemon_move_method_id":"4","level":"0","pokemon_id":"105"}{"order":"","version_group_id":"1","move_id":"63","pokemon_move_method_id":"4","level":"0","pokemon_id":"105"}{"order":"","version_group_id":"1","move_id":"66","pokemon_move_method_id":"4","level":"0","pokemon_id":"105"}{"order":"","version_group_id":"1","move_id":"68","pokemon_move_method_id":"4","level":"0","pokemon_id":"105"}{"order":"","version_group_id":"1","move_id":"69","pokemon_move_method_id":"4","level":"0","pokemon_id":"105"}{"order":"","version_group_id":"1","move_id":"70","pokemon_move_method_id":"4","level":"0","pokemon_id":"105"}{"order":"","version_group_id":"1","move_id":"89","pokemon_move_method_id":"4","level":"0","pokemon_id":"105"}{"order":"","version_group_id":"1","move_id":"90","pokemon_move_method_id":"4","level":"0","pokemon_id":"105"}{"order":"","version_group_id":"1","move_id":"91","pokemon_move_method_id":"4","level":"0","pokemon_id":"105"}{"order":"","version_group_id":"1","move_id":"92","pokemon_move_method_id":"4","level":"0","pokemon_id":"105"}{"order":"","version_group_id":"1","move_id":"99","pokemon_move_method_id":"1","level":"55","pokemon_id":"105"}{"order":"","version_group_id":"1","move_id":"99","pokemon_move_method_id":"4","level":"0","pokemon_id":"105"}{"order":"","version_group_id":"1","move_id":"102","pokemon_move_method_id":"4","level":"0","pokemon_id":"105"}{"order":"","version_group_id":"1","move_id":"104","pokemon_move_method_id":"4","level":"0","pokemon_id":"105"}{"order":"4","version_group_id":"1","move_id":"116","pokemon_move_method_id":"1","level":"1","pokemon_id":"105"}{"order":"","version_group_id":"1","move_id":"116","pokemon_move_method_id":"1","level":"33","pokemon_id":"105"}{"order":"","version_group_id":"1","move_id":"117","pokemon_move_method_id":"4","level":"0","pokemon_id":"105"}{"order":"1","version_group_id":"1","move_id":"125","pokemon_move_method_id":"1","level":"1","pokemon_id":"105"}{"order":"","version_group_id":"1","move_id":"126","pokemon_move_method_id":"4","level":"0","pokemon_id":"105"}{"order":"","version_group_id":"1","move_id":"130","pokemon_move_method_id":"4","level":"0","pokemon_id":"105"}{"order":"","version_group_id":"1","move_id":"155","pokemon_move_method_id":"1","level":"48","pokemon_id":"105"}{"order":"","version_group_id":"1","move_id":"156","pokemon_move_method_id":"4","level":"0","pokemon_id":"105"}{"order":"","version_group_id":"1","move_id":"164","pokemon_move_method_id":"4","level":"0","pokemon_id":"105"}{"order":"","version_group_id":"2","move_id":"5","pokemon_move_method_id":"4","level":"0","pokemon_id":"105"}{"order":"","version_group_id":"2","move_id":"25","pokemon_move_method_id":"4","level":"0","pokemon_id":"105"}{"order":"","version_group_id":"2","move_id":"29","pokemon_move_method_id":"1","level":"18","pokemon_id":"105"}{"order":"","version_group_id":"2","move_id":"34","pokemon_move_method_id":"4","level":"0","pokemon_id":"105"}{"order":"","version_group_id":"2","move_id":"36","pokemon_move_method_id":"4","level":"0","pokemon_id":"105"}{"order":"","version_group_id":"2","move_id":"37","pokemon_move_method_id":"1","level":"41","pokemon_id":"105"}{"order":"","version_group_id":"2","move_id":"38","pokemon_move_method_id":"4","level":"0","pokemon_id":"105"}{"order":"2","version_group_id":"2","move_id":"39","pokemon_move_method_id":"1","level":"1","pokemon_id":"105"}{"order":"","version_group_id":"2","move_id":"39","pokemon_move_method_id":"1","level":"13","pokemon_id":"105"}{"order":"","version_group_id":"2","move_id":"43","pokemon_move_method_id":"1","level":"25","pokemon_id":"105"}{"order":"","version_group_id":"2","move_id":"55","pokemon_move_method_id":"4","level":"0","pokemon_id":"105"}{"order":"","version_group_id":"2","move_id":"58","pokemon_move_method_id":"4","level":"0","pokemon_id":"105"}{"order":"","version_group_id":"2","move_id":"59","pokemon_move_method_id":"4","level":"0","pokemon_id":"105"}{"order":"","version_group_id":"2","move_id":"61","pokemon_move_method_id":"4","level":"0","pokemon_id":"105"}{"order":"","version_group_id":"2","move_id":"63","pokemon_move_method_id":"4","level":"0","pokemon_id":"105"}{"order":"","version_group_id":"2","move_id":"66","pokemon_move_method_id":"4","level":"0","pokemon_id":"105"}{"order":"","version_group_id":"2","move_id":"68","pokemon_move_method_id":"4","level":"0","pokemon_id":"105"}{"order":"","version_group_id":"2","move_id":"69","pokemon_move_method_id":"4","level":"0","pokemon_id":"105"}{"order":"","version_group_id":"2","move_id":"70","pokemon_move_method_id":"4","level":"0","pokemon_id":"105"}{"order":"","version_group_id":"2","move_id":"89","pokemon_move_method_id":"4","level":"0","pokemon_id":"105"}{"order":"","version_group_id":"2","move_id":"90","pokemon_move_method_id":"4","level":"0","pokemon_id":"105"}{"order":"","version_group_id":"2","move_id":"91","pokemon_move_method_id":"4","level":"0","pokemon_id":"105"}{"order":"","version_group_id":"2","move_id":"92","pokemon_move_method_id":"4","level":"0","pokemon_id":"105"}{"order":"","version_group_id":"2","move_id":"99","pokemon_move_method_id":"1","level":"55","pokemon_id":"105"}{"order":"","version_group_id":"2","move_id":"99","pokemon_move_method_id":"4","level":"0","pokemon_id":"105"}{"order":"","version_group_id":"2","move_id":"102","pokemon_move_method_id":"4","level":"0","pokemon_id":"105"}{"order":"","version_group_id":"2","move_id":"104","pokemon_move_method_id":"4","level":"0","pokemon_id":"105"}{"order":"","version_group_id":"2","move_id":"116","pokemon_move_method_id":"1","level":"33","pokemon_id":"105"}{"order":"","version_group_id":"2","move_id":"117","pokemon_move_method_id":"4","level":"0","pokemon_id":"105"}{"order":"1","version_group_id":"2","move_id":"125","pokemon_move_method_id":"1","level":"1","pokemon_id":"105"}{"order":"","version_group_id":"2","move_id":"125","pokemon_move_method_id":"1","level":"10","pokemon_id":"105"}{"order":"","version_group_id":"2","move_id":"126","pokemon_move_method_id":"4","level":"0","pokemon_id":"105"}{"order":"","version_group_id":"2","move_id":"130","pokemon_move_method_id":"4","level":"0","pokemon_id":"105"}{"order":"","version_group_id":"2","move_id":"155","pokemon_move_method_id":"1","level":"48","pokemon_id":"105"}{"order":"","version_group_id":"2","move_id":"156","pokemon_move_method_id":"4","level":"0","pokemon_id":"105"}{"order":"","version_group_id":"2","move_id":"164","pokemon_move_method_id":"4","level":"0","pokemon_id":"105"}{"order":"","version_group_id":"3","move_id":"7","pokemon_move_method_id":"4","level":"0","pokemon_id":"105"}{"order":"","version_group_id":"3","move_id":"9","pokemon_move_method_id":"4","level":"0","pokemon_id":"105"}{"order":"4","version_group_id":"3","move_id":"29","pokemon_move_method_id":"1","level":"1","pokemon_id":"105"}{"order":"","version_group_id":"3","move_id":"29","pokemon_move_method_id":"1","level":"13","pokemon_id":"105"}{"order":"","version_group_id":"3","move_id":"29","pokemon_move_method_id":"4","level":"0","pokemon_id":"105"}{"order":"","version_group_id":"3","move_id":"37","pokemon_move_method_id":"1","level":"46","pokemon_id":"105"}{"order":"2","version_group_id":"3","move_id":"39","pokemon_move_method_id":"1","level":"1","pokemon_id":"105"}{"order":"","version_group_id":"3","move_id":"39","pokemon_move_method_id":"1","level":"5","pokemon_id":"105"}{"order":"","version_group_id":"3","move_id":"43","pokemon_move_method_id":"1","level":"17","pokemon_id":"105"}{"order":"1","version_group_id":"3","move_id":"45","pokemon_move_method_id":"1","level":"1","pokemon_id":"105"}{"order":"","version_group_id":"3","move_id":"59","pokemon_move_method_id":"4","level":"0","pokemon_id":"105"}{"order":"","version_group_id":"3","move_id":"63","pokemon_move_method_id":"4","level":"0","pokemon_id":"105"}{"order":"","version_group_id":"3","move_id":"70","pokemon_move_method_id":"4","level":"0","pokemon_id":"105"}{"order":"","version_group_id":"3","move_id":"89","pokemon_move_method_id":"4","level":"0","pokemon_id":"105"}{"order":"","version_group_id":"3","move_id":"91","pokemon_move_method_id":"4","level":"0","pokemon_id":"105"}{"order":"","version_group_id":"3","move_id":"92","pokemon_move_method_id":"4","level":"0","pokemon_id":"105"}{"order":"","version_group_id":"3","move_id":"99","pokemon_move_method_id":"1","level":"32","pokemon_id":"105"}{"order":"","version_group_id":"3","move_id":"104","pokemon_move_method_id":"4","level":"0","pokemon_id":"105"}{"order":"","version_group_id":"3","move_id":"116","pokemon_move_method_id":"1","level":"21","pokemon_id":"105"}{"order":"3","version_group_id":"3","move_id":"125","pokemon_move_method_id":"1","level":"1","pokemon_id":"105"}{"order":"","version_group_id":"3","move_id":"125","pokemon_move_method_id":"1","level":"9","pokemon_id":"105"}{"order":"","version_group_id":"3","move_id":"126","pokemon_move_method_id":"4","level":"0","pokemon_id":"105"}{"order":"","version_group_id":"3","move_id":"155","pokemon_move_method_id":"1","level":"25","pokemon_id":"105"}{"order":"","version_group_id":"3","move_id":"156","pokemon_move_method_id":"4","level":"0","pokemon_id":"105"}{"order":"","version_group_id":"3","move_id":"168","pokemon_move_method_id":"4","level":"0","pokemon_id":"105"}{"order":"","version_group_id":"3","move_id":"173","pokemon_move_method_id":"4","level":"0","pokemon_id":"105"}{"order":"","version_group_id":"3","move_id":"174","pokemon_move_method_id":"4","level":"0","pokemon_id":"105"}{"order":"","version_group_id":"3","move_id":"182","pokemon_move_method_id":"4","level":"0","pokemon_id":"105"}{"order":"","version_group_id":"3","move_id":"189","pokemon_move_method_id":"4","level":"0","pokemon_id":"105"}{"order":"","version_group_id":"3","move_id":"196","pokemon_move_method_id":"4","level":"0","pokemon_id":"105"}{"order":"","version_group_id":"3","move_id":"197","pokemon_move_method_id":"4","level":"0","pokemon_id":"105"}{"order":"","version_group_id":"3","move_id":"198","pokemon_move_method_id":"1","level":"53","pokemon_id":"105"}{"order":"","version_group_id":"3","move_id":"201","pokemon_move_method_id":"4","level":"0","pokemon_id":"105"}{"order":"","version_group_id":"3","move_id":"203","pokemon_move_method_id":"4","level":"0","pokemon_id":"105"}{"order":"","version_group_id":"3","move_id":"206","pokemon_move_method_id":"1","level":"39","pokemon_id":"105"}{"order":"","version_group_id":"3","move_id":"207","pokemon_move_method_id":"4","level":"0","pokemon_id":"105"}{"order":"","version_group_id":"3","move_id":"213","pokemon_move_method_id":"4","level":"0","pokemon_id":"105"}{"order":"","version_group_id":"3","move_id":"214","pokemon_move_method_id":"4","level":"0","pokemon_id":"105"}{"order":"","version_group_id":"3","move_id":"216","pokemon_move_method_id":"4","level":"0","pokemon_id":"105"}{"order":"","version_group_id":"3","move_id":"218","pokemon_move_method_id":"4","level":"0","pokemon_id":"105"}{"order":"","version_group_id":"3","move_id":"223","pokemon_move_method_id":"4","level":"0","pokemon_id":"105"}{"order":"","version_group_id":"3","move_id":"231","pokemon_move_method_id":"4","level":"0","pokemon_id":"105"}{"order":"","version_group_id":"3","move_id":"237","pokemon_move_method_id":"4","level":"0","pokemon_id":"105"}{"order":"","version_group_id":"3","move_id":"241","pokemon_move_method_id":"4","level":"0","pokemon_id":"105"}{"order":"","version_group_id":"3","move_id":"249","pokemon_move_method_id":"4","level":"0","pokemon_id":"105"}{"order":"","version_group_id":"4","move_id":"7","pokemon_move_method_id":"4","level":"0","pokemon_id":"105"}{"order":"","version_group_id":"4","move_id":"9","pokemon_move_method_id":"4","level":"0","pokemon_id":"105"}{"order":"4","version_group_id":"4","move_id":"29","pokemon_move_method_id":"1","level":"1","pokemon_id":"105"}{"order":"","version_group_id":"4","move_id":"29","pokemon_move_method_id":"1","level":"13","pokemon_id":"105"}{"order":"","version_group_id":"4","move_id":"29","pokemon_move_method_id":"4","level":"0","pokemon_id":"105"}{"order":"","version_group_id":"4","move_id":"37","pokemon_move_method_id":"1","level":"46","pokemon_id":"105"}{"order":"2","version_group_id":"4","move_id":"39","pokemon_move_method_id":"1","level":"1","pokemon_id":"105"}{"order":"","version_group_id":"4","move_id":"39","pokemon_move_method_id":"1","level":"5","pokemon_id":"105"}{"order":"","version_group_id":"4","move_id":"43","pokemon_move_method_id":"1","level":"17","pokemon_id":"105"}{"order":"1","version_group_id":"4","move_id":"45","pokemon_move_method_id":"1","level":"1","pokemon_id":"105"}{"order":"","version_group_id":"4","move_id":"53","pokemon_move_method_id":"3","level":"0","pokemon_id":"105"}{"order":"","version_group_id":"4","move_id":"58","pokemon_move_method_id":"3","level":"0","pokemon_id":"105"}{"order":"","version_group_id":"4","move_id":"59","pokemon_move_method_id":"4","level":"0","pokemon_id":"105"}{"order":"","version_group_id":"4","move_id":"63","pokemon_move_method_id":"4","level":"0","pokemon_id":"105"}{"order":"","version_group_id":"4","move_id":"70","pokemon_move_method_id":"4","level":"0","pokemon_id":"105"}{"order":"","version_group_id":"4","move_id":"89","pokemon_move_method_id":"4","level":"0","pokemon_id":"105"}{"order":"","version_group_id":"4","move_id":"91","pokemon_move_method_id":"4","level":"0","pokemon_id":"105"}{"order":"","version_group_id":"4","move_id":"92","pokemon_move_method_id":"4","level":"0","pokemon_id":"105"}{"order":"","version_group_id":"4","move_id":"99","pokemon_move_method_id":"1","level":"32","pokemon_id":"105"}{"order":"","version_group_id":"4","move_id":"104","pokemon_move_method_id":"4","level":"0","pokemon_id":"105"}{"order":"","version_group_id":"4","move_id":"116","pokemon_move_method_id":"1","level":"21","pokemon_id":"105"}{"order":"3","version_group_id":"4","move_id":"125","pokemon_move_method_id":"1","level":"1","pokemon_id":"105"}{"order":"","version_group_id":"4","move_id":"125","pokemon_move_method_id":"1","level":"9","pokemon_id":"105"}{"order":"","version_group_id":"4","move_id":"126","pokemon_move_method_id":"4","level":"0","pokemon_id":"105"}{"order":"","version_group_id":"4","move_id":"155","pokemon_move_method_id":"1","level":"25","pokemon_id":"105"}{"order":"","version_group_id":"4","move_id":"156","pokemon_move_method_id":"4","level":"0","pokemon_id":"105"}{"order":"","version_group_id":"4","move_id":"168","pokemon_move_method_id":"4","level":"0","pokemon_id":"105"}{"order":"","version_group_id":"4","move_id":"173","pokemon_move_method_id":"4","level":"0","pokemon_id":"105"}{"order":"","version_group_id":"4","move_id":"174","pokemon_move_method_id":"4","level":"0","pokemon_id":"105"}{"order":"","version_group_id":"4","move_id":"182","pokemon_move_method_id":"4","level":"0","pokemon_id":"105"}{"order":"","version_group_id":"4","move_id":"189","pokemon_move_method_id":"4","level":"0","pokemon_id":"105"}{"order":"","version_group_id":"4","move_id":"196","pokemon_move_method_id":"4","level":"0","pokemon_id":"105"}{"order":"","version_group_id":"4","move_id":"197","pokemon_move_method_id":"4","level":"0","pokemon_id":"105"}{"order":"","version_group_id":"4","move_id":"198","pokemon_move_method_id":"1","level":"53","pokemon_id":"105"}{"order":"","version_group_id":"4","move_id":"201","pokemon_move_method_id":"4","level":"0","pokemon_id":"105"}{"order":"","version_group_id":"4","move_id":"203","pokemon_move_method_id":"4","level":"0","pokemon_id":"105"}{"order":"","version_group_id":"4","move_id":"206","pokemon_move_method_id":"1","level":"39","pokemon_id":"105"}{"order":"","version_group_id":"4","move_id":"207","pokemon_move_method_id":"4","level":"0","pokemon_id":"105"}{"order":"","version_group_id":"4","move_id":"213","pokemon_move_method_id":"4","level":"0","pokemon_id":"105"}{"order":"","version_group_id":"4","move_id":"214","pokemon_move_method_id":"4","level":"0","pokemon_id":"105"}{"order":"","version_group_id":"4","move_id":"216","pokemon_move_method_id":"4","level":"0","pokemon_id":"105"}{"order":"","version_group_id":"4","move_id":"218","pokemon_move_method_id":"4","level":"0","pokemon_id":"105"}{"order":"","version_group_id":"4","move_id":"223","pokemon_move_method_id":"4","level":"0","pokemon_id":"105"}{"order":"","version_group_id":"4","move_id":"231","pokemon_move_method_id":"4","level":"0","pokemon_id":"105"}{"order":"","version_group_id":"4","move_id":"237","pokemon_move_method_id":"4","level":"0","pokemon_id":"105"}{"order":"","version_group_id":"4","move_id":"241","pokemon_move_method_id":"4","level":"0","pokemon_id":"105"}{"order":"","version_group_id":"4","move_id":"249","pokemon_move_method_id":"4","level":"0","pokemon_id":"105"}{"order":"4","version_group_id":"5","move_id":"29","pokemon_move_method_id":"1","level":"1","pokemon_id":"105"}{"order":"","version_group_id":"5","move_id":"29","pokemon_move_method_id":"1","level":"13","pokemon_id":"105"}{"order":"","version_group_id":"5","move_id":"37","pokemon_move_method_id":"1","level":"46","pokemon_id":"105"}{"order":"","version_group_id":"5","move_id":"38","pokemon_move_method_id":"1","level":"61","pokemon_id":"105"}{"order":"2","version_group_id":"5","move_id":"39","pokemon_move_method_id":"1","level":"1","pokemon_id":"105"}{"order":"","version_group_id":"5","move_id":"39","pokemon_move_method_id":"1","level":"5","pokemon_id":"105"}{"order":"","version_group_id":"5","move_id":"43","pokemon_move_method_id":"1","level":"17","pokemon_id":"105"}{"order":"1","version_group_id":"5","move_id":"45","pokemon_move_method_id":"1","level":"1","pokemon_id":"105"}{"order":"","version_group_id":"5","move_id":"53","pokemon_move_method_id":"4","level":"0","pokemon_id":"105"}{"order":"","version_group_id":"5","move_id":"58","pokemon_move_method_id":"4","level":"0","pokemon_id":"105"}{"order":"","version_group_id":"5","move_id":"59","pokemon_move_method_id":"4","level":"0","pokemon_id":"105"}{"order":"","version_group_id":"5","move_id":"63","pokemon_move_method_id":"4","level":"0","pokemon_id":"105"}{"order":"","version_group_id":"5","move_id":"70","pokemon_move_method_id":"4","level":"0","pokemon_id":"105"}{"order":"","version_group_id":"5","move_id":"89","pokemon_move_method_id":"4","level":"0","pokemon_id":"105"}{"order":"","version_group_id":"5","move_id":"91","pokemon_move_method_id":"4","level":"0","pokemon_id":"105"}{"order":"","version_group_id":"5","move_id":"92","pokemon_move_method_id":"4","level":"0","pokemon_id":"105"}{"order":"","version_group_id":"5","move_id":"99","pokemon_move_method_id":"1","level":"32","pokemon_id":"105"}{"order":"","version_group_id":"5","move_id":"104","pokemon_move_method_id":"4","level":"0","pokemon_id":"105"}{"order":"","version_group_id":"5","move_id":"116","pokemon_move_method_id":"1","level":"21","pokemon_id":"105"}{"order":"3","version_group_id":"5","move_id":"125","pokemon_move_method_id":"1","level":"1","pokemon_id":"105"}{"order":"","version_group_id":"5","move_id":"125","pokemon_move_method_id":"1","level":"9","pokemon_id":"105"}{"order":"","version_group_id":"5","move_id":"126","pokemon_move_method_id":"4","level":"0","pokemon_id":"105"}{"order":"","version_group_id":"5","move_id":"155","pokemon_move_method_id":"1","level":"25","pokemon_id":"105"}{"order":"","version_group_id":"5","move_id":"156","pokemon_move_method_id":"4","level":"0","pokemon_id":"105"}{"order":"","version_group_id":"5","move_id":"168","pokemon_move_method_id":"4","level":"0","pokemon_id":"105"}{"order":"","version_group_id":"5","move_id":"182","pokemon_move_method_id":"4","level":"0","pokemon_id":"105"}{"order":"","version_group_id":"5","move_id":"198","pokemon_move_method_id":"1","level":"53","pokemon_id":"105"}{"order":"","version_group_id":"5","move_id":"201","pokemon_move_method_id":"4","level":"0","pokemon_id":"105"}{"order":"","version_group_id":"5","move_id":"206","pokemon_move_method_id":"1","level":"39","pokemon_id":"105"}{"order":"","version_group_id":"5","move_id":"213","pokemon_move_method_id":"4","level":"0","pokemon_id":"105"}{"order":"","version_group_id":"5","move_id":"216","pokemon_move_method_id":"4","level":"0","pokemon_id":"105"}{"order":"","version_group_id":"5","move_id":"218","pokemon_move_method_id":"4","level":"0","pokemon_id":"105"}{"order":"","version_group_id":"5","move_id":"231","pokemon_move_method_id":"4","level":"0","pokemon_id":"105"}{"order":"","version_group_id":"5","move_id":"237","pokemon_move_method_id":"4","level":"0","pokemon_id":"105"}{"order":"","version_group_id":"5","move_id":"241","pokemon_move_method_id":"4","level":"0","pokemon_id":"105"}{"order":"","version_group_id":"5","move_id":"249","pokemon_move_method_id":"4","level":"0","pokemon_id":"105"}{"order":"","version_group_id":"5","move_id":"263","pokemon_move_method_id":"4","level":"0","pokemon_id":"105"}{"order":"","version_group_id":"5","move_id":"264","pokemon_move_method_id":"4","level":"0","pokemon_id":"105"}{"order":"","version_group_id":"5","move_id":"280","pokemon_move_method_id":"4","level":"0","pokemon_id":"105"}{"order":"","version_group_id":"5","move_id":"290","pokemon_move_method_id":"4","level":"0","pokemon_id":"105"}{"order":"","version_group_id":"5","move_id":"317","pokemon_move_method_id":"4","level":"0","pokemon_id":"105"}{"order":"","version_group_id":"5","move_id":"332","pokemon_move_method_id":"4","level":"0","pokemon_id":"105"}{"order":"","version_group_id":"6","move_id":"5","pokemon_move_method_id":"3","level":"0","pokemon_id":"105"}{"order":"","version_group_id":"6","move_id":"7","pokemon_move_method_id":"3","level":"0","pokemon_id":"105"}{"order":"","version_group_id":"6","move_id":"9","pokemon_move_method_id":"3","level":"0","pokemon_id":"105"}{"order":"","version_group_id":"6","move_id":"14","pokemon_move_method_id":"3","level":"0","pokemon_id":"105"}{"order":"","version_group_id":"6","move_id":"25","pokemon_move_method_id":"3","level":"0","pokemon_id":"105"}{"order":"4","version_group_id":"6","move_id":"29","pokemon_move_method_id":"1","level":"1","pokemon_id":"105"}{"order":"","version_group_id":"6","move_id":"29","pokemon_move_method_id":"1","level":"13","pokemon_id":"105"}{"order":"","version_group_id":"6","move_id":"34","pokemon_move_method_id":"3","level":"0","pokemon_id":"105"}{"order":"","version_group_id":"6","move_id":"37","pokemon_move_method_id":"1","level":"46","pokemon_id":"105"}{"order":"","version_group_id":"6","move_id":"38","pokemon_move_method_id":"1","level":"61","pokemon_id":"105"}{"order":"","version_group_id":"6","move_id":"38","pokemon_move_method_id":"3","level":"0","pokemon_id":"105"}{"order":"2","version_group_id":"6","move_id":"39","pokemon_move_method_id":"1","level":"1","pokemon_id":"105"}{"order":"","version_group_id":"6","move_id":"39","pokemon_move_method_id":"1","level":"5","pokemon_id":"105"}{"order":"","version_group_id":"6","move_id":"43","pokemon_move_method_id":"1","level":"17","pokemon_id":"105"}{"order":"1","version_group_id":"6","move_id":"45","pokemon_move_method_id":"1","level":"1","pokemon_id":"105"}{"order":"","version_group_id":"6","move_id":"53","pokemon_move_method_id":"4","level":"0","pokemon_id":"105"}{"order":"","version_group_id":"6","move_id":"58","pokemon_move_method_id":"4","level":"0","pokemon_id":"105"}{"order":"","version_group_id":"6","move_id":"59","pokemon_move_method_id":"4","level":"0","pokemon_id":"105"}{"order":"","version_group_id":"6","move_id":"63","pokemon_move_method_id":"4","level":"0","pokemon_id":"105"}{"order":"","version_group_id":"6","move_id":"68","pokemon_move_method_id":"3","level":"0","pokemon_id":"105"}{"order":"","version_group_id":"6","move_id":"69","pokemon_move_method_id":"3","level":"0","pokemon_id":"105"}{"order":"","version_group_id":"6","move_id":"70","pokemon_move_method_id":"4","level":"0","pokemon_id":"105"}{"order":"","version_group_id":"6","move_id":"89","pokemon_move_method_id":"4","level":"0","pokemon_id":"105"}{"order":"","version_group_id":"6","move_id":"91","pokemon_move_method_id":"4","level":"0","pokemon_id":"105"}{"order":"","version_group_id":"6","move_id":"92","pokemon_move_method_id":"4","level":"0","pokemon_id":"105"}{"order":"","version_group_id":"6","move_id":"99","pokemon_move_method_id":"1","level":"32","pokemon_id":"105"}{"order":"","version_group_id":"6","move_id":"102","pokemon_move_method_id":"3","level":"0","pokemon_id":"105"}{"order":"","version_group_id":"6","move_id":"104","pokemon_move_method_id":"4","level":"0","pokemon_id":"105"}{"order":"","version_group_id":"6","move_id":"116","pokemon_move_method_id":"1","level":"21","pokemon_id":"105"}{"order":"3","version_group_id":"6","move_id":"125","pokemon_move_method_id":"1","level":"1","pokemon_id":"105"}{"order":"","version_group_id":"6","move_id":"125","pokemon_move_method_id":"1","level":"9","pokemon_id":"105"}{"order":"","version_group_id":"6","move_id":"126","pokemon_move_method_id":"4","level":"0","pokemon_id":"105"}{"order":"","version_group_id":"6","move_id":"155","pokemon_move_method_id":"1","level":"25","pokemon_id":"105"}{"order":"","version_group_id":"6","move_id":"156","pokemon_move_method_id":"4","level":"0","pokemon_id":"105"}{"order":"","version_group_id":"6","move_id":"157","pokemon_move_method_id":"3","level":"0","pokemon_id":"105"}{"order":"","version_group_id":"6","move_id":"164","pokemon_move_method_id":"3","level":"0","pokemon_id":"105"}{"order":"","version_group_id":"6","move_id":"168","pokemon_move_method_id":"4","level":"0","pokemon_id":"105"}{"order":"","version_group_id":"6","move_id":"173","pokemon_move_method_id":"3","level":"0","pokemon_id":"105"}{"order":"","version_group_id":"6","move_id":"182","pokemon_move_method_id":"4","level":"0","pokemon_id":"105"}{"order":"","version_group_id":"6","move_id":"189","pokemon_move_method_id":"3","level":"0","pokemon_id":"105"}{"order":"","version_group_id":"6","move_id":"196","pokemon_move_method_id":"3","level":"0","pokemon_id":"105"}{"order":"","version_group_id":"6","move_id":"198","pokemon_move_method_id":"1","level":"53","pokemon_id":"105"}{"order":"","version_group_id":"6","move_id":"201","pokemon_move_method_id":"4","level":"0","pokemon_id":"105"}{"order":"","version_group_id":"6","move_id":"203","pokemon_move_method_id":"3","level":"0","pokemon_id":"105"}{"order":"","version_group_id":"6","move_id":"206","pokemon_move_method_id":"1","level":"39","pokemon_id":"105"}{"order":"","version_group_id":"6","move_id":"207","pokemon_move_method_id":"3","level":"0","pokemon_id":"105"}{"order":"","version_group_id":"6","move_id":"213","pokemon_move_method_id":"4","level":"0","pokemon_id":"105"}{"order":"","version_group_id":"6","move_id":"214","pokemon_move_method_id":"3","level":"0","pokemon_id":"105"}{"order":"","version_group_id":"6","move_id":"216","pokemon_move_method_id":"4","level":"0","pokemon_id":"105"}{"order":"","version_group_id":"6","move_id":"218","pokemon_move_method_id":"4","level":"0","pokemon_id":"105"}{"order":"","version_group_id":"6","move_id":"223","pokemon_move_method_id":"3","level":"0","pokemon_id":"105"}{"order":"","version_group_id":"6","move_id":"231","pokemon_move_method_id":"4","level":"0","pokemon_id":"105"}{"order":"","version_group_id":"6","move_id":"237","pokemon_move_method_id":"4","level":"0","pokemon_id":"105"}{"order":"","version_group_id":"6","move_id":"241","pokemon_move_method_id":"4","level":"0","pokemon_id":"105"}{"order":"","version_group_id":"6","move_id":"249","pokemon_move_method_id":"4","level":"0","pokemon_id":"105"}{"order":"","version_group_id":"6","move_id":"263","pokemon_move_method_id":"4","level":"0","pokemon_id":"105"}{"order":"","version_group_id":"6","move_id":"264","pokemon_move_method_id":"4","level":"0","pokemon_id":"105"}{"order":"","version_group_id":"6","move_id":"280","pokemon_move_method_id":"4","level":"0","pokemon_id":"105"}{"order":"","version_group_id":"6","move_id":"290","pokemon_move_method_id":"4","level":"0","pokemon_id":"105"}{"order":"","version_group_id":"6","move_id":"317","pokemon_move_method_id":"4","level":"0","pokemon_id":"105"}{"order":"","version_group_id":"6","move_id":"332","pokemon_move_method_id":"4","level":"0","pokemon_id":"105"}{"order":"","version_group_id":"7","move_id":"5","pokemon_move_method_id":"3","level":"0","pokemon_id":"105"}{"order":"","version_group_id":"7","move_id":"14","pokemon_move_method_id":"3","level":"0","pokemon_id":"105"}{"order":"","version_group_id":"7","move_id":"25","pokemon_move_method_id":"3","level":"0","pokemon_id":"105"}{"order":"4","version_group_id":"7","move_id":"29","pokemon_move_method_id":"1","level":"1","pokemon_id":"105"}{"order":"","version_group_id":"7","move_id":"29","pokemon_move_method_id":"1","level":"13","pokemon_id":"105"}{"order":"","version_group_id":"7","move_id":"34","pokemon_move_method_id":"3","level":"0","pokemon_id":"105"}{"order":"","version_group_id":"7","move_id":"37","pokemon_move_method_id":"1","level":"46","pokemon_id":"105"}{"order":"","version_group_id":"7","move_id":"38","pokemon_move_method_id":"1","level":"61","pokemon_id":"105"}{"order":"","version_group_id":"7","move_id":"38","pokemon_move_method_id":"3","level":"0","pokemon_id":"105"}{"order":"2","version_group_id":"7","move_id":"39","pokemon_move_method_id":"1","level":"1","pokemon_id":"105"}{"order":"","version_group_id":"7","move_id":"39","pokemon_move_method_id":"1","level":"5","pokemon_id":"105"}{"order":"","version_group_id":"7","move_id":"43","pokemon_move_method_id":"1","level":"17","pokemon_id":"105"}{"order":"1","version_group_id":"7","move_id":"45","pokemon_move_method_id":"1","level":"1","pokemon_id":"105"}{"order":"","version_group_id":"7","move_id":"53","pokemon_move_method_id":"4","level":"0","pokemon_id":"105"}{"order":"","version_group_id":"7","move_id":"58","pokemon_move_method_id":"4","level":"0","pokemon_id":"105"}{"order":"","version_group_id":"7","move_id":"59","pokemon_move_method_id":"4","level":"0","pokemon_id":"105"}{"order":"","version_group_id":"7","move_id":"63","pokemon_move_method_id":"4","level":"0","pokemon_id":"105"}{"order":"","version_group_id":"7","move_id":"68","pokemon_move_method_id":"3","level":"0","pokemon_id":"105"}{"order":"","version_group_id":"7","move_id":"69","pokemon_move_method_id":"3","level":"0","pokemon_id":"105"}{"order":"","version_group_id":"7","move_id":"70","pokemon_move_method_id":"4","level":"0","pokemon_id":"105"}{"order":"","version_group_id":"7","move_id":"89","pokemon_move_method_id":"4","level":"0","pokemon_id":"105"}{"order":"","version_group_id":"7","move_id":"91","pokemon_move_method_id":"4","level":"0","pokemon_id":"105"}{"order":"","version_group_id":"7","move_id":"92","pokemon_move_method_id":"4","level":"0","pokemon_id":"105"}{"order":"","version_group_id":"7","move_id":"99","pokemon_move_method_id":"1","level":"32","pokemon_id":"105"}{"order":"","version_group_id":"7","move_id":"102","pokemon_move_method_id":"3","level":"0","pokemon_id":"105"}{"order":"","version_group_id":"7","move_id":"104","pokemon_move_method_id":"4","level":"0","pokemon_id":"105"}{"order":"","version_group_id":"7","move_id":"116","pokemon_move_method_id":"1","level":"21","pokemon_id":"105"}{"order":"3","version_group_id":"7","move_id":"125","pokemon_move_method_id":"1","level":"1","pokemon_id":"105"}{"order":"","version_group_id":"7","move_id":"125","pokemon_move_method_id":"1","level":"9","pokemon_id":"105"}{"order":"","version_group_id":"7","move_id":"126","pokemon_move_method_id":"4","level":"0","pokemon_id":"105"}{"order":"","version_group_id":"7","move_id":"155","pokemon_move_method_id":"1","level":"25","pokemon_id":"105"}{"order":"","version_group_id":"7","move_id":"156","pokemon_move_method_id":"4","level":"0","pokemon_id":"105"}{"order":"","version_group_id":"7","move_id":"157","pokemon_move_method_id":"3","level":"0","pokemon_id":"105"}{"order":"","version_group_id":"7","move_id":"164","pokemon_move_method_id":"3","level":"0","pokemon_id":"105"}{"order":"","version_group_id":"7","move_id":"168","pokemon_move_method_id":"4","level":"0","pokemon_id":"105"}{"order":"","version_group_id":"7","move_id":"182","pokemon_move_method_id":"4","level":"0","pokemon_id":"105"}{"order":"","version_group_id":"7","move_id":"198","pokemon_move_method_id":"1","level":"53","pokemon_id":"105"}{"order":"","version_group_id":"7","move_id":"201","pokemon_move_method_id":"4","level":"0","pokemon_id":"105"}{"order":"","version_group_id":"7","move_id":"206","pokemon_move_method_id":"1","level":"39","pokemon_id":"105"}{"order":"","version_group_id":"7","move_id":"213","pokemon_move_method_id":"4","level":"0","pokemon_id":"105"}{"order":"","version_group_id":"7","move_id":"216","pokemon_move_method_id":"4","level":"0","pokemon_id":"105"}{"order":"","version_group_id":"7","move_id":"218","pokemon_move_method_id":"4","level":"0","pokemon_id":"105"}{"order":"","version_group_id":"7","move_id":"231","pokemon_move_method_id":"4","level":"0","pokemon_id":"105"}{"order":"","version_group_id":"7","move_id":"237","pokemon_move_method_id":"4","level":"0","pokemon_id":"105"}{"order":"","version_group_id":"7","move_id":"241","pokemon_move_method_id":"4","level":"0","pokemon_id":"105"}{"order":"","version_group_id":"7","move_id":"249","pokemon_move_method_id":"4","level":"0","pokemon_id":"105"}{"order":"","version_group_id":"7","move_id":"263","pokemon_move_method_id":"4","level":"0","pokemon_id":"105"}{"order":"","version_group_id":"7","move_id":"264","pokemon_move_method_id":"4","level":"0","pokemon_id":"105"}{"order":"","version_group_id":"7","move_id":"280","pokemon_move_method_id":"4","level":"0","pokemon_id":"105"}{"order":"","version_group_id":"7","move_id":"290","pokemon_move_method_id":"4","level":"0","pokemon_id":"105"}{"order":"","version_group_id":"7","move_id":"317","pokemon_move_method_id":"4","level":"0","pokemon_id":"105"}{"order":"","version_group_id":"7","move_id":"332","pokemon_move_method_id":"4","level":"0","pokemon_id":"105"}{"order":"","version_group_id":"8","move_id":"14","pokemon_move_method_id":"4","level":"0","pokemon_id":"105"}{"order":"4","version_group_id":"8","move_id":"29","pokemon_move_method_id":"1","level":"1","pokemon_id":"105"}{"order":"","version_group_id":"8","move_id":"29","pokemon_move_method_id":"1","level":"11","pokemon_id":"105"}{"order":"","version_group_id":"8","move_id":"37","pokemon_move_method_id":"1","level":"33","pokemon_id":"105"}{"order":"","version_group_id":"8","move_id":"38","pokemon_move_method_id":"1","level":"53","pokemon_id":"105"}{"order":"2","version_group_id":"8","move_id":"39","pokemon_move_method_id":"1","level":"1","pokemon_id":"105"}{"order":"","version_group_id":"8","move_id":"39","pokemon_move_method_id":"1","level":"3","pokemon_id":"105"}{"order":"","version_group_id":"8","move_id":"43","pokemon_move_method_id":"1","level":"13","pokemon_id":"105"}{"order":"1","version_group_id":"8","move_id":"45","pokemon_move_method_id":"1","level":"1","pokemon_id":"105"}{"order":"","version_group_id":"8","move_id":"53","pokemon_move_method_id":"4","level":"0","pokemon_id":"105"}{"order":"","version_group_id":"8","move_id":"58","pokemon_move_method_id":"4","level":"0","pokemon_id":"105"}{"order":"","version_group_id":"8","move_id":"59","pokemon_move_method_id":"4","level":"0","pokemon_id":"105"}{"order":"","version_group_id":"8","move_id":"63","pokemon_move_method_id":"4","level":"0","pokemon_id":"105"}{"order":"","version_group_id":"8","move_id":"70","pokemon_move_method_id":"4","level":"0","pokemon_id":"105"}{"order":"","version_group_id":"8","move_id":"89","pokemon_move_method_id":"4","level":"0","pokemon_id":"105"}{"order":"","version_group_id":"8","move_id":"91","pokemon_move_method_id":"4","level":"0","pokemon_id":"105"}{"order":"","version_group_id":"8","move_id":"92","pokemon_move_method_id":"4","level":"0","pokemon_id":"105"}{"order":"","version_group_id":"8","move_id":"99","pokemon_move_method_id":"1","level":"23","pokemon_id":"105"}{"order":"","version_group_id":"8","move_id":"104","pokemon_move_method_id":"4","level":"0","pokemon_id":"105"}{"order":"","version_group_id":"8","move_id":"116","pokemon_move_method_id":"1","level":"17","pokemon_id":"105"}{"order":"3","version_group_id":"8","move_id":"125","pokemon_move_method_id":"1","level":"1","pokemon_id":"105"}{"order":"","version_group_id":"8","move_id":"125","pokemon_move_method_id":"1","level":"7","pokemon_id":"105"}{"order":"","version_group_id":"8","move_id":"126","pokemon_move_method_id":"4","level":"0","pokemon_id":"105"}{"order":"","version_group_id":"8","move_id":"155","pokemon_move_method_id":"1","level":"21","pokemon_id":"105"}{"order":"","version_group_id":"8","move_id":"156","pokemon_move_method_id":"4","level":"0","pokemon_id":"105"}{"order":"","version_group_id":"8","move_id":"157","pokemon_move_method_id":"4","level":"0","pokemon_id":"105"}{"order":"","version_group_id":"8","move_id":"164","pokemon_move_method_id":"4","level":"0","pokemon_id":"105"}{"order":"","version_group_id":"8","move_id":"168","pokemon_move_method_id":"4","level":"0","pokemon_id":"105"}{"order":"","version_group_id":"8","move_id":"182","pokemon_move_method_id":"4","level":"0","pokemon_id":"105"}{"order":"","version_group_id":"8","move_id":"198","pokemon_move_method_id":"1","level":"43","pokemon_id":"105"}{"order":"","version_group_id":"8","move_id":"201","pokemon_move_method_id":"4","level":"0","pokemon_id":"105"}{"order":"","version_group_id":"8","move_id":"203","pokemon_move_method_id":"4","level":"0","pokemon_id":"105"}{"order":"","version_group_id":"8","move_id":"206","pokemon_move_method_id":"1","level":"27","pokemon_id":"105"}{"order":"","version_group_id":"8","move_id":"206","pokemon_move_method_id":"4","level":"0","pokemon_id":"105"}{"order":"","version_group_id":"8","move_id":"207","pokemon_move_method_id":"4","level":"0","pokemon_id":"105"}{"order":"","version_group_id":"8","move_id":"213","pokemon_move_method_id":"4","level":"0","pokemon_id":"105"}{"order":"","version_group_id":"8","move_id":"214","pokemon_move_method_id":"4","level":"0","pokemon_id":"105"}{"order":"","version_group_id":"8","move_id":"216","pokemon_move_method_id":"4","level":"0","pokemon_id":"105"}{"order":"","version_group_id":"8","move_id":"218","pokemon_move_method_id":"4","level":"0","pokemon_id":"105"}{"order":"","version_group_id":"8","move_id":"231","pokemon_move_method_id":"4","level":"0","pokemon_id":"105"}{"order":"","version_group_id":"8","move_id":"237","pokemon_move_method_id":"4","level":"0","pokemon_id":"105"}{"order":"","version_group_id":"8","move_id":"241","pokemon_move_method_id":"4","level":"0","pokemon_id":"105"}{"order":"","version_group_id":"8","move_id":"249","pokemon_move_method_id":"4","level":"0","pokemon_id":"105"}{"order":"","version_group_id":"8","move_id":"263","pokemon_move_method_id":"4","level":"0","pokemon_id":"105"}{"order":"","version_group_id":"8","move_id":"264","pokemon_move_method_id":"4","level":"0","pokemon_id":"105"}{"order":"","version_group_id":"8","move_id":"280","pokemon_move_method_id":"4","level":"0","pokemon_id":"105"}{"order":"","version_group_id":"8","move_id":"283","pokemon_move_method_id":"1","level":"49","pokemon_id":"105"}{"order":"","version_group_id":"8","move_id":"290","pokemon_move_method_id":"4","level":"0","pokemon_id":"105"}{"order":"","version_group_id":"8","move_id":"317","pokemon_move_method_id":"4","level":"0","pokemon_id":"105"}{"order":"","version_group_id":"8","move_id":"332","pokemon_move_method_id":"4","level":"0","pokemon_id":"105"}{"order":"","version_group_id":"8","move_id":"363","pokemon_move_method_id":"4","level":"0","pokemon_id":"105"}{"order":"","version_group_id":"8","move_id":"374","pokemon_move_method_id":"1","level":"37","pokemon_id":"105"}{"order":"","version_group_id":"8","move_id":"374","pokemon_move_method_id":"4","level":"0","pokemon_id":"105"}{"order":"","version_group_id":"8","move_id":"411","pokemon_move_method_id":"4","level":"0","pokemon_id":"105"}{"order":"","version_group_id":"8","move_id":"416","pokemon_move_method_id":"4","level":"0","pokemon_id":"105"}{"order":"","version_group_id":"8","move_id":"431","pokemon_move_method_id":"4","level":"0","pokemon_id":"105"}{"order":"","version_group_id":"8","move_id":"444","pokemon_move_method_id":"4","level":"0","pokemon_id":"105"}{"order":"","version_group_id":"8","move_id":"445","pokemon_move_method_id":"4","level":"0","pokemon_id":"105"}{"order":"","version_group_id":"8","move_id":"446","pokemon_move_method_id":"4","level":"0","pokemon_id":"105"}{"order":"","version_group_id":"9","move_id":"7","pokemon_move_method_id":"3","level":"0","pokemon_id":"105"}{"order":"","version_group_id":"9","move_id":"9","pokemon_move_method_id":"3","level":"0","pokemon_id":"105"}{"order":"","version_group_id":"9","move_id":"14","pokemon_move_method_id":"4","level":"0","pokemon_id":"105"}{"order":"4","version_group_id":"9","move_id":"29","pokemon_move_method_id":"1","level":"1","pokemon_id":"105"}{"order":"","version_group_id":"9","move_id":"29","pokemon_move_method_id":"1","level":"11","pokemon_id":"105"}{"order":"","version_group_id":"9","move_id":"37","pokemon_move_method_id":"1","level":"33","pokemon_id":"105"}{"order":"","version_group_id":"9","move_id":"38","pokemon_move_method_id":"1","level":"53","pokemon_id":"105"}{"order":"2","version_group_id":"9","move_id":"39","pokemon_move_method_id":"1","level":"1","pokemon_id":"105"}{"order":"","version_group_id":"9","move_id":"39","pokemon_move_method_id":"1","level":"3","pokemon_id":"105"}{"order":"","version_group_id":"9","move_id":"43","pokemon_move_method_id":"1","level":"13","pokemon_id":"105"}{"order":"1","version_group_id":"9","move_id":"45","pokemon_move_method_id":"1","level":"1","pokemon_id":"105"}{"order":"","version_group_id":"9","move_id":"53","pokemon_move_method_id":"4","level":"0","pokemon_id":"105"}{"order":"","version_group_id":"9","move_id":"58","pokemon_move_method_id":"4","level":"0","pokemon_id":"105"}{"order":"","version_group_id":"9","move_id":"59","pokemon_move_method_id":"4","level":"0","pokemon_id":"105"}{"order":"","version_group_id":"9","move_id":"63","pokemon_move_method_id":"4","level":"0","pokemon_id":"105"}{"order":"","version_group_id":"9","move_id":"70","pokemon_move_method_id":"4","level":"0","pokemon_id":"105"}{"order":"","version_group_id":"9","move_id":"89","pokemon_move_method_id":"4","level":"0","pokemon_id":"105"}{"order":"","version_group_id":"9","move_id":"91","pokemon_move_method_id":"4","level":"0","pokemon_id":"105"}{"order":"","version_group_id":"9","move_id":"92","pokemon_move_method_id":"4","level":"0","pokemon_id":"105"}{"order":"","version_group_id":"9","move_id":"99","pokemon_move_method_id":"1","level":"23","pokemon_id":"105"}{"order":"","version_group_id":"9","move_id":"104","pokemon_move_method_id":"4","level":"0","pokemon_id":"105"}{"order":"","version_group_id":"9","move_id":"116","pokemon_move_method_id":"1","level":"17","pokemon_id":"105"}{"order":"3","version_group_id":"9","move_id":"125","pokemon_move_method_id":"1","level":"1","pokemon_id":"105"}{"order":"","version_group_id":"9","move_id":"125","pokemon_move_method_id":"1","level":"7","pokemon_id":"105"}{"order":"","version_group_id":"9","move_id":"126","pokemon_move_method_id":"4","level":"0","pokemon_id":"105"}{"order":"","version_group_id":"9","move_id":"155","pokemon_move_method_id":"1","level":"21","pokemon_id":"105"}{"order":"","version_group_id":"9","move_id":"156","pokemon_move_method_id":"4","level":"0","pokemon_id":"105"}{"order":"","version_group_id":"9","move_id":"157","pokemon_move_method_id":"4","level":"0","pokemon_id":"105"}{"order":"","version_group_id":"9","move_id":"164","pokemon_move_method_id":"4","level":"0","pokemon_id":"105"}{"order":"","version_group_id":"9","move_id":"168","pokemon_move_method_id":"4","level":"0","pokemon_id":"105"}{"order":"","version_group_id":"9","move_id":"173","pokemon_move_method_id":"3","level":"0","pokemon_id":"105"}{"order":"","version_group_id":"9","move_id":"182","pokemon_move_method_id":"4","level":"0","pokemon_id":"105"}{"order":"","version_group_id":"9","move_id":"189","pokemon_move_method_id":"3","level":"0","pokemon_id":"105"}{"order":"","version_group_id":"9","move_id":"196","pokemon_move_method_id":"3","level":"0","pokemon_id":"105"}{"order":"","version_group_id":"9","move_id":"198","pokemon_move_method_id":"1","level":"43","pokemon_id":"105"}{"order":"","version_group_id":"9","move_id":"200","pokemon_move_method_id":"3","level":"0","pokemon_id":"105"}{"order":"","version_group_id":"9","move_id":"201","pokemon_move_method_id":"4","level":"0","pokemon_id":"105"}{"order":"","version_group_id":"9","move_id":"203","pokemon_move_method_id":"4","level":"0","pokemon_id":"105"}{"order":"","version_group_id":"9","move_id":"206","pokemon_move_method_id":"1","level":"27","pokemon_id":"105"}{"order":"","version_group_id":"9","move_id":"206","pokemon_move_method_id":"4","level":"0","pokemon_id":"105"}{"order":"","version_group_id":"9","move_id":"207","pokemon_move_method_id":"4","level":"0","pokemon_id":"105"}{"order":"","version_group_id":"9","move_id":"210","pokemon_move_method_id":"3","level":"0","pokemon_id":"105"}{"order":"","version_group_id":"9","move_id":"213","pokemon_move_method_id":"4","level":"0","pokemon_id":"105"}{"order":"","version_group_id":"9","move_id":"214","pokemon_move_method_id":"4","level":"0","pokemon_id":"105"}{"order":"","version_group_id":"9","move_id":"216","pokemon_move_method_id":"4","level":"0","pokemon_id":"105"}{"order":"","version_group_id":"9","move_id":"218","pokemon_move_method_id":"4","level":"0","pokemon_id":"105"}{"order":"","version_group_id":"9","move_id":"231","pokemon_move_method_id":"4","level":"0","pokemon_id":"105"}{"order":"","version_group_id":"9","move_id":"237","pokemon_move_method_id":"4","level":"0","pokemon_id":"105"}{"order":"","version_group_id":"9","move_id":"241","pokemon_move_method_id":"4","level":"0","pokemon_id":"105"}{"order":"","version_group_id":"9","move_id":"249","pokemon_move_method_id":"4","level":"0","pokemon_id":"105"}{"order":"","version_group_id":"9","move_id":"253","pokemon_move_method_id":"3","level":"0","pokemon_id":"105"}{"order":"","version_group_id":"9","move_id":"263","pokemon_move_method_id":"4","level":"0","pokemon_id":"105"}{"order":"","version_group_id":"9","move_id":"264","pokemon_move_method_id":"4","level":"0","pokemon_id":"105"}{"order":"","version_group_id":"9","move_id":"280","pokemon_move_method_id":"4","level":"0","pokemon_id":"105"}{"order":"","version_group_id":"9","move_id":"282","pokemon_move_method_id":"3","level":"0","pokemon_id":"105"}{"order":"","version_group_id":"9","move_id":"283","pokemon_move_method_id":"1","level":"49","pokemon_id":"105"}{"order":"","version_group_id":"9","move_id":"283","pokemon_move_method_id":"3","level":"0","pokemon_id":"105"}{"order":"","version_group_id":"9","move_id":"290","pokemon_move_method_id":"4","level":"0","pokemon_id":"105"}{"order":"","version_group_id":"9","move_id":"317","pokemon_move_method_id":"4","level":"0","pokemon_id":"105"}{"order":"","version_group_id":"9","move_id":"332","pokemon_move_method_id":"4","level":"0","pokemon_id":"105"}{"order":"","version_group_id":"9","move_id":"334","pokemon_move_method_id":"3","level":"0","pokemon_id":"105"}{"order":"","version_group_id":"9","move_id":"363","pokemon_move_method_id":"4","level":"0","pokemon_id":"105"}{"order":"","version_group_id":"9","move_id":"374","pokemon_move_method_id":"1","level":"37","pokemon_id":"105"}{"order":"","version_group_id":"9","move_id":"374","pokemon_move_method_id":"4","level":"0","pokemon_id":"105"}{"order":"","version_group_id":"9","move_id":"411","pokemon_move_method_id":"4","level":"0","pokemon_id":"105"}{"order":"","version_group_id":"9","move_id":"414","pokemon_move_method_id":"3","level":"0","pokemon_id":"105"}{"order":"","version_group_id":"9","move_id":"416","pokemon_move_method_id":"4","level":"0","pokemon_id":"105"}{"order":"","version_group_id":"9","move_id":"431","pokemon_move_method_id":"4","level":"0","pokemon_id":"105"}{"order":"","version_group_id":"9","move_id":"444","pokemon_move_method_id":"4","level":"0","pokemon_id":"105"}{"order":"","version_group_id":"9","move_id":"445","pokemon_move_method_id":"4","level":"0","pokemon_id":"105"}{"order":"","version_group_id":"9","move_id":"446","pokemon_move_method_id":"4","level":"0","pokemon_id":"105"}{"order":"","version_group_id":"10","move_id":"7","pokemon_move_method_id":"3","level":"0","pokemon_id":"105"}{"order":"","version_group_id":"10","move_id":"9","pokemon_move_method_id":"3","level":"0","pokemon_id":"105"}{"order":"","version_group_id":"10","move_id":"14","pokemon_move_method_id":"4","level":"0","pokemon_id":"105"}{"order":"4","version_group_id":"10","move_id":"29","pokemon_move_method_id":"1","level":"1","pokemon_id":"105"}{"order":"","version_group_id":"10","move_id":"29","pokemon_move_method_id":"1","level":"11","pokemon_id":"105"}{"order":"","version_group_id":"10","move_id":"29","pokemon_move_method_id":"3","level":"0","pokemon_id":"105"}{"order":"","version_group_id":"10","move_id":"37","pokemon_move_method_id":"1","level":"33","pokemon_id":"105"}{"order":"","version_group_id":"10","move_id":"38","pokemon_move_method_id":"1","level":"53","pokemon_id":"105"}{"order":"2","version_group_id":"10","move_id":"39","pokemon_move_method_id":"1","level":"1","pokemon_id":"105"}{"order":"","version_group_id":"10","move_id":"39","pokemon_move_method_id":"1","level":"3","pokemon_id":"105"}{"order":"","version_group_id":"10","move_id":"43","pokemon_move_method_id":"1","level":"13","pokemon_id":"105"}{"order":"1","version_group_id":"10","move_id":"45","pokemon_move_method_id":"1","level":"1","pokemon_id":"105"}{"order":"","version_group_id":"10","move_id":"53","pokemon_move_method_id":"4","level":"0","pokemon_id":"105"}{"order":"","version_group_id":"10","move_id":"58","pokemon_move_method_id":"4","level":"0","pokemon_id":"105"}{"order":"","version_group_id":"10","move_id":"59","pokemon_move_method_id":"4","level":"0","pokemon_id":"105"}{"order":"","version_group_id":"10","move_id":"63","pokemon_move_method_id":"4","level":"0","pokemon_id":"105"}{"order":"","version_group_id":"10","move_id":"67","pokemon_move_method_id":"3","level":"0","pokemon_id":"105"}{"order":"","version_group_id":"10","move_id":"70","pokemon_move_method_id":"4","level":"0","pokemon_id":"105"}{"order":"","version_group_id":"10","move_id":"89","pokemon_move_method_id":"4","level":"0","pokemon_id":"105"}{"order":"","version_group_id":"10","move_id":"91","pokemon_move_method_id":"4","level":"0","pokemon_id":"105"}{"order":"","version_group_id":"10","move_id":"92","pokemon_move_method_id":"4","level":"0","pokemon_id":"105"}{"order":"","version_group_id":"10","move_id":"99","pokemon_move_method_id":"1","level":"23","pokemon_id":"105"}{"order":"","version_group_id":"10","move_id":"104","pokemon_move_method_id":"4","level":"0","pokemon_id":"105"}{"order":"","version_group_id":"10","move_id":"116","pokemon_move_method_id":"1","level":"17","pokemon_id":"105"}{"order":"3","version_group_id":"10","move_id":"125","pokemon_move_method_id":"1","level":"1","pokemon_id":"105"}{"order":"","version_group_id":"10","move_id":"125","pokemon_move_method_id":"1","level":"7","pokemon_id":"105"}{"order":"","version_group_id":"10","move_id":"126","pokemon_move_method_id":"4","level":"0","pokemon_id":"105"}{"order":"","version_group_id":"10","move_id":"155","pokemon_move_method_id":"1","level":"21","pokemon_id":"105"}{"order":"","version_group_id":"10","move_id":"156","pokemon_move_method_id":"4","level":"0","pokemon_id":"105"}{"order":"","version_group_id":"10","move_id":"157","pokemon_move_method_id":"4","level":"0","pokemon_id":"105"}{"order":"","version_group_id":"10","move_id":"164","pokemon_move_method_id":"4","level":"0","pokemon_id":"105"}{"order":"","version_group_id":"10","move_id":"168","pokemon_move_method_id":"4","level":"0","pokemon_id":"105"}{"order":"","version_group_id":"10","move_id":"173","pokemon_move_method_id":"3","level":"0","pokemon_id":"105"}{"order":"","version_group_id":"10","move_id":"182","pokemon_move_method_id":"4","level":"0","pokemon_id":"105"}{"order":"","version_group_id":"10","move_id":"189","pokemon_move_method_id":"3","level":"0","pokemon_id":"105"}{"order":"","version_group_id":"10","move_id":"196","pokemon_move_method_id":"3","level":"0","pokemon_id":"105"}{"order":"","version_group_id":"10","move_id":"198","pokemon_move_method_id":"1","level":"43","pokemon_id":"105"}{"order":"","version_group_id":"10","move_id":"200","pokemon_move_method_id":"3","level":"0","pokemon_id":"105"}{"order":"","version_group_id":"10","move_id":"201","pokemon_move_method_id":"4","level":"0","pokemon_id":"105"}{"order":"","version_group_id":"10","move_id":"203","pokemon_move_method_id":"4","level":"0","pokemon_id":"105"}{"order":"","version_group_id":"10","move_id":"206","pokemon_move_method_id":"1","level":"27","pokemon_id":"105"}{"order":"","version_group_id":"10","move_id":"206","pokemon_move_method_id":"4","level":"0","pokemon_id":"105"}{"order":"","version_group_id":"10","move_id":"207","pokemon_move_method_id":"4","level":"0","pokemon_id":"105"}{"order":"","version_group_id":"10","move_id":"210","pokemon_move_method_id":"3","level":"0","pokemon_id":"105"}{"order":"","version_group_id":"10","move_id":"213","pokemon_move_method_id":"4","level":"0","pokemon_id":"105"}{"order":"","version_group_id":"10","move_id":"214","pokemon_move_method_id":"4","level":"0","pokemon_id":"105"}{"order":"","version_group_id":"10","move_id":"216","pokemon_move_method_id":"4","level":"0","pokemon_id":"105"}{"order":"","version_group_id":"10","move_id":"218","pokemon_move_method_id":"4","level":"0","pokemon_id":"105"}{"order":"","version_group_id":"10","move_id":"231","pokemon_move_method_id":"4","level":"0","pokemon_id":"105"}{"order":"","version_group_id":"10","move_id":"237","pokemon_move_method_id":"4","level":"0","pokemon_id":"105"}{"order":"","version_group_id":"10","move_id":"241","pokemon_move_method_id":"4","level":"0","pokemon_id":"105"}{"order":"","version_group_id":"10","move_id":"249","pokemon_move_method_id":"4","level":"0","pokemon_id":"105"}{"order":"","version_group_id":"10","move_id":"253","pokemon_move_method_id":"3","level":"0","pokemon_id":"105"}{"order":"","version_group_id":"10","move_id":"263","pokemon_move_method_id":"4","level":"0","pokemon_id":"105"}{"order":"","version_group_id":"10","move_id":"264","pokemon_move_method_id":"4","level":"0","pokemon_id":"105"}{"order":"","version_group_id":"10","move_id":"280","pokemon_move_method_id":"4","level":"0","pokemon_id":"105"}{"order":"","version_group_id":"10","move_id":"282","pokemon_move_method_id":"3","level":"0","pokemon_id":"105"}{"order":"","version_group_id":"10","move_id":"283","pokemon_move_method_id":"1","level":"49","pokemon_id":"105"}{"order":"","version_group_id":"10","move_id":"283","pokemon_move_method_id":"3","level":"0","pokemon_id":"105"}{"order":"","version_group_id":"10","move_id":"290","pokemon_move_method_id":"4","level":"0","pokemon_id":"105"}{"order":"","version_group_id":"10","move_id":"317","pokemon_move_method_id":"4","level":"0","pokemon_id":"105"}{"order":"","version_group_id":"10","move_id":"332","pokemon_move_method_id":"4","level":"0","pokemon_id":"105"}{"order":"","version_group_id":"10","move_id":"334","pokemon_move_method_id":"3","level":"0","pokemon_id":"105"}{"order":"","version_group_id":"10","move_id":"363","pokemon_move_method_id":"4","level":"0","pokemon_id":"105"}{"order":"","version_group_id":"10","move_id":"374","pokemon_move_method_id":"1","level":"37","pokemon_id":"105"}{"order":"","version_group_id":"10","move_id":"374","pokemon_move_method_id":"4","level":"0","pokemon_id":"105"}{"order":"","version_group_id":"10","move_id":"411","pokemon_move_method_id":"4","level":"0","pokemon_id":"105"}{"order":"","version_group_id":"10","move_id":"414","pokemon_move_method_id":"3","level":"0","pokemon_id":"105"}{"order":"","version_group_id":"10","move_id":"416","pokemon_move_method_id":"4","level":"0","pokemon_id":"105"}{"order":"","version_group_id":"10","move_id":"431","pokemon_move_method_id":"4","level":"0","pokemon_id":"105"}{"order":"","version_group_id":"10","move_id":"444","pokemon_move_method_id":"4","level":"0","pokemon_id":"105"}{"order":"","version_group_id":"10","move_id":"445","pokemon_move_method_id":"4","level":"0","pokemon_id":"105"}{"order":"","version_group_id":"10","move_id":"446","pokemon_move_method_id":"4","level":"0","pokemon_id":"105"}{"order":"","version_group_id":"11","move_id":"14","pokemon_move_method_id":"4","level":"0","pokemon_id":"105"}{"order":"4","version_group_id":"11","move_id":"29","pokemon_move_method_id":"1","level":"1","pokemon_id":"105"}{"order":"","version_group_id":"11","move_id":"29","pokemon_move_method_id":"1","level":"11","pokemon_id":"105"}{"order":"","version_group_id":"11","move_id":"37","pokemon_move_method_id":"1","level":"33","pokemon_id":"105"}{"order":"","version_group_id":"11","move_id":"38","pokemon_move_method_id":"1","level":"53","pokemon_id":"105"}{"order":"2","version_group_id":"11","move_id":"39","pokemon_move_method_id":"1","level":"1","pokemon_id":"105"}{"order":"","version_group_id":"11","move_id":"39","pokemon_move_method_id":"1","level":"3","pokemon_id":"105"}{"order":"","version_group_id":"11","move_id":"43","pokemon_move_method_id":"1","level":"13","pokemon_id":"105"}{"order":"1","version_group_id":"11","move_id":"45","pokemon_move_method_id":"1","level":"1","pokemon_id":"105"}{"order":"","version_group_id":"11","move_id":"53","pokemon_move_method_id":"4","level":"0","pokemon_id":"105"}{"order":"","version_group_id":"11","move_id":"58","pokemon_move_method_id":"4","level":"0","pokemon_id":"105"}{"order":"","version_group_id":"11","move_id":"59","pokemon_move_method_id":"4","level":"0","pokemon_id":"105"}{"order":"","version_group_id":"11","move_id":"63","pokemon_move_method_id":"4","level":"0","pokemon_id":"105"}{"order":"","version_group_id":"11","move_id":"70","pokemon_move_method_id":"4","level":"0","pokemon_id":"105"}{"order":"","version_group_id":"11","move_id":"89","pokemon_move_method_id":"4","level":"0","pokemon_id":"105"}{"order":"","version_group_id":"11","move_id":"91","pokemon_move_method_id":"4","level":"0","pokemon_id":"105"}{"order":"","version_group_id":"11","move_id":"92","pokemon_move_method_id":"4","level":"0","pokemon_id":"105"}{"order":"","version_group_id":"11","move_id":"99","pokemon_move_method_id":"1","level":"23","pokemon_id":"105"}{"order":"","version_group_id":"11","move_id":"104","pokemon_move_method_id":"4","level":"0","pokemon_id":"105"}{"order":"","version_group_id":"11","move_id":"116","pokemon_move_method_id":"1","level":"17","pokemon_id":"105"}{"order":"3","version_group_id":"11","move_id":"125","pokemon_move_method_id":"1","level":"1","pokemon_id":"105"}{"order":"","version_group_id":"11","move_id":"125","pokemon_move_method_id":"1","level":"7","pokemon_id":"105"}{"order":"","version_group_id":"11","move_id":"126","pokemon_move_method_id":"4","level":"0","pokemon_id":"105"}{"order":"","version_group_id":"11","move_id":"155","pokemon_move_method_id":"1","level":"21","pokemon_id":"105"}{"order":"","version_group_id":"11","move_id":"156","pokemon_move_method_id":"4","level":"0","pokemon_id":"105"}{"order":"","version_group_id":"11","move_id":"157","pokemon_move_method_id":"4","level":"0","pokemon_id":"105"}{"order":"","version_group_id":"11","move_id":"164","pokemon_move_method_id":"4","level":"0","pokemon_id":"105"}{"order":"","version_group_id":"11","move_id":"168","pokemon_move_method_id":"4","level":"0","pokemon_id":"105"}{"order":"","version_group_id":"11","move_id":"182","pokemon_move_method_id":"4","level":"0","pokemon_id":"105"}{"order":"","version_group_id":"11","move_id":"198","pokemon_move_method_id":"1","level":"43","pokemon_id":"105"}{"order":"","version_group_id":"11","move_id":"201","pokemon_move_method_id":"4","level":"0","pokemon_id":"105"}{"order":"","version_group_id":"11","move_id":"206","pokemon_move_method_id":"1","level":"27","pokemon_id":"105"}{"order":"","version_group_id":"11","move_id":"206","pokemon_move_method_id":"4","level":"0","pokemon_id":"105"}{"order":"","version_group_id":"11","move_id":"207","pokemon_move_method_id":"4","level":"0","pokemon_id":"105"}{"order":"","version_group_id":"11","move_id":"213","pokemon_move_method_id":"4","level":"0","pokemon_id":"105"}{"order":"","version_group_id":"11","move_id":"216","pokemon_move_method_id":"4","level":"0","pokemon_id":"105"}{"order":"","version_group_id":"11","move_id":"218","pokemon_move_method_id":"4","level":"0","pokemon_id":"105"}{"order":"","version_group_id":"11","move_id":"237","pokemon_move_method_id":"4","level":"0","pokemon_id":"105"}{"order":"","version_group_id":"11","move_id":"241","pokemon_move_method_id":"4","level":"0","pokemon_id":"105"}{"order":"","version_group_id":"11","move_id":"249","pokemon_move_method_id":"4","level":"0","pokemon_id":"105"}{"order":"","version_group_id":"11","move_id":"263","pokemon_move_method_id":"4","level":"0","pokemon_id":"105"}{"order":"","version_group_id":"11","move_id":"280","pokemon_move_method_id":"4","level":"0","pokemon_id":"105"}{"order":"","version_group_id":"11","move_id":"283","pokemon_move_method_id":"1","level":"49","pokemon_id":"105"}{"order":"","version_group_id":"11","move_id":"317","pokemon_move_method_id":"4","level":"0","pokemon_id":"105"}{"order":"","version_group_id":"11","move_id":"332","pokemon_move_method_id":"4","level":"0","pokemon_id":"105"}{"order":"","version_group_id":"11","move_id":"374","pokemon_move_method_id":"1","level":"37","pokemon_id":"105"}{"order":"","version_group_id":"11","move_id":"374","pokemon_move_method_id":"4","level":"0","pokemon_id":"105"}{"order":"","version_group_id":"11","move_id":"411","pokemon_move_method_id":"4","level":"0","pokemon_id":"105"}{"order":"","version_group_id":"11","move_id":"416","pokemon_move_method_id":"4","level":"0","pokemon_id":"105"}{"order":"","version_group_id":"11","move_id":"444","pokemon_move_method_id":"4","level":"0","pokemon_id":"105"}{"order":"","version_group_id":"11","move_id":"479","pokemon_move_method_id":"4","level":"0","pokemon_id":"105"}{"order":"","version_group_id":"11","move_id":"496","pokemon_move_method_id":"4","level":"0","pokemon_id":"105"}{"order":"","version_group_id":"11","move_id":"497","pokemon_move_method_id":"4","level":"0","pokemon_id":"105"}{"order":"","version_group_id":"11","move_id":"510","pokemon_move_method_id":"4","level":"0","pokemon_id":"105"}{"order":"","version_group_id":"11","move_id":"514","pokemon_move_method_id":"1","level":"59","pokemon_id":"105"}{"order":"","version_group_id":"11","move_id":"514","pokemon_move_method_id":"4","level":"0","pokemon_id":"105"}{"order":"","version_group_id":"11","move_id":"523","pokemon_move_method_id":"4","level":"0","pokemon_id":"105"}{"order":"4","version_group_id":"12","move_id":"29","pokemon_move_method_id":"1","level":"1","pokemon_id":"105"}{"order":"","version_group_id":"12","move_id":"29","pokemon_move_method_id":"1","level":"13","pokemon_id":"105"}{"order":"","version_group_id":"12","move_id":"37","pokemon_move_method_id":"1","level":"46","pokemon_id":"105"}{"order":"","version_group_id":"12","move_id":"38","pokemon_move_method_id":"1","level":"61","pokemon_id":"105"}{"order":"2","version_group_id":"12","move_id":"39","pokemon_move_method_id":"1","level":"1","pokemon_id":"105"}{"order":"","version_group_id":"12","move_id":"39","pokemon_move_method_id":"1","level":"5","pokemon_id":"105"}{"order":"","version_group_id":"12","move_id":"43","pokemon_move_method_id":"1","level":"17","pokemon_id":"105"}{"order":"1","version_group_id":"12","move_id":"45","pokemon_move_method_id":"1","level":"1","pokemon_id":"105"}{"order":"","version_group_id":"12","move_id":"53","pokemon_move_method_id":"4","level":"0","pokemon_id":"105"}{"order":"","version_group_id":"12","move_id":"58","pokemon_move_method_id":"4","level":"0","pokemon_id":"105"}{"order":"","version_group_id":"12","move_id":"59","pokemon_move_method_id":"4","level":"0","pokemon_id":"105"}{"order":"","version_group_id":"12","move_id":"63","pokemon_move_method_id":"4","level":"0","pokemon_id":"105"}{"order":"","version_group_id":"12","move_id":"70","pokemon_move_method_id":"4","level":"0","pokemon_id":"105"}{"order":"","version_group_id":"12","move_id":"89","pokemon_move_method_id":"4","level":"0","pokemon_id":"105"}{"order":"","version_group_id":"12","move_id":"91","pokemon_move_method_id":"4","level":"0","pokemon_id":"105"}{"order":"","version_group_id":"12","move_id":"92","pokemon_move_method_id":"4","level":"0","pokemon_id":"105"}{"order":"","version_group_id":"12","move_id":"99","pokemon_move_method_id":"1","level":"32","pokemon_id":"105"}{"order":"","version_group_id":"12","move_id":"104","pokemon_move_method_id":"4","level":"0","pokemon_id":"105"}{"order":"","version_group_id":"12","move_id":"116","pokemon_move_method_id":"1","level":"21","pokemon_id":"105"}{"order":"3","version_group_id":"12","move_id":"125","pokemon_move_method_id":"1","level":"1","pokemon_id":"105"}{"order":"","version_group_id":"12","move_id":"125","pokemon_move_method_id":"1","level":"9","pokemon_id":"105"}{"order":"","version_group_id":"12","move_id":"126","pokemon_move_method_id":"4","level":"0","pokemon_id":"105"}{"order":"","version_group_id":"12","move_id":"155","pokemon_move_method_id":"1","level":"25","pokemon_id":"105"}{"order":"","version_group_id":"12","move_id":"156","pokemon_move_method_id":"4","level":"0","pokemon_id":"105"}{"order":"","version_group_id":"12","move_id":"168","pokemon_move_method_id":"4","level":"0","pokemon_id":"105"}{"order":"","version_group_id":"12","move_id":"182","pokemon_move_method_id":"4","level":"0","pokemon_id":"105"}{"order":"","version_group_id":"12","move_id":"198","pokemon_move_method_id":"1","level":"53","pokemon_id":"105"}{"order":"","version_group_id":"12","move_id":"201","pokemon_move_method_id":"4","level":"0","pokemon_id":"105"}{"order":"","version_group_id":"12","move_id":"206","pokemon_move_method_id":"1","level":"39","pokemon_id":"105"}{"order":"","version_group_id":"12","move_id":"213","pokemon_move_method_id":"4","level":"0","pokemon_id":"105"}{"order":"","version_group_id":"12","move_id":"216","pokemon_move_method_id":"4","level":"0","pokemon_id":"105"}{"order":"","version_group_id":"12","move_id":"218","pokemon_move_method_id":"4","level":"0","pokemon_id":"105"}{"order":"","version_group_id":"12","move_id":"231","pokemon_move_method_id":"4","level":"0","pokemon_id":"105"}{"order":"","version_group_id":"12","move_id":"237","pokemon_move_method_id":"4","level":"0","pokemon_id":"105"}{"order":"","version_group_id":"12","move_id":"241","pokemon_move_method_id":"4","level":"0","pokemon_id":"105"}{"order":"","version_group_id":"12","move_id":"249","pokemon_move_method_id":"4","level":"0","pokemon_id":"105"}{"order":"","version_group_id":"12","move_id":"263","pokemon_move_method_id":"4","level":"0","pokemon_id":"105"}{"order":"","version_group_id":"12","move_id":"264","pokemon_move_method_id":"4","level":"0","pokemon_id":"105"}{"order":"","version_group_id":"12","move_id":"280","pokemon_move_method_id":"4","level":"0","pokemon_id":"105"}{"order":"","version_group_id":"12","move_id":"290","pokemon_move_method_id":"4","level":"0","pokemon_id":"105"}{"order":"","version_group_id":"12","move_id":"317","pokemon_move_method_id":"4","level":"0","pokemon_id":"105"}{"order":"","version_group_id":"12","move_id":"332","pokemon_move_method_id":"4","level":"0","pokemon_id":"105"}{"order":"4","version_group_id":"13","move_id":"29","pokemon_move_method_id":"1","level":"1","pokemon_id":"105"}{"order":"","version_group_id":"13","move_id":"29","pokemon_move_method_id":"1","level":"13","pokemon_id":"105"}{"order":"","version_group_id":"13","move_id":"34","pokemon_move_method_id":"3","level":"0","pokemon_id":"105"}{"order":"","version_group_id":"13","move_id":"37","pokemon_move_method_id":"1","level":"46","pokemon_id":"105"}{"order":"","version_group_id":"13","move_id":"38","pokemon_move_method_id":"1","level":"61","pokemon_id":"105"}{"order":"","version_group_id":"13","move_id":"38","pokemon_move_method_id":"3","level":"0","pokemon_id":"105"}{"order":"2","version_group_id":"13","move_id":"39","pokemon_move_method_id":"1","level":"1","pokemon_id":"105"}{"order":"","version_group_id":"13","move_id":"39","pokemon_move_method_id":"1","level":"5","pokemon_id":"105"}{"order":"","version_group_id":"13","move_id":"43","pokemon_move_method_id":"1","level":"17","pokemon_id":"105"}{"order":"1","version_group_id":"13","move_id":"45","pokemon_move_method_id":"1","level":"1","pokemon_id":"105"}{"order":"","version_group_id":"13","move_id":"53","pokemon_move_method_id":"4","level":"0","pokemon_id":"105"}{"order":"","version_group_id":"13","move_id":"58","pokemon_move_method_id":"4","level":"0","pokemon_id":"105"}{"order":"","version_group_id":"13","move_id":"59","pokemon_move_method_id":"4","level":"0","pokemon_id":"105"}{"order":"","version_group_id":"13","move_id":"63","pokemon_move_method_id":"4","level":"0","pokemon_id":"105"}{"order":"","version_group_id":"13","move_id":"69","pokemon_move_method_id":"3","level":"0","pokemon_id":"105"}{"order":"","version_group_id":"13","move_id":"70","pokemon_move_method_id":"4","level":"0","pokemon_id":"105"}{"order":"","version_group_id":"13","move_id":"89","pokemon_move_method_id":"4","level":"0","pokemon_id":"105"}{"order":"","version_group_id":"13","move_id":"91","pokemon_move_method_id":"4","level":"0","pokemon_id":"105"}{"order":"","version_group_id":"13","move_id":"92","pokemon_move_method_id":"4","level":"0","pokemon_id":"105"}{"order":"","version_group_id":"13","move_id":"99","pokemon_move_method_id":"1","level":"32","pokemon_id":"105"}{"order":"","version_group_id":"13","move_id":"102","pokemon_move_method_id":"3","level":"0","pokemon_id":"105"}{"order":"","version_group_id":"13","move_id":"104","pokemon_move_method_id":"4","level":"0","pokemon_id":"105"}{"order":"","version_group_id":"13","move_id":"116","pokemon_move_method_id":"1","level":"21","pokemon_id":"105"}{"order":"3","version_group_id":"13","move_id":"125","pokemon_move_method_id":"1","level":"1","pokemon_id":"105"}{"order":"","version_group_id":"13","move_id":"125","pokemon_move_method_id":"1","level":"9","pokemon_id":"105"}{"order":"","version_group_id":"13","move_id":"126","pokemon_move_method_id":"4","level":"0","pokemon_id":"105"}{"order":"","version_group_id":"13","move_id":"155","pokemon_move_method_id":"1","level":"25","pokemon_id":"105"}{"order":"","version_group_id":"13","move_id":"156","pokemon_move_method_id":"4","level":"0","pokemon_id":"105"}{"order":"","version_group_id":"13","move_id":"164","pokemon_move_method_id":"3","level":"0","pokemon_id":"105"}{"order":"","version_group_id":"13","move_id":"168","pokemon_move_method_id":"4","level":"0","pokemon_id":"105"}{"order":"","version_group_id":"13","move_id":"182","pokemon_move_method_id":"4","level":"0","pokemon_id":"105"}{"order":"","version_group_id":"13","move_id":"196","pokemon_move_method_id":"3","level":"0","pokemon_id":"105"}{"order":"","version_group_id":"13","move_id":"198","pokemon_move_method_id":"1","level":"53","pokemon_id":"105"}{"order":"","version_group_id":"13","move_id":"201","pokemon_move_method_id":"4","level":"0","pokemon_id":"105"}{"order":"","version_group_id":"13","move_id":"206","pokemon_move_method_id":"1","level":"39","pokemon_id":"105"}{"order":"","version_group_id":"13","move_id":"207","pokemon_move_method_id":"3","level":"0","pokemon_id":"105"}{"order":"","version_group_id":"13","move_id":"213","pokemon_move_method_id":"4","level":"0","pokemon_id":"105"}{"order":"","version_group_id":"13","move_id":"216","pokemon_move_method_id":"4","level":"0","pokemon_id":"105"}{"order":"","version_group_id":"13","move_id":"218","pokemon_move_method_id":"4","level":"0","pokemon_id":"105"}{"order":"","version_group_id":"13","move_id":"231","pokemon_move_method_id":"4","level":"0","pokemon_id":"105"}{"order":"","version_group_id":"13","move_id":"237","pokemon_move_method_id":"4","level":"0","pokemon_id":"105"}{"order":"","version_group_id":"13","move_id":"241","pokemon_move_method_id":"4","level":"0","pokemon_id":"105"}{"order":"","version_group_id":"13","move_id":"249","pokemon_move_method_id":"4","level":"0","pokemon_id":"105"}{"order":"","version_group_id":"13","move_id":"263","pokemon_move_method_id":"4","level":"0","pokemon_id":"105"}{"order":"","version_group_id":"13","move_id":"264","pokemon_move_method_id":"4","level":"0","pokemon_id":"105"}{"order":"","version_group_id":"13","move_id":"280","pokemon_move_method_id":"4","level":"0","pokemon_id":"105"}{"order":"","version_group_id":"13","move_id":"290","pokemon_move_method_id":"4","level":"0","pokemon_id":"105"}{"order":"","version_group_id":"13","move_id":"317","pokemon_move_method_id":"4","level":"0","pokemon_id":"105"}{"order":"","version_group_id":"13","move_id":"332","pokemon_move_method_id":"4","level":"0","pokemon_id":"105"}{"order":"","version_group_id":"14","move_id":"7","pokemon_move_method_id":"3","level":"0","pokemon_id":"105"}{"order":"","version_group_id":"14","move_id":"9","pokemon_move_method_id":"3","level":"0","pokemon_id":"105"}{"order":"","version_group_id":"14","move_id":"14","pokemon_move_method_id":"4","level":"0","pokemon_id":"105"}{"order":"4","version_group_id":"14","move_id":"29","pokemon_move_method_id":"1","level":"1","pokemon_id":"105"}{"order":"","version_group_id":"14","move_id":"29","pokemon_move_method_id":"1","level":"11","pokemon_id":"105"}{"order":"","version_group_id":"14","move_id":"37","pokemon_move_method_id":"1","level":"33","pokemon_id":"105"}{"order":"","version_group_id":"14","move_id":"38","pokemon_move_method_id":"1","level":"53","pokemon_id":"105"}{"order":"2","version_group_id":"14","move_id":"39","pokemon_move_method_id":"1","level":"1","pokemon_id":"105"}{"order":"","version_group_id":"14","move_id":"39","pokemon_move_method_id":"1","level":"3","pokemon_id":"105"}{"order":"","version_group_id":"14","move_id":"43","pokemon_move_method_id":"1","level":"13","pokemon_id":"105"}{"order":"1","version_group_id":"14","move_id":"45","pokemon_move_method_id":"1","level":"1","pokemon_id":"105"}{"order":"","version_group_id":"14","move_id":"53","pokemon_move_method_id":"4","level":"0","pokemon_id":"105"}{"order":"","version_group_id":"14","move_id":"58","pokemon_move_method_id":"4","level":"0","pokemon_id":"105"}{"order":"","version_group_id":"14","move_id":"59","pokemon_move_method_id":"4","level":"0","pokemon_id":"105"}{"order":"","version_group_id":"14","move_id":"63","pokemon_move_method_id":"4","level":"0","pokemon_id":"105"}{"order":"","version_group_id":"14","move_id":"67","pokemon_move_method_id":"3","level":"0","pokemon_id":"105"}{"order":"","version_group_id":"14","move_id":"70","pokemon_move_method_id":"4","level":"0","pokemon_id":"105"}{"order":"","version_group_id":"14","move_id":"89","pokemon_move_method_id":"4","level":"0","pokemon_id":"105"}{"order":"","version_group_id":"14","move_id":"91","pokemon_move_method_id":"4","level":"0","pokemon_id":"105"}{"order":"","version_group_id":"14","move_id":"92","pokemon_move_method_id":"4","level":"0","pokemon_id":"105"}{"order":"","version_group_id":"14","move_id":"99","pokemon_move_method_id":"1","level":"23","pokemon_id":"105"}{"order":"","version_group_id":"14","move_id":"104","pokemon_move_method_id":"4","level":"0","pokemon_id":"105"}{"order":"","version_group_id":"14","move_id":"116","pokemon_move_method_id":"1","level":"17","pokemon_id":"105"}{"order":"3","version_group_id":"14","move_id":"125","pokemon_move_method_id":"1","level":"1","pokemon_id":"105"}{"order":"","version_group_id":"14","move_id":"125","pokemon_move_method_id":"1","level":"7","pokemon_id":"105"}{"order":"","version_group_id":"14","move_id":"126","pokemon_move_method_id":"4","level":"0","pokemon_id":"105"}{"order":"","version_group_id":"14","move_id":"155","pokemon_move_method_id":"1","level":"21","pokemon_id":"105"}{"order":"","version_group_id":"14","move_id":"156","pokemon_move_method_id":"4","level":"0","pokemon_id":"105"}{"order":"","version_group_id":"14","move_id":"157","pokemon_move_method_id":"4","level":"0","pokemon_id":"105"}{"order":"","version_group_id":"14","move_id":"164","pokemon_move_method_id":"4","level":"0","pokemon_id":"105"}{"order":"","version_group_id":"14","move_id":"168","pokemon_move_method_id":"4","level":"0","pokemon_id":"105"}{"order":"","version_group_id":"14","move_id":"173","pokemon_move_method_id":"3","level":"0","pokemon_id":"105"}{"order":"","version_group_id":"14","move_id":"182","pokemon_move_method_id":"4","level":"0","pokemon_id":"105"}{"order":"","version_group_id":"14","move_id":"196","pokemon_move_method_id":"3","level":"0","pokemon_id":"105"}{"order":"","version_group_id":"14","move_id":"198","pokemon_move_method_id":"1","level":"43","pokemon_id":"105"}{"order":"","version_group_id":"14","move_id":"200","pokemon_move_method_id":"3","level":"0","pokemon_id":"105"}{"order":"","version_group_id":"14","move_id":"201","pokemon_move_method_id":"4","level":"0","pokemon_id":"105"}{"order":"","version_group_id":"14","move_id":"206","pokemon_move_method_id":"1","level":"27","pokemon_id":"105"}{"order":"","version_group_id":"14","move_id":"206","pokemon_move_method_id":"4","level":"0","pokemon_id":"105"}{"order":"","version_group_id":"14","move_id":"207","pokemon_move_method_id":"4","level":"0","pokemon_id":"105"}{"order":"","version_group_id":"14","move_id":"213","pokemon_move_method_id":"4","level":"0","pokemon_id":"105"}{"order":"","version_group_id":"14","move_id":"214","pokemon_move_method_id":"3","level":"0","pokemon_id":"105"}{"order":"","version_group_id":"14","move_id":"216","pokemon_move_method_id":"4","level":"0","pokemon_id":"105"}{"order":"","version_group_id":"14","move_id":"218","pokemon_move_method_id":"4","level":"0","pokemon_id":"105"}{"order":"","version_group_id":"14","move_id":"231","pokemon_move_method_id":"3","level":"0","pokemon_id":"105"}{"order":"","version_group_id":"14","move_id":"237","pokemon_move_method_id":"4","level":"0","pokemon_id":"105"}{"order":"","version_group_id":"14","move_id":"241","pokemon_move_method_id":"4","level":"0","pokemon_id":"105"}{"order":"","version_group_id":"14","move_id":"249","pokemon_move_method_id":"4","level":"0","pokemon_id":"105"}{"order":"","version_group_id":"14","move_id":"253","pokemon_move_method_id":"3","level":"0","pokemon_id":"105"}{"order":"","version_group_id":"14","move_id":"263","pokemon_move_method_id":"4","level":"0","pokemon_id":"105"}{"order":"","version_group_id":"14","move_id":"280","pokemon_move_method_id":"4","level":"0","pokemon_id":"105"}{"order":"","version_group_id":"14","move_id":"282","pokemon_move_method_id":"3","level":"0","pokemon_id":"105"}{"order":"","version_group_id":"14","move_id":"283","pokemon_move_method_id":"1","level":"49","pokemon_id":"105"}{"order":"","version_group_id":"14","move_id":"283","pokemon_move_method_id":"3","level":"0","pokemon_id":"105"}{"order":"","version_group_id":"14","move_id":"317","pokemon_move_method_id":"4","level":"0","pokemon_id":"105"}{"order":"","version_group_id":"14","move_id":"332","pokemon_move_method_id":"4","level":"0","pokemon_id":"105"}{"order":"","version_group_id":"14","move_id":"334","pokemon_move_method_id":"3","level":"0","pokemon_id":"105"}{"order":"","version_group_id":"14","move_id":"374","pokemon_move_method_id":"1","level":"37","pokemon_id":"105"}{"order":"","version_group_id":"14","move_id":"374","pokemon_move_method_id":"4","level":"0","pokemon_id":"105"}{"order":"","version_group_id":"14","move_id":"411","pokemon_move_method_id":"4","level":"0","pokemon_id":"105"}{"order":"","version_group_id":"14","move_id":"414","pokemon_move_method_id":"3","level":"0","pokemon_id":"105"}{"order":"","version_group_id":"14","move_id":"416","pokemon_move_method_id":"4","level":"0","pokemon_id":"105"}{"order":"","version_group_id":"14","move_id":"442","pokemon_move_method_id":"3","level":"0","pokemon_id":"105"}{"order":"","version_group_id":"14","move_id":"444","pokemon_move_method_id":"4","level":"0","pokemon_id":"105"}{"order":"","version_group_id":"14","move_id":"446","pokemon_move_method_id":"3","level":"0","pokemon_id":"105"}{"order":"","version_group_id":"14","move_id":"479","pokemon_move_method_id":"4","level":"0","pokemon_id":"105"}{"order":"","version_group_id":"14","move_id":"496","pokemon_move_method_id":"4","level":"0","pokemon_id":"105"}{"order":"","version_group_id":"14","move_id":"497","pokemon_move_method_id":"4","level":"0","pokemon_id":"105"}{"order":"","version_group_id":"14","move_id":"510","pokemon_move_method_id":"4","level":"0","pokemon_id":"105"}{"order":"","version_group_id":"14","move_id":"514","pokemon_move_method_id":"1","level":"59","pokemon_id":"105"}{"order":"","version_group_id":"14","move_id":"514","pokemon_move_method_id":"4","level":"0","pokemon_id":"105"}{"order":"","version_group_id":"14","move_id":"523","pokemon_move_method_id":"4","level":"0","pokemon_id":"105"}{"order":"4","version_group_id":"15","move_id":"29","pokemon_move_method_id":"1","level":"1","pokemon_id":"105"}{"order":"","version_group_id":"15","move_id":"29","pokemon_move_method_id":"1","level":"11","pokemon_id":"105"}{"order":"","version_group_id":"15","move_id":"37","pokemon_move_method_id":"1","level":"33","pokemon_id":"105"}{"order":"","version_group_id":"15","move_id":"38","pokemon_move_method_id":"1","level":"53","pokemon_id":"105"}{"order":"2","version_group_id":"15","move_id":"39","pokemon_move_method_id":"1","level":"1","pokemon_id":"105"}{"order":"","version_group_id":"15","move_id":"39","pokemon_move_method_id":"1","level":"3","pokemon_id":"105"}{"order":"","version_group_id":"15","move_id":"43","pokemon_move_method_id":"1","level":"13","pokemon_id":"105"}{"order":"1","version_group_id":"15","move_id":"45","pokemon_move_method_id":"1","level":"1","pokemon_id":"105"}{"order":"","version_group_id":"15","move_id":"53","pokemon_move_method_id":"4","level":"0","pokemon_id":"105"}{"order":"","version_group_id":"15","move_id":"58","pokemon_move_method_id":"4","level":"0","pokemon_id":"105"}{"order":"","version_group_id":"15","move_id":"59","pokemon_move_method_id":"4","level":"0","pokemon_id":"105"}{"order":"","version_group_id":"15","move_id":"63","pokemon_move_method_id":"4","level":"0","pokemon_id":"105"}{"order":"","version_group_id":"15","move_id":"89","pokemon_move_method_id":"4","level":"0","pokemon_id":"105"}{"order":"","version_group_id":"15","move_id":"91","pokemon_move_method_id":"4","level":"0","pokemon_id":"105"}{"order":"","version_group_id":"15","move_id":"92","pokemon_move_method_id":"4","level":"0","pokemon_id":"105"}{"order":"","version_group_id":"15","move_id":"99","pokemon_move_method_id":"1","level":"23","pokemon_id":"105"}{"order":"","version_group_id":"15","move_id":"104","pokemon_move_method_id":"4","level":"0","pokemon_id":"105"}{"order":"","version_group_id":"15","move_id":"116","pokemon_move_method_id":"1","level":"17","pokemon_id":"105"}{"order":"3","version_group_id":"15","move_id":"125","pokemon_move_method_id":"1","level":"1","pokemon_id":"105"}{"order":"","version_group_id":"15","move_id":"125","pokemon_move_method_id":"1","level":"7","pokemon_id":"105"}{"order":"","version_group_id":"15","move_id":"126","pokemon_move_method_id":"4","level":"0","pokemon_id":"105"}{"order":"","version_group_id":"15","move_id":"155","pokemon_move_method_id":"1","level":"21","pokemon_id":"105"}{"order":"","version_group_id":"15","move_id":"156","pokemon_move_method_id":"4","level":"0","pokemon_id":"105"}{"order":"","version_group_id":"15","move_id":"168","pokemon_move_method_id":"4","level":"0","pokemon_id":"105"}{"order":"","version_group_id":"15","move_id":"182","pokemon_move_method_id":"4","level":"0","pokemon_id":"105"}{"order":"","version_group_id":"15","move_id":"198","pokemon_move_method_id":"1","level":"43","pokemon_id":"105"}{"order":"","version_group_id":"15","move_id":"201","pokemon_move_method_id":"4","level":"0","pokemon_id":"105"}{"order":"","version_group_id":"15","move_id":"206","pokemon_move_method_id":"1","level":"27","pokemon_id":"105"}{"order":"","version_group_id":"15","move_id":"206","pokemon_move_method_id":"4","level":"0","pokemon_id":"105"}{"order":"","version_group_id":"15","move_id":"213","pokemon_move_method_id":"4","level":"0","pokemon_id":"105"}{"order":"","version_group_id":"15","move_id":"216","pokemon_move_method_id":"4","level":"0","pokemon_id":"105"}{"order":"","version_group_id":"15","move_id":"218","pokemon_move_method_id":"4","level":"0","pokemon_id":"105"}{"order":"","version_group_id":"15","move_id":"237","pokemon_move_method_id":"4","level":"0","pokemon_id":"105"}{"order":"","version_group_id":"15","move_id":"241","pokemon_move_method_id":"4","level":"0","pokemon_id":"105"}{"order":"","version_group_id":"15","move_id":"263","pokemon_move_method_id":"4","level":"0","pokemon_id":"105"}{"order":"","version_group_id":"15","move_id":"280","pokemon_move_method_id":"4","level":"0","pokemon_id":"105"}{"order":"","version_group_id":"15","move_id":"283","pokemon_move_method_id":"1","level":"49","pokemon_id":"105"}{"order":"","version_group_id":"15","move_id":"317","pokemon_move_method_id":"4","level":"0","pokemon_id":"105"}{"order":"","version_group_id":"15","move_id":"332","pokemon_move_method_id":"4","level":"0","pokemon_id":"105"}{"order":"","version_group_id":"15","move_id":"374","pokemon_move_method_id":"1","level":"37","pokemon_id":"105"}{"order":"","version_group_id":"15","move_id":"411","pokemon_move_method_id":"4","level":"0","pokemon_id":"105"}{"order":"","version_group_id":"15","move_id":"479","pokemon_move_method_id":"4","level":"0","pokemon_id":"105"}{"order":"","version_group_id":"15","move_id":"496","pokemon_move_method_id":"4","level":"0","pokemon_id":"105"}{"order":"","version_group_id":"15","move_id":"497","pokemon_move_method_id":"4","level":"0","pokemon_id":"105"}{"order":"","version_group_id":"15","move_id":"514","pokemon_move_method_id":"1","level":"59","pokemon_id":"105"}