{"order":"4","version_group_id":"15","move_id":"43","pokemon_move_method_id":"1","level":"1","pokemon_id":"10048"}{"order":"","version_group_id":"15","move_id":"44","pokemon_move_method_id":"1","level":"16","pokemon_id":"10048"}{"order":"","version_group_id":"15","move_id":"46","pokemon_move_method_id":"1","level":"13","pokemon_id":"10048"}{"order":"","version_group_id":"15","move_id":"46","pokemon_move_method_id":"4","level":"0","pokemon_id":"10048"}{"order":"5","version_group_id":"15","move_id":"52","pokemon_move_method_id":"1","level":"1","pokemon_id":"10048"}{"order":"","version_group_id":"15","move_id":"53","pokemon_move_method_id":"1","level":"50","pokemon_id":"10048"}{"order":"","version_group_id":"15","move_id":"53","pokemon_move_method_id":"4","level":"0","pokemon_id":"10048"}{"order":"","version_group_id":"15","move_id":"63","pokemon_move_method_id":"4","level":"0","pokemon_id":"10048"}{"order":"","version_group_id":"15","move_id":"70","pokemon_move_method_id":"4","level":"0","pokemon_id":"10048"}{"order":"","version_group_id":"15","move_id":"76","pokemon_move_method_id":"4","level":"0","pokemon_id":"10048"}{"order":"","version_group_id":"15","move_id":"92","pokemon_move_method_id":"4","level":"0","pokemon_id":"10048"}{"order":"","version_group_id":"15","move_id":"104","pokemon_move_method_id":"4","level":"0","pokemon_id":"10048"}{"order":"7","version_group_id":"15","move_id":"123","pokemon_move_method_id":"1","level":"1","pokemon_id":"10048"}{"order":"","version_group_id":"15","move_id":"123","pokemon_move_method_id":"1","level":"8","pokemon_id":"10048"}{"order":"","version_group_id":"15","move_id":"126","pokemon_move_method_id":"4","level":"0","pokemon_id":"10048"}{"order":"","version_group_id":"15","move_id":"138","pokemon_move_method_id":"4","level":"0","pokemon_id":"10048"}{"order":"","version_group_id":"15","move_id":"156","pokemon_move_method_id":"4","level":"0","pokemon_id":"10048"}{"order":"","version_group_id":"15","move_id":"164","pokemon_move_method_id":"4","level":"0","pokemon_id":"10048"}{"order":"","version_group_id":"15","move_id":"168","pokemon_move_method_id":"4","level":"0","pokemon_id":"10048"}{"order":"","version_group_id":"15","move_id":"182","pokemon_move_method_id":"4","level":"0","pokemon_id":"10048"}{"order":"","version_group_id":"15","move_id":"185","pokemon_move_method_id":"1","level":"35","pokemon_id":"10048"}{"order":"","version_group_id":"15","move_id":"188","pokemon_move_method_id":"4","level":"0","pokemon_id":"10048"}{"order":"","version_group_id":"15","move_id":"207","pokemon_move_method_id":"4","level":"0","pokemon_id":"10048"}{"order":"","version_group_id":"15","move_id":"213","pokemon_move_method_id":"4","level":"0","pokemon_id":"10048"}{"order":"","version_group_id":"15","move_id":"214","pokemon_move_method_id":"4","level":"0","pokemon_id":"10048"}{"order":"","version_group_id":"15","move_id":"216","pokemon_move_method_id":"4","level":"0","pokemon_id":"10048"}{"order":"","version_group_id":"15","move_id":"218","pokemon_move_method_id":"4","level":"0","pokemon_id":"10048"}{"order":"","version_group_id":"15","move_id":"237","pokemon_move_method_id":"4","level":"0","pokemon_id":"10048"}{"order":"","version_group_id":"15","move_id":"241","pokemon_move_method_id":"4","level":"0","pokemon_id":"10048"}{"order":"","version_group_id":"15","move_id":"242","pokemon_move_method_id":"1","level":"56","pokemon_id":"10048"}{"order":"","version_group_id":"15","move_id":"247","pokemon_move_method_id":"4","level":"0","pokemon_id":"10048"}{"order":"","version_group_id":"15","move_id":"249","pokemon_move_method_id":"4","level":"0","pokemon_id":"10048"}{"order":"","version_group_id":"15","move_id":"251","pokemon_move_method_id":"1","level":"26","pokemon_id":"10048"}{"order":"","version_group_id":"15","move_id":"259","pokemon_move_method_id":"4","level":"0","pokemon_id":"10048"}{"order":"","version_group_id":"15","move_id":"261","pokemon_move_method_id":"4","level":"0","pokemon_id":"10048"}{"order":"","version_group_id":"15","move_id":"263","pokemon_move_method_id":"4","level":"0","pokemon_id":"10048"}{"order":"","version_group_id":"15","move_id":"269","pokemon_move_method_id":"4","level":"0","pokemon_id":"10048"}{"order":"","version_group_id":"15","move_id":"315","pokemon_move_method_id":"4","level":"0","pokemon_id":"10048"}{"order":"","version_group_id":"15","move_id":"316","pokemon_move_method_id":"1","level":"20","pokemon_id":"10048"}{"order":"6","version_group_id":"15","move_id":"336","pokemon_move_method_id":"1","level":"1","pokemon_id":"10048"}{"order":"","version_group_id":"15","move_id":"336","pokemon_move_method_id":"1","level":"4","pokemon_id":"10048"}{"order":"","version_group_id":"15","move_id":"371","pokemon_move_method_id":"4","level":"0","pokemon_id":"10048"}{"order":"","version_group_id":"15","move_id":"373","pokemon_move_method_id":"1","level":"41","pokemon_id":"10048"}{"order":"","version_group_id":"15","move_id":"373","pokemon_move_method_id":"4","level":"0","pokemon_id":"10048"}{"order":"","version_group_id":"15","move_id":"399","pokemon_move_method_id":"4","level":"0","pokemon_id":"10048"}{"order":"","version_group_id":"15","move_id":"416","pokemon_move_method_id":"4","level":"0","pokemon_id":"10048"}{"order":"2","version_group_id":"15","move_id":"417","pokemon_move_method_id":"1","level":"1","pokemon_id":"10048"}{"order":"","version_group_id":"15","move_id":"417","pokemon_move_method_id":"1","level":"60","pokemon_id":"10048"}{"order":"3","version_group_id":"15","move_id":"422","pokemon_move_method_id":"1","level":"1","pokemon_id":"10048"}{"order":"","version_group_id":"15","move_id":"424","pokemon_move_method_id":"1","level":"30","pokemon_id":"10048"}{"order":"","version_group_id":"15","move_id":"488","pokemon_move_method_id":"4","level":"0","pokemon_id":"10048"}{"order":"","version_group_id":"15","move_id":"492","pokemon_move_method_id":"1","level":"45","pokemon_id":"10048"}{"order":"","version_group_id":"15","move_id":"496","pokemon_move_method_id":"4","level":"0","pokemon_id":"10048"}{"order":"","version_group_id":"15","move_id":"510","pokemon_move_method_id":"4","level":"0","pokemon_id":"10048"}{"order":"","version_group_id":"15","move_id":"514","pokemon_move_method_id":"4","level":"0","pokemon_id":"10048"}{"order":"1","version_group_id":"15","move_id":"517","pokemon_move_method_id":"1","level":"1","pokemon_id":"10048"}{"order":"","version_group_id":"15","move_id":"517","pokemon_move_method_id":"1","level":"65","pokemon_id":"10048"}{"order":"","version_group_id":"15","move_id":"555","pokemon_move_method_id":"4","level":"0","pokemon_id":"10048"}{"order":"","version_group_id":"15","move_id":"590","pokemon_move_method_id":"4","level":"0","pokemon_id":"10048"}