{"order":"","version_group_id":"1","move_id":"23","pokemon_move_method_id":"1","level":"28","pokemon_id":"103"}{"order":"","version_group_id":"1","move_id":"36","pokemon_move_method_id":"4","level":"0","pokemon_id":"103"}{"order":"","version_group_id":"1","move_id":"38","pokemon_move_method_id":"4","level":"0","pokemon_id":"103"}{"order":"","version_group_id":"1","move_id":"63","pokemon_move_method_id":"4","level":"0","pokemon_id":"103"}{"order":"","version_group_id":"1","move_id":"70","pokemon_move_method_id":"4","level":"0","pokemon_id":"103"}{"order":"","version_group_id":"1","move_id":"72","pokemon_move_method_id":"4","level":"0","pokemon_id":"103"}{"order":"","version_group_id":"1","move_id":"76","pokemon_move_method_id":"4","level":"0","pokemon_id":"103"}{"order":"","version_group_id":"1","move_id":"92","pokemon_move_method_id":"4","level":"0","pokemon_id":"103"}{"order":"","version_group_id":"1","move_id":"94","pokemon_move_method_id":"4","level":"0","pokemon_id":"103"}{"order":"2","version_group_id":"1","move_id":"95","pokemon_move_method_id":"1","level":"1","pokemon_id":"103"}{"order":"","version_group_id":"1","move_id":"99","pokemon_move_method_id":"4","level":"0","pokemon_id":"103"}{"order":"","version_group_id":"1","move_id":"100","pokemon_move_method_id":"4","level":"0","pokemon_id":"103"}{"order":"","version_group_id":"1","move_id":"102","pokemon_move_method_id":"4","level":"0","pokemon_id":"103"}{"order":"","version_group_id":"1","move_id":"104","pokemon_move_method_id":"4","level":"0","pokemon_id":"103"}{"order":"","version_group_id":"1","move_id":"115","pokemon_move_method_id":"4","level":"0","pokemon_id":"103"}{"order":"","version_group_id":"1","move_id":"117","pokemon_move_method_id":"4","level":"0","pokemon_id":"103"}{"order":"","version_group_id":"1","move_id":"120","pokemon_move_method_id":"4","level":"0","pokemon_id":"103"}{"order":"","version_group_id":"1","move_id":"121","pokemon_move_method_id":"4","level":"0","pokemon_id":"103"}{"order":"1","version_group_id":"1","move_id":"140","pokemon_move_method_id":"1","level":"1","pokemon_id":"103"}{"order":"","version_group_id":"1","move_id":"149","pokemon_move_method_id":"4","level":"0","pokemon_id":"103"}{"order":"","version_group_id":"1","move_id":"153","pokemon_move_method_id":"4","level":"0","pokemon_id":"103"}{"order":"","version_group_id":"1","move_id":"156","pokemon_move_method_id":"4","level":"0","pokemon_id":"103"}{"order":"","version_group_id":"1","move_id":"164","pokemon_move_method_id":"4","level":"0","pokemon_id":"103"}{"order":"","version_group_id":"2","move_id":"23","pokemon_move_method_id":"1","level":"28","pokemon_id":"103"}{"order":"","version_group_id":"2","move_id":"36","pokemon_move_method_id":"4","level":"0","pokemon_id":"103"}{"order":"","version_group_id":"2","move_id":"38","pokemon_move_method_id":"4","level":"0","pokemon_id":"103"}{"order":"","version_group_id":"2","move_id":"63","pokemon_move_method_id":"4","level":"0","pokemon_id":"103"}{"order":"","version_group_id":"2","move_id":"70","pokemon_move_method_id":"4","level":"0","pokemon_id":"103"}{"order":"","version_group_id":"2","move_id":"72","pokemon_move_method_id":"4","level":"0","pokemon_id":"103"}{"order":"","version_group_id":"2","move_id":"76","pokemon_move_method_id":"4","level":"0","pokemon_id":"103"}{"order":"","version_group_id":"2","move_id":"92","pokemon_move_method_id":"4","level":"0","pokemon_id":"103"}{"order":"","version_group_id":"2","move_id":"94","pokemon_move_method_id":"4","level":"0","pokemon_id":"103"}{"order":"2","version_group_id":"2","move_id":"95","pokemon_move_method_id":"1","level":"1","pokemon_id":"103"}{"order":"","version_group_id":"2","move_id":"99","pokemon_move_method_id":"4","level":"0","pokemon_id":"103"}{"order":"","version_group_id":"2","move_id":"100","pokemon_move_method_id":"4","level":"0","pokemon_id":"103"}{"order":"","version_group_id":"2","move_id":"102","pokemon_move_method_id":"4","level":"0","pokemon_id":"103"}{"order":"","version_group_id":"2","move_id":"104","pokemon_move_method_id":"4","level":"0","pokemon_id":"103"}{"order":"","version_group_id":"2","move_id":"115","pokemon_move_method_id":"4","level":"0","pokemon_id":"103"}{"order":"","version_group_id":"2","move_id":"117","pokemon_move_method_id":"4","level":"0","pokemon_id":"103"}{"order":"","version_group_id":"2","move_id":"120","pokemon_move_method_id":"4","level":"0","pokemon_id":"103"}{"order":"","version_group_id":"2","move_id":"121","pokemon_move_method_id":"4","level":"0","pokemon_id":"103"}{"order":"1","version_group_id":"2","move_id":"140","pokemon_move_method_id":"1","level":"1","pokemon_id":"103"}{"order":"","version_group_id":"2","move_id":"149","pokemon_move_method_id":"4","level":"0","pokemon_id":"103"}{"order":"","version_group_id":"2","move_id":"153","pokemon_move_method_id":"4","level":"0","pokemon_id":"103"}{"order":"","version_group_id":"2","move_id":"156","pokemon_move_method_id":"4","level":"0","pokemon_id":"103"}{"order":"","version_group_id":"2","move_id":"164","pokemon_move_method_id":"4","level":"0","pokemon_id":"103"}{"order":"","version_group_id":"3","move_id":"23","pokemon_move_method_id":"1","level":"19","pokemon_id":"103"}{"order":"","version_group_id":"3","move_id":"29","pokemon_move_method_id":"4","level":"0","pokemon_id":"103"}{"order":"","version_group_id":"3","move_id":"63","pokemon_move_method_id":"4","level":"0","pokemon_id":"103"}{"order":"","version_group_id":"3","move_id":"70","pokemon_move_method_id":"4","level":"0","pokemon_id":"103"}{"order":"","version_group_id":"3","move_id":"76","pokemon_move_method_id":"4","level":"0","pokemon_id":"103"}{"order":"","version_group_id":"3","move_id":"92","pokemon_move_method_id":"4","level":"0","pokemon_id":"103"}{"order":"3","version_group_id":"3","move_id":"93","pokemon_move_method_id":"1","level":"1","pokemon_id":"103"}{"order":"","version_group_id":"3","move_id":"94","pokemon_move_method_id":"4","level":"0","pokemon_id":"103"}{"order":"2","version_group_id":"3","move_id":"95","pokemon_move_method_id":"1","level":"1","pokemon_id":"103"}{"order":"","version_group_id":"3","move_id":"104","pokemon_move_method_id":"4","level":"0","pokemon_id":"103"}{"order":"","version_group_id":"3","move_id":"121","pokemon_move_method_id":"1","level":"31","pokemon_id":"103"}{"order":"","version_group_id":"3","move_id":"138","pokemon_move_method_id":"4","level":"0","pokemon_id":"103"}{"order":"1","version_group_id":"3","move_id":"140","pokemon_move_method_id":"1","level":"1","pokemon_id":"103"}{"order":"","version_group_id":"3","move_id":"148","pokemon_move_method_id":"4","level":"0","pokemon_id":"103"}{"order":"","version_group_id":"3","move_id":"156","pokemon_move_method_id":"4","level":"0","pokemon_id":"103"}{"order":"","version_group_id":"3","move_id":"168","pokemon_move_method_id":"4","level":"0","pokemon_id":"103"}{"order":"","version_group_id":"3","move_id":"171","pokemon_move_method_id":"4","level":"0","pokemon_id":"103"}{"order":"","version_group_id":"3","move_id":"173","pokemon_move_method_id":"4","level":"0","pokemon_id":"103"}{"order":"","version_group_id":"3","move_id":"174","pokemon_move_method_id":"4","level":"0","pokemon_id":"103"}{"order":"","version_group_id":"3","move_id":"182","pokemon_move_method_id":"4","level":"0","pokemon_id":"103"}{"order":"","version_group_id":"3","move_id":"188","pokemon_move_method_id":"4","level":"0","pokemon_id":"103"}{"order":"","version_group_id":"3","move_id":"202","pokemon_move_method_id":"4","level":"0","pokemon_id":"103"}{"order":"","version_group_id":"3","move_id":"203","pokemon_move_method_id":"4","level":"0","pokemon_id":"103"}{"order":"","version_group_id":"3","move_id":"205","pokemon_move_method_id":"4","level":"0","pokemon_id":"103"}{"order":"","version_group_id":"3","move_id":"207","pokemon_move_method_id":"4","level":"0","pokemon_id":"103"}{"order":"","version_group_id":"3","move_id":"213","pokemon_move_method_id":"4","level":"0","pokemon_id":"103"}{"order":"","version_group_id":"3","move_id":"214","pokemon_move_method_id":"4","level":"0","pokemon_id":"103"}{"order":"","version_group_id":"3","move_id":"216","pokemon_move_method_id":"4","level":"0","pokemon_id":"103"}{"order":"","version_group_id":"3","move_id":"218","pokemon_move_method_id":"4","level":"0","pokemon_id":"103"}{"order":"","version_group_id":"3","move_id":"237","pokemon_move_method_id":"4","level":"0","pokemon_id":"103"}{"order":"","version_group_id":"3","move_id":"241","pokemon_move_method_id":"4","level":"0","pokemon_id":"103"}{"order":"","version_group_id":"3","move_id":"244","pokemon_move_method_id":"4","level":"0","pokemon_id":"103"}{"order":"","version_group_id":"4","move_id":"23","pokemon_move_method_id":"1","level":"19","pokemon_id":"103"}{"order":"","version_group_id":"4","move_id":"29","pokemon_move_method_id":"4","level":"0","pokemon_id":"103"}{"order":"","version_group_id":"4","move_id":"63","pokemon_move_method_id":"4","level":"0","pokemon_id":"103"}{"order":"","version_group_id":"4","move_id":"70","pokemon_move_method_id":"4","level":"0","pokemon_id":"103"}{"order":"","version_group_id":"4","move_id":"76","pokemon_move_method_id":"4","level":"0","pokemon_id":"103"}{"order":"","version_group_id":"4","move_id":"92","pokemon_move_method_id":"4","level":"0","pokemon_id":"103"}{"order":"3","version_group_id":"4","move_id":"93","pokemon_move_method_id":"1","level":"1","pokemon_id":"103"}{"order":"","version_group_id":"4","move_id":"94","pokemon_move_method_id":"4","level":"0","pokemon_id":"103"}{"order":"2","version_group_id":"4","move_id":"95","pokemon_move_method_id":"1","level":"1","pokemon_id":"103"}{"order":"","version_group_id":"4","move_id":"104","pokemon_move_method_id":"4","level":"0","pokemon_id":"103"}{"order":"","version_group_id":"4","move_id":"121","pokemon_move_method_id":"1","level":"31","pokemon_id":"103"}{"order":"","version_group_id":"4","move_id":"138","pokemon_move_method_id":"4","level":"0","pokemon_id":"103"}{"order":"1","version_group_id":"4","move_id":"140","pokemon_move_method_id":"1","level":"1","pokemon_id":"103"}{"order":"","version_group_id":"4","move_id":"148","pokemon_move_method_id":"4","level":"0","pokemon_id":"103"}{"order":"","version_group_id":"4","move_id":"156","pokemon_move_method_id":"4","level":"0","pokemon_id":"103"}{"order":"","version_group_id":"4","move_id":"168","pokemon_move_method_id":"4","level":"0","pokemon_id":"103"}{"order":"","version_group_id":"4","move_id":"171","pokemon_move_method_id":"4","level":"0","pokemon_id":"103"}{"order":"","version_group_id":"4","move_id":"173","pokemon_move_method_id":"4","level":"0","pokemon_id":"103"}{"order":"","version_group_id":"4","move_id":"174","pokemon_move_method_id":"4","level":"0","pokemon_id":"103"}{"order":"","version_group_id":"4","move_id":"182","pokemon_move_method_id":"4","level":"0","pokemon_id":"103"}{"order":"","version_group_id":"4","move_id":"188","pokemon_move_method_id":"4","level":"0","pokemon_id":"103"}{"order":"","version_group_id":"4","move_id":"202","pokemon_move_method_id":"4","level":"0","pokemon_id":"103"}{"order":"","version_group_id":"4","move_id":"203","pokemon_move_method_id":"4","level":"0","pokemon_id":"103"}{"order":"","version_group_id":"4","move_id":"205","pokemon_move_method_id":"4","level":"0","pokemon_id":"103"}{"order":"","version_group_id":"4","move_id":"207","pokemon_move_method_id":"4","level":"0","pokemon_id":"103"}{"order":"","version_group_id":"4","move_id":"213","pokemon_move_method_id":"4","level":"0","pokemon_id":"103"}{"order":"","version_group_id":"4","move_id":"214","pokemon_move_method_id":"4","level":"0","pokemon_id":"103"}{"order":"","version_group_id":"4","move_id":"216","pokemon_move_method_id":"4","level":"0","pokemon_id":"103"}{"order":"","version_group_id":"4","move_id":"218","pokemon_move_method_id":"4","level":"0","pokemon_id":"103"}{"order":"","version_group_id":"4","move_id":"237","pokemon_move_method_id":"4","level":"0","pokemon_id":"103"}{"order":"","version_group_id":"4","move_id":"241","pokemon_move_method_id":"4","level":"0","pokemon_id":"103"}{"order":"","version_group_id":"4","move_id":"244","pokemon_move_method_id":"4","level":"0","pokemon_id":"103"}{"order":"","version_group_id":"5","move_id":"23","pokemon_move_method_id":"1","level":"19","pokemon_id":"103"}{"order":"","version_group_id":"5","move_id":"63","pokemon_move_method_id":"4","level":"0","pokemon_id":"103"}{"order":"","version_group_id":"5","move_id":"70","pokemon_move_method_id":"4","level":"0","pokemon_id":"103"}{"order":"","version_group_id":"5","move_id":"76","pokemon_move_method_id":"4","level":"0","pokemon_id":"103"}{"order":"","version_group_id":"5","move_id":"92","pokemon_move_method_id":"4","level":"0","pokemon_id":"103"}{"order":"3","version_group_id":"5","move_id":"93","pokemon_move_method_id":"1","level":"1","pokemon_id":"103"}{"order":"","version_group_id":"5","move_id":"94","pokemon_move_method_id":"4","level":"0","pokemon_id":"103"}{"order":"2","version_group_id":"5","move_id":"95","pokemon_move_method_id":"1","level":"1","pokemon_id":"103"}{"order":"","version_group_id":"5","move_id":"104","pokemon_move_method_id":"4","level":"0","pokemon_id":"103"}{"order":"","version_group_id":"5","move_id":"113","pokemon_move_method_id":"4","level":"0","pokemon_id":"103"}{"order":"","version_group_id":"5","move_id":"115","pokemon_move_method_id":"4","level":"0","pokemon_id":"103"}{"order":"","version_group_id":"5","move_id":"121","pokemon_move_method_id":"1","level":"31","pokemon_id":"103"}{"order":"1","version_group_id":"5","move_id":"140","pokemon_move_method_id":"1","level":"1","pokemon_id":"103"}{"order":"","version_group_id":"5","move_id":"148","pokemon_move_method_id":"4","level":"0","pokemon_id":"103"}{"order":"","version_group_id":"5","move_id":"156","pokemon_move_method_id":"4","level":"0","pokemon_id":"103"}{"order":"","version_group_id":"5","move_id":"168","pokemon_move_method_id":"4","level":"0","pokemon_id":"103"}{"order":"","version_group_id":"5","move_id":"182","pokemon_move_method_id":"4","level":"0","pokemon_id":"103"}{"order":"","version_group_id":"5","move_id":"188","pokemon_move_method_id":"4","level":"0","pokemon_id":"103"}{"order":"","version_group_id":"5","move_id":"202","pokemon_move_method_id":"4","level":"0","pokemon_id":"103"}{"order":"","version_group_id":"5","move_id":"213","pokemon_move_method_id":"4","level":"0","pokemon_id":"103"}{"order":"","version_group_id":"5","move_id":"216","pokemon_move_method_id":"4","level":"0","pokemon_id":"103"}{"order":"","version_group_id":"5","move_id":"218","pokemon_move_method_id":"4","level":"0","pokemon_id":"103"}{"order":"","version_group_id":"5","move_id":"237","pokemon_move_method_id":"4","level":"0","pokemon_id":"103"}{"order":"","version_group_id":"5","move_id":"241","pokemon_move_method_id":"4","level":"0","pokemon_id":"103"}{"order":"","version_group_id":"5","move_id":"263","pokemon_move_method_id":"4","level":"0","pokemon_id":"103"}{"order":"","version_group_id":"5","move_id":"285","pokemon_move_method_id":"4","level":"0","pokemon_id":"103"}{"order":"","version_group_id":"5","move_id":"290","pokemon_move_method_id":"4","level":"0","pokemon_id":"103"}{"order":"","version_group_id":"5","move_id":"331","pokemon_move_method_id":"4","level":"0","pokemon_id":"103"}{"order":"","version_group_id":"6","move_id":"23","pokemon_move_method_id":"1","level":"19","pokemon_id":"103"}{"order":"","version_group_id":"6","move_id":"38","pokemon_move_method_id":"3","level":"0","pokemon_id":"103"}{"order":"","version_group_id":"6","move_id":"63","pokemon_move_method_id":"4","level":"0","pokemon_id":"103"}{"order":"","version_group_id":"6","move_id":"70","pokemon_move_method_id":"4","level":"0","pokemon_id":"103"}{"order":"","version_group_id":"6","move_id":"76","pokemon_move_method_id":"4","level":"0","pokemon_id":"103"}{"order":"","version_group_id":"6","move_id":"92","pokemon_move_method_id":"4","level":"0","pokemon_id":"103"}{"order":"3","version_group_id":"6","move_id":"93","pokemon_move_method_id":"1","level":"1","pokemon_id":"103"}{"order":"","version_group_id":"6","move_id":"94","pokemon_move_method_id":"4","level":"0","pokemon_id":"103"}{"order":"2","version_group_id":"6","move_id":"95","pokemon_move_method_id":"1","level":"1","pokemon_id":"103"}{"order":"","version_group_id":"6","move_id":"102","pokemon_move_method_id":"3","level":"0","pokemon_id":"103"}{"order":"","version_group_id":"6","move_id":"104","pokemon_move_method_id":"4","level":"0","pokemon_id":"103"}{"order":"","version_group_id":"6","move_id":"113","pokemon_move_method_id":"4","level":"0","pokemon_id":"103"}{"order":"","version_group_id":"6","move_id":"115","pokemon_move_method_id":"4","level":"0","pokemon_id":"103"}{"order":"","version_group_id":"6","move_id":"121","pokemon_move_method_id":"1","level":"31","pokemon_id":"103"}{"order":"","version_group_id":"6","move_id":"138","pokemon_move_method_id":"3","level":"0","pokemon_id":"103"}{"order":"1","version_group_id":"6","move_id":"140","pokemon_move_method_id":"1","level":"1","pokemon_id":"103"}{"order":"","version_group_id":"6","move_id":"148","pokemon_move_method_id":"4","level":"0","pokemon_id":"103"}{"order":"","version_group_id":"6","move_id":"153","pokemon_move_method_id":"3","level":"0","pokemon_id":"103"}{"order":"","version_group_id":"6","move_id":"156","pokemon_move_method_id":"4","level":"0","pokemon_id":"103"}{"order":"","version_group_id":"6","move_id":"164","pokemon_move_method_id":"3","level":"0","pokemon_id":"103"}{"order":"","version_group_id":"6","move_id":"168","pokemon_move_method_id":"4","level":"0","pokemon_id":"103"}{"order":"","version_group_id":"6","move_id":"173","pokemon_move_method_id":"3","level":"0","pokemon_id":"103"}{"order":"","version_group_id":"6","move_id":"182","pokemon_move_method_id":"4","level":"0","pokemon_id":"103"}{"order":"","version_group_id":"6","move_id":"188","pokemon_move_method_id":"4","level":"0","pokemon_id":"103"}{"order":"","version_group_id":"6","move_id":"202","pokemon_move_method_id":"4","level":"0","pokemon_id":"103"}{"order":"","version_group_id":"6","move_id":"203","pokemon_move_method_id":"3","level":"0","pokemon_id":"103"}{"order":"","version_group_id":"6","move_id":"205","pokemon_move_method_id":"3","level":"0","pokemon_id":"103"}{"order":"","version_group_id":"6","move_id":"207","pokemon_move_method_id":"3","level":"0","pokemon_id":"103"}{"order":"","version_group_id":"6","move_id":"213","pokemon_move_method_id":"4","level":"0","pokemon_id":"103"}{"order":"","version_group_id":"6","move_id":"214","pokemon_move_method_id":"3","level":"0","pokemon_id":"103"}{"order":"","version_group_id":"6","move_id":"216","pokemon_move_method_id":"4","level":"0","pokemon_id":"103"}{"order":"","version_group_id":"6","move_id":"218","pokemon_move_method_id":"4","level":"0","pokemon_id":"103"}{"order":"","version_group_id":"6","move_id":"237","pokemon_move_method_id":"4","level":"0","pokemon_id":"103"}{"order":"","version_group_id":"6","move_id":"241","pokemon_move_method_id":"4","level":"0","pokemon_id":"103"}{"order":"","version_group_id":"6","move_id":"244","pokemon_move_method_id":"3","level":"0","pokemon_id":"103"}{"order":"","version_group_id":"6","move_id":"263","pokemon_move_method_id":"4","level":"0","pokemon_id":"103"}{"order":"","version_group_id":"6","move_id":"285","pokemon_move_method_id":"4","level":"0","pokemon_id":"103"}{"order":"","version_group_id":"6","move_id":"290","pokemon_move_method_id":"4","level":"0","pokemon_id":"103"}{"order":"","version_group_id":"6","move_id":"331","pokemon_move_method_id":"4","level":"0","pokemon_id":"103"}{"order":"","version_group_id":"7","move_id":"23","pokemon_move_method_id":"1","level":"19","pokemon_id":"103"}{"order":"","version_group_id":"7","move_id":"38","pokemon_move_method_id":"3","level":"0","pokemon_id":"103"}{"order":"","version_group_id":"7","move_id":"63","pokemon_move_method_id":"4","level":"0","pokemon_id":"103"}{"order":"","version_group_id":"7","move_id":"70","pokemon_move_method_id":"4","level":"0","pokemon_id":"103"}{"order":"","version_group_id":"7","move_id":"76","pokemon_move_method_id":"4","level":"0","pokemon_id":"103"}{"order":"","version_group_id":"7","move_id":"92","pokemon_move_method_id":"4","level":"0","pokemon_id":"103"}{"order":"3","version_group_id":"7","move_id":"93","pokemon_move_method_id":"1","level":"1","pokemon_id":"103"}{"order":"","version_group_id":"7","move_id":"94","pokemon_move_method_id":"4","level":"0","pokemon_id":"103"}{"order":"2","version_group_id":"7","move_id":"95","pokemon_move_method_id":"1","level":"1","pokemon_id":"103"}{"order":"","version_group_id":"7","move_id":"102","pokemon_move_method_id":"3","level":"0","pokemon_id":"103"}{"order":"","version_group_id":"7","move_id":"104","pokemon_move_method_id":"4","level":"0","pokemon_id":"103"}{"order":"","version_group_id":"7","move_id":"113","pokemon_move_method_id":"4","level":"0","pokemon_id":"103"}{"order":"","version_group_id":"7","move_id":"115","pokemon_move_method_id":"4","level":"0","pokemon_id":"103"}{"order":"","version_group_id":"7","move_id":"121","pokemon_move_method_id":"1","level":"31","pokemon_id":"103"}{"order":"","version_group_id":"7","move_id":"138","pokemon_move_method_id":"3","level":"0","pokemon_id":"103"}{"order":"1","version_group_id":"7","move_id":"140","pokemon_move_method_id":"1","level":"1","pokemon_id":"103"}{"order":"","version_group_id":"7","move_id":"148","pokemon_move_method_id":"4","level":"0","pokemon_id":"103"}{"order":"","version_group_id":"7","move_id":"153","pokemon_move_method_id":"3","level":"0","pokemon_id":"103"}{"order":"","version_group_id":"7","move_id":"156","pokemon_move_method_id":"4","level":"0","pokemon_id":"103"}{"order":"","version_group_id":"7","move_id":"164","pokemon_move_method_id":"3","level":"0","pokemon_id":"103"}{"order":"","version_group_id":"7","move_id":"168","pokemon_move_method_id":"4","level":"0","pokemon_id":"103"}{"order":"","version_group_id":"7","move_id":"182","pokemon_move_method_id":"4","level":"0","pokemon_id":"103"}{"order":"","version_group_id":"7","move_id":"188","pokemon_move_method_id":"4","level":"0","pokemon_id":"103"}{"order":"","version_group_id":"7","move_id":"202","pokemon_move_method_id":"4","level":"0","pokemon_id":"103"}{"order":"","version_group_id":"7","move_id":"213","pokemon_move_method_id":"4","level":"0","pokemon_id":"103"}{"order":"","version_group_id":"7","move_id":"216","pokemon_move_method_id":"4","level":"0","pokemon_id":"103"}{"order":"","version_group_id":"7","move_id":"218","pokemon_move_method_id":"4","level":"0","pokemon_id":"103"}{"order":"","version_group_id":"7","move_id":"237","pokemon_move_method_id":"4","level":"0","pokemon_id":"103"}{"order":"","version_group_id":"7","move_id":"241","pokemon_move_method_id":"4","level":"0","pokemon_id":"103"}{"order":"","version_group_id":"7","move_id":"263","pokemon_move_method_id":"4","level":"0","pokemon_id":"103"}{"order":"","version_group_id":"7","move_id":"285","pokemon_move_method_id":"4","level":"0","pokemon_id":"103"}{"order":"","version_group_id":"7","move_id":"290","pokemon_move_method_id":"4","level":"0","pokemon_id":"103"}{"order":"","version_group_id":"7","move_id":"331","pokemon_move_method_id":"4","level":"0","pokemon_id":"103"}{"order":"","version_group_id":"8","move_id":"14","pokemon_move_method_id":"4","level":"0","pokemon_id":"103"}{"order":"5","version_group_id":"8","move_id":"23","pokemon_move_method_id":"1","level":"1","pokemon_id":"103"}{"order":"","version_group_id":"8","move_id":"23","pokemon_move_method_id":"1","level":"17","pokemon_id":"103"}{"order":"","version_group_id":"8","move_id":"63","pokemon_move_method_id":"4","level":"0","pokemon_id":"103"}{"order":"","version_group_id":"8","move_id":"70","pokemon_move_method_id":"4","level":"0","pokemon_id":"103"}{"order":"","version_group_id":"8","move_id":"76","pokemon_move_method_id":"4","level":"0","pokemon_id":"103"}{"order":"","version_group_id":"8","move_id":"92","pokemon_move_method_id":"4","level":"0","pokemon_id":"103"}{"order":"4","version_group_id":"8","move_id":"93","pokemon_move_method_id":"1","level":"1","pokemon_id":"103"}{"order":"","version_group_id":"8","move_id":"94","pokemon_move_method_id":"4","level":"0","pokemon_id":"103"}{"order":"3","version_group_id":"8","move_id":"95","pokemon_move_method_id":"1","level":"1","pokemon_id":"103"}{"order":"","version_group_id":"8","move_id":"104","pokemon_move_method_id":"4","level":"0","pokemon_id":"103"}{"order":"","version_group_id":"8","move_id":"113","pokemon_move_method_id":"4","level":"0","pokemon_id":"103"}{"order":"","version_group_id":"8","move_id":"115","pokemon_move_method_id":"4","level":"0","pokemon_id":"103"}{"order":"","version_group_id":"8","move_id":"121","pokemon_move_method_id":"1","level":"27","pokemon_id":"103"}{"order":"","version_group_id":"8","move_id":"138","pokemon_move_method_id":"4","level":"0","pokemon_id":"103"}{"order":"2","version_group_id":"8","move_id":"140","pokemon_move_method_id":"1","level":"1","pokemon_id":"103"}{"order":"","version_group_id":"8","move_id":"148","pokemon_move_method_id":"4","level":"0","pokemon_id":"103"}{"order":"","version_group_id":"8","move_id":"153","pokemon_move_method_id":"4","level":"0","pokemon_id":"103"}{"order":"","version_group_id":"8","move_id":"156","pokemon_move_method_id":"4","level":"0","pokemon_id":"103"}{"order":"","version_group_id":"8","move_id":"164","pokemon_move_method_id":"4","level":"0","pokemon_id":"103"}{"order":"","version_group_id":"8","move_id":"168","pokemon_move_method_id":"4","level":"0","pokemon_id":"103"}{"order":"","version_group_id":"8","move_id":"182","pokemon_move_method_id":"4","level":"0","pokemon_id":"103"}{"order":"","version_group_id":"8","move_id":"188","pokemon_move_method_id":"4","level":"0","pokemon_id":"103"}{"order":"","version_group_id":"8","move_id":"202","pokemon_move_method_id":"4","level":"0","pokemon_id":"103"}{"order":"","version_group_id":"8","move_id":"203","pokemon_move_method_id":"4","level":"0","pokemon_id":"103"}{"order":"","version_group_id":"8","move_id":"207","pokemon_move_method_id":"4","level":"0","pokemon_id":"103"}{"order":"","version_group_id":"8","move_id":"213","pokemon_move_method_id":"4","level":"0","pokemon_id":"103"}{"order":"","version_group_id":"8","move_id":"214","pokemon_move_method_id":"4","level":"0","pokemon_id":"103"}{"order":"","version_group_id":"8","move_id":"216","pokemon_move_method_id":"4","level":"0","pokemon_id":"103"}{"order":"","version_group_id":"8","move_id":"218","pokemon_move_method_id":"4","level":"0","pokemon_id":"103"}{"order":"","version_group_id":"8","move_id":"237","pokemon_move_method_id":"4","level":"0","pokemon_id":"103"}{"order":"","version_group_id":"8","move_id":"241","pokemon_move_method_id":"4","level":"0","pokemon_id":"103"}{"order":"","version_group_id":"8","move_id":"244","pokemon_move_method_id":"4","level":"0","pokemon_id":"103"}{"order":"","version_group_id":"8","move_id":"263","pokemon_move_method_id":"4","level":"0","pokemon_id":"103"}{"order":"","version_group_id":"8","move_id":"285","pokemon_move_method_id":"4","level":"0","pokemon_id":"103"}{"order":"","version_group_id":"8","move_id":"290","pokemon_move_method_id":"4","level":"0","pokemon_id":"103"}{"order":"","version_group_id":"8","move_id":"331","pokemon_move_method_id":"4","level":"0","pokemon_id":"103"}{"order":"","version_group_id":"8","move_id":"363","pokemon_move_method_id":"4","level":"0","pokemon_id":"103"}{"order":"1","version_group_id":"8","move_id":"402","pokemon_move_method_id":"1","level":"1","pokemon_id":"103"}{"order":"","version_group_id":"8","move_id":"412","pokemon_move_method_id":"4","level":"0","pokemon_id":"103"}{"order":"","version_group_id":"8","move_id":"416","pokemon_move_method_id":"4","level":"0","pokemon_id":"103"}{"order":"","version_group_id":"8","move_id":"433","pokemon_move_method_id":"4","level":"0","pokemon_id":"103"}{"order":"","version_group_id":"8","move_id":"437","pokemon_move_method_id":"1","level":"47","pokemon_id":"103"}{"order":"","version_group_id":"8","move_id":"445","pokemon_move_method_id":"4","level":"0","pokemon_id":"103"}{"order":"","version_group_id":"8","move_id":"447","pokemon_move_method_id":"4","level":"0","pokemon_id":"103"}{"order":"","version_group_id":"8","move_id":"452","pokemon_move_method_id":"1","level":"37","pokemon_id":"103"}{"order":"","version_group_id":"9","move_id":"14","pokemon_move_method_id":"4","level":"0","pokemon_id":"103"}{"order":"5","version_group_id":"9","move_id":"23","pokemon_move_method_id":"1","level":"1","pokemon_id":"103"}{"order":"","version_group_id":"9","move_id":"23","pokemon_move_method_id":"1","level":"17","pokemon_id":"103"}{"order":"","version_group_id":"9","move_id":"63","pokemon_move_method_id":"4","level":"0","pokemon_id":"103"}{"order":"","version_group_id":"9","move_id":"70","pokemon_move_method_id":"4","level":"0","pokemon_id":"103"}{"order":"","version_group_id":"9","move_id":"76","pokemon_move_method_id":"4","level":"0","pokemon_id":"103"}{"order":"","version_group_id":"9","move_id":"92","pokemon_move_method_id":"4","level":"0","pokemon_id":"103"}{"order":"4","version_group_id":"9","move_id":"93","pokemon_move_method_id":"1","level":"1","pokemon_id":"103"}{"order":"","version_group_id":"9","move_id":"94","pokemon_move_method_id":"4","level":"0","pokemon_id":"103"}{"order":"3","version_group_id":"9","move_id":"95","pokemon_move_method_id":"1","level":"1","pokemon_id":"103"}{"order":"","version_group_id":"9","move_id":"104","pokemon_move_method_id":"4","level":"0","pokemon_id":"103"}{"order":"","version_group_id":"9","move_id":"113","pokemon_move_method_id":"4","level":"0","pokemon_id":"103"}{"order":"","version_group_id":"9","move_id":"115","pokemon_move_method_id":"4","level":"0","pokemon_id":"103"}{"order":"","version_group_id":"9","move_id":"121","pokemon_move_method_id":"1","level":"27","pokemon_id":"103"}{"order":"","version_group_id":"9","move_id":"138","pokemon_move_method_id":"4","level":"0","pokemon_id":"103"}{"order":"2","version_group_id":"9","move_id":"140","pokemon_move_method_id":"1","level":"1","pokemon_id":"103"}{"order":"","version_group_id":"9","move_id":"148","pokemon_move_method_id":"4","level":"0","pokemon_id":"103"}{"order":"","version_group_id":"9","move_id":"153","pokemon_move_method_id":"4","level":"0","pokemon_id":"103"}{"order":"","version_group_id":"9","move_id":"156","pokemon_move_method_id":"4","level":"0","pokemon_id":"103"}{"order":"","version_group_id":"9","move_id":"164","pokemon_move_method_id":"4","level":"0","pokemon_id":"103"}{"order":"","version_group_id":"9","move_id":"168","pokemon_move_method_id":"4","level":"0","pokemon_id":"103"}{"order":"","version_group_id":"9","move_id":"173","pokemon_move_method_id":"3","level":"0","pokemon_id":"103"}{"order":"","version_group_id":"9","move_id":"182","pokemon_move_method_id":"4","level":"0","pokemon_id":"103"}{"order":"","version_group_id":"9","move_id":"188","pokemon_move_method_id":"4","level":"0","pokemon_id":"103"}{"order":"","version_group_id":"9","move_id":"202","pokemon_move_method_id":"4","level":"0","pokemon_id":"103"}{"order":"","version_group_id":"9","move_id":"203","pokemon_move_method_id":"4","level":"0","pokemon_id":"103"}{"order":"","version_group_id":"9","move_id":"205","pokemon_move_method_id":"3","level":"0","pokemon_id":"103"}{"order":"","version_group_id":"9","move_id":"207","pokemon_move_method_id":"4","level":"0","pokemon_id":"103"}{"order":"","version_group_id":"9","move_id":"213","pokemon_move_method_id":"4","level":"0","pokemon_id":"103"}{"order":"","version_group_id":"9","move_id":"214","pokemon_move_method_id":"4","level":"0","pokemon_id":"103"}{"order":"","version_group_id":"9","move_id":"216","pokemon_move_method_id":"4","level":"0","pokemon_id":"103"}{"order":"","version_group_id":"9","move_id":"218","pokemon_move_method_id":"4","level":"0","pokemon_id":"103"}{"order":"","version_group_id":"9","move_id":"235","pokemon_move_method_id":"3","level":"0","pokemon_id":"103"}{"order":"","version_group_id":"9","move_id":"237","pokemon_move_method_id":"4","level":"0","pokemon_id":"103"}{"order":"","version_group_id":"9","move_id":"241","pokemon_move_method_id":"4","level":"0","pokemon_id":"103"}{"order":"","version_group_id":"9","move_id":"244","pokemon_move_method_id":"4","level":"0","pokemon_id":"103"}{"order":"","version_group_id":"9","move_id":"246","pokemon_move_method_id":"3","level":"0","pokemon_id":"103"}{"order":"","version_group_id":"9","move_id":"263","pokemon_move_method_id":"4","level":"0","pokemon_id":"103"}{"order":"","version_group_id":"9","move_id":"285","pokemon_move_method_id":"4","level":"0","pokemon_id":"103"}{"order":"","version_group_id":"9","move_id":"290","pokemon_move_method_id":"4","level":"0","pokemon_id":"103"}{"order":"","version_group_id":"9","move_id":"331","pokemon_move_method_id":"4","level":"0","pokemon_id":"103"}{"order":"","version_group_id":"9","move_id":"363","pokemon_move_method_id":"4","level":"0","pokemon_id":"103"}{"order":"1","version_group_id":"9","move_id":"402","pokemon_move_method_id":"1","level":"1","pokemon_id":"103"}{"order":"","version_group_id":"9","move_id":"402","pokemon_move_method_id":"3","level":"0","pokemon_id":"103"}{"order":"","version_group_id":"9","move_id":"412","pokemon_move_method_id":"4","level":"0","pokemon_id":"103"}{"order":"","version_group_id":"9","move_id":"416","pokemon_move_method_id":"4","level":"0","pokemon_id":"103"}{"order":"","version_group_id":"9","move_id":"428","pokemon_move_method_id":"3","level":"0","pokemon_id":"103"}{"order":"","version_group_id":"9","move_id":"433","pokemon_move_method_id":"4","level":"0","pokemon_id":"103"}{"order":"","version_group_id":"9","move_id":"437","pokemon_move_method_id":"1","level":"47","pokemon_id":"103"}{"order":"","version_group_id":"9","move_id":"445","pokemon_move_method_id":"4","level":"0","pokemon_id":"103"}{"order":"","version_group_id":"9","move_id":"447","pokemon_move_method_id":"4","level":"0","pokemon_id":"103"}{"order":"","version_group_id":"9","move_id":"452","pokemon_move_method_id":"1","level":"37","pokemon_id":"103"}{"order":"","version_group_id":"10","move_id":"14","pokemon_move_method_id":"4","level":"0","pokemon_id":"103"}{"order":"5","version_group_id":"10","move_id":"23","pokemon_move_method_id":"1","level":"1","pokemon_id":"103"}{"order":"","version_group_id":"10","move_id":"23","pokemon_move_method_id":"1","level":"17","pokemon_id":"103"}{"order":"","version_group_id":"10","move_id":"29","pokemon_move_method_id":"3","level":"0","pokemon_id":"103"}{"order":"","version_group_id":"10","move_id":"63","pokemon_move_method_id":"4","level":"0","pokemon_id":"103"}{"order":"","version_group_id":"10","move_id":"67","pokemon_move_method_id":"3","level":"0","pokemon_id":"103"}{"order":"","version_group_id":"10","move_id":"70","pokemon_move_method_id":"4","level":"0","pokemon_id":"103"}{"order":"","version_group_id":"10","move_id":"76","pokemon_move_method_id":"4","level":"0","pokemon_id":"103"}{"order":"","version_group_id":"10","move_id":"92","pokemon_move_method_id":"4","level":"0","pokemon_id":"103"}{"order":"4","version_group_id":"10","move_id":"93","pokemon_move_method_id":"1","level":"1","pokemon_id":"103"}{"order":"","version_group_id":"10","move_id":"94","pokemon_move_method_id":"4","level":"0","pokemon_id":"103"}{"order":"3","version_group_id":"10","move_id":"95","pokemon_move_method_id":"1","level":"1","pokemon_id":"103"}{"order":"","version_group_id":"10","move_id":"104","pokemon_move_method_id":"4","level":"0","pokemon_id":"103"}{"order":"","version_group_id":"10","move_id":"113","pokemon_move_method_id":"4","level":"0","pokemon_id":"103"}{"order":"","version_group_id":"10","move_id":"115","pokemon_move_method_id":"4","level":"0","pokemon_id":"103"}{"order":"","version_group_id":"10","move_id":"121","pokemon_move_method_id":"1","level":"27","pokemon_id":"103"}{"order":"","version_group_id":"10","move_id":"138","pokemon_move_method_id":"4","level":"0","pokemon_id":"103"}{"order":"2","version_group_id":"10","move_id":"140","pokemon_move_method_id":"1","level":"1","pokemon_id":"103"}{"order":"","version_group_id":"10","move_id":"148","pokemon_move_method_id":"4","level":"0","pokemon_id":"103"}{"order":"","version_group_id":"10","move_id":"153","pokemon_move_method_id":"4","level":"0","pokemon_id":"103"}{"order":"","version_group_id":"10","move_id":"156","pokemon_move_method_id":"4","level":"0","pokemon_id":"103"}{"order":"","version_group_id":"10","move_id":"164","pokemon_move_method_id":"4","level":"0","pokemon_id":"103"}{"order":"","version_group_id":"10","move_id":"168","pokemon_move_method_id":"4","level":"0","pokemon_id":"103"}{"order":"","version_group_id":"10","move_id":"173","pokemon_move_method_id":"3","level":"0","pokemon_id":"103"}{"order":"","version_group_id":"10","move_id":"182","pokemon_move_method_id":"4","level":"0","pokemon_id":"103"}{"order":"","version_group_id":"10","move_id":"188","pokemon_move_method_id":"4","level":"0","pokemon_id":"103"}{"order":"","version_group_id":"10","move_id":"202","pokemon_move_method_id":"4","level":"0","pokemon_id":"103"}{"order":"","version_group_id":"10","move_id":"203","pokemon_move_method_id":"4","level":"0","pokemon_id":"103"}{"order":"","version_group_id":"10","move_id":"205","pokemon_move_method_id":"3","level":"0","pokemon_id":"103"}{"order":"","version_group_id":"10","move_id":"207","pokemon_move_method_id":"4","level":"0","pokemon_id":"103"}{"order":"","version_group_id":"10","move_id":"213","pokemon_move_method_id":"4","level":"0","pokemon_id":"103"}{"order":"","version_group_id":"10","move_id":"214","pokemon_move_method_id":"4","level":"0","pokemon_id":"103"}{"order":"","version_group_id":"10","move_id":"216","pokemon_move_method_id":"4","level":"0","pokemon_id":"103"}{"order":"","version_group_id":"10","move_id":"218","pokemon_move_method_id":"4","level":"0","pokemon_id":"103"}{"order":"","version_group_id":"10","move_id":"235","pokemon_move_method_id":"3","level":"0","pokemon_id":"103"}{"order":"","version_group_id":"10","move_id":"237","pokemon_move_method_id":"4","level":"0","pokemon_id":"103"}{"order":"","version_group_id":"10","move_id":"241","pokemon_move_method_id":"4","level":"0","pokemon_id":"103"}{"order":"","version_group_id":"10","move_id":"244","pokemon_move_method_id":"4","level":"0","pokemon_id":"103"}{"order":"","version_group_id":"10","move_id":"246","pokemon_move_method_id":"3","level":"0","pokemon_id":"103"}{"order":"","version_group_id":"10","move_id":"263","pokemon_move_method_id":"4","level":"0","pokemon_id":"103"}{"order":"","version_group_id":"10","move_id":"285","pokemon_move_method_id":"4","level":"0","pokemon_id":"103"}{"order":"","version_group_id":"10","move_id":"290","pokemon_move_method_id":"4","level":"0","pokemon_id":"103"}{"order":"","version_group_id":"10","move_id":"331","pokemon_move_method_id":"4","level":"0","pokemon_id":"103"}{"order":"","version_group_id":"10","move_id":"356","pokemon_move_method_id":"3","level":"0","pokemon_id":"103"}{"order":"","version_group_id":"10","move_id":"363","pokemon_move_method_id":"4","level":"0","pokemon_id":"103"}{"order":"","version_group_id":"10","move_id":"388","pokemon_move_method_id":"3","level":"0","pokemon_id":"103"}{"order":"1","version_group_id":"10","move_id":"402","pokemon_move_method_id":"1","level":"1","pokemon_id":"103"}{"order":"","version_group_id":"10","move_id":"402","pokemon_move_method_id":"3","level":"0","pokemon_id":"103"}{"order":"","version_group_id":"10","move_id":"412","pokemon_move_method_id":"4","level":"0","pokemon_id":"103"}{"order":"","version_group_id":"10","move_id":"416","pokemon_move_method_id":"4","level":"0","pokemon_id":"103"}{"order":"","version_group_id":"10","move_id":"428","pokemon_move_method_id":"3","level":"0","pokemon_id":"103"}{"order":"","version_group_id":"10","move_id":"433","pokemon_move_method_id":"4","level":"0","pokemon_id":"103"}{"order":"","version_group_id":"10","move_id":"437","pokemon_move_method_id":"1","level":"47","pokemon_id":"103"}{"order":"","version_group_id":"10","move_id":"445","pokemon_move_method_id":"4","level":"0","pokemon_id":"103"}{"order":"","version_group_id":"10","move_id":"447","pokemon_move_method_id":"4","level":"0","pokemon_id":"103"}{"order":"","version_group_id":"10","move_id":"452","pokemon_move_method_id":"1","level":"37","pokemon_id":"103"}{"order":"","version_group_id":"11","move_id":"14","pokemon_move_method_id":"4","level":"0","pokemon_id":"103"}{"order":"5","version_group_id":"11","move_id":"23","pokemon_move_method_id":"1","level":"1","pokemon_id":"103"}{"order":"","version_group_id":"11","move_id":"63","pokemon_move_method_id":"4","level":"0","pokemon_id":"103"}{"order":"","version_group_id":"11","move_id":"70","pokemon_move_method_id":"4","level":"0","pokemon_id":"103"}{"order":"","version_group_id":"11","move_id":"76","pokemon_move_method_id":"4","level":"0","pokemon_id":"103"}{"order":"","version_group_id":"11","move_id":"92","pokemon_move_method_id":"4","level":"0","pokemon_id":"103"}{"order":"4","version_group_id":"11","move_id":"93","pokemon_move_method_id":"1","level":"1","pokemon_id":"103"}{"order":"","version_group_id":"11","move_id":"94","pokemon_move_method_id":"4","level":"0","pokemon_id":"103"}{"order":"3","version_group_id":"11","move_id":"95","pokemon_move_method_id":"1","level":"1","pokemon_id":"103"}{"order":"","version_group_id":"11","move_id":"104","pokemon_move_method_id":"4","level":"0","pokemon_id":"103"}{"order":"","version_group_id":"11","move_id":"113","pokemon_move_method_id":"4","level":"0","pokemon_id":"103"}{"order":"","version_group_id":"11","move_id":"115","pokemon_move_method_id":"4","level":"0","pokemon_id":"103"}{"order":"","version_group_id":"11","move_id":"121","pokemon_move_method_id":"1","level":"27","pokemon_id":"103"}{"order":"","version_group_id":"11","move_id":"138","pokemon_move_method_id":"4","level":"0","pokemon_id":"103"}{"order":"2","version_group_id":"11","move_id":"140","pokemon_move_method_id":"1","level":"1","pokemon_id":"103"}{"order":"","version_group_id":"11","move_id":"148","pokemon_move_method_id":"4","level":"0","pokemon_id":"103"}{"order":"","version_group_id":"11","move_id":"153","pokemon_move_method_id":"4","level":"0","pokemon_id":"103"}{"order":"","version_group_id":"11","move_id":"156","pokemon_move_method_id":"4","level":"0","pokemon_id":"103"}{"order":"","version_group_id":"11","move_id":"164","pokemon_move_method_id":"4","level":"0","pokemon_id":"103"}{"order":"","version_group_id":"11","move_id":"168","pokemon_move_method_id":"4","level":"0","pokemon_id":"103"}{"order":"","version_group_id":"11","move_id":"182","pokemon_move_method_id":"4","level":"0","pokemon_id":"103"}{"order":"","version_group_id":"11","move_id":"188","pokemon_move_method_id":"4","level":"0","pokemon_id":"103"}{"order":"","version_group_id":"11","move_id":"207","pokemon_move_method_id":"4","level":"0","pokemon_id":"103"}{"order":"","version_group_id":"11","move_id":"213","pokemon_move_method_id":"4","level":"0","pokemon_id":"103"}{"order":"","version_group_id":"11","move_id":"216","pokemon_move_method_id":"4","level":"0","pokemon_id":"103"}{"order":"","version_group_id":"11","move_id":"218","pokemon_move_method_id":"4","level":"0","pokemon_id":"103"}{"order":"","version_group_id":"11","move_id":"237","pokemon_move_method_id":"4","level":"0","pokemon_id":"103"}{"order":"","version_group_id":"11","move_id":"241","pokemon_move_method_id":"4","level":"0","pokemon_id":"103"}{"order":"","version_group_id":"11","move_id":"244","pokemon_move_method_id":"4","level":"0","pokemon_id":"103"}{"order":"","version_group_id":"11","move_id":"263","pokemon_move_method_id":"4","level":"0","pokemon_id":"103"}{"order":"1","version_group_id":"11","move_id":"402","pokemon_move_method_id":"1","level":"1","pokemon_id":"103"}{"order":"","version_group_id":"11","move_id":"412","pokemon_move_method_id":"4","level":"0","pokemon_id":"103"}{"order":"","version_group_id":"11","move_id":"416","pokemon_move_method_id":"4","level":"0","pokemon_id":"103"}{"order":"","version_group_id":"11","move_id":"433","pokemon_move_method_id":"4","level":"0","pokemon_id":"103"}{"order":"","version_group_id":"11","move_id":"437","pokemon_move_method_id":"1","level":"47","pokemon_id":"103"}{"order":"","version_group_id":"11","move_id":"447","pokemon_move_method_id":"4","level":"0","pokemon_id":"103"}{"order":"","version_group_id":"11","move_id":"452","pokemon_move_method_id":"1","level":"37","pokemon_id":"103"}{"order":"","version_group_id":"11","move_id":"473","pokemon_move_method_id":"1","level":"17","pokemon_id":"103"}{"order":"","version_group_id":"11","move_id":"473","pokemon_move_method_id":"4","level":"0","pokemon_id":"103"}{"order":"","version_group_id":"11","move_id":"477","pokemon_move_method_id":"4","level":"0","pokemon_id":"103"}{"order":"","version_group_id":"11","move_id":"496","pokemon_move_method_id":"4","level":"0","pokemon_id":"103"}{"order":"","version_group_id":"12","move_id":"23","pokemon_move_method_id":"1","level":"19","pokemon_id":"103"}{"order":"","version_group_id":"12","move_id":"63","pokemon_move_method_id":"4","level":"0","pokemon_id":"103"}{"order":"","version_group_id":"12","move_id":"70","pokemon_move_method_id":"4","level":"0","pokemon_id":"103"}{"order":"","version_group_id":"12","move_id":"76","pokemon_move_method_id":"4","level":"0","pokemon_id":"103"}{"order":"","version_group_id":"12","move_id":"92","pokemon_move_method_id":"4","level":"0","pokemon_id":"103"}{"order":"3","version_group_id":"12","move_id":"93","pokemon_move_method_id":"1","level":"1","pokemon_id":"103"}{"order":"","version_group_id":"12","move_id":"94","pokemon_move_method_id":"4","level":"0","pokemon_id":"103"}{"order":"2","version_group_id":"12","move_id":"95","pokemon_move_method_id":"1","level":"1","pokemon_id":"103"}{"order":"","version_group_id":"12","move_id":"104","pokemon_move_method_id":"4","level":"0","pokemon_id":"103"}{"order":"","version_group_id":"12","move_id":"113","pokemon_move_method_id":"4","level":"0","pokemon_id":"103"}{"order":"","version_group_id":"12","move_id":"115","pokemon_move_method_id":"4","level":"0","pokemon_id":"103"}{"order":"","version_group_id":"12","move_id":"121","pokemon_move_method_id":"1","level":"31","pokemon_id":"103"}{"order":"1","version_group_id":"12","move_id":"140","pokemon_move_method_id":"1","level":"1","pokemon_id":"103"}{"order":"","version_group_id":"12","move_id":"148","pokemon_move_method_id":"4","level":"0","pokemon_id":"103"}{"order":"","version_group_id":"12","move_id":"156","pokemon_move_method_id":"4","level":"0","pokemon_id":"103"}{"order":"","version_group_id":"12","move_id":"168","pokemon_move_method_id":"4","level":"0","pokemon_id":"103"}{"order":"","version_group_id":"12","move_id":"182","pokemon_move_method_id":"4","level":"0","pokemon_id":"103"}{"order":"","version_group_id":"12","move_id":"188","pokemon_move_method_id":"4","level":"0","pokemon_id":"103"}{"order":"","version_group_id":"12","move_id":"202","pokemon_move_method_id":"4","level":"0","pokemon_id":"103"}{"order":"","version_group_id":"12","move_id":"213","pokemon_move_method_id":"4","level":"0","pokemon_id":"103"}{"order":"","version_group_id":"12","move_id":"216","pokemon_move_method_id":"4","level":"0","pokemon_id":"103"}{"order":"","version_group_id":"12","move_id":"218","pokemon_move_method_id":"4","level":"0","pokemon_id":"103"}{"order":"","version_group_id":"12","move_id":"237","pokemon_move_method_id":"4","level":"0","pokemon_id":"103"}{"order":"","version_group_id":"12","move_id":"241","pokemon_move_method_id":"4","level":"0","pokemon_id":"103"}{"order":"","version_group_id":"12","move_id":"263","pokemon_move_method_id":"4","level":"0","pokemon_id":"103"}{"order":"","version_group_id":"12","move_id":"285","pokemon_move_method_id":"4","level":"0","pokemon_id":"103"}{"order":"","version_group_id":"12","move_id":"290","pokemon_move_method_id":"4","level":"0","pokemon_id":"103"}{"order":"","version_group_id":"12","move_id":"331","pokemon_move_method_id":"4","level":"0","pokemon_id":"103"}{"order":"","version_group_id":"13","move_id":"23","pokemon_move_method_id":"1","level":"19","pokemon_id":"103"}{"order":"","version_group_id":"13","move_id":"38","pokemon_move_method_id":"3","level":"0","pokemon_id":"103"}{"order":"","version_group_id":"13","move_id":"63","pokemon_move_method_id":"4","level":"0","pokemon_id":"103"}{"order":"","version_group_id":"13","move_id":"70","pokemon_move_method_id":"4","level":"0","pokemon_id":"103"}{"order":"","version_group_id":"13","move_id":"76","pokemon_move_method_id":"4","level":"0","pokemon_id":"103"}{"order":"","version_group_id":"13","move_id":"92","pokemon_move_method_id":"4","level":"0","pokemon_id":"103"}{"order":"3","version_group_id":"13","move_id":"93","pokemon_move_method_id":"1","level":"1","pokemon_id":"103"}{"order":"","version_group_id":"13","move_id":"94","pokemon_move_method_id":"4","level":"0","pokemon_id":"103"}{"order":"2","version_group_id":"13","move_id":"95","pokemon_move_method_id":"1","level":"1","pokemon_id":"103"}{"order":"","version_group_id":"13","move_id":"102","pokemon_move_method_id":"3","level":"0","pokemon_id":"103"}{"order":"","version_group_id":"13","move_id":"104","pokemon_move_method_id":"4","level":"0","pokemon_id":"103"}{"order":"","version_group_id":"13","move_id":"113","pokemon_move_method_id":"4","level":"0","pokemon_id":"103"}{"order":"","version_group_id":"13","move_id":"115","pokemon_move_method_id":"4","level":"0","pokemon_id":"103"}{"order":"","version_group_id":"13","move_id":"120","pokemon_move_method_id":"3","level":"0","pokemon_id":"103"}{"order":"","version_group_id":"13","move_id":"121","pokemon_move_method_id":"1","level":"31","pokemon_id":"103"}{"order":"","version_group_id":"13","move_id":"138","pokemon_move_method_id":"3","level":"0","pokemon_id":"103"}{"order":"1","version_group_id":"13","move_id":"140","pokemon_move_method_id":"1","level":"1","pokemon_id":"103"}{"order":"","version_group_id":"13","move_id":"148","pokemon_move_method_id":"4","level":"0","pokemon_id":"103"}{"order":"","version_group_id":"13","move_id":"156","pokemon_move_method_id":"4","level":"0","pokemon_id":"103"}{"order":"","version_group_id":"13","move_id":"164","pokemon_move_method_id":"3","level":"0","pokemon_id":"103"}{"order":"","version_group_id":"13","move_id":"168","pokemon_move_method_id":"4","level":"0","pokemon_id":"103"}{"order":"","version_group_id":"13","move_id":"171","pokemon_move_method_id":"3","level":"0","pokemon_id":"103"}{"order":"","version_group_id":"13","move_id":"182","pokemon_move_method_id":"4","level":"0","pokemon_id":"103"}{"order":"","version_group_id":"13","move_id":"188","pokemon_move_method_id":"4","level":"0","pokemon_id":"103"}{"order":"","version_group_id":"13","move_id":"202","pokemon_move_method_id":"4","level":"0","pokemon_id":"103"}{"order":"","version_group_id":"13","move_id":"207","pokemon_move_method_id":"3","level":"0","pokemon_id":"103"}{"order":"","version_group_id":"13","move_id":"213","pokemon_move_method_id":"4","level":"0","pokemon_id":"103"}{"order":"","version_group_id":"13","move_id":"216","pokemon_move_method_id":"4","level":"0","pokemon_id":"103"}{"order":"","version_group_id":"13","move_id":"218","pokemon_move_method_id":"4","level":"0","pokemon_id":"103"}{"order":"","version_group_id":"13","move_id":"237","pokemon_move_method_id":"4","level":"0","pokemon_id":"103"}{"order":"","version_group_id":"13","move_id":"241","pokemon_move_method_id":"4","level":"0","pokemon_id":"103"}{"order":"","version_group_id":"13","move_id":"263","pokemon_move_method_id":"4","level":"0","pokemon_id":"103"}{"order":"","version_group_id":"13","move_id":"285","pokemon_move_method_id":"4","level":"0","pokemon_id":"103"}{"order":"","version_group_id":"13","move_id":"290","pokemon_move_method_id":"4","level":"0","pokemon_id":"103"}{"order":"","version_group_id":"13","move_id":"331","pokemon_move_method_id":"4","level":"0","pokemon_id":"103"}{"order":"","version_group_id":"14","move_id":"14","pokemon_move_method_id":"4","level":"0","pokemon_id":"103"}{"order":"5","version_group_id":"14","move_id":"23","pokemon_move_method_id":"1","level":"1","pokemon_id":"103"}{"order":"","version_group_id":"14","move_id":"63","pokemon_move_method_id":"4","level":"0","pokemon_id":"103"}{"order":"","version_group_id":"14","move_id":"67","pokemon_move_method_id":"3","level":"0","pokemon_id":"103"}{"order":"","version_group_id":"14","move_id":"70","pokemon_move_method_id":"4","level":"0","pokemon_id":"103"}{"order":"","version_group_id":"14","move_id":"76","pokemon_move_method_id":"4","level":"0","pokemon_id":"103"}{"order":"","version_group_id":"14","move_id":"92","pokemon_move_method_id":"4","level":"0","pokemon_id":"103"}{"order":"4","version_group_id":"14","move_id":"93","pokemon_move_method_id":"1","level":"1","pokemon_id":"103"}{"order":"","version_group_id":"14","move_id":"94","pokemon_move_method_id":"4","level":"0","pokemon_id":"103"}{"order":"3","version_group_id":"14","move_id":"95","pokemon_move_method_id":"1","level":"1","pokemon_id":"103"}{"order":"","version_group_id":"14","move_id":"104","pokemon_move_method_id":"4","level":"0","pokemon_id":"103"}{"order":"","version_group_id":"14","move_id":"113","pokemon_move_method_id":"4","level":"0","pokemon_id":"103"}{"order":"","version_group_id":"14","move_id":"115","pokemon_move_method_id":"4","level":"0","pokemon_id":"103"}{"order":"","version_group_id":"14","move_id":"121","pokemon_move_method_id":"1","level":"27","pokemon_id":"103"}{"order":"","version_group_id":"14","move_id":"138","pokemon_move_method_id":"4","level":"0","pokemon_id":"103"}{"order":"2","version_group_id":"14","move_id":"140","pokemon_move_method_id":"1","level":"1","pokemon_id":"103"}{"order":"","version_group_id":"14","move_id":"148","pokemon_move_method_id":"4","level":"0","pokemon_id":"103"}{"order":"","version_group_id":"14","move_id":"153","pokemon_move_method_id":"4","level":"0","pokemon_id":"103"}{"order":"","version_group_id":"14","move_id":"156","pokemon_move_method_id":"4","level":"0","pokemon_id":"103"}{"order":"","version_group_id":"14","move_id":"164","pokemon_move_method_id":"4","level":"0","pokemon_id":"103"}{"order":"","version_group_id":"14","move_id":"168","pokemon_move_method_id":"4","level":"0","pokemon_id":"103"}{"order":"","version_group_id":"14","move_id":"173","pokemon_move_method_id":"3","level":"0","pokemon_id":"103"}{"order":"","version_group_id":"14","move_id":"182","pokemon_move_method_id":"4","level":"0","pokemon_id":"103"}{"order":"","version_group_id":"14","move_id":"188","pokemon_move_method_id":"4","level":"0","pokemon_id":"103"}{"order":"","version_group_id":"14","move_id":"202","pokemon_move_method_id":"3","level":"0","pokemon_id":"103"}{"order":"","version_group_id":"14","move_id":"207","pokemon_move_method_id":"4","level":"0","pokemon_id":"103"}{"order":"","version_group_id":"14","move_id":"213","pokemon_move_method_id":"4","level":"0","pokemon_id":"103"}{"order":"","version_group_id":"14","move_id":"214","pokemon_move_method_id":"3","level":"0","pokemon_id":"103"}{"order":"","version_group_id":"14","move_id":"216","pokemon_move_method_id":"4","level":"0","pokemon_id":"103"}{"order":"","version_group_id":"14","move_id":"218","pokemon_move_method_id":"4","level":"0","pokemon_id":"103"}{"order":"","version_group_id":"14","move_id":"235","pokemon_move_method_id":"3","level":"0","pokemon_id":"103"}{"order":"","version_group_id":"14","move_id":"237","pokemon_move_method_id":"4","level":"0","pokemon_id":"103"}{"order":"","version_group_id":"14","move_id":"241","pokemon_move_method_id":"4","level":"0","pokemon_id":"103"}{"order":"","version_group_id":"14","move_id":"244","pokemon_move_method_id":"4","level":"0","pokemon_id":"103"}{"order":"","version_group_id":"14","move_id":"263","pokemon_move_method_id":"4","level":"0","pokemon_id":"103"}{"order":"","version_group_id":"14","move_id":"285","pokemon_move_method_id":"3","level":"0","pokemon_id":"103"}{"order":"","version_group_id":"14","move_id":"335","pokemon_move_method_id":"3","level":"0","pokemon_id":"103"}{"order":"","version_group_id":"14","move_id":"356","pokemon_move_method_id":"3","level":"0","pokemon_id":"103"}{"order":"","version_group_id":"14","move_id":"388","pokemon_move_method_id":"3","level":"0","pokemon_id":"103"}{"order":"1","version_group_id":"14","move_id":"402","pokemon_move_method_id":"1","level":"1","pokemon_id":"103"}{"order":"","version_group_id":"14","move_id":"402","pokemon_move_method_id":"3","level":"0","pokemon_id":"103"}{"order":"","version_group_id":"14","move_id":"412","pokemon_move_method_id":"4","level":"0","pokemon_id":"103"}{"order":"","version_group_id":"14","move_id":"416","pokemon_move_method_id":"4","level":"0","pokemon_id":"103"}{"order":"","version_group_id":"14","move_id":"428","pokemon_move_method_id":"3","level":"0","pokemon_id":"103"}{"order":"","version_group_id":"14","move_id":"433","pokemon_move_method_id":"4","level":"0","pokemon_id":"103"}{"order":"","version_group_id":"14","move_id":"437","pokemon_move_method_id":"1","level":"47","pokemon_id":"103"}{"order":"","version_group_id":"14","move_id":"447","pokemon_move_method_id":"4","level":"0","pokemon_id":"103"}{"order":"","version_group_id":"14","move_id":"452","pokemon_move_method_id":"1","level":"37","pokemon_id":"103"}{"order":"","version_group_id":"14","move_id":"473","pokemon_move_method_id":"1","level":"17","pokemon_id":"103"}{"order":"","version_group_id":"14","move_id":"473","pokemon_move_method_id":"4","level":"0","pokemon_id":"103"}{"order":"","version_group_id":"14","move_id":"477","pokemon_move_method_id":"4","level":"0","pokemon_id":"103"}{"order":"","version_group_id":"14","move_id":"496","pokemon_move_method_id":"4","level":"0","pokemon_id":"103"}{"order":"","version_group_id":"15","move_id":"14","pokemon_move_method_id":"4","level":"0","pokemon_id":"103"}{"order":"5","version_group_id":"15","move_id":"23","pokemon_move_method_id":"1","level":"1","pokemon_id":"103"}{"order":"","version_group_id":"15","move_id":"63","pokemon_move_method_id":"4","level":"0","pokemon_id":"103"}{"order":"","version_group_id":"15","move_id":"70","pokemon_move_method_id":"4","level":"0","pokemon_id":"103"}{"order":"","version_group_id":"15","move_id":"76","pokemon_move_method_id":"4","level":"0","pokemon_id":"103"}{"order":"","version_group_id":"15","move_id":"92","pokemon_move_method_id":"4","level":"0","pokemon_id":"103"}{"order":"4","version_group_id":"15","move_id":"93","pokemon_move_method_id":"1","level":"1","pokemon_id":"103"}{"order":"","version_group_id":"15","move_id":"94","pokemon_move_method_id":"4","level":"0","pokemon_id":"103"}{"order":"3","version_group_id":"15","move_id":"95","pokemon_move_method_id":"1","level":"1","pokemon_id":"103"}{"order":"","version_group_id":"15","move_id":"104","pokemon_move_method_id":"4","level":"0","pokemon_id":"103"}{"order":"","version_group_id":"15","move_id":"113","pokemon_move_method_id":"4","level":"0","pokemon_id":"103"}{"order":"","version_group_id":"15","move_id":"115","pokemon_move_method_id":"4","level":"0","pokemon_id":"103"}{"order":"","version_group_id":"15","move_id":"121","pokemon_move_method_id":"1","level":"27","pokemon_id":"103"}{"order":"","version_group_id":"15","move_id":"138","pokemon_move_method_id":"4","level":"0","pokemon_id":"103"}{"order":"2","version_group_id":"15","move_id":"140","pokemon_move_method_id":"1","level":"1","pokemon_id":"103"}{"order":"","version_group_id":"15","move_id":"148","pokemon_move_method_id":"4","level":"0","pokemon_id":"103"}{"order":"","version_group_id":"15","move_id":"153","pokemon_move_method_id":"4","level":"0","pokemon_id":"103"}{"order":"","version_group_id":"15","move_id":"156","pokemon_move_method_id":"4","level":"0","pokemon_id":"103"}{"order":"","version_group_id":"15","move_id":"157","pokemon_move_method_id":"4","level":"0","pokemon_id":"103"}{"order":"","version_group_id":"15","move_id":"164","pokemon_move_method_id":"4","level":"0","pokemon_id":"103"}{"order":"","version_group_id":"15","move_id":"168","pokemon_move_method_id":"4","level":"0","pokemon_id":"103"}{"order":"","version_group_id":"15","move_id":"182","pokemon_move_method_id":"4","level":"0","pokemon_id":"103"}{"order":"","version_group_id":"15","move_id":"188","pokemon_move_method_id":"4","level":"0","pokemon_id":"103"}{"order":"","version_group_id":"15","move_id":"207","pokemon_move_method_id":"4","level":"0","pokemon_id":"103"}{"order":"","version_group_id":"15","move_id":"213","pokemon_move_method_id":"4","level":"0","pokemon_id":"103"}{"order":"","version_group_id":"15","move_id":"214","pokemon_move_method_id":"4","level":"0","pokemon_id":"103"}{"order":"","version_group_id":"15","move_id":"216","pokemon_move_method_id":"4","level":"0","pokemon_id":"103"}{"order":"","version_group_id":"15","move_id":"218","pokemon_move_method_id":"4","level":"0","pokemon_id":"103"}{"order":"","version_group_id":"15","move_id":"237","pokemon_move_method_id":"4","level":"0","pokemon_id":"103"}{"order":"","version_group_id":"15","move_id":"241","pokemon_move_method_id":"4","level":"0","pokemon_id":"103"}{"order":"","version_group_id":"15","move_id":"244","pokemon_move_method_id":"4","level":"0","pokemon_id":"103"}{"order":"","version_group_id":"15","move_id":"263","pokemon_move_method_id":"4","level":"0","pokemon_id":"103"}{"order":"","version_group_id":"15","move_id":"267","pokemon_move_method_id":"4","level":"0","pokemon_id":"103"}{"order":"1","version_group_id":"15","move_id":"402","pokemon_move_method_id":"1","level":"1","pokemon_id":"103"}{"order":"","version_group_id":"15","move_id":"412","pokemon_move_method_id":"4","level":"0","pokemon_id":"103"}{"order":"","version_group_id":"15","move_id":"416","pokemon_move_method_id":"4","level":"0","pokemon_id":"103"}{"order":"","version_group_id":"15","move_id":"433","pokemon_move_method_id":"4","level":"0","pokemon_id":"103"}{"order":"","version_group_id":"15","move_id":"437","pokemon_move_method_id":"1","level":"47","pokemon_id":"103"}{"order":"","version_group_id":"15","move_id":"447","pokemon_move_method_id":"4","level":"0","pokemon_id":"103"}{"order":"","version_group_id":"15","move_id":"452","pokemon_move_method_id":"1","level":"37","pokemon_id":"103"}{"order":"","version_group_id":"15","move_id":"473","pokemon_move_method_id":"1","level":"17","pokemon_id":"103"}{"order":"","version_group_id":"15","move_id":"473","pokemon_move_method_id":"4","level":"0","pokemon_id":"103"}{"order":"","version_group_id":"15","move_id":"496","pokemon_move_method_id":"4","level":"0","pokemon_id":"103"}{"order":"","version_group_id":"15","move_id":"590","pokemon_move_method_id":"4","level":"0","pokemon_id":"103"}{"order":"","version_group_id":"15","move_id":"611","pokemon_move_method_id":"4","level":"0","pokemon_id":"103"}