{"order":"2","version_group_id":"1","move_id":"28","pokemon_move_method_id":"1","level":"1","pokemon_id":"136"}{"order":"1","version_group_id":"1","move_id":"33","pokemon_move_method_id":"1","level":"1","pokemon_id":"136"}{"order":"","version_group_id":"1","move_id":"34","pokemon_move_method_id":"4","level":"0","pokemon_id":"136"}{"order":"","version_group_id":"1","move_id":"36","pokemon_move_method_id":"4","level":"0","pokemon_id":"136"}{"order":"","version_group_id":"1","move_id":"38","pokemon_move_method_id":"4","level":"0","pokemon_id":"136"}{"order":"","version_group_id":"1","move_id":"39","pokemon_move_method_id":"1","level":"37","pokemon_id":"136"}{"order":"","version_group_id":"1","move_id":"43","pokemon_move_method_id":"1","level":"42","pokemon_id":"136"}{"order":"","version_group_id":"1","move_id":"44","pokemon_move_method_id":"1","level":"40","pokemon_id":"136"}{"order":"4","version_group_id":"1","move_id":"52","pokemon_move_method_id":"1","level":"1","pokemon_id":"136"}{"order":"","version_group_id":"1","move_id":"52","pokemon_move_method_id":"1","level":"31","pokemon_id":"136"}{"order":"","version_group_id":"1","move_id":"53","pokemon_move_method_id":"1","level":"54","pokemon_id":"136"}{"order":"","version_group_id":"1","move_id":"63","pokemon_move_method_id":"4","level":"0","pokemon_id":"136"}{"order":"","version_group_id":"1","move_id":"83","pokemon_move_method_id":"1","level":"44","pokemon_id":"136"}{"order":"","version_group_id":"1","move_id":"92","pokemon_move_method_id":"4","level":"0","pokemon_id":"136"}{"order":"3","version_group_id":"1","move_id":"98","pokemon_move_method_id":"1","level":"1","pokemon_id":"136"}{"order":"","version_group_id":"1","move_id":"98","pokemon_move_method_id":"1","level":"27","pokemon_id":"136"}{"order":"","version_group_id":"1","move_id":"99","pokemon_move_method_id":"1","level":"48","pokemon_id":"136"}{"order":"","version_group_id":"1","move_id":"99","pokemon_move_method_id":"4","level":"0","pokemon_id":"136"}{"order":"","version_group_id":"1","move_id":"102","pokemon_move_method_id":"4","level":"0","pokemon_id":"136"}{"order":"","version_group_id":"1","move_id":"104","pokemon_move_method_id":"4","level":"0","pokemon_id":"136"}{"order":"","version_group_id":"1","move_id":"115","pokemon_move_method_id":"4","level":"0","pokemon_id":"136"}{"order":"","version_group_id":"1","move_id":"117","pokemon_move_method_id":"4","level":"0","pokemon_id":"136"}{"order":"","version_group_id":"1","move_id":"126","pokemon_move_method_id":"4","level":"0","pokemon_id":"136"}{"order":"","version_group_id":"1","move_id":"129","pokemon_move_method_id":"4","level":"0","pokemon_id":"136"}{"order":"","version_group_id":"1","move_id":"130","pokemon_move_method_id":"4","level":"0","pokemon_id":"136"}{"order":"","version_group_id":"1","move_id":"156","pokemon_move_method_id":"4","level":"0","pokemon_id":"136"}{"order":"","version_group_id":"1","move_id":"164","pokemon_move_method_id":"4","level":"0","pokemon_id":"136"}{"order":"","version_group_id":"2","move_id":"28","pokemon_move_method_id":"1","level":"8","pokemon_id":"136"}{"order":"1","version_group_id":"2","move_id":"33","pokemon_move_method_id":"1","level":"1","pokemon_id":"136"}{"order":"","version_group_id":"2","move_id":"34","pokemon_move_method_id":"4","level":"0","pokemon_id":"136"}{"order":"","version_group_id":"2","move_id":"36","pokemon_move_method_id":"4","level":"0","pokemon_id":"136"}{"order":"","version_group_id":"2","move_id":"38","pokemon_move_method_id":"4","level":"0","pokemon_id":"136"}{"order":"2","version_group_id":"2","move_id":"39","pokemon_move_method_id":"1","level":"1","pokemon_id":"136"}{"order":"","version_group_id":"2","move_id":"43","pokemon_move_method_id":"1","level":"47","pokemon_id":"136"}{"order":"","version_group_id":"2","move_id":"44","pokemon_move_method_id":"1","level":"30","pokemon_id":"136"}{"order":"4","version_group_id":"2","move_id":"52","pokemon_move_method_id":"1","level":"1","pokemon_id":"136"}{"order":"","version_group_id":"2","move_id":"52","pokemon_move_method_id":"1","level":"16","pokemon_id":"136"}{"order":"","version_group_id":"2","move_id":"53","pokemon_move_method_id":"1","level":"52","pokemon_id":"136"}{"order":"","version_group_id":"2","move_id":"63","pokemon_move_method_id":"4","level":"0","pokemon_id":"136"}{"order":"","version_group_id":"2","move_id":"83","pokemon_move_method_id":"1","level":"36","pokemon_id":"136"}{"order":"","version_group_id":"2","move_id":"92","pokemon_move_method_id":"4","level":"0","pokemon_id":"136"}{"order":"3","version_group_id":"2","move_id":"98","pokemon_move_method_id":"1","level":"1","pokemon_id":"136"}{"order":"","version_group_id":"2","move_id":"98","pokemon_move_method_id":"1","level":"23","pokemon_id":"136"}{"order":"","version_group_id":"2","move_id":"99","pokemon_move_method_id":"4","level":"0","pokemon_id":"136"}{"order":"","version_group_id":"2","move_id":"102","pokemon_move_method_id":"4","level":"0","pokemon_id":"136"}{"order":"","version_group_id":"2","move_id":"104","pokemon_move_method_id":"4","level":"0","pokemon_id":"136"}{"order":"","version_group_id":"2","move_id":"115","pokemon_move_method_id":"4","level":"0","pokemon_id":"136"}{"order":"","version_group_id":"2","move_id":"117","pokemon_move_method_id":"4","level":"0","pokemon_id":"136"}{"order":"","version_group_id":"2","move_id":"123","pokemon_move_method_id":"1","level":"42","pokemon_id":"136"}{"order":"","version_group_id":"2","move_id":"126","pokemon_move_method_id":"4","level":"0","pokemon_id":"136"}{"order":"","version_group_id":"2","move_id":"129","pokemon_move_method_id":"4","level":"0","pokemon_id":"136"}{"order":"","version_group_id":"2","move_id":"130","pokemon_move_method_id":"4","level":"0","pokemon_id":"136"}{"order":"","version_group_id":"2","move_id":"156","pokemon_move_method_id":"4","level":"0","pokemon_id":"136"}{"order":"","version_group_id":"2","move_id":"164","pokemon_move_method_id":"4","level":"0","pokemon_id":"136"}{"order":"","version_group_id":"3","move_id":"28","pokemon_move_method_id":"1","level":"8","pokemon_id":"136"}{"order":"","version_group_id":"3","move_id":"29","pokemon_move_method_id":"4","level":"0","pokemon_id":"136"}{"order":"1","version_group_id":"3","move_id":"33","pokemon_move_method_id":"1","level":"1","pokemon_id":"136"}{"order":"2","version_group_id":"3","move_id":"39","pokemon_move_method_id":"1","level":"1","pokemon_id":"136"}{"order":"","version_group_id":"3","move_id":"43","pokemon_move_method_id":"1","level":"47","pokemon_id":"136"}{"order":"","version_group_id":"3","move_id":"44","pokemon_move_method_id":"1","level":"30","pokemon_id":"136"}{"order":"","version_group_id":"3","move_id":"46","pokemon_move_method_id":"4","level":"0","pokemon_id":"136"}{"order":"","version_group_id":"3","move_id":"52","pokemon_move_method_id":"1","level":"16","pokemon_id":"136"}{"order":"","version_group_id":"3","move_id":"53","pokemon_move_method_id":"1","level":"52","pokemon_id":"136"}{"order":"","version_group_id":"3","move_id":"63","pokemon_move_method_id":"4","level":"0","pokemon_id":"136"}{"order":"","version_group_id":"3","move_id":"83","pokemon_move_method_id":"1","level":"36","pokemon_id":"136"}{"order":"","version_group_id":"3","move_id":"92","pokemon_move_method_id":"4","level":"0","pokemon_id":"136"}{"order":"","version_group_id":"3","move_id":"98","pokemon_move_method_id":"1","level":"23","pokemon_id":"136"}{"order":"","version_group_id":"3","move_id":"104","pokemon_move_method_id":"4","level":"0","pokemon_id":"136"}{"order":"","version_group_id":"3","move_id":"123","pokemon_move_method_id":"1","level":"42","pokemon_id":"136"}{"order":"","version_group_id":"3","move_id":"126","pokemon_move_method_id":"4","level":"0","pokemon_id":"136"}{"order":"","version_group_id":"3","move_id":"129","pokemon_move_method_id":"4","level":"0","pokemon_id":"136"}{"order":"","version_group_id":"3","move_id":"156","pokemon_move_method_id":"4","level":"0","pokemon_id":"136"}{"order":"","version_group_id":"3","move_id":"173","pokemon_move_method_id":"4","level":"0","pokemon_id":"136"}{"order":"","version_group_id":"3","move_id":"174","pokemon_move_method_id":"4","level":"0","pokemon_id":"136"}{"order":"","version_group_id":"3","move_id":"182","pokemon_move_method_id":"4","level":"0","pokemon_id":"136"}{"order":"","version_group_id":"3","move_id":"189","pokemon_move_method_id":"4","level":"0","pokemon_id":"136"}{"order":"","version_group_id":"3","move_id":"192","pokemon_move_method_id":"4","level":"0","pokemon_id":"136"}{"order":"","version_group_id":"3","move_id":"197","pokemon_move_method_id":"4","level":"0","pokemon_id":"136"}{"order":"","version_group_id":"3","move_id":"203","pokemon_move_method_id":"4","level":"0","pokemon_id":"136"}{"order":"","version_group_id":"3","move_id":"207","pokemon_move_method_id":"4","level":"0","pokemon_id":"136"}{"order":"","version_group_id":"3","move_id":"213","pokemon_move_method_id":"4","level":"0","pokemon_id":"136"}{"order":"","version_group_id":"3","move_id":"214","pokemon_move_method_id":"4","level":"0","pokemon_id":"136"}{"order":"","version_group_id":"3","move_id":"216","pokemon_move_method_id":"4","level":"0","pokemon_id":"136"}{"order":"","version_group_id":"3","move_id":"218","pokemon_move_method_id":"4","level":"0","pokemon_id":"136"}{"order":"","version_group_id":"3","move_id":"231","pokemon_move_method_id":"4","level":"0","pokemon_id":"136"}{"order":"","version_group_id":"3","move_id":"237","pokemon_move_method_id":"4","level":"0","pokemon_id":"136"}{"order":"","version_group_id":"3","move_id":"240","pokemon_move_method_id":"4","level":"0","pokemon_id":"136"}{"order":"","version_group_id":"3","move_id":"241","pokemon_move_method_id":"4","level":"0","pokemon_id":"136"}{"order":"","version_group_id":"3","move_id":"247","pokemon_move_method_id":"4","level":"0","pokemon_id":"136"}{"order":"","version_group_id":"4","move_id":"28","pokemon_move_method_id":"1","level":"8","pokemon_id":"136"}{"order":"","version_group_id":"4","move_id":"29","pokemon_move_method_id":"4","level":"0","pokemon_id":"136"}{"order":"1","version_group_id":"4","move_id":"33","pokemon_move_method_id":"1","level":"1","pokemon_id":"136"}{"order":"2","version_group_id":"4","move_id":"39","pokemon_move_method_id":"1","level":"1","pokemon_id":"136"}{"order":"","version_group_id":"4","move_id":"43","pokemon_move_method_id":"1","level":"47","pokemon_id":"136"}{"order":"","version_group_id":"4","move_id":"44","pokemon_move_method_id":"1","level":"30","pokemon_id":"136"}{"order":"","version_group_id":"4","move_id":"46","pokemon_move_method_id":"4","level":"0","pokemon_id":"136"}{"order":"","version_group_id":"4","move_id":"52","pokemon_move_method_id":"1","level":"16","pokemon_id":"136"}{"order":"","version_group_id":"4","move_id":"53","pokemon_move_method_id":"1","level":"52","pokemon_id":"136"}{"order":"","version_group_id":"4","move_id":"53","pokemon_move_method_id":"3","level":"0","pokemon_id":"136"}{"order":"","version_group_id":"4","move_id":"63","pokemon_move_method_id":"4","level":"0","pokemon_id":"136"}{"order":"","version_group_id":"4","move_id":"83","pokemon_move_method_id":"1","level":"36","pokemon_id":"136"}{"order":"","version_group_id":"4","move_id":"92","pokemon_move_method_id":"4","level":"0","pokemon_id":"136"}{"order":"","version_group_id":"4","move_id":"98","pokemon_move_method_id":"1","level":"23","pokemon_id":"136"}{"order":"","version_group_id":"4","move_id":"104","pokemon_move_method_id":"4","level":"0","pokemon_id":"136"}{"order":"","version_group_id":"4","move_id":"123","pokemon_move_method_id":"1","level":"42","pokemon_id":"136"}{"order":"","version_group_id":"4","move_id":"126","pokemon_move_method_id":"4","level":"0","pokemon_id":"136"}{"order":"","version_group_id":"4","move_id":"129","pokemon_move_method_id":"4","level":"0","pokemon_id":"136"}{"order":"","version_group_id":"4","move_id":"156","pokemon_move_method_id":"4","level":"0","pokemon_id":"136"}{"order":"","version_group_id":"4","move_id":"173","pokemon_move_method_id":"4","level":"0","pokemon_id":"136"}{"order":"","version_group_id":"4","move_id":"174","pokemon_move_method_id":"4","level":"0","pokemon_id":"136"}{"order":"","version_group_id":"4","move_id":"182","pokemon_move_method_id":"4","level":"0","pokemon_id":"136"}{"order":"","version_group_id":"4","move_id":"189","pokemon_move_method_id":"4","level":"0","pokemon_id":"136"}{"order":"","version_group_id":"4","move_id":"192","pokemon_move_method_id":"4","level":"0","pokemon_id":"136"}{"order":"","version_group_id":"4","move_id":"197","pokemon_move_method_id":"4","level":"0","pokemon_id":"136"}{"order":"","version_group_id":"4","move_id":"203","pokemon_move_method_id":"4","level":"0","pokemon_id":"136"}{"order":"","version_group_id":"4","move_id":"207","pokemon_move_method_id":"4","level":"0","pokemon_id":"136"}{"order":"","version_group_id":"4","move_id":"213","pokemon_move_method_id":"4","level":"0","pokemon_id":"136"}{"order":"","version_group_id":"4","move_id":"214","pokemon_move_method_id":"4","level":"0","pokemon_id":"136"}{"order":"","version_group_id":"4","move_id":"216","pokemon_move_method_id":"4","level":"0","pokemon_id":"136"}{"order":"","version_group_id":"4","move_id":"218","pokemon_move_method_id":"4","level":"0","pokemon_id":"136"}{"order":"","version_group_id":"4","move_id":"231","pokemon_move_method_id":"4","level":"0","pokemon_id":"136"}{"order":"","version_group_id":"4","move_id":"237","pokemon_move_method_id":"4","level":"0","pokemon_id":"136"}{"order":"","version_group_id":"4","move_id":"240","pokemon_move_method_id":"4","level":"0","pokemon_id":"136"}{"order":"","version_group_id":"4","move_id":"241","pokemon_move_method_id":"4","level":"0","pokemon_id":"136"}{"order":"","version_group_id":"4","move_id":"247","pokemon_move_method_id":"4","level":"0","pokemon_id":"136"}{"order":"","version_group_id":"5","move_id":"28","pokemon_move_method_id":"1","level":"8","pokemon_id":"136"}{"order":"1","version_group_id":"5","move_id":"33","pokemon_move_method_id":"1","level":"1","pokemon_id":"136"}{"order":"2","version_group_id":"5","move_id":"39","pokemon_move_method_id":"1","level":"1","pokemon_id":"136"}{"order":"","version_group_id":"5","move_id":"43","pokemon_move_method_id":"1","level":"47","pokemon_id":"136"}{"order":"","version_group_id":"5","move_id":"44","pokemon_move_method_id":"1","level":"30","pokemon_id":"136"}{"order":"","version_group_id":"5","move_id":"46","pokemon_move_method_id":"4","level":"0","pokemon_id":"136"}{"order":"","version_group_id":"5","move_id":"52","pokemon_move_method_id":"1","level":"16","pokemon_id":"136"}{"order":"","version_group_id":"5","move_id":"53","pokemon_move_method_id":"1","level":"52","pokemon_id":"136"}{"order":"","version_group_id":"5","move_id":"53","pokemon_move_method_id":"4","level":"0","pokemon_id":"136"}{"order":"","version_group_id":"5","move_id":"63","pokemon_move_method_id":"4","level":"0","pokemon_id":"136"}{"order":"","version_group_id":"5","move_id":"83","pokemon_move_method_id":"1","level":"36","pokemon_id":"136"}{"order":"","version_group_id":"5","move_id":"91","pokemon_move_method_id":"4","level":"0","pokemon_id":"136"}{"order":"","version_group_id":"5","move_id":"92","pokemon_move_method_id":"4","level":"0","pokemon_id":"136"}{"order":"","version_group_id":"5","move_id":"98","pokemon_move_method_id":"1","level":"23","pokemon_id":"136"}{"order":"","version_group_id":"5","move_id":"104","pokemon_move_method_id":"4","level":"0","pokemon_id":"136"}{"order":"","version_group_id":"5","move_id":"123","pokemon_move_method_id":"1","level":"42","pokemon_id":"136"}{"order":"","version_group_id":"5","move_id":"126","pokemon_move_method_id":"4","level":"0","pokemon_id":"136"}{"order":"","version_group_id":"5","move_id":"156","pokemon_move_method_id":"4","level":"0","pokemon_id":"136"}{"order":"","version_group_id":"5","move_id":"182","pokemon_move_method_id":"4","level":"0","pokemon_id":"136"}{"order":"","version_group_id":"5","move_id":"213","pokemon_move_method_id":"4","level":"0","pokemon_id":"136"}{"order":"","version_group_id":"5","move_id":"216","pokemon_move_method_id":"4","level":"0","pokemon_id":"136"}{"order":"","version_group_id":"5","move_id":"218","pokemon_move_method_id":"4","level":"0","pokemon_id":"136"}{"order":"","version_group_id":"5","move_id":"231","pokemon_move_method_id":"4","level":"0","pokemon_id":"136"}{"order":"","version_group_id":"5","move_id":"237","pokemon_move_method_id":"4","level":"0","pokemon_id":"136"}{"order":"","version_group_id":"5","move_id":"240","pokemon_move_method_id":"4","level":"0","pokemon_id":"136"}{"order":"","version_group_id":"5","move_id":"241","pokemon_move_method_id":"4","level":"0","pokemon_id":"136"}{"order":"","version_group_id":"5","move_id":"247","pokemon_move_method_id":"4","level":"0","pokemon_id":"136"}{"order":"","version_group_id":"5","move_id":"263","pokemon_move_method_id":"4","level":"0","pokemon_id":"136"}{"order":"3","version_group_id":"5","move_id":"270","pokemon_move_method_id":"1","level":"1","pokemon_id":"136"}{"order":"","version_group_id":"5","move_id":"290","pokemon_move_method_id":"4","level":"0","pokemon_id":"136"}{"order":"","version_group_id":"5","move_id":"315","pokemon_move_method_id":"4","level":"0","pokemon_id":"136"}{"order":"","version_group_id":"6","move_id":"28","pokemon_move_method_id":"1","level":"8","pokemon_id":"136"}{"order":"1","version_group_id":"6","move_id":"33","pokemon_move_method_id":"1","level":"1","pokemon_id":"136"}{"order":"","version_group_id":"6","move_id":"34","pokemon_move_method_id":"3","level":"0","pokemon_id":"136"}{"order":"","version_group_id":"6","move_id":"38","pokemon_move_method_id":"3","level":"0","pokemon_id":"136"}{"order":"2","version_group_id":"6","move_id":"39","pokemon_move_method_id":"1","level":"1","pokemon_id":"136"}{"order":"","version_group_id":"6","move_id":"43","pokemon_move_method_id":"1","level":"47","pokemon_id":"136"}{"order":"","version_group_id":"6","move_id":"44","pokemon_move_method_id":"1","level":"30","pokemon_id":"136"}{"order":"","version_group_id":"6","move_id":"46","pokemon_move_method_id":"4","level":"0","pokemon_id":"136"}{"order":"","version_group_id":"6","move_id":"52","pokemon_move_method_id":"1","level":"16","pokemon_id":"136"}{"order":"","version_group_id":"6","move_id":"53","pokemon_move_method_id":"1","level":"52","pokemon_id":"136"}{"order":"","version_group_id":"6","move_id":"53","pokemon_move_method_id":"4","level":"0","pokemon_id":"136"}{"order":"","version_group_id":"6","move_id":"63","pokemon_move_method_id":"4","level":"0","pokemon_id":"136"}{"order":"","version_group_id":"6","move_id":"83","pokemon_move_method_id":"1","level":"36","pokemon_id":"136"}{"order":"","version_group_id":"6","move_id":"91","pokemon_move_method_id":"4","level":"0","pokemon_id":"136"}{"order":"","version_group_id":"6","move_id":"92","pokemon_move_method_id":"4","level":"0","pokemon_id":"136"}{"order":"","version_group_id":"6","move_id":"98","pokemon_move_method_id":"1","level":"23","pokemon_id":"136"}{"order":"","version_group_id":"6","move_id":"102","pokemon_move_method_id":"3","level":"0","pokemon_id":"136"}{"order":"","version_group_id":"6","move_id":"104","pokemon_move_method_id":"4","level":"0","pokemon_id":"136"}{"order":"","version_group_id":"6","move_id":"123","pokemon_move_method_id":"1","level":"42","pokemon_id":"136"}{"order":"","version_group_id":"6","move_id":"126","pokemon_move_method_id":"4","level":"0","pokemon_id":"136"}{"order":"","version_group_id":"6","move_id":"129","pokemon_move_method_id":"3","level":"0","pokemon_id":"136"}{"order":"","version_group_id":"6","move_id":"156","pokemon_move_method_id":"4","level":"0","pokemon_id":"136"}{"order":"","version_group_id":"6","move_id":"164","pokemon_move_method_id":"3","level":"0","pokemon_id":"136"}{"order":"","version_group_id":"6","move_id":"173","pokemon_move_method_id":"3","level":"0","pokemon_id":"136"}{"order":"","version_group_id":"6","move_id":"182","pokemon_move_method_id":"4","level":"0","pokemon_id":"136"}{"order":"","version_group_id":"6","move_id":"189","pokemon_move_method_id":"3","level":"0","pokemon_id":"136"}{"order":"","version_group_id":"6","move_id":"203","pokemon_move_method_id":"3","level":"0","pokemon_id":"136"}{"order":"","version_group_id":"6","move_id":"207","pokemon_move_method_id":"3","level":"0","pokemon_id":"136"}{"order":"","version_group_id":"6","move_id":"213","pokemon_move_method_id":"4","level":"0","pokemon_id":"136"}{"order":"","version_group_id":"6","move_id":"214","pokemon_move_method_id":"3","level":"0","pokemon_id":"136"}{"order":"","version_group_id":"6","move_id":"216","pokemon_move_method_id":"4","level":"0","pokemon_id":"136"}{"order":"","version_group_id":"6","move_id":"218","pokemon_move_method_id":"4","level":"0","pokemon_id":"136"}{"order":"","version_group_id":"6","move_id":"231","pokemon_move_method_id":"4","level":"0","pokemon_id":"136"}{"order":"","version_group_id":"6","move_id":"237","pokemon_move_method_id":"4","level":"0","pokemon_id":"136"}{"order":"","version_group_id":"6","move_id":"240","pokemon_move_method_id":"4","level":"0","pokemon_id":"136"}{"order":"","version_group_id":"6","move_id":"241","pokemon_move_method_id":"4","level":"0","pokemon_id":"136"}{"order":"","version_group_id":"6","move_id":"247","pokemon_move_method_id":"4","level":"0","pokemon_id":"136"}{"order":"","version_group_id":"6","move_id":"263","pokemon_move_method_id":"4","level":"0","pokemon_id":"136"}{"order":"3","version_group_id":"6","move_id":"270","pokemon_move_method_id":"1","level":"1","pokemon_id":"136"}{"order":"","version_group_id":"6","move_id":"290","pokemon_move_method_id":"4","level":"0","pokemon_id":"136"}{"order":"","version_group_id":"6","move_id":"315","pokemon_move_method_id":"4","level":"0","pokemon_id":"136"}{"order":"","version_group_id":"7","move_id":"28","pokemon_move_method_id":"1","level":"8","pokemon_id":"136"}{"order":"1","version_group_id":"7","move_id":"33","pokemon_move_method_id":"1","level":"1","pokemon_id":"136"}{"order":"","version_group_id":"7","move_id":"34","pokemon_move_method_id":"3","level":"0","pokemon_id":"136"}{"order":"","version_group_id":"7","move_id":"38","pokemon_move_method_id":"3","level":"0","pokemon_id":"136"}{"order":"2","version_group_id":"7","move_id":"39","pokemon_move_method_id":"1","level":"1","pokemon_id":"136"}{"order":"","version_group_id":"7","move_id":"43","pokemon_move_method_id":"1","level":"47","pokemon_id":"136"}{"order":"","version_group_id":"7","move_id":"44","pokemon_move_method_id":"1","level":"30","pokemon_id":"136"}{"order":"","version_group_id":"7","move_id":"46","pokemon_move_method_id":"4","level":"0","pokemon_id":"136"}{"order":"","version_group_id":"7","move_id":"52","pokemon_move_method_id":"1","level":"16","pokemon_id":"136"}{"order":"","version_group_id":"7","move_id":"53","pokemon_move_method_id":"1","level":"52","pokemon_id":"136"}{"order":"","version_group_id":"7","move_id":"53","pokemon_move_method_id":"4","level":"0","pokemon_id":"136"}{"order":"","version_group_id":"7","move_id":"63","pokemon_move_method_id":"4","level":"0","pokemon_id":"136"}{"order":"","version_group_id":"7","move_id":"83","pokemon_move_method_id":"1","level":"36","pokemon_id":"136"}{"order":"","version_group_id":"7","move_id":"91","pokemon_move_method_id":"4","level":"0","pokemon_id":"136"}{"order":"","version_group_id":"7","move_id":"92","pokemon_move_method_id":"4","level":"0","pokemon_id":"136"}{"order":"","version_group_id":"7","move_id":"98","pokemon_move_method_id":"1","level":"23","pokemon_id":"136"}{"order":"","version_group_id":"7","move_id":"102","pokemon_move_method_id":"3","level":"0","pokemon_id":"136"}{"order":"","version_group_id":"7","move_id":"104","pokemon_move_method_id":"4","level":"0","pokemon_id":"136"}{"order":"","version_group_id":"7","move_id":"123","pokemon_move_method_id":"1","level":"42","pokemon_id":"136"}{"order":"","version_group_id":"7","move_id":"126","pokemon_move_method_id":"4","level":"0","pokemon_id":"136"}{"order":"","version_group_id":"7","move_id":"156","pokemon_move_method_id":"4","level":"0","pokemon_id":"136"}{"order":"","version_group_id":"7","move_id":"164","pokemon_move_method_id":"3","level":"0","pokemon_id":"136"}{"order":"","version_group_id":"7","move_id":"182","pokemon_move_method_id":"4","level":"0","pokemon_id":"136"}{"order":"","version_group_id":"7","move_id":"213","pokemon_move_method_id":"4","level":"0","pokemon_id":"136"}{"order":"","version_group_id":"7","move_id":"216","pokemon_move_method_id":"4","level":"0","pokemon_id":"136"}{"order":"","version_group_id":"7","move_id":"218","pokemon_move_method_id":"4","level":"0","pokemon_id":"136"}{"order":"","version_group_id":"7","move_id":"231","pokemon_move_method_id":"4","level":"0","pokemon_id":"136"}{"order":"","version_group_id":"7","move_id":"237","pokemon_move_method_id":"4","level":"0","pokemon_id":"136"}{"order":"","version_group_id":"7","move_id":"240","pokemon_move_method_id":"4","level":"0","pokemon_id":"136"}{"order":"","version_group_id":"7","move_id":"241","pokemon_move_method_id":"4","level":"0","pokemon_id":"136"}{"order":"","version_group_id":"7","move_id":"247","pokemon_move_method_id":"4","level":"0","pokemon_id":"136"}{"order":"","version_group_id":"7","move_id":"263","pokemon_move_method_id":"4","level":"0","pokemon_id":"136"}{"order":"3","version_group_id":"7","move_id":"270","pokemon_move_method_id":"1","level":"1","pokemon_id":"136"}{"order":"","version_group_id":"7","move_id":"290","pokemon_move_method_id":"4","level":"0","pokemon_id":"136"}{"order":"","version_group_id":"7","move_id":"315","pokemon_move_method_id":"4","level":"0","pokemon_id":"136"}{"order":"","version_group_id":"8","move_id":"28","pokemon_move_method_id":"1","level":"8","pokemon_id":"136"}{"order":"1","version_group_id":"8","move_id":"33","pokemon_move_method_id":"1","level":"1","pokemon_id":"136"}{"order":"2","version_group_id":"8","move_id":"39","pokemon_move_method_id":"1","level":"1","pokemon_id":"136"}{"order":"","version_group_id":"8","move_id":"44","pokemon_move_method_id":"1","level":"29","pokemon_id":"136"}{"order":"","version_group_id":"8","move_id":"46","pokemon_move_method_id":"4","level":"0","pokemon_id":"136"}{"order":"","version_group_id":"8","move_id":"52","pokemon_move_method_id":"1","level":"15","pokemon_id":"136"}{"order":"","version_group_id":"8","move_id":"53","pokemon_move_method_id":"4","level":"0","pokemon_id":"136"}{"order":"","version_group_id":"8","move_id":"63","pokemon_move_method_id":"4","level":"0","pokemon_id":"136"}{"order":"","version_group_id":"8","move_id":"70","pokemon_move_method_id":"4","level":"0","pokemon_id":"136"}{"order":"","version_group_id":"8","move_id":"83","pokemon_move_method_id":"1","level":"36","pokemon_id":"136"}{"order":"","version_group_id":"8","move_id":"91","pokemon_move_method_id":"4","level":"0","pokemon_id":"136"}{"order":"","version_group_id":"8","move_id":"92","pokemon_move_method_id":"4","level":"0","pokemon_id":"136"}{"order":"","version_group_id":"8","move_id":"98","pokemon_move_method_id":"1","level":"22","pokemon_id":"136"}{"order":"","version_group_id":"8","move_id":"104","pokemon_move_method_id":"4","level":"0","pokemon_id":"136"}{"order":"","version_group_id":"8","move_id":"123","pokemon_move_method_id":"1","level":"57","pokemon_id":"136"}{"order":"","version_group_id":"8","move_id":"126","pokemon_move_method_id":"1","level":"71","pokemon_id":"136"}{"order":"","version_group_id":"8","move_id":"126","pokemon_move_method_id":"4","level":"0","pokemon_id":"136"}{"order":"","version_group_id":"8","move_id":"156","pokemon_move_method_id":"4","level":"0","pokemon_id":"136"}{"order":"","version_group_id":"8","move_id":"164","pokemon_move_method_id":"4","level":"0","pokemon_id":"136"}{"order":"","version_group_id":"8","move_id":"182","pokemon_move_method_id":"4","level":"0","pokemon_id":"136"}{"order":"","version_group_id":"8","move_id":"184","pokemon_move_method_id":"1","level":"64","pokemon_id":"136"}{"order":"","version_group_id":"8","move_id":"203","pokemon_move_method_id":"4","level":"0","pokemon_id":"136"}{"order":"","version_group_id":"8","move_id":"207","pokemon_move_method_id":"4","level":"0","pokemon_id":"136"}{"order":"","version_group_id":"8","move_id":"213","pokemon_move_method_id":"4","level":"0","pokemon_id":"136"}{"order":"","version_group_id":"8","move_id":"214","pokemon_move_method_id":"4","level":"0","pokemon_id":"136"}{"order":"","version_group_id":"8","move_id":"216","pokemon_move_method_id":"4","level":"0","pokemon_id":"136"}{"order":"","version_group_id":"8","move_id":"218","pokemon_move_method_id":"4","level":"0","pokemon_id":"136"}{"order":"","version_group_id":"8","move_id":"231","pokemon_move_method_id":"4","level":"0","pokemon_id":"136"}{"order":"","version_group_id":"8","move_id":"237","pokemon_move_method_id":"4","level":"0","pokemon_id":"136"}{"order":"","version_group_id":"8","move_id":"240","pokemon_move_method_id":"4","level":"0","pokemon_id":"136"}{"order":"","version_group_id":"8","move_id":"241","pokemon_move_method_id":"4","level":"0","pokemon_id":"136"}{"order":"","version_group_id":"8","move_id":"247","pokemon_move_method_id":"4","level":"0","pokemon_id":"136"}{"order":"","version_group_id":"8","move_id":"249","pokemon_move_method_id":"4","level":"0","pokemon_id":"136"}{"order":"","version_group_id":"8","move_id":"261","pokemon_move_method_id":"4","level":"0","pokemon_id":"136"}{"order":"","version_group_id":"8","move_id":"263","pokemon_move_method_id":"4","level":"0","pokemon_id":"136"}{"order":"3","version_group_id":"8","move_id":"270","pokemon_move_method_id":"1","level":"1","pokemon_id":"136"}{"order":"","version_group_id":"8","move_id":"290","pokemon_move_method_id":"4","level":"0","pokemon_id":"136"}{"order":"","version_group_id":"8","move_id":"315","pokemon_move_method_id":"4","level":"0","pokemon_id":"136"}{"order":"","version_group_id":"8","move_id":"363","pokemon_move_method_id":"4","level":"0","pokemon_id":"136"}{"order":"","version_group_id":"8","move_id":"387","pokemon_move_method_id":"1","level":"50","pokemon_id":"136"}{"order":"","version_group_id":"8","move_id":"416","pokemon_move_method_id":"4","level":"0","pokemon_id":"136"}{"order":"","version_group_id":"8","move_id":"424","pokemon_move_method_id":"1","level":"43","pokemon_id":"136"}{"order":"","version_group_id":"8","move_id":"445","pokemon_move_method_id":"4","level":"0","pokemon_id":"136"}{"order":"","version_group_id":"9","move_id":"28","pokemon_move_method_id":"1","level":"8","pokemon_id":"136"}{"order":"2","version_group_id":"9","move_id":"33","pokemon_move_method_id":"1","level":"1","pokemon_id":"136"}{"order":"1","version_group_id":"9","move_id":"39","pokemon_move_method_id":"1","level":"1","pokemon_id":"136"}{"order":"","version_group_id":"9","move_id":"44","pokemon_move_method_id":"1","level":"29","pokemon_id":"136"}{"order":"","version_group_id":"9","move_id":"46","pokemon_move_method_id":"4","level":"0","pokemon_id":"136"}{"order":"","version_group_id":"9","move_id":"52","pokemon_move_method_id":"1","level":"15","pokemon_id":"136"}{"order":"","version_group_id":"9","move_id":"53","pokemon_move_method_id":"4","level":"0","pokemon_id":"136"}{"order":"","version_group_id":"9","move_id":"63","pokemon_move_method_id":"4","level":"0","pokemon_id":"136"}{"order":"","version_group_id":"9","move_id":"70","pokemon_move_method_id":"4","level":"0","pokemon_id":"136"}{"order":"","version_group_id":"9","move_id":"83","pokemon_move_method_id":"1","level":"36","pokemon_id":"136"}{"order":"","version_group_id":"9","move_id":"91","pokemon_move_method_id":"4","level":"0","pokemon_id":"136"}{"order":"","version_group_id":"9","move_id":"92","pokemon_move_method_id":"4","level":"0","pokemon_id":"136"}{"order":"","version_group_id":"9","move_id":"98","pokemon_move_method_id":"1","level":"22","pokemon_id":"136"}{"order":"","version_group_id":"9","move_id":"104","pokemon_move_method_id":"4","level":"0","pokemon_id":"136"}{"order":"","version_group_id":"9","move_id":"123","pokemon_move_method_id":"1","level":"57","pokemon_id":"136"}{"order":"","version_group_id":"9","move_id":"126","pokemon_move_method_id":"1","level":"71","pokemon_id":"136"}{"order":"","version_group_id":"9","move_id":"126","pokemon_move_method_id":"4","level":"0","pokemon_id":"136"}{"order":"","version_group_id":"9","move_id":"129","pokemon_move_method_id":"3","level":"0","pokemon_id":"136"}{"order":"","version_group_id":"9","move_id":"156","pokemon_move_method_id":"4","level":"0","pokemon_id":"136"}{"order":"","version_group_id":"9","move_id":"164","pokemon_move_method_id":"4","level":"0","pokemon_id":"136"}{"order":"","version_group_id":"9","move_id":"173","pokemon_move_method_id":"3","level":"0","pokemon_id":"136"}{"order":"","version_group_id":"9","move_id":"182","pokemon_move_method_id":"4","level":"0","pokemon_id":"136"}{"order":"","version_group_id":"9","move_id":"184","pokemon_move_method_id":"1","level":"64","pokemon_id":"136"}{"order":"","version_group_id":"9","move_id":"189","pokemon_move_method_id":"3","level":"0","pokemon_id":"136"}{"order":"","version_group_id":"9","move_id":"203","pokemon_move_method_id":"4","level":"0","pokemon_id":"136"}{"order":"","version_group_id":"9","move_id":"207","pokemon_move_method_id":"4","level":"0","pokemon_id":"136"}{"order":"","version_group_id":"9","move_id":"213","pokemon_move_method_id":"4","level":"0","pokemon_id":"136"}{"order":"","version_group_id":"9","move_id":"214","pokemon_move_method_id":"4","level":"0","pokemon_id":"136"}{"order":"","version_group_id":"9","move_id":"216","pokemon_move_method_id":"4","level":"0","pokemon_id":"136"}{"order":"","version_group_id":"9","move_id":"218","pokemon_move_method_id":"4","level":"0","pokemon_id":"136"}{"order":"","version_group_id":"9","move_id":"231","pokemon_move_method_id":"4","level":"0","pokemon_id":"136"}{"order":"","version_group_id":"9","move_id":"237","pokemon_move_method_id":"4","level":"0","pokemon_id":"136"}{"order":"","version_group_id":"9","move_id":"240","pokemon_move_method_id":"4","level":"0","pokemon_id":"136"}{"order":"","version_group_id":"9","move_id":"241","pokemon_move_method_id":"4","level":"0","pokemon_id":"136"}{"order":"","version_group_id":"9","move_id":"247","pokemon_move_method_id":"4","level":"0","pokemon_id":"136"}{"order":"","version_group_id":"9","move_id":"249","pokemon_move_method_id":"4","level":"0","pokemon_id":"136"}{"order":"","version_group_id":"9","move_id":"257","pokemon_move_method_id":"3","level":"0","pokemon_id":"136"}{"order":"","version_group_id":"9","move_id":"261","pokemon_move_method_id":"4","level":"0","pokemon_id":"136"}{"order":"","version_group_id":"9","move_id":"263","pokemon_move_method_id":"4","level":"0","pokemon_id":"136"}{"order":"3","version_group_id":"9","move_id":"270","pokemon_move_method_id":"1","level":"1","pokemon_id":"136"}{"order":"","version_group_id":"9","move_id":"270","pokemon_move_method_id":"3","level":"0","pokemon_id":"136"}{"order":"","version_group_id":"9","move_id":"276","pokemon_move_method_id":"3","level":"0","pokemon_id":"136"}{"order":"","version_group_id":"9","move_id":"290","pokemon_move_method_id":"4","level":"0","pokemon_id":"136"}{"order":"","version_group_id":"9","move_id":"315","pokemon_move_method_id":"4","level":"0","pokemon_id":"136"}{"order":"","version_group_id":"9","move_id":"363","pokemon_move_method_id":"4","level":"0","pokemon_id":"136"}{"order":"","version_group_id":"9","move_id":"387","pokemon_move_method_id":"1","level":"50","pokemon_id":"136"}{"order":"","version_group_id":"9","move_id":"387","pokemon_move_method_id":"3","level":"0","pokemon_id":"136"}{"order":"","version_group_id":"9","move_id":"416","pokemon_move_method_id":"4","level":"0","pokemon_id":"136"}{"order":"","version_group_id":"9","move_id":"424","pokemon_move_method_id":"1","level":"43","pokemon_id":"136"}{"order":"","version_group_id":"9","move_id":"436","pokemon_move_method_id":"1","level":"78","pokemon_id":"136"}{"order":"","version_group_id":"9","move_id":"445","pokemon_move_method_id":"4","level":"0","pokemon_id":"136"}{"order":"","version_group_id":"10","move_id":"28","pokemon_move_method_id":"1","level":"8","pokemon_id":"136"}{"order":"","version_group_id":"10","move_id":"29","pokemon_move_method_id":"3","level":"0","pokemon_id":"136"}{"order":"2","version_group_id":"10","move_id":"33","pokemon_move_method_id":"1","level":"1","pokemon_id":"136"}{"order":"1","version_group_id":"10","move_id":"39","pokemon_move_method_id":"1","level":"1","pokemon_id":"136"}{"order":"","version_group_id":"10","move_id":"44","pokemon_move_method_id":"1","level":"29","pokemon_id":"136"}{"order":"","version_group_id":"10","move_id":"46","pokemon_move_method_id":"4","level":"0","pokemon_id":"136"}{"order":"","version_group_id":"10","move_id":"52","pokemon_move_method_id":"1","level":"15","pokemon_id":"136"}{"order":"","version_group_id":"10","move_id":"53","pokemon_move_method_id":"4","level":"0","pokemon_id":"136"}{"order":"","version_group_id":"10","move_id":"63","pokemon_move_method_id":"4","level":"0","pokemon_id":"136"}{"order":"","version_group_id":"10","move_id":"70","pokemon_move_method_id":"4","level":"0","pokemon_id":"136"}{"order":"","version_group_id":"10","move_id":"83","pokemon_move_method_id":"1","level":"36","pokemon_id":"136"}{"order":"","version_group_id":"10","move_id":"91","pokemon_move_method_id":"4","level":"0","pokemon_id":"136"}{"order":"","version_group_id":"10","move_id":"92","pokemon_move_method_id":"4","level":"0","pokemon_id":"136"}{"order":"","version_group_id":"10","move_id":"98","pokemon_move_method_id":"1","level":"22","pokemon_id":"136"}{"order":"","version_group_id":"10","move_id":"104","pokemon_move_method_id":"4","level":"0","pokemon_id":"136"}{"order":"","version_group_id":"10","move_id":"123","pokemon_move_method_id":"1","level":"57","pokemon_id":"136"}{"order":"","version_group_id":"10","move_id":"126","pokemon_move_method_id":"1","level":"71","pokemon_id":"136"}{"order":"","version_group_id":"10","move_id":"126","pokemon_move_method_id":"4","level":"0","pokemon_id":"136"}{"order":"","version_group_id":"10","move_id":"129","pokemon_move_method_id":"3","level":"0","pokemon_id":"136"}{"order":"","version_group_id":"10","move_id":"156","pokemon_move_method_id":"4","level":"0","pokemon_id":"136"}{"order":"","version_group_id":"10","move_id":"164","pokemon_move_method_id":"4","level":"0","pokemon_id":"136"}{"order":"","version_group_id":"10","move_id":"173","pokemon_move_method_id":"3","level":"0","pokemon_id":"136"}{"order":"","version_group_id":"10","move_id":"182","pokemon_move_method_id":"4","level":"0","pokemon_id":"136"}{"order":"","version_group_id":"10","move_id":"184","pokemon_move_method_id":"1","level":"64","pokemon_id":"136"}{"order":"","version_group_id":"10","move_id":"189","pokemon_move_method_id":"3","level":"0","pokemon_id":"136"}{"order":"","version_group_id":"10","move_id":"203","pokemon_move_method_id":"4","level":"0","pokemon_id":"136"}{"order":"","version_group_id":"10","move_id":"207","pokemon_move_method_id":"4","level":"0","pokemon_id":"136"}{"order":"","version_group_id":"10","move_id":"213","pokemon_move_method_id":"4","level":"0","pokemon_id":"136"}{"order":"","version_group_id":"10","move_id":"214","pokemon_move_method_id":"4","level":"0","pokemon_id":"136"}{"order":"","version_group_id":"10","move_id":"215","pokemon_move_method_id":"3","level":"0","pokemon_id":"136"}{"order":"","version_group_id":"10","move_id":"216","pokemon_move_method_id":"4","level":"0","pokemon_id":"136"}{"order":"","version_group_id":"10","move_id":"218","pokemon_move_method_id":"4","level":"0","pokemon_id":"136"}{"order":"","version_group_id":"10","move_id":"231","pokemon_move_method_id":"4","level":"0","pokemon_id":"136"}{"order":"","version_group_id":"10","move_id":"237","pokemon_move_method_id":"4","level":"0","pokemon_id":"136"}{"order":"","version_group_id":"10","move_id":"240","pokemon_move_method_id":"4","level":"0","pokemon_id":"136"}{"order":"","version_group_id":"10","move_id":"241","pokemon_move_method_id":"4","level":"0","pokemon_id":"136"}{"order":"","version_group_id":"10","move_id":"247","pokemon_move_method_id":"4","level":"0","pokemon_id":"136"}{"order":"","version_group_id":"10","move_id":"249","pokemon_move_method_id":"4","level":"0","pokemon_id":"136"}{"order":"","version_group_id":"10","move_id":"257","pokemon_move_method_id":"3","level":"0","pokemon_id":"136"}{"order":"","version_group_id":"10","move_id":"261","pokemon_move_method_id":"4","level":"0","pokemon_id":"136"}{"order":"","version_group_id":"10","move_id":"263","pokemon_move_method_id":"4","level":"0","pokemon_id":"136"}{"order":"3","version_group_id":"10","move_id":"270","pokemon_move_method_id":"1","level":"1","pokemon_id":"136"}{"order":"","version_group_id":"10","move_id":"270","pokemon_move_method_id":"3","level":"0","pokemon_id":"136"}{"order":"","version_group_id":"10","move_id":"276","pokemon_move_method_id":"3","level":"0","pokemon_id":"136"}{"order":"","version_group_id":"10","move_id":"290","pokemon_move_method_id":"4","level":"0","pokemon_id":"136"}{"order":"","version_group_id":"10","move_id":"315","pokemon_move_method_id":"4","level":"0","pokemon_id":"136"}{"order":"","version_group_id":"10","move_id":"363","pokemon_move_method_id":"4","level":"0","pokemon_id":"136"}{"order":"","version_group_id":"10","move_id":"387","pokemon_move_method_id":"1","level":"50","pokemon_id":"136"}{"order":"","version_group_id":"10","move_id":"387","pokemon_move_method_id":"3","level":"0","pokemon_id":"136"}{"order":"","version_group_id":"10","move_id":"416","pokemon_move_method_id":"4","level":"0","pokemon_id":"136"}{"order":"","version_group_id":"10","move_id":"424","pokemon_move_method_id":"1","level":"43","pokemon_id":"136"}{"order":"","version_group_id":"10","move_id":"436","pokemon_move_method_id":"1","level":"78","pokemon_id":"136"}{"order":"","version_group_id":"10","move_id":"445","pokemon_move_method_id":"4","level":"0","pokemon_id":"136"}{"order":"","version_group_id":"11","move_id":"28","pokemon_move_method_id":"1","level":"8","pokemon_id":"136"}{"order":"2","version_group_id":"11","move_id":"33","pokemon_move_method_id":"1","level":"1","pokemon_id":"136"}{"order":"1","version_group_id":"11","move_id":"39","pokemon_move_method_id":"1","level":"1","pokemon_id":"136"}{"order":"","version_group_id":"11","move_id":"44","pokemon_move_method_id":"1","level":"29","pokemon_id":"136"}{"order":"","version_group_id":"11","move_id":"46","pokemon_move_method_id":"4","level":"0","pokemon_id":"136"}{"order":"","version_group_id":"11","move_id":"52","pokemon_move_method_id":"1","level":"15","pokemon_id":"136"}{"order":"","version_group_id":"11","move_id":"53","pokemon_move_method_id":"4","level":"0","pokemon_id":"136"}{"order":"","version_group_id":"11","move_id":"63","pokemon_move_method_id":"4","level":"0","pokemon_id":"136"}{"order":"","version_group_id":"11","move_id":"70","pokemon_move_method_id":"4","level":"0","pokemon_id":"136"}{"order":"","version_group_id":"11","move_id":"83","pokemon_move_method_id":"1","level":"36","pokemon_id":"136"}{"order":"","version_group_id":"11","move_id":"91","pokemon_move_method_id":"4","level":"0","pokemon_id":"136"}{"order":"","version_group_id":"11","move_id":"92","pokemon_move_method_id":"4","level":"0","pokemon_id":"136"}{"order":"","version_group_id":"11","move_id":"98","pokemon_move_method_id":"1","level":"22","pokemon_id":"136"}{"order":"","version_group_id":"11","move_id":"104","pokemon_move_method_id":"4","level":"0","pokemon_id":"136"}{"order":"","version_group_id":"11","move_id":"123","pokemon_move_method_id":"1","level":"57","pokemon_id":"136"}{"order":"","version_group_id":"11","move_id":"126","pokemon_move_method_id":"1","level":"71","pokemon_id":"136"}{"order":"","version_group_id":"11","move_id":"126","pokemon_move_method_id":"4","level":"0","pokemon_id":"136"}{"order":"","version_group_id":"11","move_id":"156","pokemon_move_method_id":"4","level":"0","pokemon_id":"136"}{"order":"","version_group_id":"11","move_id":"164","pokemon_move_method_id":"4","level":"0","pokemon_id":"136"}{"order":"","version_group_id":"11","move_id":"182","pokemon_move_method_id":"4","level":"0","pokemon_id":"136"}{"order":"","version_group_id":"11","move_id":"184","pokemon_move_method_id":"1","level":"64","pokemon_id":"136"}{"order":"","version_group_id":"11","move_id":"207","pokemon_move_method_id":"4","level":"0","pokemon_id":"136"}{"order":"","version_group_id":"11","move_id":"213","pokemon_move_method_id":"4","level":"0","pokemon_id":"136"}{"order":"","version_group_id":"11","move_id":"216","pokemon_move_method_id":"4","level":"0","pokemon_id":"136"}{"order":"","version_group_id":"11","move_id":"218","pokemon_move_method_id":"4","level":"0","pokemon_id":"136"}{"order":"","version_group_id":"11","move_id":"237","pokemon_move_method_id":"4","level":"0","pokemon_id":"136"}{"order":"","version_group_id":"11","move_id":"240","pokemon_move_method_id":"4","level":"0","pokemon_id":"136"}{"order":"","version_group_id":"11","move_id":"241","pokemon_move_method_id":"4","level":"0","pokemon_id":"136"}{"order":"","version_group_id":"11","move_id":"247","pokemon_move_method_id":"4","level":"0","pokemon_id":"136"}{"order":"","version_group_id":"11","move_id":"249","pokemon_move_method_id":"4","level":"0","pokemon_id":"136"}{"order":"","version_group_id":"11","move_id":"261","pokemon_move_method_id":"4","level":"0","pokemon_id":"136"}{"order":"","version_group_id":"11","move_id":"263","pokemon_move_method_id":"4","level":"0","pokemon_id":"136"}{"order":"3","version_group_id":"11","move_id":"270","pokemon_move_method_id":"1","level":"1","pokemon_id":"136"}{"order":"","version_group_id":"11","move_id":"315","pokemon_move_method_id":"4","level":"0","pokemon_id":"136"}{"order":"","version_group_id":"11","move_id":"387","pokemon_move_method_id":"1","level":"50","pokemon_id":"136"}{"order":"","version_group_id":"11","move_id":"416","pokemon_move_method_id":"4","level":"0","pokemon_id":"136"}{"order":"","version_group_id":"11","move_id":"424","pokemon_move_method_id":"1","level":"43","pokemon_id":"136"}{"order":"","version_group_id":"11","move_id":"436","pokemon_move_method_id":"1","level":"78","pokemon_id":"136"}{"order":"","version_group_id":"11","move_id":"488","pokemon_move_method_id":"4","level":"0","pokemon_id":"136"}{"order":"","version_group_id":"11","move_id":"496","pokemon_move_method_id":"4","level":"0","pokemon_id":"136"}{"order":"","version_group_id":"11","move_id":"497","pokemon_move_method_id":"4","level":"0","pokemon_id":"136"}{"order":"","version_group_id":"11","move_id":"510","pokemon_move_method_id":"4","level":"0","pokemon_id":"136"}{"order":"","version_group_id":"11","move_id":"514","pokemon_move_method_id":"4","level":"0","pokemon_id":"136"}{"order":"","version_group_id":"11","move_id":"526","pokemon_move_method_id":"4","level":"0","pokemon_id":"136"}{"order":"","version_group_id":"12","move_id":"28","pokemon_move_method_id":"1","level":"8","pokemon_id":"136"}{"order":"1","version_group_id":"12","move_id":"33","pokemon_move_method_id":"1","level":"1","pokemon_id":"136"}{"order":"2","version_group_id":"12","move_id":"39","pokemon_move_method_id":"1","level":"1","pokemon_id":"136"}{"order":"","version_group_id":"12","move_id":"43","pokemon_move_method_id":"1","level":"47","pokemon_id":"136"}{"order":"","version_group_id":"12","move_id":"44","pokemon_move_method_id":"1","level":"30","pokemon_id":"136"}{"order":"","version_group_id":"12","move_id":"46","pokemon_move_method_id":"4","level":"0","pokemon_id":"136"}{"order":"","version_group_id":"12","move_id":"52","pokemon_move_method_id":"1","level":"16","pokemon_id":"136"}{"order":"","version_group_id":"12","move_id":"53","pokemon_move_method_id":"1","level":"52","pokemon_id":"136"}{"order":"","version_group_id":"12","move_id":"53","pokemon_move_method_id":"4","level":"0","pokemon_id":"136"}{"order":"","version_group_id":"12","move_id":"63","pokemon_move_method_id":"4","level":"0","pokemon_id":"136"}{"order":"","version_group_id":"12","move_id":"83","pokemon_move_method_id":"1","level":"36","pokemon_id":"136"}{"order":"","version_group_id":"12","move_id":"91","pokemon_move_method_id":"4","level":"0","pokemon_id":"136"}{"order":"","version_group_id":"12","move_id":"92","pokemon_move_method_id":"4","level":"0","pokemon_id":"136"}{"order":"","version_group_id":"12","move_id":"98","pokemon_move_method_id":"1","level":"23","pokemon_id":"136"}{"order":"","version_group_id":"12","move_id":"104","pokemon_move_method_id":"4","level":"0","pokemon_id":"136"}{"order":"","version_group_id":"12","move_id":"123","pokemon_move_method_id":"1","level":"42","pokemon_id":"136"}{"order":"","version_group_id":"12","move_id":"126","pokemon_move_method_id":"4","level":"0","pokemon_id":"136"}{"order":"","version_group_id":"12","move_id":"156","pokemon_move_method_id":"4","level":"0","pokemon_id":"136"}{"order":"","version_group_id":"12","move_id":"182","pokemon_move_method_id":"4","level":"0","pokemon_id":"136"}{"order":"","version_group_id":"12","move_id":"213","pokemon_move_method_id":"4","level":"0","pokemon_id":"136"}{"order":"","version_group_id":"12","move_id":"216","pokemon_move_method_id":"4","level":"0","pokemon_id":"136"}{"order":"","version_group_id":"12","move_id":"218","pokemon_move_method_id":"4","level":"0","pokemon_id":"136"}{"order":"","version_group_id":"12","move_id":"231","pokemon_move_method_id":"4","level":"0","pokemon_id":"136"}{"order":"","version_group_id":"12","move_id":"237","pokemon_move_method_id":"4","level":"0","pokemon_id":"136"}{"order":"","version_group_id":"12","move_id":"240","pokemon_move_method_id":"4","level":"0","pokemon_id":"136"}{"order":"","version_group_id":"12","move_id":"241","pokemon_move_method_id":"4","level":"0","pokemon_id":"136"}{"order":"","version_group_id":"12","move_id":"247","pokemon_move_method_id":"4","level":"0","pokemon_id":"136"}{"order":"","version_group_id":"12","move_id":"263","pokemon_move_method_id":"4","level":"0","pokemon_id":"136"}{"order":"3","version_group_id":"12","move_id":"270","pokemon_move_method_id":"1","level":"1","pokemon_id":"136"}{"order":"","version_group_id":"12","move_id":"290","pokemon_move_method_id":"4","level":"0","pokemon_id":"136"}{"order":"","version_group_id":"12","move_id":"315","pokemon_move_method_id":"4","level":"0","pokemon_id":"136"}{"order":"","version_group_id":"13","move_id":"28","pokemon_move_method_id":"1","level":"8","pokemon_id":"136"}{"order":"1","version_group_id":"13","move_id":"33","pokemon_move_method_id":"1","level":"1","pokemon_id":"136"}{"order":"","version_group_id":"13","move_id":"34","pokemon_move_method_id":"3","level":"0","pokemon_id":"136"}{"order":"","version_group_id":"13","move_id":"38","pokemon_move_method_id":"3","level":"0","pokemon_id":"136"}{"order":"2","version_group_id":"13","move_id":"39","pokemon_move_method_id":"1","level":"1","pokemon_id":"136"}{"order":"","version_group_id":"13","move_id":"43","pokemon_move_method_id":"1","level":"47","pokemon_id":"136"}{"order":"","version_group_id":"13","move_id":"44","pokemon_move_method_id":"1","level":"30","pokemon_id":"136"}{"order":"","version_group_id":"13","move_id":"46","pokemon_move_method_id":"4","level":"0","pokemon_id":"136"}{"order":"","version_group_id":"13","move_id":"52","pokemon_move_method_id":"1","level":"16","pokemon_id":"136"}{"order":"","version_group_id":"13","move_id":"53","pokemon_move_method_id":"1","level":"52","pokemon_id":"136"}{"order":"","version_group_id":"13","move_id":"53","pokemon_move_method_id":"4","level":"0","pokemon_id":"136"}{"order":"","version_group_id":"13","move_id":"63","pokemon_move_method_id":"4","level":"0","pokemon_id":"136"}{"order":"","version_group_id":"13","move_id":"83","pokemon_move_method_id":"1","level":"36","pokemon_id":"136"}{"order":"","version_group_id":"13","move_id":"91","pokemon_move_method_id":"4","level":"0","pokemon_id":"136"}{"order":"","version_group_id":"13","move_id":"92","pokemon_move_method_id":"4","level":"0","pokemon_id":"136"}{"order":"","version_group_id":"13","move_id":"98","pokemon_move_method_id":"1","level":"23","pokemon_id":"136"}{"order":"","version_group_id":"13","move_id":"102","pokemon_move_method_id":"3","level":"0","pokemon_id":"136"}{"order":"","version_group_id":"13","move_id":"104","pokemon_move_method_id":"4","level":"0","pokemon_id":"136"}{"order":"","version_group_id":"13","move_id":"123","pokemon_move_method_id":"1","level":"42","pokemon_id":"136"}{"order":"","version_group_id":"13","move_id":"126","pokemon_move_method_id":"4","level":"0","pokemon_id":"136"}{"order":"","version_group_id":"13","move_id":"156","pokemon_move_method_id":"4","level":"0","pokemon_id":"136"}{"order":"","version_group_id":"13","move_id":"164","pokemon_move_method_id":"3","level":"0","pokemon_id":"136"}{"order":"","version_group_id":"13","move_id":"182","pokemon_move_method_id":"4","level":"0","pokemon_id":"136"}{"order":"","version_group_id":"13","move_id":"207","pokemon_move_method_id":"3","level":"0","pokemon_id":"136"}{"order":"","version_group_id":"13","move_id":"213","pokemon_move_method_id":"4","level":"0","pokemon_id":"136"}{"order":"","version_group_id":"13","move_id":"216","pokemon_move_method_id":"4","level":"0","pokemon_id":"136"}{"order":"","version_group_id":"13","move_id":"218","pokemon_move_method_id":"4","level":"0","pokemon_id":"136"}{"order":"","version_group_id":"13","move_id":"231","pokemon_move_method_id":"4","level":"0","pokemon_id":"136"}{"order":"","version_group_id":"13","move_id":"237","pokemon_move_method_id":"4","level":"0","pokemon_id":"136"}{"order":"","version_group_id":"13","move_id":"240","pokemon_move_method_id":"4","level":"0","pokemon_id":"136"}{"order":"","version_group_id":"13","move_id":"241","pokemon_move_method_id":"4","level":"0","pokemon_id":"136"}{"order":"","version_group_id":"13","move_id":"247","pokemon_move_method_id":"4","level":"0","pokemon_id":"136"}{"order":"","version_group_id":"13","move_id":"263","pokemon_move_method_id":"4","level":"0","pokemon_id":"136"}{"order":"3","version_group_id":"13","move_id":"270","pokemon_move_method_id":"1","level":"1","pokemon_id":"136"}{"order":"","version_group_id":"13","move_id":"290","pokemon_move_method_id":"4","level":"0","pokemon_id":"136"}{"order":"","version_group_id":"13","move_id":"315","pokemon_move_method_id":"4","level":"0","pokemon_id":"136"}{"order":"","version_group_id":"14","move_id":"28","pokemon_move_method_id":"1","level":"5","pokemon_id":"136"}{"order":"2","version_group_id":"14","move_id":"33","pokemon_move_method_id":"1","level":"1","pokemon_id":"136"}{"order":"3","version_group_id":"14","move_id":"39","pokemon_move_method_id":"1","level":"1","pokemon_id":"136"}{"order":"","version_group_id":"14","move_id":"44","pokemon_move_method_id":"1","level":"17","pokemon_id":"136"}{"order":"","version_group_id":"14","move_id":"46","pokemon_move_method_id":"4","level":"0","pokemon_id":"136"}{"order":"","version_group_id":"14","move_id":"52","pokemon_move_method_id":"1","level":"9","pokemon_id":"136"}{"order":"","version_group_id":"14","move_id":"53","pokemon_move_method_id":"4","level":"0","pokemon_id":"136"}{"order":"","version_group_id":"14","move_id":"63","pokemon_move_method_id":"4","level":"0","pokemon_id":"136"}{"order":"","version_group_id":"14","move_id":"70","pokemon_move_method_id":"4","level":"0","pokemon_id":"136"}{"order":"","version_group_id":"14","move_id":"83","pokemon_move_method_id":"1","level":"25","pokemon_id":"136"}{"order":"","version_group_id":"14","move_id":"91","pokemon_move_method_id":"4","level":"0","pokemon_id":"136"}{"order":"","version_group_id":"14","move_id":"92","pokemon_move_method_id":"4","level":"0","pokemon_id":"136"}{"order":"","version_group_id":"14","move_id":"98","pokemon_move_method_id":"1","level":"13","pokemon_id":"136"}{"order":"","version_group_id":"14","move_id":"104","pokemon_move_method_id":"4","level":"0","pokemon_id":"136"}{"order":"","version_group_id":"14","move_id":"123","pokemon_move_method_id":"1","level":"33","pokemon_id":"136"}{"order":"","version_group_id":"14","move_id":"126","pokemon_move_method_id":"1","level":"45","pokemon_id":"136"}{"order":"","version_group_id":"14","move_id":"126","pokemon_move_method_id":"4","level":"0","pokemon_id":"136"}{"order":"","version_group_id":"14","move_id":"156","pokemon_move_method_id":"4","level":"0","pokemon_id":"136"}{"order":"","version_group_id":"14","move_id":"164","pokemon_move_method_id":"4","level":"0","pokemon_id":"136"}{"order":"","version_group_id":"14","move_id":"173","pokemon_move_method_id":"3","level":"0","pokemon_id":"136"}{"order":"","version_group_id":"14","move_id":"182","pokemon_move_method_id":"4","level":"0","pokemon_id":"136"}{"order":"","version_group_id":"14","move_id":"184","pokemon_move_method_id":"1","level":"29","pokemon_id":"136"}{"order":"","version_group_id":"14","move_id":"207","pokemon_move_method_id":"4","level":"0","pokemon_id":"136"}{"order":"","version_group_id":"14","move_id":"213","pokemon_move_method_id":"4","level":"0","pokemon_id":"136"}{"order":"","version_group_id":"14","move_id":"214","pokemon_move_method_id":"3","level":"0","pokemon_id":"136"}{"order":"","version_group_id":"14","move_id":"215","pokemon_move_method_id":"3","level":"0","pokemon_id":"136"}{"order":"","version_group_id":"14","move_id":"216","pokemon_move_method_id":"4","level":"0","pokemon_id":"136"}{"order":"","version_group_id":"14","move_id":"218","pokemon_move_method_id":"4","level":"0","pokemon_id":"136"}{"order":"","version_group_id":"14","move_id":"231","pokemon_move_method_id":"3","level":"0","pokemon_id":"136"}{"order":"","version_group_id":"14","move_id":"237","pokemon_move_method_id":"4","level":"0","pokemon_id":"136"}{"order":"","version_group_id":"14","move_id":"240","pokemon_move_method_id":"4","level":"0","pokemon_id":"136"}{"order":"","version_group_id":"14","move_id":"241","pokemon_move_method_id":"4","level":"0","pokemon_id":"136"}{"order":"","version_group_id":"14","move_id":"247","pokemon_move_method_id":"4","level":"0","pokemon_id":"136"}{"order":"","version_group_id":"14","move_id":"249","pokemon_move_method_id":"4","level":"0","pokemon_id":"136"}{"order":"","version_group_id":"14","move_id":"257","pokemon_move_method_id":"3","level":"0","pokemon_id":"136"}{"order":"","version_group_id":"14","move_id":"261","pokemon_move_method_id":"4","level":"0","pokemon_id":"136"}{"order":"","version_group_id":"14","move_id":"263","pokemon_move_method_id":"4","level":"0","pokemon_id":"136"}{"order":"1","version_group_id":"14","move_id":"270","pokemon_move_method_id":"1","level":"1","pokemon_id":"136"}{"order":"","version_group_id":"14","move_id":"270","pokemon_move_method_id":"3","level":"0","pokemon_id":"136"}{"order":"","version_group_id":"14","move_id":"276","pokemon_move_method_id":"3","level":"0","pokemon_id":"136"}{"order":"","version_group_id":"14","move_id":"304","pokemon_move_method_id":"3","level":"0","pokemon_id":"136"}{"order":"","version_group_id":"14","move_id":"315","pokemon_move_method_id":"4","level":"0","pokemon_id":"136"}{"order":"","version_group_id":"14","move_id":"343","pokemon_move_method_id":"3","level":"0","pokemon_id":"136"}{"order":"","version_group_id":"14","move_id":"387","pokemon_move_method_id":"1","level":"41","pokemon_id":"136"}{"order":"","version_group_id":"14","move_id":"387","pokemon_move_method_id":"3","level":"0","pokemon_id":"136"}{"order":"","version_group_id":"14","move_id":"416","pokemon_move_method_id":"4","level":"0","pokemon_id":"136"}{"order":"","version_group_id":"14","move_id":"424","pokemon_move_method_id":"1","level":"21","pokemon_id":"136"}{"order":"","version_group_id":"14","move_id":"436","pokemon_move_method_id":"1","level":"37","pokemon_id":"136"}{"order":"","version_group_id":"14","move_id":"488","pokemon_move_method_id":"4","level":"0","pokemon_id":"136"}{"order":"","version_group_id":"14","move_id":"496","pokemon_move_method_id":"4","level":"0","pokemon_id":"136"}{"order":"","version_group_id":"14","move_id":"497","pokemon_move_method_id":"4","level":"0","pokemon_id":"136"}{"order":"","version_group_id":"14","move_id":"510","pokemon_move_method_id":"4","level":"0","pokemon_id":"136"}{"order":"","version_group_id":"14","move_id":"514","pokemon_move_method_id":"4","level":"0","pokemon_id":"136"}{"order":"","version_group_id":"14","move_id":"526","pokemon_move_method_id":"4","level":"0","pokemon_id":"136"}{"order":"","version_group_id":"15","move_id":"28","pokemon_move_method_id":"1","level":"5","pokemon_id":"136"}{"order":"2","version_group_id":"15","move_id":"33","pokemon_move_method_id":"1","level":"1","pokemon_id":"136"}{"order":"3","version_group_id":"15","move_id":"39","pokemon_move_method_id":"1","level":"1","pokemon_id":"136"}{"order":"","version_group_id":"15","move_id":"44","pokemon_move_method_id":"1","level":"17","pokemon_id":"136"}{"order":"","version_group_id":"15","move_id":"46","pokemon_move_method_id":"4","level":"0","pokemon_id":"136"}{"order":"","version_group_id":"15","move_id":"52","pokemon_move_method_id":"1","level":"9","pokemon_id":"136"}{"order":"","version_group_id":"15","move_id":"53","pokemon_move_method_id":"4","level":"0","pokemon_id":"136"}{"order":"","version_group_id":"15","move_id":"63","pokemon_move_method_id":"4","level":"0","pokemon_id":"136"}{"order":"","version_group_id":"15","move_id":"70","pokemon_move_method_id":"4","level":"0","pokemon_id":"136"}{"order":"","version_group_id":"15","move_id":"83","pokemon_move_method_id":"1","level":"25","pokemon_id":"136"}{"order":"","version_group_id":"15","move_id":"91","pokemon_move_method_id":"4","level":"0","pokemon_id":"136"}{"order":"","version_group_id":"15","move_id":"92","pokemon_move_method_id":"4","level":"0","pokemon_id":"136"}{"order":"","version_group_id":"15","move_id":"98","pokemon_move_method_id":"1","level":"13","pokemon_id":"136"}{"order":"","version_group_id":"15","move_id":"104","pokemon_move_method_id":"4","level":"0","pokemon_id":"136"}{"order":"","version_group_id":"15","move_id":"123","pokemon_move_method_id":"1","level":"33","pokemon_id":"136"}{"order":"","version_group_id":"15","move_id":"126","pokemon_move_method_id":"4","level":"0","pokemon_id":"136"}{"order":"","version_group_id":"15","move_id":"156","pokemon_move_method_id":"4","level":"0","pokemon_id":"136"}{"order":"","version_group_id":"15","move_id":"164","pokemon_move_method_id":"4","level":"0","pokemon_id":"136"}{"order":"","version_group_id":"15","move_id":"182","pokemon_move_method_id":"4","level":"0","pokemon_id":"136"}{"order":"","version_group_id":"15","move_id":"184","pokemon_move_method_id":"1","level":"29","pokemon_id":"136"}{"order":"","version_group_id":"15","move_id":"207","pokemon_move_method_id":"4","level":"0","pokemon_id":"136"}{"order":"","version_group_id":"15","move_id":"213","pokemon_move_method_id":"4","level":"0","pokemon_id":"136"}{"order":"","version_group_id":"15","move_id":"214","pokemon_move_method_id":"4","level":"0","pokemon_id":"136"}{"order":"","version_group_id":"15","move_id":"216","pokemon_move_method_id":"4","level":"0","pokemon_id":"136"}{"order":"","version_group_id":"15","move_id":"218","pokemon_move_method_id":"4","level":"0","pokemon_id":"136"}{"order":"","version_group_id":"15","move_id":"237","pokemon_move_method_id":"4","level":"0","pokemon_id":"136"}{"order":"","version_group_id":"15","move_id":"240","pokemon_move_method_id":"4","level":"0","pokemon_id":"136"}{"order":"","version_group_id":"15","move_id":"241","pokemon_move_method_id":"4","level":"0","pokemon_id":"136"}{"order":"","version_group_id":"15","move_id":"247","pokemon_move_method_id":"4","level":"0","pokemon_id":"136"}{"order":"","version_group_id":"15","move_id":"249","pokemon_move_method_id":"4","level":"0","pokemon_id":"136"}{"order":"","version_group_id":"15","move_id":"261","pokemon_move_method_id":"4","level":"0","pokemon_id":"136"}{"order":"","version_group_id":"15","move_id":"263","pokemon_move_method_id":"4","level":"0","pokemon_id":"136"}{"order":"1","version_group_id":"15","move_id":"270","pokemon_move_method_id":"1","level":"1","pokemon_id":"136"}{"order":"","version_group_id":"15","move_id":"315","pokemon_move_method_id":"4","level":"0","pokemon_id":"136"}{"order":"","version_group_id":"15","move_id":"387","pokemon_move_method_id":"1","level":"41","pokemon_id":"136"}{"order":"","version_group_id":"15","move_id":"394","pokemon_move_method_id":"1","level":"45","pokemon_id":"136"}{"order":"","version_group_id":"15","move_id":"416","pokemon_move_method_id":"4","level":"0","pokemon_id":"136"}{"order":"","version_group_id":"15","move_id":"424","pokemon_move_method_id":"1","level":"20","pokemon_id":"136"}{"order":"","version_group_id":"15","move_id":"436","pokemon_move_method_id":"1","level":"37","pokemon_id":"136"}{"order":"","version_group_id":"15","move_id":"488","pokemon_move_method_id":"4","level":"0","pokemon_id":"136"}{"order":"","version_group_id":"15","move_id":"496","pokemon_move_method_id":"4","level":"0","pokemon_id":"136"}{"order":"","version_group_id":"15","move_id":"497","pokemon_move_method_id":"4","level":"0","pokemon_id":"136"}{"order":"","version_group_id":"15","move_id":"510","pokemon_move_method_id":"4","level":"0","pokemon_id":"136"}{"order":"","version_group_id":"15","move_id":"514","pokemon_move_method_id":"4","level":"0","pokemon_id":"136"}{"order":"","version_group_id":"15","move_id":"590","pokemon_move_method_id":"4","level":"0","pokemon_id":"136"}