{"order":"","version_group_id":"5","move_id":"44","pokemon_move_method_id":"1","level":"8","pokemon_id":"367"}{"order":"","version_group_id":"5","move_id":"56","pokemon_move_method_id":"1","level":"50","pokemon_id":"367"}{"order":"","version_group_id":"5","move_id":"57","pokemon_move_method_id":"4","level":"0","pokemon_id":"367"}{"order":"","version_group_id":"5","move_id":"58","pokemon_move_method_id":"4","level":"0","pokemon_id":"367"}{"order":"","version_group_id":"5","move_id":"59","pokemon_move_method_id":"4","level":"0","pokemon_id":"367"}{"order":"","version_group_id":"5","move_id":"63","pokemon_move_method_id":"4","level":"0","pokemon_id":"367"}{"order":"","version_group_id":"5","move_id":"92","pokemon_move_method_id":"4","level":"0","pokemon_id":"367"}{"order":"","version_group_id":"5","move_id":"103","pokemon_move_method_id":"1","level":"15","pokemon_id":"367"}{"order":"","version_group_id":"5","move_id":"104","pokemon_move_method_id":"4","level":"0","pokemon_id":"367"}{"order":"","version_group_id":"5","move_id":"127","pokemon_move_method_id":"4","level":"0","pokemon_id":"367"}{"order":"","version_group_id":"5","move_id":"156","pokemon_move_method_id":"4","level":"0","pokemon_id":"367"}{"order":"","version_group_id":"5","move_id":"182","pokemon_move_method_id":"4","level":"0","pokemon_id":"367"}{"order":"","version_group_id":"5","move_id":"184","pokemon_move_method_id":"1","level":"29","pokemon_id":"367"}{"order":"","version_group_id":"5","move_id":"213","pokemon_move_method_id":"4","level":"0","pokemon_id":"367"}{"order":"","version_group_id":"5","move_id":"216","pokemon_move_method_id":"4","level":"0","pokemon_id":"367"}{"order":"","version_group_id":"5","move_id":"218","pokemon_move_method_id":"4","level":"0","pokemon_id":"367"}{"order":"","version_group_id":"5","move_id":"226","pokemon_move_method_id":"1","level":"43","pokemon_id":"367"}{"order":"","version_group_id":"5","move_id":"237","pokemon_move_method_id":"4","level":"0","pokemon_id":"367"}{"order":"","version_group_id":"5","move_id":"240","pokemon_move_method_id":"4","level":"0","pokemon_id":"367"}{"order":"","version_group_id":"5","move_id":"242","pokemon_move_method_id":"1","level":"36","pokemon_id":"367"}{"order":"","version_group_id":"5","move_id":"250","pokemon_move_method_id":"1","level":"1","pokemon_id":"367"}{"order":"","version_group_id":"5","move_id":"258","pokemon_move_method_id":"4","level":"0","pokemon_id":"367"}{"order":"","version_group_id":"5","move_id":"263","pokemon_move_method_id":"4","level":"0","pokemon_id":"367"}{"order":"","version_group_id":"5","move_id":"289","pokemon_move_method_id":"4","level":"0","pokemon_id":"367"}{"order":"","version_group_id":"5","move_id":"290","pokemon_move_method_id":"4","level":"0","pokemon_id":"367"}{"order":"","version_group_id":"5","move_id":"291","pokemon_move_method_id":"4","level":"0","pokemon_id":"367"}{"order":"","version_group_id":"5","move_id":"317","pokemon_move_method_id":"4","level":"0","pokemon_id":"367"}{"order":"","version_group_id":"5","move_id":"352","pokemon_move_method_id":"1","level":"22","pokemon_id":"367"}{"order":"","version_group_id":"5","move_id":"352","pokemon_move_method_id":"4","level":"0","pokemon_id":"367"}{"order":"","version_group_id":"6","move_id":"34","pokemon_move_method_id":"3","level":"0","pokemon_id":"367"}{"order":"","version_group_id":"6","move_id":"38","pokemon_move_method_id":"3","level":"0","pokemon_id":"367"}{"order":"","version_group_id":"6","move_id":"44","pokemon_move_method_id":"1","level":"8","pokemon_id":"367"}{"order":"","version_group_id":"6","move_id":"56","pokemon_move_method_id":"1","level":"50","pokemon_id":"367"}{"order":"","version_group_id":"6","move_id":"57","pokemon_move_method_id":"4","level":"0","pokemon_id":"367"}{"order":"","version_group_id":"6","move_id":"58","pokemon_move_method_id":"4","level":"0","pokemon_id":"367"}{"order":"","version_group_id":"6","move_id":"59","pokemon_move_method_id":"4","level":"0","pokemon_id":"367"}{"order":"","version_group_id":"6","move_id":"63","pokemon_move_method_id":"4","level":"0","pokemon_id":"367"}{"order":"","version_group_id":"6","move_id":"92","pokemon_move_method_id":"4","level":"0","pokemon_id":"367"}{"order":"","version_group_id":"6","move_id":"102","pokemon_move_method_id":"3","level":"0","pokemon_id":"367"}{"order":"","version_group_id":"6","move_id":"103","pokemon_move_method_id":"1","level":"15","pokemon_id":"367"}{"order":"","version_group_id":"6","move_id":"104","pokemon_move_method_id":"4","level":"0","pokemon_id":"367"}{"order":"","version_group_id":"6","move_id":"127","pokemon_move_method_id":"4","level":"0","pokemon_id":"367"}{"order":"","version_group_id":"6","move_id":"129","pokemon_move_method_id":"3","level":"0","pokemon_id":"367"}{"order":"","version_group_id":"6","move_id":"156","pokemon_move_method_id":"4","level":"0","pokemon_id":"367"}{"order":"","version_group_id":"6","move_id":"164","pokemon_move_method_id":"3","level":"0","pokemon_id":"367"}{"order":"","version_group_id":"6","move_id":"173","pokemon_move_method_id":"3","level":"0","pokemon_id":"367"}{"order":"","version_group_id":"6","move_id":"182","pokemon_move_method_id":"4","level":"0","pokemon_id":"367"}{"order":"","version_group_id":"6","move_id":"184","pokemon_move_method_id":"1","level":"29","pokemon_id":"367"}{"order":"","version_group_id":"6","move_id":"189","pokemon_move_method_id":"3","level":"0","pokemon_id":"367"}{"order":"","version_group_id":"6","move_id":"196","pokemon_move_method_id":"3","level":"0","pokemon_id":"367"}{"order":"","version_group_id":"6","move_id":"203","pokemon_move_method_id":"3","level":"0","pokemon_id":"367"}{"order":"","version_group_id":"6","move_id":"207","pokemon_move_method_id":"3","level":"0","pokemon_id":"367"}{"order":"","version_group_id":"6","move_id":"213","pokemon_move_method_id":"4","level":"0","pokemon_id":"367"}{"order":"","version_group_id":"6","move_id":"214","pokemon_move_method_id":"3","level":"0","pokemon_id":"367"}{"order":"","version_group_id":"6","move_id":"216","pokemon_move_method_id":"4","level":"0","pokemon_id":"367"}{"order":"","version_group_id":"6","move_id":"218","pokemon_move_method_id":"4","level":"0","pokemon_id":"367"}{"order":"","version_group_id":"6","move_id":"226","pokemon_move_method_id":"1","level":"43","pokemon_id":"367"}{"order":"","version_group_id":"6","move_id":"237","pokemon_move_method_id":"4","level":"0","pokemon_id":"367"}{"order":"","version_group_id":"6","move_id":"240","pokemon_move_method_id":"4","level":"0","pokemon_id":"367"}{"order":"","version_group_id":"6","move_id":"242","pokemon_move_method_id":"1","level":"36","pokemon_id":"367"}{"order":"","version_group_id":"6","move_id":"250","pokemon_move_method_id":"1","level":"1","pokemon_id":"367"}{"order":"","version_group_id":"6","move_id":"258","pokemon_move_method_id":"4","level":"0","pokemon_id":"367"}{"order":"","version_group_id":"6","move_id":"263","pokemon_move_method_id":"4","level":"0","pokemon_id":"367"}{"order":"","version_group_id":"6","move_id":"289","pokemon_move_method_id":"4","level":"0","pokemon_id":"367"}{"order":"","version_group_id":"6","move_id":"290","pokemon_move_method_id":"4","level":"0","pokemon_id":"367"}{"order":"","version_group_id":"6","move_id":"291","pokemon_move_method_id":"4","level":"0","pokemon_id":"367"}{"order":"","version_group_id":"6","move_id":"317","pokemon_move_method_id":"4","level":"0","pokemon_id":"367"}{"order":"","version_group_id":"6","move_id":"352","pokemon_move_method_id":"1","level":"22","pokemon_id":"367"}{"order":"","version_group_id":"6","move_id":"352","pokemon_move_method_id":"4","level":"0","pokemon_id":"367"}{"order":"","version_group_id":"7","move_id":"34","pokemon_move_method_id":"3","level":"0","pokemon_id":"367"}{"order":"","version_group_id":"7","move_id":"38","pokemon_move_method_id":"3","level":"0","pokemon_id":"367"}{"order":"","version_group_id":"7","move_id":"44","pokemon_move_method_id":"1","level":"8","pokemon_id":"367"}{"order":"","version_group_id":"7","move_id":"56","pokemon_move_method_id":"1","level":"50","pokemon_id":"367"}{"order":"","version_group_id":"7","move_id":"57","pokemon_move_method_id":"4","level":"0","pokemon_id":"367"}{"order":"","version_group_id":"7","move_id":"58","pokemon_move_method_id":"4","level":"0","pokemon_id":"367"}{"order":"","version_group_id":"7","move_id":"59","pokemon_move_method_id":"4","level":"0","pokemon_id":"367"}{"order":"","version_group_id":"7","move_id":"63","pokemon_move_method_id":"4","level":"0","pokemon_id":"367"}{"order":"","version_group_id":"7","move_id":"92","pokemon_move_method_id":"4","level":"0","pokemon_id":"367"}{"order":"","version_group_id":"7","move_id":"102","pokemon_move_method_id":"3","level":"0","pokemon_id":"367"}{"order":"","version_group_id":"7","move_id":"103","pokemon_move_method_id":"1","level":"15","pokemon_id":"367"}{"order":"","version_group_id":"7","move_id":"104","pokemon_move_method_id":"4","level":"0","pokemon_id":"367"}{"order":"","version_group_id":"7","move_id":"127","pokemon_move_method_id":"4","level":"0","pokemon_id":"367"}{"order":"","version_group_id":"7","move_id":"156","pokemon_move_method_id":"4","level":"0","pokemon_id":"367"}{"order":"","version_group_id":"7","move_id":"164","pokemon_move_method_id":"3","level":"0","pokemon_id":"367"}{"order":"","version_group_id":"7","move_id":"182","pokemon_move_method_id":"4","level":"0","pokemon_id":"367"}{"order":"","version_group_id":"7","move_id":"184","pokemon_move_method_id":"1","level":"29","pokemon_id":"367"}{"order":"","version_group_id":"7","move_id":"213","pokemon_move_method_id":"4","level":"0","pokemon_id":"367"}{"order":"","version_group_id":"7","move_id":"216","pokemon_move_method_id":"4","level":"0","pokemon_id":"367"}{"order":"","version_group_id":"7","move_id":"218","pokemon_move_method_id":"4","level":"0","pokemon_id":"367"}{"order":"","version_group_id":"7","move_id":"226","pokemon_move_method_id":"1","level":"43","pokemon_id":"367"}{"order":"","version_group_id":"7","move_id":"237","pokemon_move_method_id":"4","level":"0","pokemon_id":"367"}{"order":"","version_group_id":"7","move_id":"240","pokemon_move_method_id":"4","level":"0","pokemon_id":"367"}{"order":"","version_group_id":"7","move_id":"242","pokemon_move_method_id":"1","level":"36","pokemon_id":"367"}{"order":"","version_group_id":"7","move_id":"250","pokemon_move_method_id":"1","level":"1","pokemon_id":"367"}{"order":"","version_group_id":"7","move_id":"258","pokemon_move_method_id":"4","level":"0","pokemon_id":"367"}{"order":"","version_group_id":"7","move_id":"263","pokemon_move_method_id":"4","level":"0","pokemon_id":"367"}{"order":"","version_group_id":"7","move_id":"289","pokemon_move_method_id":"4","level":"0","pokemon_id":"367"}{"order":"","version_group_id":"7","move_id":"290","pokemon_move_method_id":"4","level":"0","pokemon_id":"367"}{"order":"","version_group_id":"7","move_id":"291","pokemon_move_method_id":"4","level":"0","pokemon_id":"367"}{"order":"","version_group_id":"7","move_id":"317","pokemon_move_method_id":"4","level":"0","pokemon_id":"367"}{"order":"","version_group_id":"7","move_id":"352","pokemon_move_method_id":"1","level":"22","pokemon_id":"367"}{"order":"","version_group_id":"7","move_id":"352","pokemon_move_method_id":"4","level":"0","pokemon_id":"367"}{"order":"","version_group_id":"8","move_id":"44","pokemon_move_method_id":"1","level":"6","pokemon_id":"367"}{"order":"","version_group_id":"8","move_id":"56","pokemon_move_method_id":"1","level":"51","pokemon_id":"367"}{"order":"","version_group_id":"8","move_id":"57","pokemon_move_method_id":"4","level":"0","pokemon_id":"367"}{"order":"","version_group_id":"8","move_id":"58","pokemon_move_method_id":"4","level":"0","pokemon_id":"367"}{"order":"","version_group_id":"8","move_id":"59","pokemon_move_method_id":"4","level":"0","pokemon_id":"367"}{"order":"","version_group_id":"8","move_id":"63","pokemon_move_method_id":"4","level":"0","pokemon_id":"367"}{"order":"","version_group_id":"8","move_id":"92","pokemon_move_method_id":"4","level":"0","pokemon_id":"367"}{"order":"","version_group_id":"8","move_id":"103","pokemon_move_method_id":"1","level":"10","pokemon_id":"367"}{"order":"","version_group_id":"8","move_id":"104","pokemon_move_method_id":"4","level":"0","pokemon_id":"367"}{"order":"","version_group_id":"8","move_id":"127","pokemon_move_method_id":"4","level":"0","pokemon_id":"367"}{"order":"","version_group_id":"8","move_id":"156","pokemon_move_method_id":"4","level":"0","pokemon_id":"367"}{"order":"","version_group_id":"8","move_id":"164","pokemon_move_method_id":"4","level":"0","pokemon_id":"367"}{"order":"","version_group_id":"8","move_id":"182","pokemon_move_method_id":"4","level":"0","pokemon_id":"367"}{"order":"","version_group_id":"8","move_id":"184","pokemon_move_method_id":"1","level":"19","pokemon_id":"367"}{"order":"","version_group_id":"8","move_id":"203","pokemon_move_method_id":"4","level":"0","pokemon_id":"367"}{"order":"","version_group_id":"8","move_id":"207","pokemon_move_method_id":"4","level":"0","pokemon_id":"367"}{"order":"","version_group_id":"8","move_id":"213","pokemon_move_method_id":"4","level":"0","pokemon_id":"367"}{"order":"","version_group_id":"8","move_id":"214","pokemon_move_method_id":"4","level":"0","pokemon_id":"367"}{"order":"","version_group_id":"8","move_id":"216","pokemon_move_method_id":"4","level":"0","pokemon_id":"367"}{"order":"","version_group_id":"8","move_id":"218","pokemon_move_method_id":"4","level":"0","pokemon_id":"367"}{"order":"","version_group_id":"8","move_id":"226","pokemon_move_method_id":"1","level":"33","pokemon_id":"367"}{"order":"","version_group_id":"8","move_id":"237","pokemon_move_method_id":"4","level":"0","pokemon_id":"367"}{"order":"","version_group_id":"8","move_id":"240","pokemon_move_method_id":"4","level":"0","pokemon_id":"367"}{"order":"","version_group_id":"8","move_id":"242","pokemon_move_method_id":"1","level":"42","pokemon_id":"367"}{"order":"","version_group_id":"8","move_id":"250","pokemon_move_method_id":"1","level":"1","pokemon_id":"367"}{"order":"","version_group_id":"8","move_id":"258","pokemon_move_method_id":"4","level":"0","pokemon_id":"367"}{"order":"","version_group_id":"8","move_id":"263","pokemon_move_method_id":"4","level":"0","pokemon_id":"367"}{"order":"","version_group_id":"8","move_id":"289","pokemon_move_method_id":"4","level":"0","pokemon_id":"367"}{"order":"","version_group_id":"8","move_id":"290","pokemon_move_method_id":"4","level":"0","pokemon_id":"367"}{"order":"","version_group_id":"8","move_id":"291","pokemon_move_method_id":"1","level":"37","pokemon_id":"367"}{"order":"","version_group_id":"8","move_id":"317","pokemon_move_method_id":"4","level":"0","pokemon_id":"367"}{"order":"","version_group_id":"8","move_id":"352","pokemon_move_method_id":"1","level":"15","pokemon_id":"367"}{"order":"","version_group_id":"8","move_id":"352","pokemon_move_method_id":"4","level":"0","pokemon_id":"367"}{"order":"","version_group_id":"8","move_id":"362","pokemon_move_method_id":"1","level":"28","pokemon_id":"367"}{"order":"","version_group_id":"8","move_id":"362","pokemon_move_method_id":"4","level":"0","pokemon_id":"367"}{"order":"","version_group_id":"8","move_id":"363","pokemon_move_method_id":"4","level":"0","pokemon_id":"367"}{"order":"","version_group_id":"8","move_id":"401","pokemon_move_method_id":"1","level":"46","pokemon_id":"367"}{"order":"","version_group_id":"8","move_id":"416","pokemon_move_method_id":"4","level":"0","pokemon_id":"367"}{"order":"","version_group_id":"8","move_id":"423","pokemon_move_method_id":"1","level":"24","pokemon_id":"367"}{"order":"","version_group_id":"8","move_id":"445","pokemon_move_method_id":"4","level":"0","pokemon_id":"367"}{"order":"","version_group_id":"9","move_id":"44","pokemon_move_method_id":"1","level":"6","pokemon_id":"367"}{"order":"","version_group_id":"9","move_id":"56","pokemon_move_method_id":"1","level":"51","pokemon_id":"367"}{"order":"","version_group_id":"9","move_id":"57","pokemon_move_method_id":"4","level":"0","pokemon_id":"367"}{"order":"","version_group_id":"9","move_id":"58","pokemon_move_method_id":"4","level":"0","pokemon_id":"367"}{"order":"","version_group_id":"9","move_id":"59","pokemon_move_method_id":"4","level":"0","pokemon_id":"367"}{"order":"","version_group_id":"9","move_id":"63","pokemon_move_method_id":"4","level":"0","pokemon_id":"367"}{"order":"","version_group_id":"9","move_id":"92","pokemon_move_method_id":"4","level":"0","pokemon_id":"367"}{"order":"","version_group_id":"9","move_id":"103","pokemon_move_method_id":"1","level":"10","pokemon_id":"367"}{"order":"","version_group_id":"9","move_id":"104","pokemon_move_method_id":"4","level":"0","pokemon_id":"367"}{"order":"","version_group_id":"9","move_id":"127","pokemon_move_method_id":"4","level":"0","pokemon_id":"367"}{"order":"","version_group_id":"9","move_id":"129","pokemon_move_method_id":"3","level":"0","pokemon_id":"367"}{"order":"","version_group_id":"9","move_id":"156","pokemon_move_method_id":"4","level":"0","pokemon_id":"367"}{"order":"","version_group_id":"9","move_id":"164","pokemon_move_method_id":"4","level":"0","pokemon_id":"367"}{"order":"","version_group_id":"9","move_id":"173","pokemon_move_method_id":"3","level":"0","pokemon_id":"367"}{"order":"","version_group_id":"9","move_id":"182","pokemon_move_method_id":"4","level":"0","pokemon_id":"367"}{"order":"","version_group_id":"9","move_id":"184","pokemon_move_method_id":"1","level":"19","pokemon_id":"367"}{"order":"","version_group_id":"9","move_id":"189","pokemon_move_method_id":"3","level":"0","pokemon_id":"367"}{"order":"","version_group_id":"9","move_id":"196","pokemon_move_method_id":"3","level":"0","pokemon_id":"367"}{"order":"","version_group_id":"9","move_id":"203","pokemon_move_method_id":"4","level":"0","pokemon_id":"367"}{"order":"","version_group_id":"9","move_id":"207","pokemon_move_method_id":"4","level":"0","pokemon_id":"367"}{"order":"","version_group_id":"9","move_id":"213","pokemon_move_method_id":"4","level":"0","pokemon_id":"367"}{"order":"","version_group_id":"9","move_id":"214","pokemon_move_method_id":"4","level":"0","pokemon_id":"367"}{"order":"","version_group_id":"9","move_id":"216","pokemon_move_method_id":"4","level":"0","pokemon_id":"367"}{"order":"","version_group_id":"9","move_id":"218","pokemon_move_method_id":"4","level":"0","pokemon_id":"367"}{"order":"","version_group_id":"9","move_id":"226","pokemon_move_method_id":"1","level":"33","pokemon_id":"367"}{"order":"","version_group_id":"9","move_id":"237","pokemon_move_method_id":"4","level":"0","pokemon_id":"367"}{"order":"","version_group_id":"9","move_id":"240","pokemon_move_method_id":"4","level":"0","pokemon_id":"367"}{"order":"","version_group_id":"9","move_id":"242","pokemon_move_method_id":"1","level":"42","pokemon_id":"367"}{"order":"","version_group_id":"9","move_id":"250","pokemon_move_method_id":"1","level":"1","pokemon_id":"367"}{"order":"","version_group_id":"9","move_id":"258","pokemon_move_method_id":"4","level":"0","pokemon_id":"367"}{"order":"","version_group_id":"9","move_id":"263","pokemon_move_method_id":"4","level":"0","pokemon_id":"367"}{"order":"","version_group_id":"9","move_id":"289","pokemon_move_method_id":"4","level":"0","pokemon_id":"367"}{"order":"","version_group_id":"9","move_id":"290","pokemon_move_method_id":"4","level":"0","pokemon_id":"367"}{"order":"","version_group_id":"9","move_id":"291","pokemon_move_method_id":"1","level":"37","pokemon_id":"367"}{"order":"","version_group_id":"9","move_id":"291","pokemon_move_method_id":"3","level":"0","pokemon_id":"367"}{"order":"","version_group_id":"9","move_id":"317","pokemon_move_method_id":"4","level":"0","pokemon_id":"367"}{"order":"","version_group_id":"9","move_id":"340","pokemon_move_method_id":"3","level":"0","pokemon_id":"367"}{"order":"","version_group_id":"9","move_id":"352","pokemon_move_method_id":"1","level":"15","pokemon_id":"367"}{"order":"","version_group_id":"9","move_id":"352","pokemon_move_method_id":"4","level":"0","pokemon_id":"367"}{"order":"","version_group_id":"9","move_id":"362","pokemon_move_method_id":"1","level":"28","pokemon_id":"367"}{"order":"","version_group_id":"9","move_id":"362","pokemon_move_method_id":"4","level":"0","pokemon_id":"367"}{"order":"","version_group_id":"9","move_id":"363","pokemon_move_method_id":"4","level":"0","pokemon_id":"367"}{"order":"","version_group_id":"9","move_id":"389","pokemon_move_method_id":"3","level":"0","pokemon_id":"367"}{"order":"","version_group_id":"9","move_id":"401","pokemon_move_method_id":"1","level":"46","pokemon_id":"367"}{"order":"","version_group_id":"9","move_id":"401","pokemon_move_method_id":"3","level":"0","pokemon_id":"367"}{"order":"","version_group_id":"9","move_id":"416","pokemon_move_method_id":"4","level":"0","pokemon_id":"367"}{"order":"","version_group_id":"9","move_id":"423","pokemon_move_method_id":"1","level":"24","pokemon_id":"367"}{"order":"","version_group_id":"9","move_id":"445","pokemon_move_method_id":"4","level":"0","pokemon_id":"367"}{"order":"","version_group_id":"10","move_id":"44","pokemon_move_method_id":"1","level":"6","pokemon_id":"367"}{"order":"","version_group_id":"10","move_id":"56","pokemon_move_method_id":"1","level":"51","pokemon_id":"367"}{"order":"","version_group_id":"10","move_id":"57","pokemon_move_method_id":"4","level":"0","pokemon_id":"367"}{"order":"","version_group_id":"10","move_id":"58","pokemon_move_method_id":"4","level":"0","pokemon_id":"367"}{"order":"","version_group_id":"10","move_id":"59","pokemon_move_method_id":"4","level":"0","pokemon_id":"367"}{"order":"","version_group_id":"10","move_id":"63","pokemon_move_method_id":"4","level":"0","pokemon_id":"367"}{"order":"","version_group_id":"10","move_id":"92","pokemon_move_method_id":"4","level":"0","pokemon_id":"367"}{"order":"","version_group_id":"10","move_id":"103","pokemon_move_method_id":"1","level":"10","pokemon_id":"367"}{"order":"","version_group_id":"10","move_id":"104","pokemon_move_method_id":"4","level":"0","pokemon_id":"367"}{"order":"","version_group_id":"10","move_id":"127","pokemon_move_method_id":"4","level":"0","pokemon_id":"367"}{"order":"","version_group_id":"10","move_id":"129","pokemon_move_method_id":"3","level":"0","pokemon_id":"367"}{"order":"","version_group_id":"10","move_id":"156","pokemon_move_method_id":"4","level":"0","pokemon_id":"367"}{"order":"","version_group_id":"10","move_id":"162","pokemon_move_method_id":"3","level":"0","pokemon_id":"367"}{"order":"","version_group_id":"10","move_id":"164","pokemon_move_method_id":"4","level":"0","pokemon_id":"367"}{"order":"","version_group_id":"10","move_id":"173","pokemon_move_method_id":"3","level":"0","pokemon_id":"367"}{"order":"","version_group_id":"10","move_id":"182","pokemon_move_method_id":"4","level":"0","pokemon_id":"367"}{"order":"","version_group_id":"10","move_id":"184","pokemon_move_method_id":"1","level":"19","pokemon_id":"367"}{"order":"","version_group_id":"10","move_id":"189","pokemon_move_method_id":"3","level":"0","pokemon_id":"367"}{"order":"","version_group_id":"10","move_id":"196","pokemon_move_method_id":"3","level":"0","pokemon_id":"367"}{"order":"","version_group_id":"10","move_id":"203","pokemon_move_method_id":"4","level":"0","pokemon_id":"367"}{"order":"","version_group_id":"10","move_id":"207","pokemon_move_method_id":"4","level":"0","pokemon_id":"367"}{"order":"","version_group_id":"10","move_id":"213","pokemon_move_method_id":"4","level":"0","pokemon_id":"367"}{"order":"","version_group_id":"10","move_id":"214","pokemon_move_method_id":"4","level":"0","pokemon_id":"367"}{"order":"","version_group_id":"10","move_id":"216","pokemon_move_method_id":"4","level":"0","pokemon_id":"367"}{"order":"","version_group_id":"10","move_id":"218","pokemon_move_method_id":"4","level":"0","pokemon_id":"367"}{"order":"","version_group_id":"10","move_id":"226","pokemon_move_method_id":"1","level":"33","pokemon_id":"367"}{"order":"","version_group_id":"10","move_id":"237","pokemon_move_method_id":"4","level":"0","pokemon_id":"367"}{"order":"","version_group_id":"10","move_id":"240","pokemon_move_method_id":"4","level":"0","pokemon_id":"367"}{"order":"","version_group_id":"10","move_id":"242","pokemon_move_method_id":"1","level":"42","pokemon_id":"367"}{"order":"","version_group_id":"10","move_id":"250","pokemon_move_method_id":"1","level":"1","pokemon_id":"367"}{"order":"","version_group_id":"10","move_id":"250","pokemon_move_method_id":"4","level":"0","pokemon_id":"367"}{"order":"","version_group_id":"10","move_id":"258","pokemon_move_method_id":"4","level":"0","pokemon_id":"367"}{"order":"","version_group_id":"10","move_id":"263","pokemon_move_method_id":"4","level":"0","pokemon_id":"367"}{"order":"","version_group_id":"10","move_id":"289","pokemon_move_method_id":"4","level":"0","pokemon_id":"367"}{"order":"","version_group_id":"10","move_id":"290","pokemon_move_method_id":"4","level":"0","pokemon_id":"367"}{"order":"","version_group_id":"10","move_id":"291","pokemon_move_method_id":"1","level":"37","pokemon_id":"367"}{"order":"","version_group_id":"10","move_id":"291","pokemon_move_method_id":"3","level":"0","pokemon_id":"367"}{"order":"","version_group_id":"10","move_id":"317","pokemon_move_method_id":"4","level":"0","pokemon_id":"367"}{"order":"","version_group_id":"10","move_id":"340","pokemon_move_method_id":"3","level":"0","pokemon_id":"367"}{"order":"","version_group_id":"10","move_id":"352","pokemon_move_method_id":"1","level":"15","pokemon_id":"367"}{"order":"","version_group_id":"10","move_id":"352","pokemon_move_method_id":"4","level":"0","pokemon_id":"367"}{"order":"","version_group_id":"10","move_id":"362","pokemon_move_method_id":"1","level":"28","pokemon_id":"367"}{"order":"","version_group_id":"10","move_id":"362","pokemon_move_method_id":"4","level":"0","pokemon_id":"367"}{"order":"","version_group_id":"10","move_id":"363","pokemon_move_method_id":"4","level":"0","pokemon_id":"367"}{"order":"","version_group_id":"10","move_id":"389","pokemon_move_method_id":"3","level":"0","pokemon_id":"367"}{"order":"","version_group_id":"10","move_id":"401","pokemon_move_method_id":"1","level":"46","pokemon_id":"367"}{"order":"","version_group_id":"10","move_id":"401","pokemon_move_method_id":"3","level":"0","pokemon_id":"367"}{"order":"","version_group_id":"10","move_id":"416","pokemon_move_method_id":"4","level":"0","pokemon_id":"367"}{"order":"","version_group_id":"10","move_id":"423","pokemon_move_method_id":"1","level":"24","pokemon_id":"367"}{"order":"","version_group_id":"10","move_id":"445","pokemon_move_method_id":"4","level":"0","pokemon_id":"367"}{"order":"","version_group_id":"11","move_id":"44","pokemon_move_method_id":"1","level":"6","pokemon_id":"367"}{"order":"","version_group_id":"11","move_id":"56","pokemon_move_method_id":"1","level":"51","pokemon_id":"367"}{"order":"","version_group_id":"11","move_id":"57","pokemon_move_method_id":"4","level":"0","pokemon_id":"367"}{"order":"","version_group_id":"11","move_id":"58","pokemon_move_method_id":"4","level":"0","pokemon_id":"367"}{"order":"","version_group_id":"11","move_id":"59","pokemon_move_method_id":"4","level":"0","pokemon_id":"367"}{"order":"","version_group_id":"11","move_id":"63","pokemon_move_method_id":"4","level":"0","pokemon_id":"367"}{"order":"","version_group_id":"11","move_id":"92","pokemon_move_method_id":"4","level":"0","pokemon_id":"367"}{"order":"","version_group_id":"11","move_id":"103","pokemon_move_method_id":"1","level":"10","pokemon_id":"367"}{"order":"","version_group_id":"11","move_id":"104","pokemon_move_method_id":"4","level":"0","pokemon_id":"367"}{"order":"","version_group_id":"11","move_id":"127","pokemon_move_method_id":"4","level":"0","pokemon_id":"367"}{"order":"","version_group_id":"11","move_id":"156","pokemon_move_method_id":"4","level":"0","pokemon_id":"367"}{"order":"","version_group_id":"11","move_id":"164","pokemon_move_method_id":"4","level":"0","pokemon_id":"367"}{"order":"","version_group_id":"11","move_id":"182","pokemon_move_method_id":"4","level":"0","pokemon_id":"367"}{"order":"","version_group_id":"11","move_id":"184","pokemon_move_method_id":"1","level":"19","pokemon_id":"367"}{"order":"","version_group_id":"11","move_id":"207","pokemon_move_method_id":"4","level":"0","pokemon_id":"367"}{"order":"","version_group_id":"11","move_id":"213","pokemon_move_method_id":"4","level":"0","pokemon_id":"367"}{"order":"","version_group_id":"11","move_id":"216","pokemon_move_method_id":"4","level":"0","pokemon_id":"367"}{"order":"","version_group_id":"11","move_id":"218","pokemon_move_method_id":"4","level":"0","pokemon_id":"367"}{"order":"","version_group_id":"11","move_id":"226","pokemon_move_method_id":"1","level":"33","pokemon_id":"367"}{"order":"","version_group_id":"11","move_id":"237","pokemon_move_method_id":"4","level":"0","pokemon_id":"367"}{"order":"","version_group_id":"11","move_id":"240","pokemon_move_method_id":"4","level":"0","pokemon_id":"367"}{"order":"","version_group_id":"11","move_id":"242","pokemon_move_method_id":"1","level":"42","pokemon_id":"367"}{"order":"","version_group_id":"11","move_id":"250","pokemon_move_method_id":"1","level":"1","pokemon_id":"367"}{"order":"","version_group_id":"11","move_id":"258","pokemon_move_method_id":"4","level":"0","pokemon_id":"367"}{"order":"","version_group_id":"11","move_id":"263","pokemon_move_method_id":"4","level":"0","pokemon_id":"367"}{"order":"","version_group_id":"11","move_id":"291","pokemon_move_method_id":"1","level":"37","pokemon_id":"367"}{"order":"","version_group_id":"11","move_id":"291","pokemon_move_method_id":"4","level":"0","pokemon_id":"367"}{"order":"","version_group_id":"11","move_id":"317","pokemon_move_method_id":"4","level":"0","pokemon_id":"367"}{"order":"","version_group_id":"11","move_id":"352","pokemon_move_method_id":"1","level":"15","pokemon_id":"367"}{"order":"","version_group_id":"11","move_id":"362","pokemon_move_method_id":"1","level":"28","pokemon_id":"367"}{"order":"","version_group_id":"11","move_id":"401","pokemon_move_method_id":"1","level":"46","pokemon_id":"367"}{"order":"","version_group_id":"11","move_id":"416","pokemon_move_method_id":"4","level":"0","pokemon_id":"367"}{"order":"","version_group_id":"11","move_id":"423","pokemon_move_method_id":"1","level":"24","pokemon_id":"367"}{"order":"","version_group_id":"11","move_id":"496","pokemon_move_method_id":"4","level":"0","pokemon_id":"367"}{"order":"","version_group_id":"11","move_id":"503","pokemon_move_method_id":"4","level":"0","pokemon_id":"367"}{"order":"","version_group_id":"12","move_id":"44","pokemon_move_method_id":"1","level":"8","pokemon_id":"367"}{"order":"","version_group_id":"12","move_id":"56","pokemon_move_method_id":"1","level":"50","pokemon_id":"367"}{"order":"","version_group_id":"12","move_id":"57","pokemon_move_method_id":"4","level":"0","pokemon_id":"367"}{"order":"","version_group_id":"12","move_id":"58","pokemon_move_method_id":"4","level":"0","pokemon_id":"367"}{"order":"","version_group_id":"12","move_id":"59","pokemon_move_method_id":"4","level":"0","pokemon_id":"367"}{"order":"","version_group_id":"12","move_id":"63","pokemon_move_method_id":"4","level":"0","pokemon_id":"367"}{"order":"","version_group_id":"12","move_id":"92","pokemon_move_method_id":"4","level":"0","pokemon_id":"367"}{"order":"","version_group_id":"12","move_id":"103","pokemon_move_method_id":"1","level":"15","pokemon_id":"367"}{"order":"","version_group_id":"12","move_id":"104","pokemon_move_method_id":"4","level":"0","pokemon_id":"367"}{"order":"","version_group_id":"12","move_id":"127","pokemon_move_method_id":"4","level":"0","pokemon_id":"367"}{"order":"","version_group_id":"12","move_id":"156","pokemon_move_method_id":"4","level":"0","pokemon_id":"367"}{"order":"","version_group_id":"12","move_id":"182","pokemon_move_method_id":"4","level":"0","pokemon_id":"367"}{"order":"","version_group_id":"12","move_id":"184","pokemon_move_method_id":"1","level":"29","pokemon_id":"367"}{"order":"","version_group_id":"12","move_id":"213","pokemon_move_method_id":"4","level":"0","pokemon_id":"367"}{"order":"","version_group_id":"12","move_id":"216","pokemon_move_method_id":"4","level":"0","pokemon_id":"367"}{"order":"","version_group_id":"12","move_id":"218","pokemon_move_method_id":"4","level":"0","pokemon_id":"367"}{"order":"","version_group_id":"12","move_id":"226","pokemon_move_method_id":"1","level":"43","pokemon_id":"367"}{"order":"","version_group_id":"12","move_id":"237","pokemon_move_method_id":"4","level":"0","pokemon_id":"367"}{"order":"","version_group_id":"12","move_id":"240","pokemon_move_method_id":"4","level":"0","pokemon_id":"367"}{"order":"","version_group_id":"12","move_id":"242","pokemon_move_method_id":"1","level":"36","pokemon_id":"367"}{"order":"","version_group_id":"12","move_id":"250","pokemon_move_method_id":"1","level":"1","pokemon_id":"367"}{"order":"","version_group_id":"12","move_id":"258","pokemon_move_method_id":"4","level":"0","pokemon_id":"367"}{"order":"","version_group_id":"12","move_id":"263","pokemon_move_method_id":"4","level":"0","pokemon_id":"367"}{"order":"","version_group_id":"12","move_id":"289","pokemon_move_method_id":"4","level":"0","pokemon_id":"367"}{"order":"","version_group_id":"12","move_id":"290","pokemon_move_method_id":"4","level":"0","pokemon_id":"367"}{"order":"","version_group_id":"12","move_id":"291","pokemon_move_method_id":"4","level":"0","pokemon_id":"367"}{"order":"","version_group_id":"12","move_id":"317","pokemon_move_method_id":"4","level":"0","pokemon_id":"367"}{"order":"","version_group_id":"12","move_id":"352","pokemon_move_method_id":"1","level":"22","pokemon_id":"367"}{"order":"","version_group_id":"12","move_id":"352","pokemon_move_method_id":"4","level":"0","pokemon_id":"367"}{"order":"","version_group_id":"13","move_id":"34","pokemon_move_method_id":"3","level":"0","pokemon_id":"367"}{"order":"","version_group_id":"13","move_id":"38","pokemon_move_method_id":"3","level":"0","pokemon_id":"367"}{"order":"","version_group_id":"13","move_id":"44","pokemon_move_method_id":"1","level":"8","pokemon_id":"367"}{"order":"","version_group_id":"13","move_id":"56","pokemon_move_method_id":"1","level":"50","pokemon_id":"367"}{"order":"","version_group_id":"13","move_id":"57","pokemon_move_method_id":"4","level":"0","pokemon_id":"367"}{"order":"","version_group_id":"13","move_id":"58","pokemon_move_method_id":"4","level":"0","pokemon_id":"367"}{"order":"","version_group_id":"13","move_id":"59","pokemon_move_method_id":"4","level":"0","pokemon_id":"367"}{"order":"","version_group_id":"13","move_id":"63","pokemon_move_method_id":"4","level":"0","pokemon_id":"367"}{"order":"","version_group_id":"13","move_id":"92","pokemon_move_method_id":"4","level":"0","pokemon_id":"367"}{"order":"","version_group_id":"13","move_id":"102","pokemon_move_method_id":"3","level":"0","pokemon_id":"367"}{"order":"","version_group_id":"13","move_id":"103","pokemon_move_method_id":"1","level":"15","pokemon_id":"367"}{"order":"","version_group_id":"13","move_id":"104","pokemon_move_method_id":"4","level":"0","pokemon_id":"367"}{"order":"","version_group_id":"13","move_id":"127","pokemon_move_method_id":"4","level":"0","pokemon_id":"367"}{"order":"","version_group_id":"13","move_id":"156","pokemon_move_method_id":"4","level":"0","pokemon_id":"367"}{"order":"","version_group_id":"13","move_id":"164","pokemon_move_method_id":"3","level":"0","pokemon_id":"367"}{"order":"","version_group_id":"13","move_id":"182","pokemon_move_method_id":"4","level":"0","pokemon_id":"367"}{"order":"","version_group_id":"13","move_id":"184","pokemon_move_method_id":"1","level":"29","pokemon_id":"367"}{"order":"","version_group_id":"13","move_id":"196","pokemon_move_method_id":"3","level":"0","pokemon_id":"367"}{"order":"","version_group_id":"13","move_id":"207","pokemon_move_method_id":"3","level":"0","pokemon_id":"367"}{"order":"","version_group_id":"13","move_id":"213","pokemon_move_method_id":"4","level":"0","pokemon_id":"367"}{"order":"","version_group_id":"13","move_id":"216","pokemon_move_method_id":"4","level":"0","pokemon_id":"367"}{"order":"","version_group_id":"13","move_id":"218","pokemon_move_method_id":"4","level":"0","pokemon_id":"367"}{"order":"","version_group_id":"13","move_id":"226","pokemon_move_method_id":"1","level":"43","pokemon_id":"367"}{"order":"","version_group_id":"13","move_id":"237","pokemon_move_method_id":"4","level":"0","pokemon_id":"367"}{"order":"","version_group_id":"13","move_id":"240","pokemon_move_method_id":"4","level":"0","pokemon_id":"367"}{"order":"","version_group_id":"13","move_id":"242","pokemon_move_method_id":"1","level":"36","pokemon_id":"367"}{"order":"","version_group_id":"13","move_id":"250","pokemon_move_method_id":"1","level":"1","pokemon_id":"367"}{"order":"","version_group_id":"13","move_id":"258","pokemon_move_method_id":"4","level":"0","pokemon_id":"367"}{"order":"","version_group_id":"13","move_id":"263","pokemon_move_method_id":"4","level":"0","pokemon_id":"367"}{"order":"","version_group_id":"13","move_id":"289","pokemon_move_method_id":"4","level":"0","pokemon_id":"367"}{"order":"","version_group_id":"13","move_id":"290","pokemon_move_method_id":"4","level":"0","pokemon_id":"367"}{"order":"","version_group_id":"13","move_id":"291","pokemon_move_method_id":"4","level":"0","pokemon_id":"367"}{"order":"","version_group_id":"13","move_id":"317","pokemon_move_method_id":"4","level":"0","pokemon_id":"367"}{"order":"","version_group_id":"13","move_id":"352","pokemon_move_method_id":"1","level":"22","pokemon_id":"367"}{"order":"","version_group_id":"13","move_id":"352","pokemon_move_method_id":"4","level":"0","pokemon_id":"367"}{"order":"","version_group_id":"14","move_id":"20","pokemon_move_method_id":"3","level":"0","pokemon_id":"367"}{"order":"","version_group_id":"14","move_id":"44","pokemon_move_method_id":"1","level":"6","pokemon_id":"367"}{"order":"","version_group_id":"14","move_id":"56","pokemon_move_method_id":"1","level":"51","pokemon_id":"367"}{"order":"","version_group_id":"14","move_id":"57","pokemon_move_method_id":"4","level":"0","pokemon_id":"367"}{"order":"","version_group_id":"14","move_id":"58","pokemon_move_method_id":"4","level":"0","pokemon_id":"367"}{"order":"","version_group_id":"14","move_id":"59","pokemon_move_method_id":"4","level":"0","pokemon_id":"367"}{"order":"","version_group_id":"14","move_id":"63","pokemon_move_method_id":"4","level":"0","pokemon_id":"367"}{"order":"","version_group_id":"14","move_id":"92","pokemon_move_method_id":"4","level":"0","pokemon_id":"367"}{"order":"","version_group_id":"14","move_id":"103","pokemon_move_method_id":"1","level":"10","pokemon_id":"367"}{"order":"","version_group_id":"14","move_id":"104","pokemon_move_method_id":"4","level":"0","pokemon_id":"367"}{"order":"","version_group_id":"14","move_id":"127","pokemon_move_method_id":"4","level":"0","pokemon_id":"367"}{"order":"","version_group_id":"14","move_id":"156","pokemon_move_method_id":"4","level":"0","pokemon_id":"367"}{"order":"","version_group_id":"14","move_id":"162","pokemon_move_method_id":"3","level":"0","pokemon_id":"367"}{"order":"","version_group_id":"14","move_id":"164","pokemon_move_method_id":"4","level":"0","pokemon_id":"367"}{"order":"","version_group_id":"14","move_id":"173","pokemon_move_method_id":"3","level":"0","pokemon_id":"367"}{"order":"","version_group_id":"14","move_id":"182","pokemon_move_method_id":"4","level":"0","pokemon_id":"367"}{"order":"","version_group_id":"14","move_id":"184","pokemon_move_method_id":"1","level":"19","pokemon_id":"367"}{"order":"","version_group_id":"14","move_id":"196","pokemon_move_method_id":"3","level":"0","pokemon_id":"367"}{"order":"","version_group_id":"14","move_id":"207","pokemon_move_method_id":"4","level":"0","pokemon_id":"367"}{"order":"","version_group_id":"14","move_id":"213","pokemon_move_method_id":"4","level":"0","pokemon_id":"367"}{"order":"","version_group_id":"14","move_id":"214","pokemon_move_method_id":"3","level":"0","pokemon_id":"367"}{"order":"","version_group_id":"14","move_id":"216","pokemon_move_method_id":"4","level":"0","pokemon_id":"367"}{"order":"","version_group_id":"14","move_id":"218","pokemon_move_method_id":"4","level":"0","pokemon_id":"367"}{"order":"","version_group_id":"14","move_id":"226","pokemon_move_method_id":"1","level":"33","pokemon_id":"367"}{"order":"","version_group_id":"14","move_id":"237","pokemon_move_method_id":"4","level":"0","pokemon_id":"367"}{"order":"","version_group_id":"14","move_id":"240","pokemon_move_method_id":"4","level":"0","pokemon_id":"367"}{"order":"","version_group_id":"14","move_id":"242","pokemon_move_method_id":"1","level":"42","pokemon_id":"367"}{"order":"","version_group_id":"14","move_id":"250","pokemon_move_method_id":"1","level":"1","pokemon_id":"367"}{"order":"","version_group_id":"14","move_id":"258","pokemon_move_method_id":"4","level":"0","pokemon_id":"367"}{"order":"","version_group_id":"14","move_id":"263","pokemon_move_method_id":"4","level":"0","pokemon_id":"367"}{"order":"","version_group_id":"14","move_id":"289","pokemon_move_method_id":"3","level":"0","pokemon_id":"367"}{"order":"","version_group_id":"14","move_id":"291","pokemon_move_method_id":"1","level":"37","pokemon_id":"367"}{"order":"","version_group_id":"14","move_id":"291","pokemon_move_method_id":"4","level":"0","pokemon_id":"367"}{"order":"","version_group_id":"14","move_id":"317","pokemon_move_method_id":"4","level":"0","pokemon_id":"367"}{"order":"","version_group_id":"14","move_id":"340","pokemon_move_method_id":"3","level":"0","pokemon_id":"367"}{"order":"","version_group_id":"14","move_id":"352","pokemon_move_method_id":"1","level":"15","pokemon_id":"367"}{"order":"","version_group_id":"14","move_id":"362","pokemon_move_method_id":"1","level":"28","pokemon_id":"367"}{"order":"","version_group_id":"14","move_id":"401","pokemon_move_method_id":"1","level":"46","pokemon_id":"367"}{"order":"","version_group_id":"14","move_id":"401","pokemon_move_method_id":"3","level":"0","pokemon_id":"367"}{"order":"","version_group_id":"14","move_id":"416","pokemon_move_method_id":"4","level":"0","pokemon_id":"367"}{"order":"","version_group_id":"14","move_id":"423","pokemon_move_method_id":"1","level":"24","pokemon_id":"367"}{"order":"","version_group_id":"14","move_id":"496","pokemon_move_method_id":"4","level":"0","pokemon_id":"367"}{"order":"","version_group_id":"14","move_id":"503","pokemon_move_method_id":"4","level":"0","pokemon_id":"367"}{"order":"","version_group_id":"15","move_id":"44","pokemon_move_method_id":"1","level":"6","pokemon_id":"367"}{"order":"","version_group_id":"15","move_id":"56","pokemon_move_method_id":"1","level":"50","pokemon_id":"367"}{"order":"","version_group_id":"15","move_id":"57","pokemon_move_method_id":"4","level":"0","pokemon_id":"367"}{"order":"","version_group_id":"15","move_id":"58","pokemon_move_method_id":"4","level":"0","pokemon_id":"367"}{"order":"","version_group_id":"15","move_id":"59","pokemon_move_method_id":"4","level":"0","pokemon_id":"367"}{"order":"","version_group_id":"15","move_id":"63","pokemon_move_method_id":"4","level":"0","pokemon_id":"367"}{"order":"","version_group_id":"15","move_id":"92","pokemon_move_method_id":"4","level":"0","pokemon_id":"367"}{"order":"","version_group_id":"15","move_id":"103","pokemon_move_method_id":"1","level":"10","pokemon_id":"367"}{"order":"","version_group_id":"15","move_id":"104","pokemon_move_method_id":"4","level":"0","pokemon_id":"367"}{"order":"","version_group_id":"15","move_id":"127","pokemon_move_method_id":"4","level":"0","pokemon_id":"367"}{"order":"","version_group_id":"15","move_id":"156","pokemon_move_method_id":"4","level":"0","pokemon_id":"367"}{"order":"","version_group_id":"15","move_id":"164","pokemon_move_method_id":"4","level":"0","pokemon_id":"367"}{"order":"","version_group_id":"15","move_id":"182","pokemon_move_method_id":"4","level":"0","pokemon_id":"367"}{"order":"","version_group_id":"15","move_id":"184","pokemon_move_method_id":"1","level":"19","pokemon_id":"367"}{"order":"","version_group_id":"15","move_id":"207","pokemon_move_method_id":"4","level":"0","pokemon_id":"367"}{"order":"","version_group_id":"15","move_id":"213","pokemon_move_method_id":"4","level":"0","pokemon_id":"367"}{"order":"","version_group_id":"15","move_id":"214","pokemon_move_method_id":"4","level":"0","pokemon_id":"367"}{"order":"","version_group_id":"15","move_id":"216","pokemon_move_method_id":"4","level":"0","pokemon_id":"367"}{"order":"","version_group_id":"15","move_id":"218","pokemon_move_method_id":"4","level":"0","pokemon_id":"367"}{"order":"","version_group_id":"15","move_id":"226","pokemon_move_method_id":"1","level":"33","pokemon_id":"367"}{"order":"","version_group_id":"15","move_id":"237","pokemon_move_method_id":"4","level":"0","pokemon_id":"367"}{"order":"","version_group_id":"15","move_id":"240","pokemon_move_method_id":"4","level":"0","pokemon_id":"367"}{"order":"","version_group_id":"15","move_id":"242","pokemon_move_method_id":"1","level":"42","pokemon_id":"367"}{"order":"","version_group_id":"15","move_id":"250","pokemon_move_method_id":"1","level":"1","pokemon_id":"367"}{"order":"","version_group_id":"15","move_id":"258","pokemon_move_method_id":"4","level":"0","pokemon_id":"367"}{"order":"","version_group_id":"15","move_id":"263","pokemon_move_method_id":"4","level":"0","pokemon_id":"367"}{"order":"","version_group_id":"15","move_id":"291","pokemon_move_method_id":"1","level":"37","pokemon_id":"367"}{"order":"","version_group_id":"15","move_id":"317","pokemon_move_method_id":"4","level":"0","pokemon_id":"367"}{"order":"","version_group_id":"15","move_id":"352","pokemon_move_method_id":"1","level":"15","pokemon_id":"367"}{"order":"","version_group_id":"15","move_id":"362","pokemon_move_method_id":"1","level":"28","pokemon_id":"367"}{"order":"","version_group_id":"15","move_id":"401","pokemon_move_method_id":"1","level":"46","pokemon_id":"367"}{"order":"","version_group_id":"15","move_id":"416","pokemon_move_method_id":"4","level":"0","pokemon_id":"367"}{"order":"","version_group_id":"15","move_id":"423","pokemon_move_method_id":"1","level":"24","pokemon_id":"367"}{"order":"","version_group_id":"15","move_id":"496","pokemon_move_method_id":"4","level":"0","pokemon_id":"367"}{"order":"","version_group_id":"15","move_id":"503","pokemon_move_method_id":"4","level":"0","pokemon_id":"367"}{"order":"","version_group_id":"15","move_id":"590","pokemon_move_method_id":"4","level":"0","pokemon_id":"367"}{"order":"","version_group_id":"15","move_id":"611","pokemon_move_method_id":"4","level":"0","pokemon_id":"367"}