{"order":"2","version_group_id":"5","move_id":"10","pokemon_move_method_id":"1","level":"1","pokemon_id":"302"}{"order":"","version_group_id":"5","move_id":"15","pokemon_move_method_id":"4","level":"0","pokemon_id":"302"}{"order":"1","version_group_id":"5","move_id":"43","pokemon_move_method_id":"1","level":"1","pokemon_id":"302"}{"order":"","version_group_id":"5","move_id":"91","pokemon_move_method_id":"4","level":"0","pokemon_id":"302"}{"order":"","version_group_id":"5","move_id":"92","pokemon_move_method_id":"4","level":"0","pokemon_id":"302"}{"order":"","version_group_id":"5","move_id":"94","pokemon_move_method_id":"4","level":"0","pokemon_id":"302"}{"order":"","version_group_id":"5","move_id":"101","pokemon_move_method_id":"1","level":"9","pokemon_id":"302"}{"order":"","version_group_id":"5","move_id":"104","pokemon_move_method_id":"4","level":"0","pokemon_id":"302"}{"order":"","version_group_id":"5","move_id":"105","pokemon_move_method_id":"2","level":"0","pokemon_id":"302"}{"order":"","version_group_id":"5","move_id":"109","pokemon_move_method_id":"1","level":"37","pokemon_id":"302"}{"order":"","version_group_id":"5","move_id":"148","pokemon_move_method_id":"4","level":"0","pokemon_id":"302"}{"order":"","version_group_id":"5","move_id":"154","pokemon_move_method_id":"1","level":"17","pokemon_id":"302"}{"order":"","version_group_id":"5","move_id":"156","pokemon_move_method_id":"4","level":"0","pokemon_id":"302"}{"order":"","version_group_id":"5","move_id":"168","pokemon_move_method_id":"4","level":"0","pokemon_id":"302"}{"order":"","version_group_id":"5","move_id":"182","pokemon_move_method_id":"4","level":"0","pokemon_id":"302"}{"order":"","version_group_id":"5","move_id":"185","pokemon_move_method_id":"1","level":"29","pokemon_id":"302"}{"order":"","version_group_id":"5","move_id":"193","pokemon_move_method_id":"1","level":"5","pokemon_id":"302"}{"order":"","version_group_id":"5","move_id":"197","pokemon_move_method_id":"1","level":"25","pokemon_id":"302"}{"order":"","version_group_id":"5","move_id":"212","pokemon_move_method_id":"1","level":"45","pokemon_id":"302"}{"order":"","version_group_id":"5","move_id":"213","pokemon_move_method_id":"4","level":"0","pokemon_id":"302"}{"order":"","version_group_id":"5","move_id":"216","pokemon_move_method_id":"4","level":"0","pokemon_id":"302"}{"order":"","version_group_id":"5","move_id":"218","pokemon_move_method_id":"4","level":"0","pokemon_id":"302"}{"order":"","version_group_id":"5","move_id":"236","pokemon_move_method_id":"2","level":"0","pokemon_id":"302"}{"order":"","version_group_id":"5","move_id":"237","pokemon_move_method_id":"4","level":"0","pokemon_id":"302"}{"order":"","version_group_id":"5","move_id":"240","pokemon_move_method_id":"4","level":"0","pokemon_id":"302"}{"order":"","version_group_id":"5","move_id":"241","pokemon_move_method_id":"4","level":"0","pokemon_id":"302"}{"order":"","version_group_id":"5","move_id":"244","pokemon_move_method_id":"2","level":"0","pokemon_id":"302"}{"order":"","version_group_id":"5","move_id":"247","pokemon_move_method_id":"1","level":"41","pokemon_id":"302"}{"order":"","version_group_id":"5","move_id":"247","pokemon_move_method_id":"4","level":"0","pokemon_id":"302"}{"order":"","version_group_id":"5","move_id":"249","pokemon_move_method_id":"4","level":"0","pokemon_id":"302"}{"order":"","version_group_id":"5","move_id":"252","pokemon_move_method_id":"1","level":"21","pokemon_id":"302"}{"order":"","version_group_id":"5","move_id":"259","pokemon_move_method_id":"4","level":"0","pokemon_id":"302"}{"order":"","version_group_id":"5","move_id":"263","pokemon_move_method_id":"4","level":"0","pokemon_id":"302"}{"order":"","version_group_id":"5","move_id":"264","pokemon_move_method_id":"4","level":"0","pokemon_id":"302"}{"order":"","version_group_id":"5","move_id":"269","pokemon_move_method_id":"4","level":"0","pokemon_id":"302"}{"order":"","version_group_id":"5","move_id":"280","pokemon_move_method_id":"4","level":"0","pokemon_id":"302"}{"order":"","version_group_id":"5","move_id":"282","pokemon_move_method_id":"1","level":"33","pokemon_id":"302"}{"order":"","version_group_id":"5","move_id":"289","pokemon_move_method_id":"4","level":"0","pokemon_id":"302"}{"order":"","version_group_id":"5","move_id":"290","pokemon_move_method_id":"4","level":"0","pokemon_id":"302"}{"order":"","version_group_id":"5","move_id":"310","pokemon_move_method_id":"1","level":"13","pokemon_id":"302"}{"order":"","version_group_id":"5","move_id":"317","pokemon_move_method_id":"4","level":"0","pokemon_id":"302"}{"order":"","version_group_id":"5","move_id":"332","pokemon_move_method_id":"4","level":"0","pokemon_id":"302"}{"order":"","version_group_id":"5","move_id":"347","pokemon_move_method_id":"4","level":"0","pokemon_id":"302"}{"order":"","version_group_id":"5","move_id":"351","pokemon_move_method_id":"4","level":"0","pokemon_id":"302"}{"order":"","version_group_id":"5","move_id":"352","pokemon_move_method_id":"4","level":"0","pokemon_id":"302"}{"order":"","version_group_id":"6","move_id":"5","pokemon_move_method_id":"3","level":"0","pokemon_id":"302"}{"order":"","version_group_id":"6","move_id":"7","pokemon_move_method_id":"3","level":"0","pokemon_id":"302"}{"order":"","version_group_id":"6","move_id":"8","pokemon_move_method_id":"3","level":"0","pokemon_id":"302"}{"order":"","version_group_id":"6","move_id":"9","pokemon_move_method_id":"3","level":"0","pokemon_id":"302"}{"order":"2","version_group_id":"6","move_id":"10","pokemon_move_method_id":"1","level":"1","pokemon_id":"302"}{"order":"","version_group_id":"6","move_id":"15","pokemon_move_method_id":"4","level":"0","pokemon_id":"302"}{"order":"","version_group_id":"6","move_id":"25","pokemon_move_method_id":"3","level":"0","pokemon_id":"302"}{"order":"","version_group_id":"6","move_id":"34","pokemon_move_method_id":"3","level":"0","pokemon_id":"302"}{"order":"","version_group_id":"6","move_id":"38","pokemon_move_method_id":"3","level":"0","pokemon_id":"302"}{"order":"1","version_group_id":"6","move_id":"43","pokemon_move_method_id":"1","level":"1","pokemon_id":"302"}{"order":"","version_group_id":"6","move_id":"68","pokemon_move_method_id":"3","level":"0","pokemon_id":"302"}{"order":"","version_group_id":"6","move_id":"69","pokemon_move_method_id":"3","level":"0","pokemon_id":"302"}{"order":"","version_group_id":"6","move_id":"91","pokemon_move_method_id":"4","level":"0","pokemon_id":"302"}{"order":"","version_group_id":"6","move_id":"92","pokemon_move_method_id":"4","level":"0","pokemon_id":"302"}{"order":"","version_group_id":"6","move_id":"94","pokemon_move_method_id":"4","level":"0","pokemon_id":"302"}{"order":"","version_group_id":"6","move_id":"101","pokemon_move_method_id":"1","level":"9","pokemon_id":"302"}{"order":"","version_group_id":"6","move_id":"102","pokemon_move_method_id":"3","level":"0","pokemon_id":"302"}{"order":"","version_group_id":"6","move_id":"104","pokemon_move_method_id":"4","level":"0","pokemon_id":"302"}{"order":"","version_group_id":"6","move_id":"105","pokemon_move_method_id":"2","level":"0","pokemon_id":"302"}{"order":"","version_group_id":"6","move_id":"109","pokemon_move_method_id":"1","level":"37","pokemon_id":"302"}{"order":"","version_group_id":"6","move_id":"118","pokemon_move_method_id":"3","level":"0","pokemon_id":"302"}{"order":"","version_group_id":"6","move_id":"138","pokemon_move_method_id":"3","level":"0","pokemon_id":"302"}{"order":"","version_group_id":"6","move_id":"148","pokemon_move_method_id":"4","level":"0","pokemon_id":"302"}{"order":"","version_group_id":"6","move_id":"154","pokemon_move_method_id":"1","level":"17","pokemon_id":"302"}{"order":"","version_group_id":"6","move_id":"156","pokemon_move_method_id":"4","level":"0","pokemon_id":"302"}{"order":"","version_group_id":"6","move_id":"164","pokemon_move_method_id":"3","level":"0","pokemon_id":"302"}{"order":"","version_group_id":"6","move_id":"168","pokemon_move_method_id":"4","level":"0","pokemon_id":"302"}{"order":"","version_group_id":"6","move_id":"173","pokemon_move_method_id":"3","level":"0","pokemon_id":"302"}{"order":"","version_group_id":"6","move_id":"182","pokemon_move_method_id":"4","level":"0","pokemon_id":"302"}{"order":"","version_group_id":"6","move_id":"185","pokemon_move_method_id":"1","level":"29","pokemon_id":"302"}{"order":"","version_group_id":"6","move_id":"189","pokemon_move_method_id":"3","level":"0","pokemon_id":"302"}{"order":"","version_group_id":"6","move_id":"193","pokemon_move_method_id":"1","level":"5","pokemon_id":"302"}{"order":"","version_group_id":"6","move_id":"197","pokemon_move_method_id":"1","level":"25","pokemon_id":"302"}{"order":"","version_group_id":"6","move_id":"203","pokemon_move_method_id":"3","level":"0","pokemon_id":"302"}{"order":"","version_group_id":"6","move_id":"207","pokemon_move_method_id":"3","level":"0","pokemon_id":"302"}{"order":"","version_group_id":"6","move_id":"210","pokemon_move_method_id":"3","level":"0","pokemon_id":"302"}{"order":"","version_group_id":"6","move_id":"212","pokemon_move_method_id":"1","level":"45","pokemon_id":"302"}{"order":"","version_group_id":"6","move_id":"213","pokemon_move_method_id":"4","level":"0","pokemon_id":"302"}{"order":"","version_group_id":"6","move_id":"214","pokemon_move_method_id":"3","level":"0","pokemon_id":"302"}{"order":"","version_group_id":"6","move_id":"216","pokemon_move_method_id":"4","level":"0","pokemon_id":"302"}{"order":"","version_group_id":"6","move_id":"218","pokemon_move_method_id":"4","level":"0","pokemon_id":"302"}{"order":"","version_group_id":"6","move_id":"223","pokemon_move_method_id":"3","level":"0","pokemon_id":"302"}{"order":"","version_group_id":"6","move_id":"236","pokemon_move_method_id":"2","level":"0","pokemon_id":"302"}{"order":"","version_group_id":"6","move_id":"237","pokemon_move_method_id":"4","level":"0","pokemon_id":"302"}{"order":"","version_group_id":"6","move_id":"240","pokemon_move_method_id":"4","level":"0","pokemon_id":"302"}{"order":"","version_group_id":"6","move_id":"241","pokemon_move_method_id":"4","level":"0","pokemon_id":"302"}{"order":"","version_group_id":"6","move_id":"244","pokemon_move_method_id":"2","level":"0","pokemon_id":"302"}{"order":"","version_group_id":"6","move_id":"244","pokemon_move_method_id":"3","level":"0","pokemon_id":"302"}{"order":"","version_group_id":"6","move_id":"247","pokemon_move_method_id":"1","level":"41","pokemon_id":"302"}{"order":"","version_group_id":"6","move_id":"247","pokemon_move_method_id":"4","level":"0","pokemon_id":"302"}{"order":"","version_group_id":"6","move_id":"249","pokemon_move_method_id":"4","level":"0","pokemon_id":"302"}{"order":"","version_group_id":"6","move_id":"252","pokemon_move_method_id":"1","level":"21","pokemon_id":"302"}{"order":"","version_group_id":"6","move_id":"259","pokemon_move_method_id":"4","level":"0","pokemon_id":"302"}{"order":"","version_group_id":"6","move_id":"263","pokemon_move_method_id":"4","level":"0","pokemon_id":"302"}{"order":"","version_group_id":"6","move_id":"264","pokemon_move_method_id":"4","level":"0","pokemon_id":"302"}{"order":"","version_group_id":"6","move_id":"269","pokemon_move_method_id":"4","level":"0","pokemon_id":"302"}{"order":"","version_group_id":"6","move_id":"280","pokemon_move_method_id":"4","level":"0","pokemon_id":"302"}{"order":"","version_group_id":"6","move_id":"282","pokemon_move_method_id":"1","level":"33","pokemon_id":"302"}{"order":"","version_group_id":"6","move_id":"289","pokemon_move_method_id":"4","level":"0","pokemon_id":"302"}{"order":"","version_group_id":"6","move_id":"290","pokemon_move_method_id":"4","level":"0","pokemon_id":"302"}{"order":"","version_group_id":"6","move_id":"310","pokemon_move_method_id":"1","level":"13","pokemon_id":"302"}{"order":"","version_group_id":"6","move_id":"317","pokemon_move_method_id":"4","level":"0","pokemon_id":"302"}{"order":"","version_group_id":"6","move_id":"332","pokemon_move_method_id":"4","level":"0","pokemon_id":"302"}{"order":"","version_group_id":"6","move_id":"347","pokemon_move_method_id":"4","level":"0","pokemon_id":"302"}{"order":"","version_group_id":"6","move_id":"351","pokemon_move_method_id":"4","level":"0","pokemon_id":"302"}{"order":"","version_group_id":"6","move_id":"352","pokemon_move_method_id":"4","level":"0","pokemon_id":"302"}{"order":"","version_group_id":"7","move_id":"5","pokemon_move_method_id":"3","level":"0","pokemon_id":"302"}{"order":"2","version_group_id":"7","move_id":"10","pokemon_move_method_id":"1","level":"1","pokemon_id":"302"}{"order":"","version_group_id":"7","move_id":"15","pokemon_move_method_id":"4","level":"0","pokemon_id":"302"}{"order":"","version_group_id":"7","move_id":"25","pokemon_move_method_id":"3","level":"0","pokemon_id":"302"}{"order":"","version_group_id":"7","move_id":"34","pokemon_move_method_id":"3","level":"0","pokemon_id":"302"}{"order":"","version_group_id":"7","move_id":"38","pokemon_move_method_id":"3","level":"0","pokemon_id":"302"}{"order":"1","version_group_id":"7","move_id":"43","pokemon_move_method_id":"1","level":"1","pokemon_id":"302"}{"order":"","version_group_id":"7","move_id":"68","pokemon_move_method_id":"3","level":"0","pokemon_id":"302"}{"order":"","version_group_id":"7","move_id":"69","pokemon_move_method_id":"3","level":"0","pokemon_id":"302"}{"order":"","version_group_id":"7","move_id":"91","pokemon_move_method_id":"4","level":"0","pokemon_id":"302"}{"order":"","version_group_id":"7","move_id":"92","pokemon_move_method_id":"4","level":"0","pokemon_id":"302"}{"order":"","version_group_id":"7","move_id":"94","pokemon_move_method_id":"4","level":"0","pokemon_id":"302"}{"order":"","version_group_id":"7","move_id":"101","pokemon_move_method_id":"1","level":"9","pokemon_id":"302"}{"order":"","version_group_id":"7","move_id":"102","pokemon_move_method_id":"3","level":"0","pokemon_id":"302"}{"order":"","version_group_id":"7","move_id":"104","pokemon_move_method_id":"4","level":"0","pokemon_id":"302"}{"order":"","version_group_id":"7","move_id":"105","pokemon_move_method_id":"2","level":"0","pokemon_id":"302"}{"order":"","version_group_id":"7","move_id":"109","pokemon_move_method_id":"1","level":"37","pokemon_id":"302"}{"order":"","version_group_id":"7","move_id":"118","pokemon_move_method_id":"3","level":"0","pokemon_id":"302"}{"order":"","version_group_id":"7","move_id":"138","pokemon_move_method_id":"3","level":"0","pokemon_id":"302"}{"order":"","version_group_id":"7","move_id":"148","pokemon_move_method_id":"4","level":"0","pokemon_id":"302"}{"order":"","version_group_id":"7","move_id":"154","pokemon_move_method_id":"1","level":"17","pokemon_id":"302"}{"order":"","version_group_id":"7","move_id":"156","pokemon_move_method_id":"4","level":"0","pokemon_id":"302"}{"order":"","version_group_id":"7","move_id":"164","pokemon_move_method_id":"3","level":"0","pokemon_id":"302"}{"order":"","version_group_id":"7","move_id":"168","pokemon_move_method_id":"4","level":"0","pokemon_id":"302"}{"order":"","version_group_id":"7","move_id":"182","pokemon_move_method_id":"4","level":"0","pokemon_id":"302"}{"order":"","version_group_id":"7","move_id":"185","pokemon_move_method_id":"1","level":"29","pokemon_id":"302"}{"order":"","version_group_id":"7","move_id":"193","pokemon_move_method_id":"1","level":"5","pokemon_id":"302"}{"order":"","version_group_id":"7","move_id":"197","pokemon_move_method_id":"1","level":"25","pokemon_id":"302"}{"order":"","version_group_id":"7","move_id":"212","pokemon_move_method_id":"1","level":"45","pokemon_id":"302"}{"order":"","version_group_id":"7","move_id":"213","pokemon_move_method_id":"4","level":"0","pokemon_id":"302"}{"order":"","version_group_id":"7","move_id":"216","pokemon_move_method_id":"4","level":"0","pokemon_id":"302"}{"order":"","version_group_id":"7","move_id":"218","pokemon_move_method_id":"4","level":"0","pokemon_id":"302"}{"order":"","version_group_id":"7","move_id":"236","pokemon_move_method_id":"2","level":"0","pokemon_id":"302"}{"order":"","version_group_id":"7","move_id":"237","pokemon_move_method_id":"4","level":"0","pokemon_id":"302"}{"order":"","version_group_id":"7","move_id":"240","pokemon_move_method_id":"4","level":"0","pokemon_id":"302"}{"order":"","version_group_id":"7","move_id":"241","pokemon_move_method_id":"4","level":"0","pokemon_id":"302"}{"order":"","version_group_id":"7","move_id":"244","pokemon_move_method_id":"2","level":"0","pokemon_id":"302"}{"order":"","version_group_id":"7","move_id":"247","pokemon_move_method_id":"1","level":"41","pokemon_id":"302"}{"order":"","version_group_id":"7","move_id":"247","pokemon_move_method_id":"4","level":"0","pokemon_id":"302"}{"order":"","version_group_id":"7","move_id":"249","pokemon_move_method_id":"4","level":"0","pokemon_id":"302"}{"order":"","version_group_id":"7","move_id":"252","pokemon_move_method_id":"1","level":"21","pokemon_id":"302"}{"order":"","version_group_id":"7","move_id":"259","pokemon_move_method_id":"4","level":"0","pokemon_id":"302"}{"order":"","version_group_id":"7","move_id":"263","pokemon_move_method_id":"4","level":"0","pokemon_id":"302"}{"order":"","version_group_id":"7","move_id":"264","pokemon_move_method_id":"4","level":"0","pokemon_id":"302"}{"order":"","version_group_id":"7","move_id":"269","pokemon_move_method_id":"4","level":"0","pokemon_id":"302"}{"order":"","version_group_id":"7","move_id":"280","pokemon_move_method_id":"4","level":"0","pokemon_id":"302"}{"order":"","version_group_id":"7","move_id":"282","pokemon_move_method_id":"1","level":"33","pokemon_id":"302"}{"order":"","version_group_id":"7","move_id":"289","pokemon_move_method_id":"4","level":"0","pokemon_id":"302"}{"order":"","version_group_id":"7","move_id":"290","pokemon_move_method_id":"4","level":"0","pokemon_id":"302"}{"order":"","version_group_id":"7","move_id":"310","pokemon_move_method_id":"1","level":"13","pokemon_id":"302"}{"order":"","version_group_id":"7","move_id":"317","pokemon_move_method_id":"4","level":"0","pokemon_id":"302"}{"order":"","version_group_id":"7","move_id":"332","pokemon_move_method_id":"4","level":"0","pokemon_id":"302"}{"order":"","version_group_id":"7","move_id":"347","pokemon_move_method_id":"4","level":"0","pokemon_id":"302"}{"order":"","version_group_id":"7","move_id":"351","pokemon_move_method_id":"4","level":"0","pokemon_id":"302"}{"order":"","version_group_id":"7","move_id":"352","pokemon_move_method_id":"4","level":"0","pokemon_id":"302"}{"order":"2","version_group_id":"8","move_id":"10","pokemon_move_method_id":"1","level":"1","pokemon_id":"302"}{"order":"","version_group_id":"8","move_id":"15","pokemon_move_method_id":"4","level":"0","pokemon_id":"302"}{"order":"1","version_group_id":"8","move_id":"43","pokemon_move_method_id":"1","level":"1","pokemon_id":"302"}{"order":"","version_group_id":"8","move_id":"91","pokemon_move_method_id":"4","level":"0","pokemon_id":"302"}{"order":"","version_group_id":"8","move_id":"92","pokemon_move_method_id":"4","level":"0","pokemon_id":"302"}{"order":"","version_group_id":"8","move_id":"94","pokemon_move_method_id":"4","level":"0","pokemon_id":"302"}{"order":"","version_group_id":"8","move_id":"101","pokemon_move_method_id":"1","level":"8","pokemon_id":"302"}{"order":"","version_group_id":"8","move_id":"104","pokemon_move_method_id":"4","level":"0","pokemon_id":"302"}{"order":"","version_group_id":"8","move_id":"105","pokemon_move_method_id":"2","level":"0","pokemon_id":"302"}{"order":"","version_group_id":"8","move_id":"109","pokemon_move_method_id":"1","level":"46","pokemon_id":"302"}{"order":"","version_group_id":"8","move_id":"138","pokemon_move_method_id":"4","level":"0","pokemon_id":"302"}{"order":"","version_group_id":"8","move_id":"148","pokemon_move_method_id":"4","level":"0","pokemon_id":"302"}{"order":"","version_group_id":"8","move_id":"154","pokemon_move_method_id":"1","level":"15","pokemon_id":"302"}{"order":"","version_group_id":"8","move_id":"156","pokemon_move_method_id":"4","level":"0","pokemon_id":"302"}{"order":"","version_group_id":"8","move_id":"164","pokemon_move_method_id":"4","level":"0","pokemon_id":"302"}{"order":"","version_group_id":"8","move_id":"168","pokemon_move_method_id":"4","level":"0","pokemon_id":"302"}{"order":"","version_group_id":"8","move_id":"182","pokemon_move_method_id":"4","level":"0","pokemon_id":"302"}{"order":"","version_group_id":"8","move_id":"185","pokemon_move_method_id":"1","level":"32","pokemon_id":"302"}{"order":"","version_group_id":"8","move_id":"193","pokemon_move_method_id":"1","level":"4","pokemon_id":"302"}{"order":"","version_group_id":"8","move_id":"197","pokemon_move_method_id":"1","level":"22","pokemon_id":"302"}{"order":"","version_group_id":"8","move_id":"203","pokemon_move_method_id":"4","level":"0","pokemon_id":"302"}{"order":"","version_group_id":"8","move_id":"207","pokemon_move_method_id":"4","level":"0","pokemon_id":"302"}{"order":"","version_group_id":"8","move_id":"212","pokemon_move_method_id":"1","level":"57","pokemon_id":"302"}{"order":"","version_group_id":"8","move_id":"213","pokemon_move_method_id":"4","level":"0","pokemon_id":"302"}{"order":"","version_group_id":"8","move_id":"214","pokemon_move_method_id":"4","level":"0","pokemon_id":"302"}{"order":"","version_group_id":"8","move_id":"216","pokemon_move_method_id":"4","level":"0","pokemon_id":"302"}{"order":"","version_group_id":"8","move_id":"218","pokemon_move_method_id":"4","level":"0","pokemon_id":"302"}{"order":"","version_group_id":"8","move_id":"236","pokemon_move_method_id":"2","level":"0","pokemon_id":"302"}{"order":"","version_group_id":"8","move_id":"237","pokemon_move_method_id":"4","level":"0","pokemon_id":"302"}{"order":"","version_group_id":"8","move_id":"240","pokemon_move_method_id":"4","level":"0","pokemon_id":"302"}{"order":"","version_group_id":"8","move_id":"241","pokemon_move_method_id":"4","level":"0","pokemon_id":"302"}{"order":"","version_group_id":"8","move_id":"244","pokemon_move_method_id":"2","level":"0","pokemon_id":"302"}{"order":"","version_group_id":"8","move_id":"244","pokemon_move_method_id":"4","level":"0","pokemon_id":"302"}{"order":"","version_group_id":"8","move_id":"247","pokemon_move_method_id":"1","level":"53","pokemon_id":"302"}{"order":"","version_group_id":"8","move_id":"247","pokemon_move_method_id":"4","level":"0","pokemon_id":"302"}{"order":"","version_group_id":"8","move_id":"249","pokemon_move_method_id":"4","level":"0","pokemon_id":"302"}{"order":"","version_group_id":"8","move_id":"252","pokemon_move_method_id":"1","level":"18","pokemon_id":"302"}{"order":"","version_group_id":"8","move_id":"259","pokemon_move_method_id":"4","level":"0","pokemon_id":"302"}{"order":"","version_group_id":"8","move_id":"260","pokemon_move_method_id":"2","level":"0","pokemon_id":"302"}{"order":"","version_group_id":"8","move_id":"261","pokemon_move_method_id":"4","level":"0","pokemon_id":"302"}{"order":"","version_group_id":"8","move_id":"263","pokemon_move_method_id":"4","level":"0","pokemon_id":"302"}{"order":"","version_group_id":"8","move_id":"264","pokemon_move_method_id":"4","level":"0","pokemon_id":"302"}{"order":"","version_group_id":"8","move_id":"269","pokemon_move_method_id":"4","level":"0","pokemon_id":"302"}{"order":"","version_group_id":"8","move_id":"280","pokemon_move_method_id":"4","level":"0","pokemon_id":"302"}{"order":"","version_group_id":"8","move_id":"282","pokemon_move_method_id":"1","level":"29","pokemon_id":"302"}{"order":"","version_group_id":"8","move_id":"289","pokemon_move_method_id":"4","level":"0","pokemon_id":"302"}{"order":"","version_group_id":"8","move_id":"290","pokemon_move_method_id":"4","level":"0","pokemon_id":"302"}{"order":"","version_group_id":"8","move_id":"310","pokemon_move_method_id":"1","level":"11","pokemon_id":"302"}{"order":"","version_group_id":"8","move_id":"317","pokemon_move_method_id":"4","level":"0","pokemon_id":"302"}{"order":"","version_group_id":"8","move_id":"332","pokemon_move_method_id":"4","level":"0","pokemon_id":"302"}{"order":"","version_group_id":"8","move_id":"347","pokemon_move_method_id":"4","level":"0","pokemon_id":"302"}{"order":"","version_group_id":"8","move_id":"351","pokemon_move_method_id":"4","level":"0","pokemon_id":"302"}{"order":"","version_group_id":"8","move_id":"352","pokemon_move_method_id":"4","level":"0","pokemon_id":"302"}{"order":"","version_group_id":"8","move_id":"363","pokemon_move_method_id":"4","level":"0","pokemon_id":"302"}{"order":"","version_group_id":"8","move_id":"371","pokemon_move_method_id":"4","level":"0","pokemon_id":"302"}{"order":"","version_group_id":"8","move_id":"373","pokemon_move_method_id":"4","level":"0","pokemon_id":"302"}{"order":"","version_group_id":"8","move_id":"374","pokemon_move_method_id":"4","level":"0","pokemon_id":"302"}{"order":"","version_group_id":"8","move_id":"386","pokemon_move_method_id":"1","level":"36","pokemon_id":"302"}{"order":"","version_group_id":"8","move_id":"398","pokemon_move_method_id":"4","level":"0","pokemon_id":"302"}{"order":"","version_group_id":"8","move_id":"399","pokemon_move_method_id":"4","level":"0","pokemon_id":"302"}{"order":"","version_group_id":"8","move_id":"408","pokemon_move_method_id":"1","level":"43","pokemon_id":"302"}{"order":"","version_group_id":"8","move_id":"417","pokemon_move_method_id":"2","level":"0","pokemon_id":"302"}{"order":"","version_group_id":"8","move_id":"421","pokemon_move_method_id":"1","level":"39","pokemon_id":"302"}{"order":"","version_group_id":"8","move_id":"421","pokemon_move_method_id":"4","level":"0","pokemon_id":"302"}{"order":"","version_group_id":"8","move_id":"425","pokemon_move_method_id":"1","level":"25","pokemon_id":"302"}{"order":"","version_group_id":"8","move_id":"428","pokemon_move_method_id":"1","level":"50","pokemon_id":"302"}{"order":"","version_group_id":"8","move_id":"445","pokemon_move_method_id":"4","level":"0","pokemon_id":"302"}{"order":"","version_group_id":"9","move_id":"7","pokemon_move_method_id":"3","level":"0","pokemon_id":"302"}{"order":"","version_group_id":"9","move_id":"8","pokemon_move_method_id":"3","level":"0","pokemon_id":"302"}{"order":"","version_group_id":"9","move_id":"9","pokemon_move_method_id":"3","level":"0","pokemon_id":"302"}{"order":"2","version_group_id":"9","move_id":"10","pokemon_move_method_id":"1","level":"1","pokemon_id":"302"}{"order":"","version_group_id":"9","move_id":"15","pokemon_move_method_id":"4","level":"0","pokemon_id":"302"}{"order":"1","version_group_id":"9","move_id":"43","pokemon_move_method_id":"1","level":"1","pokemon_id":"302"}{"order":"","version_group_id":"9","move_id":"91","pokemon_move_method_id":"4","level":"0","pokemon_id":"302"}{"order":"","version_group_id":"9","move_id":"92","pokemon_move_method_id":"4","level":"0","pokemon_id":"302"}{"order":"","version_group_id":"9","move_id":"94","pokemon_move_method_id":"4","level":"0","pokemon_id":"302"}{"order":"","version_group_id":"9","move_id":"101","pokemon_move_method_id":"1","level":"8","pokemon_id":"302"}{"order":"","version_group_id":"9","move_id":"104","pokemon_move_method_id":"4","level":"0","pokemon_id":"302"}{"order":"","version_group_id":"9","move_id":"105","pokemon_move_method_id":"2","level":"0","pokemon_id":"302"}{"order":"","version_group_id":"9","move_id":"109","pokemon_move_method_id":"1","level":"46","pokemon_id":"302"}{"order":"","version_group_id":"9","move_id":"138","pokemon_move_method_id":"4","level":"0","pokemon_id":"302"}{"order":"","version_group_id":"9","move_id":"148","pokemon_move_method_id":"4","level":"0","pokemon_id":"302"}{"order":"","version_group_id":"9","move_id":"154","pokemon_move_method_id":"1","level":"15","pokemon_id":"302"}{"order":"","version_group_id":"9","move_id":"156","pokemon_move_method_id":"4","level":"0","pokemon_id":"302"}{"order":"","version_group_id":"9","move_id":"164","pokemon_move_method_id":"4","level":"0","pokemon_id":"302"}{"order":"","version_group_id":"9","move_id":"168","pokemon_move_method_id":"4","level":"0","pokemon_id":"302"}{"order":"","version_group_id":"9","move_id":"173","pokemon_move_method_id":"3","level":"0","pokemon_id":"302"}{"order":"","version_group_id":"9","move_id":"180","pokemon_move_method_id":"3","level":"0","pokemon_id":"302"}{"order":"","version_group_id":"9","move_id":"182","pokemon_move_method_id":"4","level":"0","pokemon_id":"302"}{"order":"","version_group_id":"9","move_id":"185","pokemon_move_method_id":"1","level":"32","pokemon_id":"302"}{"order":"","version_group_id":"9","move_id":"189","pokemon_move_method_id":"3","level":"0","pokemon_id":"302"}{"order":"","version_group_id":"9","move_id":"193","pokemon_move_method_id":"1","level":"4","pokemon_id":"302"}{"order":"","version_group_id":"9","move_id":"196","pokemon_move_method_id":"3","level":"0","pokemon_id":"302"}{"order":"","version_group_id":"9","move_id":"197","pokemon_move_method_id":"1","level":"22","pokemon_id":"302"}{"order":"","version_group_id":"9","move_id":"203","pokemon_move_method_id":"4","level":"0","pokemon_id":"302"}{"order":"","version_group_id":"9","move_id":"207","pokemon_move_method_id":"4","level":"0","pokemon_id":"302"}{"order":"","version_group_id":"9","move_id":"210","pokemon_move_method_id":"3","level":"0","pokemon_id":"302"}{"order":"","version_group_id":"9","move_id":"212","pokemon_move_method_id":"1","level":"57","pokemon_id":"302"}{"order":"","version_group_id":"9","move_id":"213","pokemon_move_method_id":"4","level":"0","pokemon_id":"302"}{"order":"","version_group_id":"9","move_id":"214","pokemon_move_method_id":"4","level":"0","pokemon_id":"302"}{"order":"","version_group_id":"9","move_id":"216","pokemon_move_method_id":"4","level":"0","pokemon_id":"302"}{"order":"","version_group_id":"9","move_id":"218","pokemon_move_method_id":"4","level":"0","pokemon_id":"302"}{"order":"","version_group_id":"9","move_id":"236","pokemon_move_method_id":"2","level":"0","pokemon_id":"302"}{"order":"","version_group_id":"9","move_id":"237","pokemon_move_method_id":"4","level":"0","pokemon_id":"302"}{"order":"","version_group_id":"9","move_id":"240","pokemon_move_method_id":"4","level":"0","pokemon_id":"302"}{"order":"","version_group_id":"9","move_id":"241","pokemon_move_method_id":"4","level":"0","pokemon_id":"302"}{"order":"","version_group_id":"9","move_id":"244","pokemon_move_method_id":"2","level":"0","pokemon_id":"302"}{"order":"","version_group_id":"9","move_id":"244","pokemon_move_method_id":"4","level":"0","pokemon_id":"302"}{"order":"","version_group_id":"9","move_id":"247","pokemon_move_method_id":"1","level":"53","pokemon_id":"302"}{"order":"","version_group_id":"9","move_id":"247","pokemon_move_method_id":"4","level":"0","pokemon_id":"302"}{"order":"","version_group_id":"9","move_id":"249","pokemon_move_method_id":"4","level":"0","pokemon_id":"302"}{"order":"","version_group_id":"9","move_id":"252","pokemon_move_method_id":"1","level":"18","pokemon_id":"302"}{"order":"","version_group_id":"9","move_id":"259","pokemon_move_method_id":"4","level":"0","pokemon_id":"302"}{"order":"","version_group_id":"9","move_id":"260","pokemon_move_method_id":"2","level":"0","pokemon_id":"302"}{"order":"","version_group_id":"9","move_id":"261","pokemon_move_method_id":"4","level":"0","pokemon_id":"302"}{"order":"","version_group_id":"9","move_id":"263","pokemon_move_method_id":"4","level":"0","pokemon_id":"302"}{"order":"","version_group_id":"9","move_id":"264","pokemon_move_method_id":"4","level":"0","pokemon_id":"302"}{"order":"","version_group_id":"9","move_id":"269","pokemon_move_method_id":"4","level":"0","pokemon_id":"302"}{"order":"","version_group_id":"9","move_id":"271","pokemon_move_method_id":"3","level":"0","pokemon_id":"302"}{"order":"","version_group_id":"9","move_id":"280","pokemon_move_method_id":"4","level":"0","pokemon_id":"302"}{"order":"","version_group_id":"9","move_id":"282","pokemon_move_method_id":"1","level":"29","pokemon_id":"302"}{"order":"","version_group_id":"9","move_id":"282","pokemon_move_method_id":"3","level":"0","pokemon_id":"302"}{"order":"","version_group_id":"9","move_id":"289","pokemon_move_method_id":"4","level":"0","pokemon_id":"302"}{"order":"","version_group_id":"9","move_id":"290","pokemon_move_method_id":"4","level":"0","pokemon_id":"302"}{"order":"","version_group_id":"9","move_id":"310","pokemon_move_method_id":"1","level":"11","pokemon_id":"302"}{"order":"","version_group_id":"9","move_id":"317","pokemon_move_method_id":"4","level":"0","pokemon_id":"302"}{"order":"","version_group_id":"9","move_id":"324","pokemon_move_method_id":"3","level":"0","pokemon_id":"302"}{"order":"","version_group_id":"9","move_id":"332","pokemon_move_method_id":"4","level":"0","pokemon_id":"302"}{"order":"","version_group_id":"9","move_id":"347","pokemon_move_method_id":"4","level":"0","pokemon_id":"302"}{"order":"","version_group_id":"9","move_id":"351","pokemon_move_method_id":"4","level":"0","pokemon_id":"302"}{"order":"","version_group_id":"9","move_id":"352","pokemon_move_method_id":"4","level":"0","pokemon_id":"302"}{"order":"","version_group_id":"9","move_id":"363","pokemon_move_method_id":"4","level":"0","pokemon_id":"302"}{"order":"","version_group_id":"9","move_id":"371","pokemon_move_method_id":"4","level":"0","pokemon_id":"302"}{"order":"","version_group_id":"9","move_id":"373","pokemon_move_method_id":"4","level":"0","pokemon_id":"302"}{"order":"","version_group_id":"9","move_id":"374","pokemon_move_method_id":"4","level":"0","pokemon_id":"302"}{"order":"","version_group_id":"9","move_id":"386","pokemon_move_method_id":"1","level":"36","pokemon_id":"302"}{"order":"","version_group_id":"9","move_id":"389","pokemon_move_method_id":"3","level":"0","pokemon_id":"302"}{"order":"","version_group_id":"9","move_id":"398","pokemon_move_method_id":"4","level":"0","pokemon_id":"302"}{"order":"","version_group_id":"9","move_id":"399","pokemon_move_method_id":"4","level":"0","pokemon_id":"302"}{"order":"","version_group_id":"9","move_id":"408","pokemon_move_method_id":"1","level":"43","pokemon_id":"302"}{"order":"","version_group_id":"9","move_id":"417","pokemon_move_method_id":"2","level":"0","pokemon_id":"302"}{"order":"","version_group_id":"9","move_id":"421","pokemon_move_method_id":"1","level":"39","pokemon_id":"302"}{"order":"","version_group_id":"9","move_id":"421","pokemon_move_method_id":"4","level":"0","pokemon_id":"302"}{"order":"","version_group_id":"9","move_id":"425","pokemon_move_method_id":"1","level":"25","pokemon_id":"302"}{"order":"","version_group_id":"9","move_id":"428","pokemon_move_method_id":"1","level":"50","pokemon_id":"302"}{"order":"","version_group_id":"9","move_id":"428","pokemon_move_method_id":"3","level":"0","pokemon_id":"302"}{"order":"","version_group_id":"9","move_id":"445","pokemon_move_method_id":"4","level":"0","pokemon_id":"302"}{"order":"","version_group_id":"9","move_id":"466","pokemon_move_method_id":"3","level":"0","pokemon_id":"302"}{"order":"","version_group_id":"10","move_id":"7","pokemon_move_method_id":"3","level":"0","pokemon_id":"302"}{"order":"","version_group_id":"10","move_id":"8","pokemon_move_method_id":"3","level":"0","pokemon_id":"302"}{"order":"","version_group_id":"10","move_id":"9","pokemon_move_method_id":"3","level":"0","pokemon_id":"302"}{"order":"2","version_group_id":"10","move_id":"10","pokemon_move_method_id":"1","level":"1","pokemon_id":"302"}{"order":"","version_group_id":"10","move_id":"15","pokemon_move_method_id":"4","level":"0","pokemon_id":"302"}{"order":"","version_group_id":"10","move_id":"29","pokemon_move_method_id":"3","level":"0","pokemon_id":"302"}{"order":"1","version_group_id":"10","move_id":"43","pokemon_move_method_id":"1","level":"1","pokemon_id":"302"}{"order":"","version_group_id":"10","move_id":"67","pokemon_move_method_id":"3","level":"0","pokemon_id":"302"}{"order":"","version_group_id":"10","move_id":"91","pokemon_move_method_id":"4","level":"0","pokemon_id":"302"}{"order":"","version_group_id":"10","move_id":"92","pokemon_move_method_id":"4","level":"0","pokemon_id":"302"}{"order":"","version_group_id":"10","move_id":"94","pokemon_move_method_id":"4","level":"0","pokemon_id":"302"}{"order":"","version_group_id":"10","move_id":"101","pokemon_move_method_id":"1","level":"8","pokemon_id":"302"}{"order":"","version_group_id":"10","move_id":"104","pokemon_move_method_id":"4","level":"0","pokemon_id":"302"}{"order":"","version_group_id":"10","move_id":"105","pokemon_move_method_id":"2","level":"0","pokemon_id":"302"}{"order":"","version_group_id":"10","move_id":"109","pokemon_move_method_id":"1","level":"46","pokemon_id":"302"}{"order":"","version_group_id":"10","move_id":"138","pokemon_move_method_id":"4","level":"0","pokemon_id":"302"}{"order":"","version_group_id":"10","move_id":"148","pokemon_move_method_id":"4","level":"0","pokemon_id":"302"}{"order":"","version_group_id":"10","move_id":"154","pokemon_move_method_id":"1","level":"15","pokemon_id":"302"}{"order":"","version_group_id":"10","move_id":"156","pokemon_move_method_id":"4","level":"0","pokemon_id":"302"}{"order":"","version_group_id":"10","move_id":"164","pokemon_move_method_id":"4","level":"0","pokemon_id":"302"}{"order":"","version_group_id":"10","move_id":"168","pokemon_move_method_id":"4","level":"0","pokemon_id":"302"}{"order":"","version_group_id":"10","move_id":"173","pokemon_move_method_id":"3","level":"0","pokemon_id":"302"}{"order":"","version_group_id":"10","move_id":"180","pokemon_move_method_id":"3","level":"0","pokemon_id":"302"}{"order":"","version_group_id":"10","move_id":"182","pokemon_move_method_id":"4","level":"0","pokemon_id":"302"}{"order":"","version_group_id":"10","move_id":"185","pokemon_move_method_id":"1","level":"32","pokemon_id":"302"}{"order":"","version_group_id":"10","move_id":"189","pokemon_move_method_id":"3","level":"0","pokemon_id":"302"}{"order":"","version_group_id":"10","move_id":"193","pokemon_move_method_id":"1","level":"4","pokemon_id":"302"}{"order":"","version_group_id":"10","move_id":"196","pokemon_move_method_id":"3","level":"0","pokemon_id":"302"}{"order":"","version_group_id":"10","move_id":"197","pokemon_move_method_id":"1","level":"22","pokemon_id":"302"}{"order":"","version_group_id":"10","move_id":"203","pokemon_move_method_id":"4","level":"0","pokemon_id":"302"}{"order":"","version_group_id":"10","move_id":"207","pokemon_move_method_id":"4","level":"0","pokemon_id":"302"}{"order":"","version_group_id":"10","move_id":"210","pokemon_move_method_id":"3","level":"0","pokemon_id":"302"}{"order":"","version_group_id":"10","move_id":"212","pokemon_move_method_id":"1","level":"57","pokemon_id":"302"}{"order":"","version_group_id":"10","move_id":"213","pokemon_move_method_id":"4","level":"0","pokemon_id":"302"}{"order":"","version_group_id":"10","move_id":"214","pokemon_move_method_id":"4","level":"0","pokemon_id":"302"}{"order":"","version_group_id":"10","move_id":"216","pokemon_move_method_id":"4","level":"0","pokemon_id":"302"}{"order":"","version_group_id":"10","move_id":"218","pokemon_move_method_id":"4","level":"0","pokemon_id":"302"}{"order":"","version_group_id":"10","move_id":"220","pokemon_move_method_id":"3","level":"0","pokemon_id":"302"}{"order":"","version_group_id":"10","move_id":"236","pokemon_move_method_id":"2","level":"0","pokemon_id":"302"}{"order":"","version_group_id":"10","move_id":"237","pokemon_move_method_id":"4","level":"0","pokemon_id":"302"}{"order":"","version_group_id":"10","move_id":"240","pokemon_move_method_id":"4","level":"0","pokemon_id":"302"}{"order":"","version_group_id":"10","move_id":"241","pokemon_move_method_id":"4","level":"0","pokemon_id":"302"}{"order":"","version_group_id":"10","move_id":"244","pokemon_move_method_id":"2","level":"0","pokemon_id":"302"}{"order":"","version_group_id":"10","move_id":"244","pokemon_move_method_id":"4","level":"0","pokemon_id":"302"}{"order":"","version_group_id":"10","move_id":"247","pokemon_move_method_id":"1","level":"53","pokemon_id":"302"}{"order":"","version_group_id":"10","move_id":"247","pokemon_move_method_id":"4","level":"0","pokemon_id":"302"}{"order":"","version_group_id":"10","move_id":"249","pokemon_move_method_id":"4","level":"0","pokemon_id":"302"}{"order":"","version_group_id":"10","move_id":"252","pokemon_move_method_id":"1","level":"18","pokemon_id":"302"}{"order":"","version_group_id":"10","move_id":"259","pokemon_move_method_id":"4","level":"0","pokemon_id":"302"}{"order":"","version_group_id":"10","move_id":"260","pokemon_move_method_id":"2","level":"0","pokemon_id":"302"}{"order":"","version_group_id":"10","move_id":"261","pokemon_move_method_id":"4","level":"0","pokemon_id":"302"}{"order":"","version_group_id":"10","move_id":"263","pokemon_move_method_id":"4","level":"0","pokemon_id":"302"}{"order":"","version_group_id":"10","move_id":"264","pokemon_move_method_id":"4","level":"0","pokemon_id":"302"}{"order":"","version_group_id":"10","move_id":"269","pokemon_move_method_id":"4","level":"0","pokemon_id":"302"}{"order":"","version_group_id":"10","move_id":"271","pokemon_move_method_id":"3","level":"0","pokemon_id":"302"}{"order":"","version_group_id":"10","move_id":"272","pokemon_move_method_id":"3","level":"0","pokemon_id":"302"}{"order":"","version_group_id":"10","move_id":"277","pokemon_move_method_id":"3","level":"0","pokemon_id":"302"}{"order":"","version_group_id":"10","move_id":"280","pokemon_move_method_id":"4","level":"0","pokemon_id":"302"}{"order":"","version_group_id":"10","move_id":"282","pokemon_move_method_id":"1","level":"29","pokemon_id":"302"}{"order":"","version_group_id":"10","move_id":"282","pokemon_move_method_id":"3","level":"0","pokemon_id":"302"}{"order":"","version_group_id":"10","move_id":"289","pokemon_move_method_id":"4","level":"0","pokemon_id":"302"}{"order":"","version_group_id":"10","move_id":"290","pokemon_move_method_id":"4","level":"0","pokemon_id":"302"}{"order":"","version_group_id":"10","move_id":"310","pokemon_move_method_id":"1","level":"11","pokemon_id":"302"}{"order":"","version_group_id":"10","move_id":"317","pokemon_move_method_id":"4","level":"0","pokemon_id":"302"}{"order":"","version_group_id":"10","move_id":"324","pokemon_move_method_id":"3","level":"0","pokemon_id":"302"}{"order":"","version_group_id":"10","move_id":"332","pokemon_move_method_id":"4","level":"0","pokemon_id":"302"}{"order":"","version_group_id":"10","move_id":"347","pokemon_move_method_id":"4","level":"0","pokemon_id":"302"}{"order":"","version_group_id":"10","move_id":"351","pokemon_move_method_id":"4","level":"0","pokemon_id":"302"}{"order":"","version_group_id":"10","move_id":"352","pokemon_move_method_id":"4","level":"0","pokemon_id":"302"}{"order":"","version_group_id":"10","move_id":"356","pokemon_move_method_id":"3","level":"0","pokemon_id":"302"}{"order":"","version_group_id":"10","move_id":"363","pokemon_move_method_id":"4","level":"0","pokemon_id":"302"}{"order":"","version_group_id":"10","move_id":"364","pokemon_move_method_id":"2","level":"0","pokemon_id":"302"}{"order":"","version_group_id":"10","move_id":"371","pokemon_move_method_id":"4","level":"0","pokemon_id":"302"}{"order":"","version_group_id":"10","move_id":"373","pokemon_move_method_id":"4","level":"0","pokemon_id":"302"}{"order":"","version_group_id":"10","move_id":"374","pokemon_move_method_id":"4","level":"0","pokemon_id":"302"}{"order":"","version_group_id":"10","move_id":"386","pokemon_move_method_id":"1","level":"36","pokemon_id":"302"}{"order":"","version_group_id":"10","move_id":"389","pokemon_move_method_id":"3","level":"0","pokemon_id":"302"}{"order":"","version_group_id":"10","move_id":"398","pokemon_move_method_id":"4","level":"0","pokemon_id":"302"}{"order":"","version_group_id":"10","move_id":"399","pokemon_move_method_id":"4","level":"0","pokemon_id":"302"}{"order":"","version_group_id":"10","move_id":"408","pokemon_move_method_id":"1","level":"43","pokemon_id":"302"}{"order":"","version_group_id":"10","move_id":"417","pokemon_move_method_id":"2","level":"0","pokemon_id":"302"}{"order":"","version_group_id":"10","move_id":"421","pokemon_move_method_id":"1","level":"39","pokemon_id":"302"}{"order":"","version_group_id":"10","move_id":"421","pokemon_move_method_id":"4","level":"0","pokemon_id":"302"}{"order":"","version_group_id":"10","move_id":"425","pokemon_move_method_id":"1","level":"25","pokemon_id":"302"}{"order":"","version_group_id":"10","move_id":"428","pokemon_move_method_id":"1","level":"50","pokemon_id":"302"}{"order":"","version_group_id":"10","move_id":"428","pokemon_move_method_id":"3","level":"0","pokemon_id":"302"}{"order":"","version_group_id":"10","move_id":"445","pokemon_move_method_id":"4","level":"0","pokemon_id":"302"}{"order":"","version_group_id":"10","move_id":"466","pokemon_move_method_id":"3","level":"0","pokemon_id":"302"}{"order":"2","version_group_id":"11","move_id":"10","pokemon_move_method_id":"1","level":"1","pokemon_id":"302"}{"order":"","version_group_id":"11","move_id":"15","pokemon_move_method_id":"4","level":"0","pokemon_id":"302"}{"order":"1","version_group_id":"11","move_id":"43","pokemon_move_method_id":"1","level":"1","pokemon_id":"302"}{"order":"","version_group_id":"11","move_id":"91","pokemon_move_method_id":"4","level":"0","pokemon_id":"302"}{"order":"","version_group_id":"11","move_id":"92","pokemon_move_method_id":"4","level":"0","pokemon_id":"302"}{"order":"","version_group_id":"11","move_id":"94","pokemon_move_method_id":"4","level":"0","pokemon_id":"302"}{"order":"","version_group_id":"11","move_id":"101","pokemon_move_method_id":"1","level":"8","pokemon_id":"302"}{"order":"","version_group_id":"11","move_id":"104","pokemon_move_method_id":"4","level":"0","pokemon_id":"302"}{"order":"","version_group_id":"11","move_id":"105","pokemon_move_method_id":"2","level":"0","pokemon_id":"302"}{"order":"","version_group_id":"11","move_id":"109","pokemon_move_method_id":"1","level":"46","pokemon_id":"302"}{"order":"","version_group_id":"11","move_id":"138","pokemon_move_method_id":"4","level":"0","pokemon_id":"302"}{"order":"","version_group_id":"11","move_id":"148","pokemon_move_method_id":"4","level":"0","pokemon_id":"302"}{"order":"","version_group_id":"11","move_id":"154","pokemon_move_method_id":"1","level":"15","pokemon_id":"302"}{"order":"","version_group_id":"11","move_id":"156","pokemon_move_method_id":"4","level":"0","pokemon_id":"302"}{"order":"","version_group_id":"11","move_id":"164","pokemon_move_method_id":"4","level":"0","pokemon_id":"302"}{"order":"","version_group_id":"11","move_id":"168","pokemon_move_method_id":"4","level":"0","pokemon_id":"302"}{"order":"","version_group_id":"11","move_id":"182","pokemon_move_method_id":"4","level":"0","pokemon_id":"302"}{"order":"","version_group_id":"11","move_id":"185","pokemon_move_method_id":"1","level":"32","pokemon_id":"302"}{"order":"","version_group_id":"11","move_id":"193","pokemon_move_method_id":"1","level":"4","pokemon_id":"302"}{"order":"","version_group_id":"11","move_id":"197","pokemon_move_method_id":"1","level":"22","pokemon_id":"302"}{"order":"","version_group_id":"11","move_id":"207","pokemon_move_method_id":"4","level":"0","pokemon_id":"302"}{"order":"","version_group_id":"11","move_id":"212","pokemon_move_method_id":"1","level":"60","pokemon_id":"302"}{"order":"","version_group_id":"11","move_id":"212","pokemon_move_method_id":"2","level":"0","pokemon_id":"302"}{"order":"","version_group_id":"11","move_id":"213","pokemon_move_method_id":"4","level":"0","pokemon_id":"302"}{"order":"","version_group_id":"11","move_id":"216","pokemon_move_method_id":"4","level":"0","pokemon_id":"302"}{"order":"","version_group_id":"11","move_id":"218","pokemon_move_method_id":"4","level":"0","pokemon_id":"302"}{"order":"","version_group_id":"11","move_id":"236","pokemon_move_method_id":"2","level":"0","pokemon_id":"302"}{"order":"","version_group_id":"11","move_id":"237","pokemon_move_method_id":"4","level":"0","pokemon_id":"302"}{"order":"","version_group_id":"11","move_id":"240","pokemon_move_method_id":"4","level":"0","pokemon_id":"302"}{"order":"","version_group_id":"11","move_id":"241","pokemon_move_method_id":"4","level":"0","pokemon_id":"302"}{"order":"","version_group_id":"11","move_id":"244","pokemon_move_method_id":"4","level":"0","pokemon_id":"302"}{"order":"","version_group_id":"11","move_id":"247","pokemon_move_method_id":"1","level":"57","pokemon_id":"302"}{"order":"","version_group_id":"11","move_id":"247","pokemon_move_method_id":"4","level":"0","pokemon_id":"302"}{"order":"","version_group_id":"11","move_id":"249","pokemon_move_method_id":"4","level":"0","pokemon_id":"302"}{"order":"","version_group_id":"11","move_id":"252","pokemon_move_method_id":"1","level":"18","pokemon_id":"302"}{"order":"","version_group_id":"11","move_id":"259","pokemon_move_method_id":"4","level":"0","pokemon_id":"302"}{"order":"","version_group_id":"11","move_id":"260","pokemon_move_method_id":"2","level":"0","pokemon_id":"302"}{"order":"","version_group_id":"11","move_id":"261","pokemon_move_method_id":"4","level":"0","pokemon_id":"302"}{"order":"","version_group_id":"11","move_id":"263","pokemon_move_method_id":"4","level":"0","pokemon_id":"302"}{"order":"","version_group_id":"11","move_id":"269","pokemon_move_method_id":"4","level":"0","pokemon_id":"302"}{"order":"","version_group_id":"11","move_id":"271","pokemon_move_method_id":"2","level":"0","pokemon_id":"302"}{"order":"","version_group_id":"11","move_id":"280","pokemon_move_method_id":"4","level":"0","pokemon_id":"302"}{"order":"","version_group_id":"11","move_id":"282","pokemon_move_method_id":"1","level":"29","pokemon_id":"302"}{"order":"","version_group_id":"11","move_id":"310","pokemon_move_method_id":"1","level":"11","pokemon_id":"302"}{"order":"","version_group_id":"11","move_id":"317","pokemon_move_method_id":"4","level":"0","pokemon_id":"302"}{"order":"","version_group_id":"11","move_id":"332","pokemon_move_method_id":"4","level":"0","pokemon_id":"302"}{"order":"","version_group_id":"11","move_id":"347","pokemon_move_method_id":"4","level":"0","pokemon_id":"302"}{"order":"","version_group_id":"11","move_id":"364","pokemon_move_method_id":"2","level":"0","pokemon_id":"302"}{"order":"","version_group_id":"11","move_id":"368","pokemon_move_method_id":"2","level":"0","pokemon_id":"302"}{"order":"","version_group_id":"11","move_id":"371","pokemon_move_method_id":"4","level":"0","pokemon_id":"302"}{"order":"","version_group_id":"11","move_id":"373","pokemon_move_method_id":"4","level":"0","pokemon_id":"302"}{"order":"","version_group_id":"11","move_id":"374","pokemon_move_method_id":"4","level":"0","pokemon_id":"302"}{"order":"","version_group_id":"11","move_id":"386","pokemon_move_method_id":"1","level":"36","pokemon_id":"302"}{"order":"","version_group_id":"11","move_id":"389","pokemon_move_method_id":"2","level":"0","pokemon_id":"302"}{"order":"","version_group_id":"11","move_id":"398","pokemon_move_method_id":"4","level":"0","pokemon_id":"302"}{"order":"","version_group_id":"11","move_id":"408","pokemon_move_method_id":"1","level":"43","pokemon_id":"302"}{"order":"","version_group_id":"11","move_id":"417","pokemon_move_method_id":"2","level":"0","pokemon_id":"302"}{"order":"","version_group_id":"11","move_id":"421","pokemon_move_method_id":"1","level":"39","pokemon_id":"302"}{"order":"","version_group_id":"11","move_id":"421","pokemon_move_method_id":"4","level":"0","pokemon_id":"302"}{"order":"","version_group_id":"11","move_id":"425","pokemon_move_method_id":"1","level":"25","pokemon_id":"302"}{"order":"","version_group_id":"11","move_id":"428","pokemon_move_method_id":"1","level":"53","pokemon_id":"302"}{"order":"","version_group_id":"11","move_id":"445","pokemon_move_method_id":"2","level":"0","pokemon_id":"302"}{"order":"","version_group_id":"11","move_id":"468","pokemon_move_method_id":"4","level":"0","pokemon_id":"302"}{"order":"","version_group_id":"11","move_id":"477","pokemon_move_method_id":"4","level":"0","pokemon_id":"302"}{"order":"","version_group_id":"11","move_id":"490","pokemon_move_method_id":"4","level":"0","pokemon_id":"302"}{"order":"","version_group_id":"11","move_id":"492","pokemon_move_method_id":"1","level":"50","pokemon_id":"302"}{"order":"","version_group_id":"11","move_id":"496","pokemon_move_method_id":"4","level":"0","pokemon_id":"302"}{"order":"","version_group_id":"11","move_id":"510","pokemon_move_method_id":"4","level":"0","pokemon_id":"302"}{"order":"","version_group_id":"11","move_id":"514","pokemon_move_method_id":"4","level":"0","pokemon_id":"302"}{"order":"","version_group_id":"11","move_id":"555","pokemon_move_method_id":"4","level":"0","pokemon_id":"302"}{"order":"2","version_group_id":"12","move_id":"10","pokemon_move_method_id":"1","level":"1","pokemon_id":"302"}{"order":"","version_group_id":"12","move_id":"15","pokemon_move_method_id":"4","level":"0","pokemon_id":"302"}{"order":"1","version_group_id":"12","move_id":"43","pokemon_move_method_id":"1","level":"1","pokemon_id":"302"}{"order":"","version_group_id":"12","move_id":"91","pokemon_move_method_id":"4","level":"0","pokemon_id":"302"}{"order":"","version_group_id":"12","move_id":"92","pokemon_move_method_id":"4","level":"0","pokemon_id":"302"}{"order":"","version_group_id":"12","move_id":"94","pokemon_move_method_id":"4","level":"0","pokemon_id":"302"}{"order":"","version_group_id":"12","move_id":"101","pokemon_move_method_id":"1","level":"9","pokemon_id":"302"}{"order":"","version_group_id":"12","move_id":"104","pokemon_move_method_id":"4","level":"0","pokemon_id":"302"}{"order":"","version_group_id":"12","move_id":"109","pokemon_move_method_id":"1","level":"37","pokemon_id":"302"}{"order":"","version_group_id":"12","move_id":"148","pokemon_move_method_id":"4","level":"0","pokemon_id":"302"}{"order":"","version_group_id":"12","move_id":"154","pokemon_move_method_id":"1","level":"17","pokemon_id":"302"}{"order":"","version_group_id":"12","move_id":"156","pokemon_move_method_id":"4","level":"0","pokemon_id":"302"}{"order":"","version_group_id":"12","move_id":"168","pokemon_move_method_id":"4","level":"0","pokemon_id":"302"}{"order":"","version_group_id":"12","move_id":"182","pokemon_move_method_id":"4","level":"0","pokemon_id":"302"}{"order":"","version_group_id":"12","move_id":"185","pokemon_move_method_id":"1","level":"29","pokemon_id":"302"}{"order":"","version_group_id":"12","move_id":"193","pokemon_move_method_id":"1","level":"5","pokemon_id":"302"}{"order":"","version_group_id":"12","move_id":"197","pokemon_move_method_id":"1","level":"25","pokemon_id":"302"}{"order":"","version_group_id":"12","move_id":"212","pokemon_move_method_id":"1","level":"45","pokemon_id":"302"}{"order":"","version_group_id":"12","move_id":"213","pokemon_move_method_id":"4","level":"0","pokemon_id":"302"}{"order":"","version_group_id":"12","move_id":"216","pokemon_move_method_id":"4","level":"0","pokemon_id":"302"}{"order":"","version_group_id":"12","move_id":"218","pokemon_move_method_id":"4","level":"0","pokemon_id":"302"}{"order":"","version_group_id":"12","move_id":"237","pokemon_move_method_id":"4","level":"0","pokemon_id":"302"}{"order":"","version_group_id":"12","move_id":"240","pokemon_move_method_id":"4","level":"0","pokemon_id":"302"}{"order":"","version_group_id":"12","move_id":"241","pokemon_move_method_id":"4","level":"0","pokemon_id":"302"}{"order":"","version_group_id":"12","move_id":"247","pokemon_move_method_id":"1","level":"41","pokemon_id":"302"}{"order":"","version_group_id":"12","move_id":"247","pokemon_move_method_id":"4","level":"0","pokemon_id":"302"}{"order":"","version_group_id":"12","move_id":"249","pokemon_move_method_id":"4","level":"0","pokemon_id":"302"}{"order":"","version_group_id":"12","move_id":"252","pokemon_move_method_id":"1","level":"21","pokemon_id":"302"}{"order":"","version_group_id":"12","move_id":"259","pokemon_move_method_id":"4","level":"0","pokemon_id":"302"}{"order":"","version_group_id":"12","move_id":"263","pokemon_move_method_id":"4","level":"0","pokemon_id":"302"}{"order":"","version_group_id":"12","move_id":"264","pokemon_move_method_id":"4","level":"0","pokemon_id":"302"}{"order":"","version_group_id":"12","move_id":"269","pokemon_move_method_id":"4","level":"0","pokemon_id":"302"}{"order":"","version_group_id":"12","move_id":"280","pokemon_move_method_id":"4","level":"0","pokemon_id":"302"}{"order":"","version_group_id":"12","move_id":"282","pokemon_move_method_id":"1","level":"33","pokemon_id":"302"}{"order":"","version_group_id":"12","move_id":"289","pokemon_move_method_id":"4","level":"0","pokemon_id":"302"}{"order":"","version_group_id":"12","move_id":"290","pokemon_move_method_id":"4","level":"0","pokemon_id":"302"}{"order":"","version_group_id":"12","move_id":"310","pokemon_move_method_id":"1","level":"13","pokemon_id":"302"}{"order":"","version_group_id":"12","move_id":"317","pokemon_move_method_id":"4","level":"0","pokemon_id":"302"}{"order":"","version_group_id":"12","move_id":"332","pokemon_move_method_id":"4","level":"0","pokemon_id":"302"}{"order":"","version_group_id":"12","move_id":"347","pokemon_move_method_id":"4","level":"0","pokemon_id":"302"}{"order":"","version_group_id":"12","move_id":"351","pokemon_move_method_id":"4","level":"0","pokemon_id":"302"}{"order":"","version_group_id":"12","move_id":"352","pokemon_move_method_id":"4","level":"0","pokemon_id":"302"}{"order":"2","version_group_id":"13","move_id":"10","pokemon_move_method_id":"1","level":"1","pokemon_id":"302"}{"order":"","version_group_id":"13","move_id":"15","pokemon_move_method_id":"4","level":"0","pokemon_id":"302"}{"order":"","version_group_id":"13","move_id":"34","pokemon_move_method_id":"3","level":"0","pokemon_id":"302"}{"order":"","version_group_id":"13","move_id":"38","pokemon_move_method_id":"3","level":"0","pokemon_id":"302"}{"order":"1","version_group_id":"13","move_id":"43","pokemon_move_method_id":"1","level":"1","pokemon_id":"302"}{"order":"","version_group_id":"13","move_id":"69","pokemon_move_method_id":"3","level":"0","pokemon_id":"302"}{"order":"","version_group_id":"13","move_id":"91","pokemon_move_method_id":"4","level":"0","pokemon_id":"302"}{"order":"","version_group_id":"13","move_id":"92","pokemon_move_method_id":"4","level":"0","pokemon_id":"302"}{"order":"","version_group_id":"13","move_id":"94","pokemon_move_method_id":"4","level":"0","pokemon_id":"302"}{"order":"","version_group_id":"13","move_id":"101","pokemon_move_method_id":"1","level":"9","pokemon_id":"302"}{"order":"","version_group_id":"13","move_id":"102","pokemon_move_method_id":"3","level":"0","pokemon_id":"302"}{"order":"","version_group_id":"13","move_id":"104","pokemon_move_method_id":"4","level":"0","pokemon_id":"302"}{"order":"","version_group_id":"13","move_id":"109","pokemon_move_method_id":"1","level":"37","pokemon_id":"302"}{"order":"","version_group_id":"13","move_id":"138","pokemon_move_method_id":"3","level":"0","pokemon_id":"302"}{"order":"","version_group_id":"13","move_id":"148","pokemon_move_method_id":"4","level":"0","pokemon_id":"302"}{"order":"","version_group_id":"13","move_id":"154","pokemon_move_method_id":"1","level":"17","pokemon_id":"302"}{"order":"","version_group_id":"13","move_id":"156","pokemon_move_method_id":"4","level":"0","pokemon_id":"302"}{"order":"","version_group_id":"13","move_id":"164","pokemon_move_method_id":"3","level":"0","pokemon_id":"302"}{"order":"","version_group_id":"13","move_id":"168","pokemon_move_method_id":"4","level":"0","pokemon_id":"302"}{"order":"","version_group_id":"13","move_id":"171","pokemon_move_method_id":"3","level":"0","pokemon_id":"302"}{"order":"","version_group_id":"13","move_id":"182","pokemon_move_method_id":"4","level":"0","pokemon_id":"302"}{"order":"","version_group_id":"13","move_id":"185","pokemon_move_method_id":"1","level":"29","pokemon_id":"302"}{"order":"","version_group_id":"13","move_id":"193","pokemon_move_method_id":"1","level":"5","pokemon_id":"302"}{"order":"","version_group_id":"13","move_id":"197","pokemon_move_method_id":"1","level":"25","pokemon_id":"302"}{"order":"","version_group_id":"13","move_id":"207","pokemon_move_method_id":"3","level":"0","pokemon_id":"302"}{"order":"","version_group_id":"13","move_id":"212","pokemon_move_method_id":"1","level":"45","pokemon_id":"302"}{"order":"","version_group_id":"13","move_id":"213","pokemon_move_method_id":"4","level":"0","pokemon_id":"302"}{"order":"","version_group_id":"13","move_id":"216","pokemon_move_method_id":"4","level":"0","pokemon_id":"302"}{"order":"","version_group_id":"13","move_id":"218","pokemon_move_method_id":"4","level":"0","pokemon_id":"302"}{"order":"","version_group_id":"13","move_id":"237","pokemon_move_method_id":"4","level":"0","pokemon_id":"302"}{"order":"","version_group_id":"13","move_id":"240","pokemon_move_method_id":"4","level":"0","pokemon_id":"302"}{"order":"","version_group_id":"13","move_id":"241","pokemon_move_method_id":"4","level":"0","pokemon_id":"302"}{"order":"","version_group_id":"13","move_id":"247","pokemon_move_method_id":"1","level":"41","pokemon_id":"302"}{"order":"","version_group_id":"13","move_id":"247","pokemon_move_method_id":"4","level":"0","pokemon_id":"302"}{"order":"","version_group_id":"13","move_id":"249","pokemon_move_method_id":"4","level":"0","pokemon_id":"302"}{"order":"","version_group_id":"13","move_id":"252","pokemon_move_method_id":"1","level":"21","pokemon_id":"302"}{"order":"","version_group_id":"13","move_id":"259","pokemon_move_method_id":"4","level":"0","pokemon_id":"302"}{"order":"","version_group_id":"13","move_id":"263","pokemon_move_method_id":"4","level":"0","pokemon_id":"302"}{"order":"","version_group_id":"13","move_id":"264","pokemon_move_method_id":"4","level":"0","pokemon_id":"302"}{"order":"","version_group_id":"13","move_id":"269","pokemon_move_method_id":"4","level":"0","pokemon_id":"302"}{"order":"","version_group_id":"13","move_id":"280","pokemon_move_method_id":"4","level":"0","pokemon_id":"302"}{"order":"","version_group_id":"13","move_id":"282","pokemon_move_method_id":"1","level":"33","pokemon_id":"302"}{"order":"","version_group_id":"13","move_id":"289","pokemon_move_method_id":"4","level":"0","pokemon_id":"302"}{"order":"","version_group_id":"13","move_id":"290","pokemon_move_method_id":"4","level":"0","pokemon_id":"302"}{"order":"","version_group_id":"13","move_id":"310","pokemon_move_method_id":"1","level":"13","pokemon_id":"302"}{"order":"","version_group_id":"13","move_id":"317","pokemon_move_method_id":"4","level":"0","pokemon_id":"302"}{"order":"","version_group_id":"13","move_id":"332","pokemon_move_method_id":"4","level":"0","pokemon_id":"302"}{"order":"","version_group_id":"13","move_id":"347","pokemon_move_method_id":"4","level":"0","pokemon_id":"302"}{"order":"","version_group_id":"13","move_id":"351","pokemon_move_method_id":"4","level":"0","pokemon_id":"302"}{"order":"","version_group_id":"13","move_id":"352","pokemon_move_method_id":"4","level":"0","pokemon_id":"302"}{"order":"","version_group_id":"14","move_id":"7","pokemon_move_method_id":"3","level":"0","pokemon_id":"302"}{"order":"","version_group_id":"14","move_id":"8","pokemon_move_method_id":"3","level":"0","pokemon_id":"302"}{"order":"","version_group_id":"14","move_id":"9","pokemon_move_method_id":"3","level":"0","pokemon_id":"302"}{"order":"2","version_group_id":"14","move_id":"10","pokemon_move_method_id":"1","level":"1","pokemon_id":"302"}{"order":"","version_group_id":"14","move_id":"15","pokemon_move_method_id":"4","level":"0","pokemon_id":"302"}{"order":"1","version_group_id":"14","move_id":"43","pokemon_move_method_id":"1","level":"1","pokemon_id":"302"}{"order":"","version_group_id":"14","move_id":"67","pokemon_move_method_id":"3","level":"0","pokemon_id":"302"}{"order":"","version_group_id":"14","move_id":"91","pokemon_move_method_id":"4","level":"0","pokemon_id":"302"}{"order":"","version_group_id":"14","move_id":"92","pokemon_move_method_id":"4","level":"0","pokemon_id":"302"}{"order":"","version_group_id":"14","move_id":"94","pokemon_move_method_id":"4","level":"0","pokemon_id":"302"}{"order":"","version_group_id":"14","move_id":"101","pokemon_move_method_id":"1","level":"8","pokemon_id":"302"}{"order":"","version_group_id":"14","move_id":"104","pokemon_move_method_id":"4","level":"0","pokemon_id":"302"}{"order":"","version_group_id":"14","move_id":"105","pokemon_move_method_id":"2","level":"0","pokemon_id":"302"}{"order":"","version_group_id":"14","move_id":"109","pokemon_move_method_id":"1","level":"46","pokemon_id":"302"}{"order":"","version_group_id":"14","move_id":"138","pokemon_move_method_id":"4","level":"0","pokemon_id":"302"}{"order":"","version_group_id":"14","move_id":"148","pokemon_move_method_id":"4","level":"0","pokemon_id":"302"}{"order":"","version_group_id":"14","move_id":"154","pokemon_move_method_id":"1","level":"15","pokemon_id":"302"}{"order":"","version_group_id":"14","move_id":"156","pokemon_move_method_id":"4","level":"0","pokemon_id":"302"}{"order":"","version_group_id":"14","move_id":"164","pokemon_move_method_id":"4","level":"0","pokemon_id":"302"}{"order":"","version_group_id":"14","move_id":"168","pokemon_move_method_id":"4","level":"0","pokemon_id":"302"}{"order":"","version_group_id":"14","move_id":"173","pokemon_move_method_id":"3","level":"0","pokemon_id":"302"}{"order":"","version_group_id":"14","move_id":"180","pokemon_move_method_id":"3","level":"0","pokemon_id":"302"}{"order":"","version_group_id":"14","move_id":"182","pokemon_move_method_id":"4","level":"0","pokemon_id":"302"}{"order":"","version_group_id":"14","move_id":"185","pokemon_move_method_id":"1","level":"32","pokemon_id":"302"}{"order":"","version_group_id":"14","move_id":"193","pokemon_move_method_id":"1","level":"4","pokemon_id":"302"}{"order":"","version_group_id":"14","move_id":"196","pokemon_move_method_id":"3","level":"0","pokemon_id":"302"}{"order":"","version_group_id":"14","move_id":"197","pokemon_move_method_id":"1","level":"22","pokemon_id":"302"}{"order":"","version_group_id":"14","move_id":"207","pokemon_move_method_id":"4","level":"0","pokemon_id":"302"}{"order":"","version_group_id":"14","move_id":"212","pokemon_move_method_id":"1","level":"60","pokemon_id":"302"}{"order":"","version_group_id":"14","move_id":"212","pokemon_move_method_id":"2","level":"0","pokemon_id":"302"}{"order":"","version_group_id":"14","move_id":"213","pokemon_move_method_id":"4","level":"0","pokemon_id":"302"}{"order":"","version_group_id":"14","move_id":"214","pokemon_move_method_id":"3","level":"0","pokemon_id":"302"}{"order":"","version_group_id":"14","move_id":"216","pokemon_move_method_id":"4","level":"0","pokemon_id":"302"}{"order":"","version_group_id":"14","move_id":"218","pokemon_move_method_id":"4","level":"0","pokemon_id":"302"}{"order":"","version_group_id":"14","move_id":"236","pokemon_move_method_id":"2","level":"0","pokemon_id":"302"}{"order":"","version_group_id":"14","move_id":"237","pokemon_move_method_id":"4","level":"0","pokemon_id":"302"}{"order":"","version_group_id":"14","move_id":"240","pokemon_move_method_id":"4","level":"0","pokemon_id":"302"}{"order":"","version_group_id":"14","move_id":"241","pokemon_move_method_id":"4","level":"0","pokemon_id":"302"}{"order":"","version_group_id":"14","move_id":"244","pokemon_move_method_id":"4","level":"0","pokemon_id":"302"}{"order":"","version_group_id":"14","move_id":"247","pokemon_move_method_id":"1","level":"57","pokemon_id":"302"}{"order":"","version_group_id":"14","move_id":"247","pokemon_move_method_id":"4","level":"0","pokemon_id":"302"}{"order":"","version_group_id":"14","move_id":"249","pokemon_move_method_id":"4","level":"0","pokemon_id":"302"}{"order":"","version_group_id":"14","move_id":"252","pokemon_move_method_id":"1","level":"18","pokemon_id":"302"}{"order":"","version_group_id":"14","move_id":"259","pokemon_move_method_id":"4","level":"0","pokemon_id":"302"}{"order":"","version_group_id":"14","move_id":"260","pokemon_move_method_id":"2","level":"0","pokemon_id":"302"}{"order":"","version_group_id":"14","move_id":"261","pokemon_move_method_id":"4","level":"0","pokemon_id":"302"}{"order":"","version_group_id":"14","move_id":"263","pokemon_move_method_id":"4","level":"0","pokemon_id":"302"}{"order":"","version_group_id":"14","move_id":"269","pokemon_move_method_id":"4","level":"0","pokemon_id":"302"}{"order":"","version_group_id":"14","move_id":"271","pokemon_move_method_id":"2","level":"0","pokemon_id":"302"}{"order":"","version_group_id":"14","move_id":"271","pokemon_move_method_id":"3","level":"0","pokemon_id":"302"}{"order":"","version_group_id":"14","move_id":"272","pokemon_move_method_id":"3","level":"0","pokemon_id":"302"}{"order":"","version_group_id":"14","move_id":"277","pokemon_move_method_id":"3","level":"0","pokemon_id":"302"}{"order":"","version_group_id":"14","move_id":"280","pokemon_move_method_id":"4","level":"0","pokemon_id":"302"}{"order":"","version_group_id":"14","move_id":"282","pokemon_move_method_id":"1","level":"29","pokemon_id":"302"}{"order":"","version_group_id":"14","move_id":"282","pokemon_move_method_id":"3","level":"0","pokemon_id":"302"}{"order":"","version_group_id":"14","move_id":"289","pokemon_move_method_id":"3","level":"0","pokemon_id":"302"}{"order":"","version_group_id":"14","move_id":"310","pokemon_move_method_id":"1","level":"11","pokemon_id":"302"}{"order":"","version_group_id":"14","move_id":"317","pokemon_move_method_id":"4","level":"0","pokemon_id":"302"}{"order":"","version_group_id":"14","move_id":"324","pokemon_move_method_id":"3","level":"0","pokemon_id":"302"}{"order":"","version_group_id":"14","move_id":"332","pokemon_move_method_id":"4","level":"0","pokemon_id":"302"}{"order":"","version_group_id":"14","move_id":"347","pokemon_move_method_id":"4","level":"0","pokemon_id":"302"}{"order":"","version_group_id":"14","move_id":"356","pokemon_move_method_id":"3","level":"0","pokemon_id":"302"}{"order":"","version_group_id":"14","move_id":"364","pokemon_move_method_id":"2","level":"0","pokemon_id":"302"}{"order":"","version_group_id":"14","move_id":"368","pokemon_move_method_id":"2","level":"0","pokemon_id":"302"}{"order":"","version_group_id":"14","move_id":"371","pokemon_move_method_id":"4","level":"0","pokemon_id":"302"}{"order":"","version_group_id":"14","move_id":"373","pokemon_move_method_id":"4","level":"0","pokemon_id":"302"}{"order":"","version_group_id":"14","move_id":"374","pokemon_move_method_id":"4","level":"0","pokemon_id":"302"}{"order":"","version_group_id":"14","move_id":"386","pokemon_move_method_id":"1","level":"36","pokemon_id":"302"}{"order":"","version_group_id":"14","move_id":"389","pokemon_move_method_id":"2","level":"0","pokemon_id":"302"}{"order":"","version_group_id":"14","move_id":"398","pokemon_move_method_id":"4","level":"0","pokemon_id":"302"}{"order":"","version_group_id":"14","move_id":"399","pokemon_move_method_id":"3","level":"0","pokemon_id":"302"}{"order":"","version_group_id":"14","move_id":"408","pokemon_move_method_id":"1","level":"43","pokemon_id":"302"}{"order":"","version_group_id":"14","move_id":"417","pokemon_move_method_id":"2","level":"0","pokemon_id":"302"}{"order":"","version_group_id":"14","move_id":"421","pokemon_move_method_id":"1","level":"39","pokemon_id":"302"}{"order":"","version_group_id":"14","move_id":"421","pokemon_move_method_id":"4","level":"0","pokemon_id":"302"}{"order":"","version_group_id":"14","move_id":"425","pokemon_move_method_id":"1","level":"25","pokemon_id":"302"}{"order":"","version_group_id":"14","move_id":"428","pokemon_move_method_id":"1","level":"53","pokemon_id":"302"}{"order":"","version_group_id":"14","move_id":"428","pokemon_move_method_id":"3","level":"0","pokemon_id":"302"}{"order":"","version_group_id":"14","move_id":"445","pokemon_move_method_id":"2","level":"0","pokemon_id":"302"}{"order":"","version_group_id":"14","move_id":"468","pokemon_move_method_id":"4","level":"0","pokemon_id":"302"}{"order":"","version_group_id":"14","move_id":"472","pokemon_move_method_id":"3","level":"0","pokemon_id":"302"}{"order":"","version_group_id":"14","move_id":"477","pokemon_move_method_id":"4","level":"0","pokemon_id":"302"}{"order":"","version_group_id":"14","move_id":"490","pokemon_move_method_id":"4","level":"0","pokemon_id":"302"}{"order":"","version_group_id":"14","move_id":"492","pokemon_move_method_id":"1","level":"50","pokemon_id":"302"}{"order":"","version_group_id":"14","move_id":"492","pokemon_move_method_id":"3","level":"0","pokemon_id":"302"}{"order":"","version_group_id":"14","move_id":"496","pokemon_move_method_id":"4","level":"0","pokemon_id":"302"}{"order":"","version_group_id":"14","move_id":"510","pokemon_move_method_id":"4","level":"0","pokemon_id":"302"}{"order":"","version_group_id":"14","move_id":"514","pokemon_move_method_id":"4","level":"0","pokemon_id":"302"}{"order":"","version_group_id":"14","move_id":"555","pokemon_move_method_id":"4","level":"0","pokemon_id":"302"}{"order":"4","version_group_id":"15","move_id":"10","pokemon_move_method_id":"1","level":"1","pokemon_id":"302"}{"order":"","version_group_id":"15","move_id":"15","pokemon_move_method_id":"4","level":"0","pokemon_id":"302"}{"order":"3","version_group_id":"15","move_id":"43","pokemon_move_method_id":"1","level":"1","pokemon_id":"302"}{"order":"","version_group_id":"15","move_id":"91","pokemon_move_method_id":"4","level":"0","pokemon_id":"302"}{"order":"","version_group_id":"15","move_id":"92","pokemon_move_method_id":"4","level":"0","pokemon_id":"302"}{"order":"","version_group_id":"15","move_id":"94","pokemon_move_method_id":"4","level":"0","pokemon_id":"302"}{"order":"","version_group_id":"15","move_id":"101","pokemon_move_method_id":"1","level":"8","pokemon_id":"302"}{"order":"","version_group_id":"15","move_id":"104","pokemon_move_method_id":"4","level":"0","pokemon_id":"302"}{"order":"","version_group_id":"15","move_id":"105","pokemon_move_method_id":"2","level":"0","pokemon_id":"302"}{"order":"","version_group_id":"15","move_id":"109","pokemon_move_method_id":"1","level":"46","pokemon_id":"302"}{"order":"","version_group_id":"15","move_id":"138","pokemon_move_method_id":"4","level":"0","pokemon_id":"302"}{"order":"","version_group_id":"15","move_id":"148","pokemon_move_method_id":"4","level":"0","pokemon_id":"302"}{"order":"","version_group_id":"15","move_id":"154","pokemon_move_method_id":"1","level":"15","pokemon_id":"302"}{"order":"","version_group_id":"15","move_id":"156","pokemon_move_method_id":"4","level":"0","pokemon_id":"302"}{"order":"","version_group_id":"15","move_id":"164","pokemon_move_method_id":"4","level":"0","pokemon_id":"302"}{"order":"","version_group_id":"15","move_id":"168","pokemon_move_method_id":"4","level":"0","pokemon_id":"302"}{"order":"","version_group_id":"15","move_id":"182","pokemon_move_method_id":"4","level":"0","pokemon_id":"302"}{"order":"","version_group_id":"15","move_id":"185","pokemon_move_method_id":"1","level":"32","pokemon_id":"302"}{"order":"","version_group_id":"15","move_id":"193","pokemon_move_method_id":"1","level":"4","pokemon_id":"302"}{"order":"","version_group_id":"15","move_id":"197","pokemon_move_method_id":"1","level":"22","pokemon_id":"302"}{"order":"","version_group_id":"15","move_id":"207","pokemon_move_method_id":"4","level":"0","pokemon_id":"302"}{"order":"1","version_group_id":"15","move_id":"212","pokemon_move_method_id":"1","level":"1","pokemon_id":"302"}{"order":"","version_group_id":"15","move_id":"212","pokemon_move_method_id":"1","level":"60","pokemon_id":"302"}{"order":"","version_group_id":"15","move_id":"212","pokemon_move_method_id":"2","level":"0","pokemon_id":"302"}{"order":"","version_group_id":"15","move_id":"213","pokemon_move_method_id":"4","level":"0","pokemon_id":"302"}{"order":"","version_group_id":"15","move_id":"214","pokemon_move_method_id":"4","level":"0","pokemon_id":"302"}{"order":"","version_group_id":"15","move_id":"216","pokemon_move_method_id":"4","level":"0","pokemon_id":"302"}{"order":"","version_group_id":"15","move_id":"218","pokemon_move_method_id":"4","level":"0","pokemon_id":"302"}{"order":"","version_group_id":"15","move_id":"236","pokemon_move_method_id":"2","level":"0","pokemon_id":"302"}{"order":"","version_group_id":"15","move_id":"237","pokemon_move_method_id":"4","level":"0","pokemon_id":"302"}{"order":"","version_group_id":"15","move_id":"240","pokemon_move_method_id":"4","level":"0","pokemon_id":"302"}{"order":"","version_group_id":"15","move_id":"241","pokemon_move_method_id":"4","level":"0","pokemon_id":"302"}{"order":"","version_group_id":"15","move_id":"244","pokemon_move_method_id":"4","level":"0","pokemon_id":"302"}{"order":"","version_group_id":"15","move_id":"247","pokemon_move_method_id":"1","level":"57","pokemon_id":"302"}{"order":"","version_group_id":"15","move_id":"247","pokemon_move_method_id":"4","level":"0","pokemon_id":"302"}{"order":"","version_group_id":"15","move_id":"249","pokemon_move_method_id":"4","level":"0","pokemon_id":"302"}{"order":"","version_group_id":"15","move_id":"252","pokemon_move_method_id":"1","level":"18","pokemon_id":"302"}{"order":"","version_group_id":"15","move_id":"259","pokemon_move_method_id":"4","level":"0","pokemon_id":"302"}{"order":"","version_group_id":"15","move_id":"260","pokemon_move_method_id":"2","level":"0","pokemon_id":"302"}{"order":"","version_group_id":"15","move_id":"261","pokemon_move_method_id":"4","level":"0","pokemon_id":"302"}{"order":"","version_group_id":"15","move_id":"263","pokemon_move_method_id":"4","level":"0","pokemon_id":"302"}{"order":"","version_group_id":"15","move_id":"269","pokemon_move_method_id":"4","level":"0","pokemon_id":"302"}{"order":"","version_group_id":"15","move_id":"271","pokemon_move_method_id":"2","level":"0","pokemon_id":"302"}{"order":"","version_group_id":"15","move_id":"280","pokemon_move_method_id":"4","level":"0","pokemon_id":"302"}{"order":"","version_group_id":"15","move_id":"282","pokemon_move_method_id":"1","level":"29","pokemon_id":"302"}{"order":"","version_group_id":"15","move_id":"310","pokemon_move_method_id":"1","level":"11","pokemon_id":"302"}{"order":"","version_group_id":"15","move_id":"317","pokemon_move_method_id":"4","level":"0","pokemon_id":"302"}{"order":"","version_group_id":"15","move_id":"332","pokemon_move_method_id":"4","level":"0","pokemon_id":"302"}{"order":"","version_group_id":"15","move_id":"347","pokemon_move_method_id":"4","level":"0","pokemon_id":"302"}{"order":"","version_group_id":"15","move_id":"364","pokemon_move_method_id":"2","level":"0","pokemon_id":"302"}{"order":"","version_group_id":"15","move_id":"368","pokemon_move_method_id":"2","level":"0","pokemon_id":"302"}{"order":"","version_group_id":"15","move_id":"371","pokemon_move_method_id":"4","level":"0","pokemon_id":"302"}{"order":"","version_group_id":"15","move_id":"373","pokemon_move_method_id":"4","level":"0","pokemon_id":"302"}{"order":"","version_group_id":"15","move_id":"374","pokemon_move_method_id":"4","level":"0","pokemon_id":"302"}{"order":"","version_group_id":"15","move_id":"386","pokemon_move_method_id":"1","level":"36","pokemon_id":"302"}{"order":"","version_group_id":"15","move_id":"389","pokemon_move_method_id":"2","level":"0","pokemon_id":"302"}{"order":"","version_group_id":"15","move_id":"398","pokemon_move_method_id":"4","level":"0","pokemon_id":"302"}{"order":"","version_group_id":"15","move_id":"399","pokemon_move_method_id":"4","level":"0","pokemon_id":"302"}{"order":"","version_group_id":"15","move_id":"408","pokemon_move_method_id":"1","level":"43","pokemon_id":"302"}{"order":"","version_group_id":"15","move_id":"417","pokemon_move_method_id":"2","level":"0","pokemon_id":"302"}{"order":"","version_group_id":"15","move_id":"421","pokemon_move_method_id":"1","level":"39","pokemon_id":"302"}{"order":"","version_group_id":"15","move_id":"421","pokemon_move_method_id":"4","level":"0","pokemon_id":"302"}{"order":"","version_group_id":"15","move_id":"425","pokemon_move_method_id":"1","level":"25","pokemon_id":"302"}{"order":"2","version_group_id":"15","move_id":"428","pokemon_move_method_id":"1","level":"1","pokemon_id":"302"}{"order":"","version_group_id":"15","move_id":"428","pokemon_move_method_id":"1","level":"53","pokemon_id":"302"}{"order":"","version_group_id":"15","move_id":"445","pokemon_move_method_id":"2","level":"0","pokemon_id":"302"}{"order":"","version_group_id":"15","move_id":"468","pokemon_move_method_id":"4","level":"0","pokemon_id":"302"}{"order":"","version_group_id":"15","move_id":"490","pokemon_move_method_id":"4","level":"0","pokemon_id":"302"}{"order":"","version_group_id":"15","move_id":"492","pokemon_move_method_id":"1","level":"50","pokemon_id":"302"}{"order":"","version_group_id":"15","move_id":"496","pokemon_move_method_id":"4","level":"0","pokemon_id":"302"}{"order":"","version_group_id":"15","move_id":"510","pokemon_move_method_id":"4","level":"0","pokemon_id":"302"}{"order":"","version_group_id":"15","move_id":"514","pokemon_move_method_id":"4","level":"0","pokemon_id":"302"}{"order":"","version_group_id":"15","move_id":"555","pokemon_move_method_id":"4","level":"0","pokemon_id":"302"}{"order":"","version_group_id":"15","move_id":"590","pokemon_move_method_id":"4","level":"0","pokemon_id":"302"}{"order":"","version_group_id":"15","move_id":"605","pokemon_move_method_id":"4","level":"0","pokemon_id":"302"}{"order":"","version_group_id":"15","move_id":"612","pokemon_move_method_id":"4","level":"0","pokemon_id":"302"}