{"order":"","version_group_id":"3","move_id":"237","pokemon_move_method_id":"1","level":"1","pokemon_id":"201"}{"order":"","version_group_id":"4","move_id":"237","pokemon_move_method_id":"1","level":"1","pokemon_id":"201"}{"order":"","version_group_id":"5","move_id":"237","pokemon_move_method_id":"1","level":"1","pokemon_id":"201"}{"order":"","version_group_id":"6","move_id":"237","pokemon_move_method_id":"1","level":"1","pokemon_id":"201"}{"order":"","version_group_id":"7","move_id":"237","pokemon_move_method_id":"1","level":"1","pokemon_id":"201"}{"order":"","version_group_id":"8","move_id":"237","pokemon_move_method_id":"1","level":"1","pokemon_id":"201"}{"order":"","version_group_id":"9","move_id":"237","pokemon_move_method_id":"1","level":"1","pokemon_id":"201"}{"order":"","version_group_id":"10","move_id":"237","pokemon_move_method_id":"1","level":"1","pokemon_id":"201"}{"order":"","version_group_id":"11","move_id":"237","pokemon_move_method_id":"1","level":"1","pokemon_id":"201"}{"order":"","version_group_id":"12","move_id":"237","pokemon_move_method_id":"1","level":"1","pokemon_id":"201"}{"order":"","version_group_id":"13","move_id":"237","pokemon_move_method_id":"1","level":"1","pokemon_id":"201"}{"order":"","version_group_id":"14","move_id":"237","pokemon_move_method_id":"1","level":"1","pokemon_id":"201"}{"order":"","version_group_id":"15","move_id":"237","pokemon_move_method_id":"1","level":"1","pokemon_id":"201"}