{"order":"6","version_group_id":"15","move_id":"10","pokemon_move_method_id":"1","level":"1","pokemon_id":"10057"}{"order":"3","version_group_id":"15","move_id":"13","pokemon_move_method_id":"1","level":"1","pokemon_id":"10057"}{"order":"","version_group_id":"15","move_id":"13","pokemon_move_method_id":"1","level":"57","pokemon_id":"10057"}{"order":"","version_group_id":"15","move_id":"14","pokemon_move_method_id":"1","level":"33","pokemon_id":"10057"}{"order":"","version_group_id":"15","move_id":"14","pokemon_move_method_id":"4","level":"0","pokemon_id":"10057"}{"order":"","version_group_id":"15","move_id":"15","pokemon_move_method_id":"4","level":"0","pokemon_id":"10057"}{"order":"","version_group_id":"15","move_id":"38","pokemon_move_method_id":"2","level":"0","pokemon_id":"10057"}{"order":"","version_group_id":"15","move_id":"43","pokemon_move_method_id":"1","level":"4","pokemon_id":"10057"}{"order":"","version_group_id":"15","move_id":"44","pokemon_move_method_id":"1","level":"20","pokemon_id":"10057"}{"order":"","version_group_id":"15","move_id":"53","pokemon_move_method_id":"4","level":"0","pokemon_id":"10057"}{"order":"","version_group_id":"15","move_id":"58","pokemon_move_method_id":"4","level":"0","pokemon_id":"10057"}{"order":"","version_group_id":"15","move_id":"59","pokemon_move_method_id":"4","level":"0","pokemon_id":"10057"}{"order":"","version_group_id":"15","move_id":"63","pokemon_move_method_id":"4","level":"0","pokemon_id":"10057"}{"order":"","version_group_id":"15","move_id":"70","pokemon_move_method_id":"4","level":"0","pokemon_id":"10057"}{"order":"","version_group_id":"15","move_id":"85","pokemon_move_method_id":"4","level":"0","pokemon_id":"10057"}{"order":"","version_group_id":"15","move_id":"86","pokemon_move_method_id":"4","level":"0","pokemon_id":"10057"}{"order":"","version_group_id":"15","move_id":"87","pokemon_move_method_id":"4","level":"0","pokemon_id":"10057"}{"order":"","version_group_id":"15","move_id":"92","pokemon_move_method_id":"4","level":"0","pokemon_id":"10057"}{"order":"","version_group_id":"15","move_id":"98","pokemon_move_method_id":"1","level":"9","pokemon_id":"10057"}{"order":"","version_group_id":"15","move_id":"104","pokemon_move_method_id":"1","level":"25","pokemon_id":"10057"}{"order":"","version_group_id":"15","move_id":"104","pokemon_move_method_id":"4","level":"0","pokemon_id":"10057"}{"order":"","version_group_id":"15","move_id":"126","pokemon_move_method_id":"4","level":"0","pokemon_id":"10057"}{"order":"","version_group_id":"15","move_id":"138","pokemon_move_method_id":"4","level":"0","pokemon_id":"10057"}{"order":"","version_group_id":"15","move_id":"148","pokemon_move_method_id":"4","level":"0","pokemon_id":"10057"}{"order":"","version_group_id":"15","move_id":"156","pokemon_move_method_id":"4","level":"0","pokemon_id":"10057"}{"order":"","version_group_id":"15","move_id":"157","pokemon_move_method_id":"4","level":"0","pokemon_id":"10057"}{"order":"","version_group_id":"15","move_id":"163","pokemon_move_method_id":"1","level":"28","pokemon_id":"10057"}{"order":"","version_group_id":"15","move_id":"164","pokemon_move_method_id":"4","level":"0","pokemon_id":"10057"}{"order":"","version_group_id":"15","move_id":"168","pokemon_move_method_id":"4","level":"0","pokemon_id":"10057"}{"order":"","version_group_id":"15","move_id":"174","pokemon_move_method_id":"2","level":"0","pokemon_id":"10057"}{"order":"","version_group_id":"15","move_id":"182","pokemon_move_method_id":"4","level":"0","pokemon_id":"10057"}{"order":"","version_group_id":"15","move_id":"185","pokemon_move_method_id":"2","level":"0","pokemon_id":"10057"}{"order":"1","version_group_id":"15","move_id":"195","pokemon_move_method_id":"1","level":"1","pokemon_id":"10057"}{"order":"","version_group_id":"15","move_id":"195","pokemon_move_method_id":"1","level":"65","pokemon_id":"10057"}{"order":"","version_group_id":"15","move_id":"195","pokemon_move_method_id":"2","level":"0","pokemon_id":"10057"}{"order":"4","version_group_id":"15","move_id":"197","pokemon_move_method_id":"1","level":"1","pokemon_id":"10057"}{"order":"","version_group_id":"15","move_id":"197","pokemon_move_method_id":"1","level":"44","pokemon_id":"10057"}{"order":"","version_group_id":"15","move_id":"201","pokemon_move_method_id":"4","level":"0","pokemon_id":"10057"}{"order":"","version_group_id":"15","move_id":"206","pokemon_move_method_id":"4","level":"0","pokemon_id":"10057"}{"order":"","version_group_id":"15","move_id":"207","pokemon_move_method_id":"4","level":"0","pokemon_id":"10057"}{"order":"","version_group_id":"15","move_id":"212","pokemon_move_method_id":"2","level":"0","pokemon_id":"10057"}{"order":"","version_group_id":"15","move_id":"213","pokemon_move_method_id":"4","level":"0","pokemon_id":"10057"}{"order":"","version_group_id":"15","move_id":"214","pokemon_move_method_id":"4","level":"0","pokemon_id":"10057"}{"order":"","version_group_id":"15","move_id":"216","pokemon_move_method_id":"4","level":"0","pokemon_id":"10057"}{"order":"","version_group_id":"15","move_id":"218","pokemon_move_method_id":"4","level":"0","pokemon_id":"10057"}{"order":"","version_group_id":"15","move_id":"224","pokemon_move_method_id":"2","level":"0","pokemon_id":"10057"}{"order":"","version_group_id":"15","move_id":"226","pokemon_move_method_id":"2","level":"0","pokemon_id":"10057"}{"order":"","version_group_id":"15","move_id":"228","pokemon_move_method_id":"1","level":"12","pokemon_id":"10057"}{"order":"","version_group_id":"15","move_id":"237","pokemon_move_method_id":"4","level":"0","pokemon_id":"10057"}{"order":"","version_group_id":"15","move_id":"240","pokemon_move_method_id":"4","level":"0","pokemon_id":"10057"}{"order":"","version_group_id":"15","move_id":"241","pokemon_move_method_id":"4","level":"0","pokemon_id":"10057"}{"order":"","version_group_id":"15","move_id":"244","pokemon_move_method_id":"4","level":"0","pokemon_id":"10057"}{"order":"","version_group_id":"15","move_id":"247","pokemon_move_method_id":"4","level":"0","pokemon_id":"10057"}{"order":"","version_group_id":"15","move_id":"248","pokemon_move_method_id":"1","level":"36","pokemon_id":"10057"}{"order":"","version_group_id":"15","move_id":"249","pokemon_move_method_id":"4","level":"0","pokemon_id":"10057"}{"order":"","version_group_id":"15","move_id":"258","pokemon_move_method_id":"4","level":"0","pokemon_id":"10057"}{"order":"","version_group_id":"15","move_id":"259","pokemon_move_method_id":"4","level":"0","pokemon_id":"10057"}{"order":"","version_group_id":"15","move_id":"261","pokemon_move_method_id":"4","level":"0","pokemon_id":"10057"}{"order":"","version_group_id":"15","move_id":"263","pokemon_move_method_id":"4","level":"0","pokemon_id":"10057"}{"order":"5","version_group_id":"15","move_id":"269","pokemon_move_method_id":"1","level":"1","pokemon_id":"10057"}{"order":"","version_group_id":"15","move_id":"269","pokemon_move_method_id":"1","level":"17","pokemon_id":"10057"}{"order":"","version_group_id":"15","move_id":"269","pokemon_move_method_id":"4","level":"0","pokemon_id":"10057"}{"order":"","version_group_id":"15","move_id":"277","pokemon_move_method_id":"2","level":"0","pokemon_id":"10057"}{"order":"","version_group_id":"15","move_id":"317","pokemon_move_method_id":"4","level":"0","pokemon_id":"10057"}{"order":"","version_group_id":"15","move_id":"332","pokemon_move_method_id":"4","level":"0","pokemon_id":"10057"}{"order":"","version_group_id":"15","move_id":"347","pokemon_move_method_id":"4","level":"0","pokemon_id":"10057"}{"order":"7","version_group_id":"15","move_id":"364","pokemon_move_method_id":"1","level":"1","pokemon_id":"10057"}{"order":"","version_group_id":"15","move_id":"371","pokemon_move_method_id":"4","level":"0","pokemon_id":"10057"}{"order":"","version_group_id":"15","move_id":"372","pokemon_move_method_id":"2","level":"0","pokemon_id":"10057"}{"order":"2","version_group_id":"15","move_id":"382","pokemon_move_method_id":"1","level":"1","pokemon_id":"10057"}{"order":"","version_group_id":"15","move_id":"382","pokemon_move_method_id":"1","level":"60","pokemon_id":"10057"}{"order":"","version_group_id":"15","move_id":"382","pokemon_move_method_id":"2","level":"0","pokemon_id":"10057"}{"order":"","version_group_id":"15","move_id":"386","pokemon_move_method_id":"2","level":"0","pokemon_id":"10057"}{"order":"","version_group_id":"15","move_id":"389","pokemon_move_method_id":"1","level":"50","pokemon_id":"10057"}{"order":"","version_group_id":"15","move_id":"389","pokemon_move_method_id":"2","level":"0","pokemon_id":"10057"}{"order":"","version_group_id":"15","move_id":"399","pokemon_move_method_id":"4","level":"0","pokemon_id":"10057"}{"order":"","version_group_id":"15","move_id":"400","pokemon_move_method_id":"1","level":"41","pokemon_id":"10057"}{"order":"","version_group_id":"15","move_id":"404","pokemon_move_method_id":"4","level":"0","pokemon_id":"10057"}{"order":"","version_group_id":"15","move_id":"416","pokemon_move_method_id":"4","level":"0","pokemon_id":"10057"}{"order":"","version_group_id":"15","move_id":"421","pokemon_move_method_id":"4","level":"0","pokemon_id":"10057"}{"order":"","version_group_id":"15","move_id":"427","pokemon_move_method_id":"1","level":"47","pokemon_id":"10057"}{"order":"","version_group_id":"15","move_id":"428","pokemon_move_method_id":"2","level":"0","pokemon_id":"10057"}{"order":"","version_group_id":"15","move_id":"444","pokemon_move_method_id":"4","level":"0","pokemon_id":"10057"}{"order":"","version_group_id":"15","move_id":"451","pokemon_move_method_id":"4","level":"0","pokemon_id":"10057"}{"order":"","version_group_id":"15","move_id":"468","pokemon_move_method_id":"4","level":"0","pokemon_id":"10057"}{"order":"","version_group_id":"15","move_id":"496","pokemon_move_method_id":"4","level":"0","pokemon_id":"10057"}{"order":"","version_group_id":"15","move_id":"497","pokemon_move_method_id":"4","level":"0","pokemon_id":"10057"}{"order":"","version_group_id":"15","move_id":"506","pokemon_move_method_id":"2","level":"0","pokemon_id":"10057"}{"order":"","version_group_id":"15","move_id":"510","pokemon_move_method_id":"4","level":"0","pokemon_id":"10057"}{"order":"","version_group_id":"15","move_id":"514","pokemon_move_method_id":"4","level":"0","pokemon_id":"10057"}{"order":"","version_group_id":"15","move_id":"555","pokemon_move_method_id":"4","level":"0","pokemon_id":"10057"}{"order":"","version_group_id":"15","move_id":"583","pokemon_move_method_id":"2","level":"0","pokemon_id":"10057"}{"order":"","version_group_id":"15","move_id":"590","pokemon_move_method_id":"4","level":"0","pokemon_id":"10057"}