{"order":"4","version_group_id":"5","move_id":"17","pokemon_move_method_id":"1","level":"1","pokemon_id":"279"}{"order":"","version_group_id":"5","move_id":"17","pokemon_move_method_id":"1","level":"13","pokemon_id":"279"}{"order":"","version_group_id":"5","move_id":"19","pokemon_move_method_id":"4","level":"0","pokemon_id":"279"}{"order":"1","version_group_id":"5","move_id":"45","pokemon_move_method_id":"1","level":"1","pokemon_id":"279"}{"order":"","version_group_id":"5","move_id":"48","pokemon_move_method_id":"1","level":"7","pokemon_id":"279"}{"order":"","version_group_id":"5","move_id":"54","pokemon_move_method_id":"1","level":"21","pokemon_id":"279"}{"order":"2","version_group_id":"5","move_id":"55","pokemon_move_method_id":"1","level":"1","pokemon_id":"279"}{"order":"","version_group_id":"5","move_id":"55","pokemon_move_method_id":"1","level":"3","pokemon_id":"279"}{"order":"","version_group_id":"5","move_id":"56","pokemon_move_method_id":"1","level":"61","pokemon_id":"279"}{"order":"","version_group_id":"5","move_id":"57","pokemon_move_method_id":"4","level":"0","pokemon_id":"279"}{"order":"","version_group_id":"5","move_id":"58","pokemon_move_method_id":"4","level":"0","pokemon_id":"279"}{"order":"","version_group_id":"5","move_id":"59","pokemon_move_method_id":"4","level":"0","pokemon_id":"279"}{"order":"","version_group_id":"5","move_id":"63","pokemon_move_method_id":"4","level":"0","pokemon_id":"279"}{"order":"","version_group_id":"5","move_id":"92","pokemon_move_method_id":"4","level":"0","pokemon_id":"279"}{"order":"","version_group_id":"5","move_id":"104","pokemon_move_method_id":"4","level":"0","pokemon_id":"279"}{"order":"","version_group_id":"5","move_id":"156","pokemon_move_method_id":"4","level":"0","pokemon_id":"279"}{"order":"","version_group_id":"5","move_id":"168","pokemon_move_method_id":"4","level":"0","pokemon_id":"279"}{"order":"","version_group_id":"5","move_id":"182","pokemon_move_method_id":"1","level":"25","pokemon_id":"279"}{"order":"","version_group_id":"5","move_id":"182","pokemon_move_method_id":"4","level":"0","pokemon_id":"279"}{"order":"","version_group_id":"5","move_id":"211","pokemon_move_method_id":"4","level":"0","pokemon_id":"279"}{"order":"","version_group_id":"5","move_id":"213","pokemon_move_method_id":"4","level":"0","pokemon_id":"279"}{"order":"","version_group_id":"5","move_id":"216","pokemon_move_method_id":"4","level":"0","pokemon_id":"279"}{"order":"","version_group_id":"5","move_id":"218","pokemon_move_method_id":"4","level":"0","pokemon_id":"279"}{"order":"","version_group_id":"5","move_id":"237","pokemon_move_method_id":"4","level":"0","pokemon_id":"279"}{"order":"","version_group_id":"5","move_id":"240","pokemon_move_method_id":"4","level":"0","pokemon_id":"279"}{"order":"","version_group_id":"5","move_id":"254","pokemon_move_method_id":"1","level":"33","pokemon_id":"279"}{"order":"","version_group_id":"5","move_id":"255","pokemon_move_method_id":"1","level":"47","pokemon_id":"279"}{"order":"5","version_group_id":"5","move_id":"256","pokemon_move_method_id":"1","level":"33","pokemon_id":"279"}{"order":"","version_group_id":"5","move_id":"258","pokemon_move_method_id":"4","level":"0","pokemon_id":"279"}{"order":"","version_group_id":"5","move_id":"263","pokemon_move_method_id":"4","level":"0","pokemon_id":"279"}{"order":"","version_group_id":"5","move_id":"290","pokemon_move_method_id":"4","level":"0","pokemon_id":"279"}{"order":"","version_group_id":"5","move_id":"332","pokemon_move_method_id":"4","level":"0","pokemon_id":"279"}{"order":"3","version_group_id":"5","move_id":"346","pokemon_move_method_id":"1","level":"1","pokemon_id":"279"}{"order":"","version_group_id":"5","move_id":"351","pokemon_move_method_id":"4","level":"0","pokemon_id":"279"}{"order":"","version_group_id":"5","move_id":"352","pokemon_move_method_id":"4","level":"0","pokemon_id":"279"}{"order":"4","version_group_id":"6","move_id":"17","pokemon_move_method_id":"1","level":"1","pokemon_id":"279"}{"order":"","version_group_id":"6","move_id":"17","pokemon_move_method_id":"1","level":"13","pokemon_id":"279"}{"order":"","version_group_id":"6","move_id":"19","pokemon_move_method_id":"4","level":"0","pokemon_id":"279"}{"order":"","version_group_id":"6","move_id":"38","pokemon_move_method_id":"3","level":"0","pokemon_id":"279"}{"order":"1","version_group_id":"6","move_id":"45","pokemon_move_method_id":"1","level":"1","pokemon_id":"279"}{"order":"","version_group_id":"6","move_id":"48","pokemon_move_method_id":"1","level":"7","pokemon_id":"279"}{"order":"","version_group_id":"6","move_id":"54","pokemon_move_method_id":"1","level":"21","pokemon_id":"279"}{"order":"2","version_group_id":"6","move_id":"55","pokemon_move_method_id":"1","level":"1","pokemon_id":"279"}{"order":"","version_group_id":"6","move_id":"55","pokemon_move_method_id":"1","level":"3","pokemon_id":"279"}{"order":"","version_group_id":"6","move_id":"56","pokemon_move_method_id":"1","level":"61","pokemon_id":"279"}{"order":"","version_group_id":"6","move_id":"57","pokemon_move_method_id":"4","level":"0","pokemon_id":"279"}{"order":"","version_group_id":"6","move_id":"58","pokemon_move_method_id":"4","level":"0","pokemon_id":"279"}{"order":"","version_group_id":"6","move_id":"59","pokemon_move_method_id":"4","level":"0","pokemon_id":"279"}{"order":"","version_group_id":"6","move_id":"63","pokemon_move_method_id":"4","level":"0","pokemon_id":"279"}{"order":"","version_group_id":"6","move_id":"92","pokemon_move_method_id":"4","level":"0","pokemon_id":"279"}{"order":"","version_group_id":"6","move_id":"102","pokemon_move_method_id":"3","level":"0","pokemon_id":"279"}{"order":"","version_group_id":"6","move_id":"104","pokemon_move_method_id":"4","level":"0","pokemon_id":"279"}{"order":"","version_group_id":"6","move_id":"129","pokemon_move_method_id":"3","level":"0","pokemon_id":"279"}{"order":"","version_group_id":"6","move_id":"156","pokemon_move_method_id":"4","level":"0","pokemon_id":"279"}{"order":"","version_group_id":"6","move_id":"164","pokemon_move_method_id":"3","level":"0","pokemon_id":"279"}{"order":"","version_group_id":"6","move_id":"168","pokemon_move_method_id":"4","level":"0","pokemon_id":"279"}{"order":"","version_group_id":"6","move_id":"173","pokemon_move_method_id":"3","level":"0","pokemon_id":"279"}{"order":"","version_group_id":"6","move_id":"182","pokemon_move_method_id":"1","level":"25","pokemon_id":"279"}{"order":"","version_group_id":"6","move_id":"182","pokemon_move_method_id":"4","level":"0","pokemon_id":"279"}{"order":"","version_group_id":"6","move_id":"189","pokemon_move_method_id":"3","level":"0","pokemon_id":"279"}{"order":"","version_group_id":"6","move_id":"196","pokemon_move_method_id":"3","level":"0","pokemon_id":"279"}{"order":"","version_group_id":"6","move_id":"203","pokemon_move_method_id":"3","level":"0","pokemon_id":"279"}{"order":"","version_group_id":"6","move_id":"207","pokemon_move_method_id":"3","level":"0","pokemon_id":"279"}{"order":"","version_group_id":"6","move_id":"211","pokemon_move_method_id":"4","level":"0","pokemon_id":"279"}{"order":"","version_group_id":"6","move_id":"213","pokemon_move_method_id":"4","level":"0","pokemon_id":"279"}{"order":"","version_group_id":"6","move_id":"214","pokemon_move_method_id":"3","level":"0","pokemon_id":"279"}{"order":"","version_group_id":"6","move_id":"216","pokemon_move_method_id":"4","level":"0","pokemon_id":"279"}{"order":"","version_group_id":"6","move_id":"218","pokemon_move_method_id":"4","level":"0","pokemon_id":"279"}{"order":"","version_group_id":"6","move_id":"237","pokemon_move_method_id":"4","level":"0","pokemon_id":"279"}{"order":"","version_group_id":"6","move_id":"240","pokemon_move_method_id":"4","level":"0","pokemon_id":"279"}{"order":"","version_group_id":"6","move_id":"254","pokemon_move_method_id":"1","level":"33","pokemon_id":"279"}{"order":"","version_group_id":"6","move_id":"255","pokemon_move_method_id":"1","level":"47","pokemon_id":"279"}{"order":"5","version_group_id":"6","move_id":"256","pokemon_move_method_id":"1","level":"33","pokemon_id":"279"}{"order":"","version_group_id":"6","move_id":"258","pokemon_move_method_id":"4","level":"0","pokemon_id":"279"}{"order":"","version_group_id":"6","move_id":"263","pokemon_move_method_id":"4","level":"0","pokemon_id":"279"}{"order":"","version_group_id":"6","move_id":"290","pokemon_move_method_id":"4","level":"0","pokemon_id":"279"}{"order":"","version_group_id":"6","move_id":"332","pokemon_move_method_id":"4","level":"0","pokemon_id":"279"}{"order":"3","version_group_id":"6","move_id":"346","pokemon_move_method_id":"1","level":"1","pokemon_id":"279"}{"order":"","version_group_id":"6","move_id":"351","pokemon_move_method_id":"4","level":"0","pokemon_id":"279"}{"order":"","version_group_id":"6","move_id":"352","pokemon_move_method_id":"4","level":"0","pokemon_id":"279"}{"order":"4","version_group_id":"7","move_id":"17","pokemon_move_method_id":"1","level":"1","pokemon_id":"279"}{"order":"","version_group_id":"7","move_id":"17","pokemon_move_method_id":"1","level":"13","pokemon_id":"279"}{"order":"","version_group_id":"7","move_id":"19","pokemon_move_method_id":"4","level":"0","pokemon_id":"279"}{"order":"","version_group_id":"7","move_id":"38","pokemon_move_method_id":"3","level":"0","pokemon_id":"279"}{"order":"1","version_group_id":"7","move_id":"45","pokemon_move_method_id":"1","level":"1","pokemon_id":"279"}{"order":"","version_group_id":"7","move_id":"48","pokemon_move_method_id":"1","level":"7","pokemon_id":"279"}{"order":"","version_group_id":"7","move_id":"54","pokemon_move_method_id":"1","level":"21","pokemon_id":"279"}{"order":"2","version_group_id":"7","move_id":"55","pokemon_move_method_id":"1","level":"1","pokemon_id":"279"}{"order":"","version_group_id":"7","move_id":"55","pokemon_move_method_id":"1","level":"3","pokemon_id":"279"}{"order":"","version_group_id":"7","move_id":"56","pokemon_move_method_id":"1","level":"61","pokemon_id":"279"}{"order":"","version_group_id":"7","move_id":"57","pokemon_move_method_id":"4","level":"0","pokemon_id":"279"}{"order":"","version_group_id":"7","move_id":"58","pokemon_move_method_id":"4","level":"0","pokemon_id":"279"}{"order":"","version_group_id":"7","move_id":"59","pokemon_move_method_id":"4","level":"0","pokemon_id":"279"}{"order":"","version_group_id":"7","move_id":"63","pokemon_move_method_id":"4","level":"0","pokemon_id":"279"}{"order":"","version_group_id":"7","move_id":"92","pokemon_move_method_id":"4","level":"0","pokemon_id":"279"}{"order":"","version_group_id":"7","move_id":"102","pokemon_move_method_id":"3","level":"0","pokemon_id":"279"}{"order":"","version_group_id":"7","move_id":"104","pokemon_move_method_id":"4","level":"0","pokemon_id":"279"}{"order":"","version_group_id":"7","move_id":"156","pokemon_move_method_id":"4","level":"0","pokemon_id":"279"}{"order":"","version_group_id":"7","move_id":"164","pokemon_move_method_id":"3","level":"0","pokemon_id":"279"}{"order":"","version_group_id":"7","move_id":"168","pokemon_move_method_id":"4","level":"0","pokemon_id":"279"}{"order":"","version_group_id":"7","move_id":"182","pokemon_move_method_id":"1","level":"25","pokemon_id":"279"}{"order":"","version_group_id":"7","move_id":"182","pokemon_move_method_id":"4","level":"0","pokemon_id":"279"}{"order":"","version_group_id":"7","move_id":"211","pokemon_move_method_id":"4","level":"0","pokemon_id":"279"}{"order":"","version_group_id":"7","move_id":"213","pokemon_move_method_id":"4","level":"0","pokemon_id":"279"}{"order":"","version_group_id":"7","move_id":"216","pokemon_move_method_id":"4","level":"0","pokemon_id":"279"}{"order":"","version_group_id":"7","move_id":"218","pokemon_move_method_id":"4","level":"0","pokemon_id":"279"}{"order":"","version_group_id":"7","move_id":"237","pokemon_move_method_id":"4","level":"0","pokemon_id":"279"}{"order":"","version_group_id":"7","move_id":"240","pokemon_move_method_id":"4","level":"0","pokemon_id":"279"}{"order":"","version_group_id":"7","move_id":"254","pokemon_move_method_id":"1","level":"33","pokemon_id":"279"}{"order":"","version_group_id":"7","move_id":"255","pokemon_move_method_id":"1","level":"47","pokemon_id":"279"}{"order":"5","version_group_id":"7","move_id":"256","pokemon_move_method_id":"1","level":"33","pokemon_id":"279"}{"order":"","version_group_id":"7","move_id":"258","pokemon_move_method_id":"4","level":"0","pokemon_id":"279"}{"order":"","version_group_id":"7","move_id":"263","pokemon_move_method_id":"4","level":"0","pokemon_id":"279"}{"order":"","version_group_id":"7","move_id":"290","pokemon_move_method_id":"4","level":"0","pokemon_id":"279"}{"order":"","version_group_id":"7","move_id":"332","pokemon_move_method_id":"4","level":"0","pokemon_id":"279"}{"order":"3","version_group_id":"7","move_id":"346","pokemon_move_method_id":"1","level":"1","pokemon_id":"279"}{"order":"","version_group_id":"7","move_id":"351","pokemon_move_method_id":"4","level":"0","pokemon_id":"279"}{"order":"","version_group_id":"7","move_id":"352","pokemon_move_method_id":"4","level":"0","pokemon_id":"279"}{"order":"4","version_group_id":"8","move_id":"17","pokemon_move_method_id":"1","level":"1","pokemon_id":"279"}{"order":"","version_group_id":"8","move_id":"17","pokemon_move_method_id":"1","level":"11","pokemon_id":"279"}{"order":"","version_group_id":"8","move_id":"19","pokemon_move_method_id":"4","level":"0","pokemon_id":"279"}{"order":"1","version_group_id":"8","move_id":"45","pokemon_move_method_id":"1","level":"1","pokemon_id":"279"}{"order":"","version_group_id":"8","move_id":"48","pokemon_move_method_id":"1","level":"6","pokemon_id":"279"}{"order":"","version_group_id":"8","move_id":"54","pokemon_move_method_id":"1","level":"16","pokemon_id":"279"}{"order":"2","version_group_id":"8","move_id":"55","pokemon_move_method_id":"1","level":"1","pokemon_id":"279"}{"order":"","version_group_id":"8","move_id":"56","pokemon_move_method_id":"1","level":"57","pokemon_id":"279"}{"order":"","version_group_id":"8","move_id":"57","pokemon_move_method_id":"4","level":"0","pokemon_id":"279"}{"order":"","version_group_id":"8","move_id":"58","pokemon_move_method_id":"4","level":"0","pokemon_id":"279"}{"order":"","version_group_id":"8","move_id":"59","pokemon_move_method_id":"4","level":"0","pokemon_id":"279"}{"order":"","version_group_id":"8","move_id":"63","pokemon_move_method_id":"4","level":"0","pokemon_id":"279"}{"order":"","version_group_id":"8","move_id":"92","pokemon_move_method_id":"4","level":"0","pokemon_id":"279"}{"order":"","version_group_id":"8","move_id":"104","pokemon_move_method_id":"4","level":"0","pokemon_id":"279"}{"order":"","version_group_id":"8","move_id":"156","pokemon_move_method_id":"4","level":"0","pokemon_id":"279"}{"order":"","version_group_id":"8","move_id":"164","pokemon_move_method_id":"4","level":"0","pokemon_id":"279"}{"order":"","version_group_id":"8","move_id":"168","pokemon_move_method_id":"4","level":"0","pokemon_id":"279"}{"order":"","version_group_id":"8","move_id":"182","pokemon_move_method_id":"1","level":"25","pokemon_id":"279"}{"order":"","version_group_id":"8","move_id":"182","pokemon_move_method_id":"4","level":"0","pokemon_id":"279"}{"order":"","version_group_id":"8","move_id":"203","pokemon_move_method_id":"4","level":"0","pokemon_id":"279"}{"order":"","version_group_id":"8","move_id":"207","pokemon_move_method_id":"4","level":"0","pokemon_id":"279"}{"order":"","version_group_id":"8","move_id":"211","pokemon_move_method_id":"4","level":"0","pokemon_id":"279"}{"order":"","version_group_id":"8","move_id":"213","pokemon_move_method_id":"4","level":"0","pokemon_id":"279"}{"order":"","version_group_id":"8","move_id":"214","pokemon_move_method_id":"4","level":"0","pokemon_id":"279"}{"order":"","version_group_id":"8","move_id":"216","pokemon_move_method_id":"4","level":"0","pokemon_id":"279"}{"order":"","version_group_id":"8","move_id":"218","pokemon_move_method_id":"4","level":"0","pokemon_id":"279"}{"order":"","version_group_id":"8","move_id":"237","pokemon_move_method_id":"4","level":"0","pokemon_id":"279"}{"order":"","version_group_id":"8","move_id":"240","pokemon_move_method_id":"4","level":"0","pokemon_id":"279"}{"order":"1","version_group_id":"8","move_id":"254","pokemon_move_method_id":"1","level":"38","pokemon_id":"279"}{"order":"3","version_group_id":"8","move_id":"255","pokemon_move_method_id":"1","level":"38","pokemon_id":"279"}{"order":"2","version_group_id":"8","move_id":"256","pokemon_move_method_id":"1","level":"38","pokemon_id":"279"}{"order":"","version_group_id":"8","move_id":"258","pokemon_move_method_id":"4","level":"0","pokemon_id":"279"}{"order":"","version_group_id":"8","move_id":"263","pokemon_move_method_id":"4","level":"0","pokemon_id":"279"}{"order":"","version_group_id":"8","move_id":"290","pokemon_move_method_id":"4","level":"0","pokemon_id":"279"}{"order":"","version_group_id":"8","move_id":"332","pokemon_move_method_id":"4","level":"0","pokemon_id":"279"}{"order":"3","version_group_id":"8","move_id":"346","pokemon_move_method_id":"1","level":"1","pokemon_id":"279"}{"order":"","version_group_id":"8","move_id":"351","pokemon_move_method_id":"4","level":"0","pokemon_id":"279"}{"order":"","version_group_id":"8","move_id":"352","pokemon_move_method_id":"1","level":"19","pokemon_id":"279"}{"order":"","version_group_id":"8","move_id":"352","pokemon_move_method_id":"4","level":"0","pokemon_id":"279"}{"order":"","version_group_id":"8","move_id":"355","pokemon_move_method_id":"1","level":"31","pokemon_id":"279"}{"order":"","version_group_id":"8","move_id":"355","pokemon_move_method_id":"4","level":"0","pokemon_id":"279"}{"order":"","version_group_id":"8","move_id":"362","pokemon_move_method_id":"4","level":"0","pokemon_id":"279"}{"order":"","version_group_id":"8","move_id":"363","pokemon_move_method_id":"4","level":"0","pokemon_id":"279"}{"order":"","version_group_id":"8","move_id":"365","pokemon_move_method_id":"4","level":"0","pokemon_id":"279"}{"order":"","version_group_id":"8","move_id":"366","pokemon_move_method_id":"1","level":"50","pokemon_id":"279"}{"order":"","version_group_id":"8","move_id":"369","pokemon_move_method_id":"4","level":"0","pokemon_id":"279"}{"order":"","version_group_id":"8","move_id":"371","pokemon_move_method_id":"1","level":"24","pokemon_id":"279"}{"order":"","version_group_id":"8","move_id":"371","pokemon_move_method_id":"4","level":"0","pokemon_id":"279"}{"order":"","version_group_id":"8","move_id":"374","pokemon_move_method_id":"1","level":"43","pokemon_id":"279"}{"order":"","version_group_id":"8","move_id":"374","pokemon_move_method_id":"4","level":"0","pokemon_id":"279"}{"order":"","version_group_id":"8","move_id":"416","pokemon_move_method_id":"4","level":"0","pokemon_id":"279"}{"order":"","version_group_id":"8","move_id":"432","pokemon_move_method_id":"4","level":"0","pokemon_id":"279"}{"order":"","version_group_id":"8","move_id":"445","pokemon_move_method_id":"4","level":"0","pokemon_id":"279"}{"order":"4","version_group_id":"9","move_id":"17","pokemon_move_method_id":"1","level":"1","pokemon_id":"279"}{"order":"","version_group_id":"9","move_id":"17","pokemon_move_method_id":"1","level":"11","pokemon_id":"279"}{"order":"","version_group_id":"9","move_id":"19","pokemon_move_method_id":"4","level":"0","pokemon_id":"279"}{"order":"1","version_group_id":"9","move_id":"45","pokemon_move_method_id":"1","level":"1","pokemon_id":"279"}{"order":"","version_group_id":"9","move_id":"48","pokemon_move_method_id":"1","level":"6","pokemon_id":"279"}{"order":"","version_group_id":"9","move_id":"54","pokemon_move_method_id":"1","level":"16","pokemon_id":"279"}{"order":"2","version_group_id":"9","move_id":"55","pokemon_move_method_id":"1","level":"1","pokemon_id":"279"}{"order":"","version_group_id":"9","move_id":"56","pokemon_move_method_id":"1","level":"57","pokemon_id":"279"}{"order":"","version_group_id":"9","move_id":"57","pokemon_move_method_id":"4","level":"0","pokemon_id":"279"}{"order":"","version_group_id":"9","move_id":"58","pokemon_move_method_id":"4","level":"0","pokemon_id":"279"}{"order":"","version_group_id":"9","move_id":"59","pokemon_move_method_id":"4","level":"0","pokemon_id":"279"}{"order":"","version_group_id":"9","move_id":"63","pokemon_move_method_id":"4","level":"0","pokemon_id":"279"}{"order":"","version_group_id":"9","move_id":"92","pokemon_move_method_id":"4","level":"0","pokemon_id":"279"}{"order":"","version_group_id":"9","move_id":"104","pokemon_move_method_id":"4","level":"0","pokemon_id":"279"}{"order":"","version_group_id":"9","move_id":"129","pokemon_move_method_id":"3","level":"0","pokemon_id":"279"}{"order":"","version_group_id":"9","move_id":"156","pokemon_move_method_id":"4","level":"0","pokemon_id":"279"}{"order":"","version_group_id":"9","move_id":"164","pokemon_move_method_id":"4","level":"0","pokemon_id":"279"}{"order":"","version_group_id":"9","move_id":"168","pokemon_move_method_id":"4","level":"0","pokemon_id":"279"}{"order":"","version_group_id":"9","move_id":"173","pokemon_move_method_id":"3","level":"0","pokemon_id":"279"}{"order":"","version_group_id":"9","move_id":"182","pokemon_move_method_id":"1","level":"25","pokemon_id":"279"}{"order":"","version_group_id":"9","move_id":"182","pokemon_move_method_id":"4","level":"0","pokemon_id":"279"}{"order":"","version_group_id":"9","move_id":"189","pokemon_move_method_id":"3","level":"0","pokemon_id":"279"}{"order":"","version_group_id":"9","move_id":"196","pokemon_move_method_id":"3","level":"0","pokemon_id":"279"}{"order":"","version_group_id":"9","move_id":"203","pokemon_move_method_id":"4","level":"0","pokemon_id":"279"}{"order":"","version_group_id":"9","move_id":"207","pokemon_move_method_id":"4","level":"0","pokemon_id":"279"}{"order":"","version_group_id":"9","move_id":"211","pokemon_move_method_id":"4","level":"0","pokemon_id":"279"}{"order":"","version_group_id":"9","move_id":"213","pokemon_move_method_id":"4","level":"0","pokemon_id":"279"}{"order":"","version_group_id":"9","move_id":"214","pokemon_move_method_id":"4","level":"0","pokemon_id":"279"}{"order":"","version_group_id":"9","move_id":"216","pokemon_move_method_id":"4","level":"0","pokemon_id":"279"}{"order":"","version_group_id":"9","move_id":"218","pokemon_move_method_id":"4","level":"0","pokemon_id":"279"}{"order":"","version_group_id":"9","move_id":"237","pokemon_move_method_id":"4","level":"0","pokemon_id":"279"}{"order":"","version_group_id":"9","move_id":"239","pokemon_move_method_id":"3","level":"0","pokemon_id":"279"}{"order":"","version_group_id":"9","move_id":"240","pokemon_move_method_id":"4","level":"0","pokemon_id":"279"}{"order":"","version_group_id":"9","move_id":"253","pokemon_move_method_id":"3","level":"0","pokemon_id":"279"}{"order":"1","version_group_id":"9","move_id":"254","pokemon_move_method_id":"1","level":"38","pokemon_id":"279"}{"order":"3","version_group_id":"9","move_id":"255","pokemon_move_method_id":"1","level":"38","pokemon_id":"279"}{"order":"2","version_group_id":"9","move_id":"256","pokemon_move_method_id":"1","level":"38","pokemon_id":"279"}{"order":"","version_group_id":"9","move_id":"258","pokemon_move_method_id":"4","level":"0","pokemon_id":"279"}{"order":"","version_group_id":"9","move_id":"263","pokemon_move_method_id":"4","level":"0","pokemon_id":"279"}{"order":"","version_group_id":"9","move_id":"282","pokemon_move_method_id":"3","level":"0","pokemon_id":"279"}{"order":"","version_group_id":"9","move_id":"290","pokemon_move_method_id":"4","level":"0","pokemon_id":"279"}{"order":"","version_group_id":"9","move_id":"314","pokemon_move_method_id":"3","level":"0","pokemon_id":"279"}{"order":"","version_group_id":"9","move_id":"332","pokemon_move_method_id":"4","level":"0","pokemon_id":"279"}{"order":"3","version_group_id":"9","move_id":"346","pokemon_move_method_id":"1","level":"1","pokemon_id":"279"}{"order":"","version_group_id":"9","move_id":"351","pokemon_move_method_id":"4","level":"0","pokemon_id":"279"}{"order":"","version_group_id":"9","move_id":"352","pokemon_move_method_id":"1","level":"19","pokemon_id":"279"}{"order":"","version_group_id":"9","move_id":"352","pokemon_move_method_id":"4","level":"0","pokemon_id":"279"}{"order":"","version_group_id":"9","move_id":"355","pokemon_move_method_id":"1","level":"31","pokemon_id":"279"}{"order":"","version_group_id":"9","move_id":"355","pokemon_move_method_id":"4","level":"0","pokemon_id":"279"}{"order":"","version_group_id":"9","move_id":"362","pokemon_move_method_id":"4","level":"0","pokemon_id":"279"}{"order":"","version_group_id":"9","move_id":"363","pokemon_move_method_id":"4","level":"0","pokemon_id":"279"}{"order":"","version_group_id":"9","move_id":"365","pokemon_move_method_id":"4","level":"0","pokemon_id":"279"}{"order":"","version_group_id":"9","move_id":"366","pokemon_move_method_id":"1","level":"50","pokemon_id":"279"}{"order":"","version_group_id":"9","move_id":"369","pokemon_move_method_id":"4","level":"0","pokemon_id":"279"}{"order":"","version_group_id":"9","move_id":"371","pokemon_move_method_id":"1","level":"24","pokemon_id":"279"}{"order":"","version_group_id":"9","move_id":"371","pokemon_move_method_id":"4","level":"0","pokemon_id":"279"}{"order":"","version_group_id":"9","move_id":"374","pokemon_move_method_id":"1","level":"43","pokemon_id":"279"}{"order":"","version_group_id":"9","move_id":"374","pokemon_move_method_id":"4","level":"0","pokemon_id":"279"}{"order":"","version_group_id":"9","move_id":"402","pokemon_move_method_id":"3","level":"0","pokemon_id":"279"}{"order":"","version_group_id":"9","move_id":"416","pokemon_move_method_id":"4","level":"0","pokemon_id":"279"}{"order":"","version_group_id":"9","move_id":"432","pokemon_move_method_id":"4","level":"0","pokemon_id":"279"}{"order":"","version_group_id":"9","move_id":"441","pokemon_move_method_id":"3","level":"0","pokemon_id":"279"}{"order":"","version_group_id":"9","move_id":"445","pokemon_move_method_id":"4","level":"0","pokemon_id":"279"}{"order":"","version_group_id":"9","move_id":"466","pokemon_move_method_id":"3","level":"0","pokemon_id":"279"}{"order":"4","version_group_id":"10","move_id":"17","pokemon_move_method_id":"1","level":"1","pokemon_id":"279"}{"order":"","version_group_id":"10","move_id":"17","pokemon_move_method_id":"1","level":"11","pokemon_id":"279"}{"order":"","version_group_id":"10","move_id":"19","pokemon_move_method_id":"4","level":"0","pokemon_id":"279"}{"order":"1","version_group_id":"10","move_id":"45","pokemon_move_method_id":"1","level":"1","pokemon_id":"279"}{"order":"","version_group_id":"10","move_id":"48","pokemon_move_method_id":"1","level":"6","pokemon_id":"279"}{"order":"","version_group_id":"10","move_id":"54","pokemon_move_method_id":"1","level":"16","pokemon_id":"279"}{"order":"2","version_group_id":"10","move_id":"55","pokemon_move_method_id":"1","level":"1","pokemon_id":"279"}{"order":"","version_group_id":"10","move_id":"56","pokemon_move_method_id":"1","level":"57","pokemon_id":"279"}{"order":"","version_group_id":"10","move_id":"57","pokemon_move_method_id":"4","level":"0","pokemon_id":"279"}{"order":"","version_group_id":"10","move_id":"58","pokemon_move_method_id":"4","level":"0","pokemon_id":"279"}{"order":"","version_group_id":"10","move_id":"59","pokemon_move_method_id":"4","level":"0","pokemon_id":"279"}{"order":"","version_group_id":"10","move_id":"63","pokemon_move_method_id":"4","level":"0","pokemon_id":"279"}{"order":"","version_group_id":"10","move_id":"92","pokemon_move_method_id":"4","level":"0","pokemon_id":"279"}{"order":"","version_group_id":"10","move_id":"104","pokemon_move_method_id":"4","level":"0","pokemon_id":"279"}{"order":"","version_group_id":"10","move_id":"129","pokemon_move_method_id":"3","level":"0","pokemon_id":"279"}{"order":"","version_group_id":"10","move_id":"143","pokemon_move_method_id":"3","level":"0","pokemon_id":"279"}{"order":"","version_group_id":"10","move_id":"156","pokemon_move_method_id":"4","level":"0","pokemon_id":"279"}{"order":"","version_group_id":"10","move_id":"164","pokemon_move_method_id":"4","level":"0","pokemon_id":"279"}{"order":"","version_group_id":"10","move_id":"168","pokemon_move_method_id":"4","level":"0","pokemon_id":"279"}{"order":"","version_group_id":"10","move_id":"173","pokemon_move_method_id":"3","level":"0","pokemon_id":"279"}{"order":"","version_group_id":"10","move_id":"182","pokemon_move_method_id":"1","level":"25","pokemon_id":"279"}{"order":"","version_group_id":"10","move_id":"182","pokemon_move_method_id":"4","level":"0","pokemon_id":"279"}{"order":"","version_group_id":"10","move_id":"189","pokemon_move_method_id":"3","level":"0","pokemon_id":"279"}{"order":"","version_group_id":"10","move_id":"196","pokemon_move_method_id":"3","level":"0","pokemon_id":"279"}{"order":"","version_group_id":"10","move_id":"203","pokemon_move_method_id":"4","level":"0","pokemon_id":"279"}{"order":"","version_group_id":"10","move_id":"207","pokemon_move_method_id":"4","level":"0","pokemon_id":"279"}{"order":"","version_group_id":"10","move_id":"211","pokemon_move_method_id":"4","level":"0","pokemon_id":"279"}{"order":"","version_group_id":"10","move_id":"213","pokemon_move_method_id":"4","level":"0","pokemon_id":"279"}{"order":"","version_group_id":"10","move_id":"214","pokemon_move_method_id":"4","level":"0","pokemon_id":"279"}{"order":"","version_group_id":"10","move_id":"216","pokemon_move_method_id":"4","level":"0","pokemon_id":"279"}{"order":"","version_group_id":"10","move_id":"218","pokemon_move_method_id":"4","level":"0","pokemon_id":"279"}{"order":"","version_group_id":"10","move_id":"237","pokemon_move_method_id":"4","level":"0","pokemon_id":"279"}{"order":"","version_group_id":"10","move_id":"239","pokemon_move_method_id":"3","level":"0","pokemon_id":"279"}{"order":"","version_group_id":"10","move_id":"240","pokemon_move_method_id":"4","level":"0","pokemon_id":"279"}{"order":"","version_group_id":"10","move_id":"250","pokemon_move_method_id":"4","level":"0","pokemon_id":"279"}{"order":"","version_group_id":"10","move_id":"253","pokemon_move_method_id":"3","level":"0","pokemon_id":"279"}{"order":"1","version_group_id":"10","move_id":"254","pokemon_move_method_id":"1","level":"38","pokemon_id":"279"}{"order":"3","version_group_id":"10","move_id":"255","pokemon_move_method_id":"1","level":"38","pokemon_id":"279"}{"order":"2","version_group_id":"10","move_id":"256","pokemon_move_method_id":"1","level":"38","pokemon_id":"279"}{"order":"","version_group_id":"10","move_id":"258","pokemon_move_method_id":"4","level":"0","pokemon_id":"279"}{"order":"","version_group_id":"10","move_id":"263","pokemon_move_method_id":"4","level":"0","pokemon_id":"279"}{"order":"","version_group_id":"10","move_id":"282","pokemon_move_method_id":"3","level":"0","pokemon_id":"279"}{"order":"","version_group_id":"10","move_id":"290","pokemon_move_method_id":"4","level":"0","pokemon_id":"279"}{"order":"","version_group_id":"10","move_id":"314","pokemon_move_method_id":"3","level":"0","pokemon_id":"279"}{"order":"","version_group_id":"10","move_id":"332","pokemon_move_method_id":"4","level":"0","pokemon_id":"279"}{"order":"3","version_group_id":"10","move_id":"346","pokemon_move_method_id":"1","level":"1","pokemon_id":"279"}{"order":"","version_group_id":"10","move_id":"351","pokemon_move_method_id":"4","level":"0","pokemon_id":"279"}{"order":"","version_group_id":"10","move_id":"352","pokemon_move_method_id":"1","level":"19","pokemon_id":"279"}{"order":"","version_group_id":"10","move_id":"352","pokemon_move_method_id":"4","level":"0","pokemon_id":"279"}{"order":"","version_group_id":"10","move_id":"355","pokemon_move_method_id":"1","level":"31","pokemon_id":"279"}{"order":"","version_group_id":"10","move_id":"355","pokemon_move_method_id":"4","level":"0","pokemon_id":"279"}{"order":"","version_group_id":"10","move_id":"362","pokemon_move_method_id":"4","level":"0","pokemon_id":"279"}{"order":"","version_group_id":"10","move_id":"363","pokemon_move_method_id":"4","level":"0","pokemon_id":"279"}{"order":"","version_group_id":"10","move_id":"365","pokemon_move_method_id":"4","level":"0","pokemon_id":"279"}{"order":"","version_group_id":"10","move_id":"366","pokemon_move_method_id":"1","level":"50","pokemon_id":"279"}{"order":"","version_group_id":"10","move_id":"366","pokemon_move_method_id":"3","level":"0","pokemon_id":"279"}{"order":"","version_group_id":"10","move_id":"369","pokemon_move_method_id":"4","level":"0","pokemon_id":"279"}{"order":"","version_group_id":"10","move_id":"371","pokemon_move_method_id":"1","level":"24","pokemon_id":"279"}{"order":"","version_group_id":"10","move_id":"371","pokemon_move_method_id":"4","level":"0","pokemon_id":"279"}{"order":"","version_group_id":"10","move_id":"374","pokemon_move_method_id":"1","level":"43","pokemon_id":"279"}{"order":"","version_group_id":"10","move_id":"374","pokemon_move_method_id":"4","level":"0","pokemon_id":"279"}{"order":"","version_group_id":"10","move_id":"402","pokemon_move_method_id":"3","level":"0","pokemon_id":"279"}{"order":"","version_group_id":"10","move_id":"416","pokemon_move_method_id":"4","level":"0","pokemon_id":"279"}{"order":"","version_group_id":"10","move_id":"441","pokemon_move_method_id":"3","level":"0","pokemon_id":"279"}{"order":"","version_group_id":"10","move_id":"445","pokemon_move_method_id":"4","level":"0","pokemon_id":"279"}{"order":"","version_group_id":"10","move_id":"466","pokemon_move_method_id":"3","level":"0","pokemon_id":"279"}{"order":"5","version_group_id":"11","move_id":"17","pokemon_move_method_id":"1","level":"1","pokemon_id":"279"}{"order":"","version_group_id":"11","move_id":"17","pokemon_move_method_id":"1","level":"11","pokemon_id":"279"}{"order":"","version_group_id":"11","move_id":"19","pokemon_move_method_id":"4","level":"0","pokemon_id":"279"}{"order":"2","version_group_id":"11","move_id":"45","pokemon_move_method_id":"1","level":"1","pokemon_id":"279"}{"order":"","version_group_id":"11","move_id":"48","pokemon_move_method_id":"1","level":"6","pokemon_id":"279"}{"order":"","version_group_id":"11","move_id":"54","pokemon_move_method_id":"1","level":"16","pokemon_id":"279"}{"order":"3","version_group_id":"11","move_id":"55","pokemon_move_method_id":"1","level":"1","pokemon_id":"279"}{"order":"","version_group_id":"11","move_id":"56","pokemon_move_method_id":"1","level":"57","pokemon_id":"279"}{"order":"","version_group_id":"11","move_id":"57","pokemon_move_method_id":"4","level":"0","pokemon_id":"279"}{"order":"","version_group_id":"11","move_id":"58","pokemon_move_method_id":"4","level":"0","pokemon_id":"279"}{"order":"","version_group_id":"11","move_id":"59","pokemon_move_method_id":"4","level":"0","pokemon_id":"279"}{"order":"","version_group_id":"11","move_id":"63","pokemon_move_method_id":"4","level":"0","pokemon_id":"279"}{"order":"","version_group_id":"11","move_id":"92","pokemon_move_method_id":"4","level":"0","pokemon_id":"279"}{"order":"","version_group_id":"11","move_id":"104","pokemon_move_method_id":"4","level":"0","pokemon_id":"279"}{"order":"","version_group_id":"11","move_id":"156","pokemon_move_method_id":"4","level":"0","pokemon_id":"279"}{"order":"","version_group_id":"11","move_id":"164","pokemon_move_method_id":"4","level":"0","pokemon_id":"279"}{"order":"","version_group_id":"11","move_id":"168","pokemon_move_method_id":"4","level":"0","pokemon_id":"279"}{"order":"","version_group_id":"11","move_id":"182","pokemon_move_method_id":"1","level":"25","pokemon_id":"279"}{"order":"","version_group_id":"11","move_id":"182","pokemon_move_method_id":"4","level":"0","pokemon_id":"279"}{"order":"","version_group_id":"11","move_id":"207","pokemon_move_method_id":"4","level":"0","pokemon_id":"279"}{"order":"","version_group_id":"11","move_id":"213","pokemon_move_method_id":"4","level":"0","pokemon_id":"279"}{"order":"","version_group_id":"11","move_id":"216","pokemon_move_method_id":"4","level":"0","pokemon_id":"279"}{"order":"","version_group_id":"11","move_id":"218","pokemon_move_method_id":"4","level":"0","pokemon_id":"279"}{"order":"","version_group_id":"11","move_id":"237","pokemon_move_method_id":"4","level":"0","pokemon_id":"279"}{"order":"","version_group_id":"11","move_id":"240","pokemon_move_method_id":"4","level":"0","pokemon_id":"279"}{"order":"1","version_group_id":"11","move_id":"254","pokemon_move_method_id":"1","level":"38","pokemon_id":"279"}{"order":"3","version_group_id":"11","move_id":"255","pokemon_move_method_id":"1","level":"38","pokemon_id":"279"}{"order":"2","version_group_id":"11","move_id":"256","pokemon_move_method_id":"1","level":"38","pokemon_id":"279"}{"order":"","version_group_id":"11","move_id":"258","pokemon_move_method_id":"4","level":"0","pokemon_id":"279"}{"order":"","version_group_id":"11","move_id":"263","pokemon_move_method_id":"4","level":"0","pokemon_id":"279"}{"order":"","version_group_id":"11","move_id":"332","pokemon_move_method_id":"4","level":"0","pokemon_id":"279"}{"order":"4","version_group_id":"11","move_id":"346","pokemon_move_method_id":"1","level":"1","pokemon_id":"279"}{"order":"","version_group_id":"11","move_id":"352","pokemon_move_method_id":"1","level":"19","pokemon_id":"279"}{"order":"","version_group_id":"11","move_id":"355","pokemon_move_method_id":"1","level":"31","pokemon_id":"279"}{"order":"","version_group_id":"11","move_id":"365","pokemon_move_method_id":"4","level":"0","pokemon_id":"279"}{"order":"","version_group_id":"11","move_id":"366","pokemon_move_method_id":"1","level":"50","pokemon_id":"279"}{"order":"","version_group_id":"11","move_id":"369","pokemon_move_method_id":"4","level":"0","pokemon_id":"279"}{"order":"","version_group_id":"11","move_id":"371","pokemon_move_method_id":"1","level":"24","pokemon_id":"279"}{"order":"","version_group_id":"11","move_id":"371","pokemon_move_method_id":"4","level":"0","pokemon_id":"279"}{"order":"","version_group_id":"11","move_id":"374","pokemon_move_method_id":"1","level":"43","pokemon_id":"279"}{"order":"","version_group_id":"11","move_id":"374","pokemon_move_method_id":"4","level":"0","pokemon_id":"279"}{"order":"","version_group_id":"11","move_id":"416","pokemon_move_method_id":"4","level":"0","pokemon_id":"279"}{"order":"1","version_group_id":"11","move_id":"487","pokemon_move_method_id":"1","level":"1","pokemon_id":"279"}{"order":"","version_group_id":"11","move_id":"496","pokemon_move_method_id":"4","level":"0","pokemon_id":"279"}{"order":"","version_group_id":"11","move_id":"497","pokemon_move_method_id":"4","level":"0","pokemon_id":"279"}{"order":"","version_group_id":"11","move_id":"503","pokemon_move_method_id":"4","level":"0","pokemon_id":"279"}{"order":"","version_group_id":"11","move_id":"507","pokemon_move_method_id":"4","level":"0","pokemon_id":"279"}{"order":"","version_group_id":"11","move_id":"542","pokemon_move_method_id":"1","level":"63","pokemon_id":"279"}{"order":"4","version_group_id":"12","move_id":"17","pokemon_move_method_id":"1","level":"1","pokemon_id":"279"}{"order":"","version_group_id":"12","move_id":"17","pokemon_move_method_id":"1","level":"13","pokemon_id":"279"}{"order":"","version_group_id":"12","move_id":"19","pokemon_move_method_id":"4","level":"0","pokemon_id":"279"}{"order":"1","version_group_id":"12","move_id":"45","pokemon_move_method_id":"1","level":"1","pokemon_id":"279"}{"order":"","version_group_id":"12","move_id":"48","pokemon_move_method_id":"1","level":"7","pokemon_id":"279"}{"order":"","version_group_id":"12","move_id":"54","pokemon_move_method_id":"1","level":"21","pokemon_id":"279"}{"order":"2","version_group_id":"12","move_id":"55","pokemon_move_method_id":"1","level":"1","pokemon_id":"279"}{"order":"","version_group_id":"12","move_id":"55","pokemon_move_method_id":"1","level":"3","pokemon_id":"279"}{"order":"","version_group_id":"12","move_id":"56","pokemon_move_method_id":"1","level":"61","pokemon_id":"279"}{"order":"","version_group_id":"12","move_id":"57","pokemon_move_method_id":"4","level":"0","pokemon_id":"279"}{"order":"","version_group_id":"12","move_id":"58","pokemon_move_method_id":"4","level":"0","pokemon_id":"279"}{"order":"","version_group_id":"12","move_id":"59","pokemon_move_method_id":"4","level":"0","pokemon_id":"279"}{"order":"","version_group_id":"12","move_id":"63","pokemon_move_method_id":"4","level":"0","pokemon_id":"279"}{"order":"","version_group_id":"12","move_id":"92","pokemon_move_method_id":"4","level":"0","pokemon_id":"279"}{"order":"","version_group_id":"12","move_id":"104","pokemon_move_method_id":"4","level":"0","pokemon_id":"279"}{"order":"","version_group_id":"12","move_id":"156","pokemon_move_method_id":"4","level":"0","pokemon_id":"279"}{"order":"","version_group_id":"12","move_id":"168","pokemon_move_method_id":"4","level":"0","pokemon_id":"279"}{"order":"","version_group_id":"12","move_id":"182","pokemon_move_method_id":"1","level":"25","pokemon_id":"279"}{"order":"","version_group_id":"12","move_id":"182","pokemon_move_method_id":"4","level":"0","pokemon_id":"279"}{"order":"","version_group_id":"12","move_id":"211","pokemon_move_method_id":"4","level":"0","pokemon_id":"279"}{"order":"","version_group_id":"12","move_id":"213","pokemon_move_method_id":"4","level":"0","pokemon_id":"279"}{"order":"","version_group_id":"12","move_id":"216","pokemon_move_method_id":"4","level":"0","pokemon_id":"279"}{"order":"","version_group_id":"12","move_id":"218","pokemon_move_method_id":"4","level":"0","pokemon_id":"279"}{"order":"","version_group_id":"12","move_id":"237","pokemon_move_method_id":"4","level":"0","pokemon_id":"279"}{"order":"","version_group_id":"12","move_id":"240","pokemon_move_method_id":"4","level":"0","pokemon_id":"279"}{"order":"","version_group_id":"12","move_id":"254","pokemon_move_method_id":"1","level":"33","pokemon_id":"279"}{"order":"","version_group_id":"12","move_id":"255","pokemon_move_method_id":"1","level":"47","pokemon_id":"279"}{"order":"5","version_group_id":"12","move_id":"256","pokemon_move_method_id":"1","level":"33","pokemon_id":"279"}{"order":"","version_group_id":"12","move_id":"258","pokemon_move_method_id":"4","level":"0","pokemon_id":"279"}{"order":"","version_group_id":"12","move_id":"263","pokemon_move_method_id":"4","level":"0","pokemon_id":"279"}{"order":"","version_group_id":"12","move_id":"290","pokemon_move_method_id":"4","level":"0","pokemon_id":"279"}{"order":"","version_group_id":"12","move_id":"332","pokemon_move_method_id":"4","level":"0","pokemon_id":"279"}{"order":"3","version_group_id":"12","move_id":"346","pokemon_move_method_id":"1","level":"1","pokemon_id":"279"}{"order":"","version_group_id":"12","move_id":"351","pokemon_move_method_id":"4","level":"0","pokemon_id":"279"}{"order":"","version_group_id":"12","move_id":"352","pokemon_move_method_id":"4","level":"0","pokemon_id":"279"}{"order":"4","version_group_id":"13","move_id":"17","pokemon_move_method_id":"1","level":"1","pokemon_id":"279"}{"order":"","version_group_id":"13","move_id":"17","pokemon_move_method_id":"1","level":"13","pokemon_id":"279"}{"order":"","version_group_id":"13","move_id":"19","pokemon_move_method_id":"4","level":"0","pokemon_id":"279"}{"order":"","version_group_id":"13","move_id":"38","pokemon_move_method_id":"3","level":"0","pokemon_id":"279"}{"order":"1","version_group_id":"13","move_id":"45","pokemon_move_method_id":"1","level":"1","pokemon_id":"279"}{"order":"","version_group_id":"13","move_id":"48","pokemon_move_method_id":"1","level":"7","pokemon_id":"279"}{"order":"","version_group_id":"13","move_id":"54","pokemon_move_method_id":"1","level":"21","pokemon_id":"279"}{"order":"2","version_group_id":"13","move_id":"55","pokemon_move_method_id":"1","level":"1","pokemon_id":"279"}{"order":"","version_group_id":"13","move_id":"55","pokemon_move_method_id":"1","level":"3","pokemon_id":"279"}{"order":"","version_group_id":"13","move_id":"56","pokemon_move_method_id":"1","level":"61","pokemon_id":"279"}{"order":"","version_group_id":"13","move_id":"57","pokemon_move_method_id":"4","level":"0","pokemon_id":"279"}{"order":"","version_group_id":"13","move_id":"58","pokemon_move_method_id":"4","level":"0","pokemon_id":"279"}{"order":"","version_group_id":"13","move_id":"59","pokemon_move_method_id":"4","level":"0","pokemon_id":"279"}{"order":"","version_group_id":"13","move_id":"63","pokemon_move_method_id":"4","level":"0","pokemon_id":"279"}{"order":"","version_group_id":"13","move_id":"92","pokemon_move_method_id":"4","level":"0","pokemon_id":"279"}{"order":"","version_group_id":"13","move_id":"102","pokemon_move_method_id":"3","level":"0","pokemon_id":"279"}{"order":"","version_group_id":"13","move_id":"104","pokemon_move_method_id":"4","level":"0","pokemon_id":"279"}{"order":"","version_group_id":"13","move_id":"143","pokemon_move_method_id":"3","level":"0","pokemon_id":"279"}{"order":"","version_group_id":"13","move_id":"156","pokemon_move_method_id":"4","level":"0","pokemon_id":"279"}{"order":"","version_group_id":"13","move_id":"164","pokemon_move_method_id":"3","level":"0","pokemon_id":"279"}{"order":"","version_group_id":"13","move_id":"168","pokemon_move_method_id":"4","level":"0","pokemon_id":"279"}{"order":"","version_group_id":"13","move_id":"182","pokemon_move_method_id":"1","level":"25","pokemon_id":"279"}{"order":"","version_group_id":"13","move_id":"182","pokemon_move_method_id":"4","level":"0","pokemon_id":"279"}{"order":"","version_group_id":"13","move_id":"196","pokemon_move_method_id":"3","level":"0","pokemon_id":"279"}{"order":"","version_group_id":"13","move_id":"207","pokemon_move_method_id":"3","level":"0","pokemon_id":"279"}{"order":"","version_group_id":"13","move_id":"211","pokemon_move_method_id":"4","level":"0","pokemon_id":"279"}{"order":"","version_group_id":"13","move_id":"213","pokemon_move_method_id":"4","level":"0","pokemon_id":"279"}{"order":"","version_group_id":"13","move_id":"216","pokemon_move_method_id":"4","level":"0","pokemon_id":"279"}{"order":"","version_group_id":"13","move_id":"218","pokemon_move_method_id":"4","level":"0","pokemon_id":"279"}{"order":"","version_group_id":"13","move_id":"237","pokemon_move_method_id":"4","level":"0","pokemon_id":"279"}{"order":"","version_group_id":"13","move_id":"240","pokemon_move_method_id":"4","level":"0","pokemon_id":"279"}{"order":"","version_group_id":"13","move_id":"254","pokemon_move_method_id":"1","level":"33","pokemon_id":"279"}{"order":"","version_group_id":"13","move_id":"255","pokemon_move_method_id":"1","level":"47","pokemon_id":"279"}{"order":"5","version_group_id":"13","move_id":"256","pokemon_move_method_id":"1","level":"33","pokemon_id":"279"}{"order":"","version_group_id":"13","move_id":"258","pokemon_move_method_id":"4","level":"0","pokemon_id":"279"}{"order":"","version_group_id":"13","move_id":"263","pokemon_move_method_id":"4","level":"0","pokemon_id":"279"}{"order":"","version_group_id":"13","move_id":"290","pokemon_move_method_id":"4","level":"0","pokemon_id":"279"}{"order":"","version_group_id":"13","move_id":"332","pokemon_move_method_id":"4","level":"0","pokemon_id":"279"}{"order":"3","version_group_id":"13","move_id":"346","pokemon_move_method_id":"1","level":"1","pokemon_id":"279"}{"order":"","version_group_id":"13","move_id":"351","pokemon_move_method_id":"4","level":"0","pokemon_id":"279"}{"order":"","version_group_id":"13","move_id":"352","pokemon_move_method_id":"4","level":"0","pokemon_id":"279"}{"order":"5","version_group_id":"14","move_id":"17","pokemon_move_method_id":"1","level":"1","pokemon_id":"279"}{"order":"","version_group_id":"14","move_id":"17","pokemon_move_method_id":"1","level":"9","pokemon_id":"279"}{"order":"","version_group_id":"14","move_id":"19","pokemon_move_method_id":"4","level":"0","pokemon_id":"279"}{"order":"2","version_group_id":"14","move_id":"45","pokemon_move_method_id":"1","level":"1","pokemon_id":"279"}{"order":"","version_group_id":"14","move_id":"48","pokemon_move_method_id":"1","level":"6","pokemon_id":"279"}{"order":"","version_group_id":"14","move_id":"54","pokemon_move_method_id":"1","level":"14","pokemon_id":"279"}{"order":"3","version_group_id":"14","move_id":"55","pokemon_move_method_id":"1","level":"1","pokemon_id":"279"}{"order":"","version_group_id":"14","move_id":"56","pokemon_move_method_id":"1","level":"58","pokemon_id":"279"}{"order":"","version_group_id":"14","move_id":"57","pokemon_move_method_id":"4","level":"0","pokemon_id":"279"}{"order":"","version_group_id":"14","move_id":"58","pokemon_move_method_id":"4","level":"0","pokemon_id":"279"}{"order":"","version_group_id":"14","move_id":"59","pokemon_move_method_id":"4","level":"0","pokemon_id":"279"}{"order":"","version_group_id":"14","move_id":"63","pokemon_move_method_id":"4","level":"0","pokemon_id":"279"}{"order":"","version_group_id":"14","move_id":"92","pokemon_move_method_id":"4","level":"0","pokemon_id":"279"}{"order":"","version_group_id":"14","move_id":"104","pokemon_move_method_id":"4","level":"0","pokemon_id":"279"}{"order":"","version_group_id":"14","move_id":"143","pokemon_move_method_id":"3","level":"0","pokemon_id":"279"}{"order":"","version_group_id":"14","move_id":"156","pokemon_move_method_id":"4","level":"0","pokemon_id":"279"}{"order":"","version_group_id":"14","move_id":"164","pokemon_move_method_id":"4","level":"0","pokemon_id":"279"}{"order":"","version_group_id":"14","move_id":"168","pokemon_move_method_id":"4","level":"0","pokemon_id":"279"}{"order":"","version_group_id":"14","move_id":"173","pokemon_move_method_id":"3","level":"0","pokemon_id":"279"}{"order":"","version_group_id":"14","move_id":"182","pokemon_move_method_id":"1","level":"25","pokemon_id":"279"}{"order":"","version_group_id":"14","move_id":"182","pokemon_move_method_id":"4","level":"0","pokemon_id":"279"}{"order":"","version_group_id":"14","move_id":"196","pokemon_move_method_id":"3","level":"0","pokemon_id":"279"}{"order":"","version_group_id":"14","move_id":"207","pokemon_move_method_id":"4","level":"0","pokemon_id":"279"}{"order":"","version_group_id":"14","move_id":"213","pokemon_move_method_id":"4","level":"0","pokemon_id":"279"}{"order":"","version_group_id":"14","move_id":"214","pokemon_move_method_id":"3","level":"0","pokemon_id":"279"}{"order":"","version_group_id":"14","move_id":"216","pokemon_move_method_id":"4","level":"0","pokemon_id":"279"}{"order":"","version_group_id":"14","move_id":"218","pokemon_move_method_id":"4","level":"0","pokemon_id":"279"}{"order":"","version_group_id":"14","move_id":"237","pokemon_move_method_id":"4","level":"0","pokemon_id":"279"}{"order":"","version_group_id":"14","move_id":"240","pokemon_move_method_id":"4","level":"0","pokemon_id":"279"}{"order":"","version_group_id":"14","move_id":"253","pokemon_move_method_id":"3","level":"0","pokemon_id":"279"}{"order":"1","version_group_id":"14","move_id":"254","pokemon_move_method_id":"1","level":"39","pokemon_id":"279"}{"order":"3","version_group_id":"14","move_id":"255","pokemon_move_method_id":"1","level":"39","pokemon_id":"279"}{"order":"2","version_group_id":"14","move_id":"256","pokemon_move_method_id":"1","level":"39","pokemon_id":"279"}{"order":"","version_group_id":"14","move_id":"258","pokemon_move_method_id":"4","level":"0","pokemon_id":"279"}{"order":"","version_group_id":"14","move_id":"263","pokemon_move_method_id":"4","level":"0","pokemon_id":"279"}{"order":"","version_group_id":"14","move_id":"282","pokemon_move_method_id":"3","level":"0","pokemon_id":"279"}{"order":"","version_group_id":"14","move_id":"332","pokemon_move_method_id":"4","level":"0","pokemon_id":"279"}{"order":"4","version_group_id":"14","move_id":"346","pokemon_move_method_id":"1","level":"1","pokemon_id":"279"}{"order":"","version_group_id":"14","move_id":"352","pokemon_move_method_id":"1","level":"17","pokemon_id":"279"}{"order":"","version_group_id":"14","move_id":"355","pokemon_move_method_id":"1","level":"28","pokemon_id":"279"}{"order":"","version_group_id":"14","move_id":"355","pokemon_move_method_id":"3","level":"0","pokemon_id":"279"}{"order":"","version_group_id":"14","move_id":"362","pokemon_move_method_id":"1","level":"34","pokemon_id":"279"}{"order":"","version_group_id":"14","move_id":"365","pokemon_move_method_id":"4","level":"0","pokemon_id":"279"}{"order":"","version_group_id":"14","move_id":"366","pokemon_move_method_id":"1","level":"52","pokemon_id":"279"}{"order":"","version_group_id":"14","move_id":"366","pokemon_move_method_id":"3","level":"0","pokemon_id":"279"}{"order":"","version_group_id":"14","move_id":"369","pokemon_move_method_id":"4","level":"0","pokemon_id":"279"}{"order":"","version_group_id":"14","move_id":"371","pokemon_move_method_id":"1","level":"22","pokemon_id":"279"}{"order":"","version_group_id":"14","move_id":"371","pokemon_move_method_id":"4","level":"0","pokemon_id":"279"}{"order":"","version_group_id":"14","move_id":"374","pokemon_move_method_id":"1","level":"46","pokemon_id":"279"}{"order":"","version_group_id":"14","move_id":"374","pokemon_move_method_id":"4","level":"0","pokemon_id":"279"}{"order":"","version_group_id":"14","move_id":"402","pokemon_move_method_id":"3","level":"0","pokemon_id":"279"}{"order":"","version_group_id":"14","move_id":"416","pokemon_move_method_id":"4","level":"0","pokemon_id":"279"}{"order":"","version_group_id":"14","move_id":"441","pokemon_move_method_id":"3","level":"0","pokemon_id":"279"}{"order":"1","version_group_id":"14","move_id":"487","pokemon_move_method_id":"1","level":"1","pokemon_id":"279"}{"order":"","version_group_id":"14","move_id":"496","pokemon_move_method_id":"4","level":"0","pokemon_id":"279"}{"order":"","version_group_id":"14","move_id":"497","pokemon_move_method_id":"4","level":"0","pokemon_id":"279"}{"order":"","version_group_id":"14","move_id":"503","pokemon_move_method_id":"4","level":"0","pokemon_id":"279"}{"order":"","version_group_id":"14","move_id":"507","pokemon_move_method_id":"4","level":"0","pokemon_id":"279"}{"order":"","version_group_id":"14","move_id":"542","pokemon_move_method_id":"1","level":"63","pokemon_id":"279"}{"order":"7","version_group_id":"15","move_id":"17","pokemon_move_method_id":"1","level":"1","pokemon_id":"279"}{"order":"","version_group_id":"15","move_id":"17","pokemon_move_method_id":"1","level":"9","pokemon_id":"279"}{"order":"","version_group_id":"15","move_id":"19","pokemon_move_method_id":"4","level":"0","pokemon_id":"279"}{"order":"4","version_group_id":"15","move_id":"45","pokemon_move_method_id":"1","level":"1","pokemon_id":"279"}{"order":"","version_group_id":"15","move_id":"48","pokemon_move_method_id":"1","level":"6","pokemon_id":"279"}{"order":"","version_group_id":"15","move_id":"54","pokemon_move_method_id":"1","level":"14","pokemon_id":"279"}{"order":"5","version_group_id":"15","move_id":"55","pokemon_move_method_id":"1","level":"1","pokemon_id":"279"}{"order":"1","version_group_id":"15","move_id":"56","pokemon_move_method_id":"1","level":"1","pokemon_id":"279"}{"order":"","version_group_id":"15","move_id":"56","pokemon_move_method_id":"1","level":"58","pokemon_id":"279"}{"order":"","version_group_id":"15","move_id":"57","pokemon_move_method_id":"4","level":"0","pokemon_id":"279"}{"order":"","version_group_id":"15","move_id":"58","pokemon_move_method_id":"4","level":"0","pokemon_id":"279"}{"order":"","version_group_id":"15","move_id":"59","pokemon_move_method_id":"4","level":"0","pokemon_id":"279"}{"order":"","version_group_id":"15","move_id":"63","pokemon_move_method_id":"4","level":"0","pokemon_id":"279"}{"order":"","version_group_id":"15","move_id":"92","pokemon_move_method_id":"4","level":"0","pokemon_id":"279"}{"order":"","version_group_id":"15","move_id":"104","pokemon_move_method_id":"4","level":"0","pokemon_id":"279"}{"order":"","version_group_id":"15","move_id":"156","pokemon_move_method_id":"4","level":"0","pokemon_id":"279"}{"order":"","version_group_id":"15","move_id":"164","pokemon_move_method_id":"4","level":"0","pokemon_id":"279"}{"order":"","version_group_id":"15","move_id":"168","pokemon_move_method_id":"4","level":"0","pokemon_id":"279"}{"order":"","version_group_id":"15","move_id":"182","pokemon_move_method_id":"1","level":"25","pokemon_id":"279"}{"order":"","version_group_id":"15","move_id":"182","pokemon_move_method_id":"4","level":"0","pokemon_id":"279"}{"order":"","version_group_id":"15","move_id":"207","pokemon_move_method_id":"4","level":"0","pokemon_id":"279"}{"order":"","version_group_id":"15","move_id":"211","pokemon_move_method_id":"4","level":"0","pokemon_id":"279"}{"order":"","version_group_id":"15","move_id":"213","pokemon_move_method_id":"4","level":"0","pokemon_id":"279"}{"order":"","version_group_id":"15","move_id":"214","pokemon_move_method_id":"4","level":"0","pokemon_id":"279"}{"order":"","version_group_id":"15","move_id":"216","pokemon_move_method_id":"4","level":"0","pokemon_id":"279"}{"order":"","version_group_id":"15","move_id":"218","pokemon_move_method_id":"4","level":"0","pokemon_id":"279"}{"order":"","version_group_id":"15","move_id":"237","pokemon_move_method_id":"4","level":"0","pokemon_id":"279"}{"order":"","version_group_id":"15","move_id":"240","pokemon_move_method_id":"4","level":"0","pokemon_id":"279"}{"order":"1","version_group_id":"15","move_id":"254","pokemon_move_method_id":"1","level":"39","pokemon_id":"279"}{"order":"3","version_group_id":"15","move_id":"255","pokemon_move_method_id":"1","level":"39","pokemon_id":"279"}{"order":"2","version_group_id":"15","move_id":"256","pokemon_move_method_id":"1","level":"39","pokemon_id":"279"}{"order":"","version_group_id":"15","move_id":"258","pokemon_move_method_id":"4","level":"0","pokemon_id":"279"}{"order":"","version_group_id":"15","move_id":"263","pokemon_move_method_id":"4","level":"0","pokemon_id":"279"}{"order":"","version_group_id":"15","move_id":"332","pokemon_move_method_id":"4","level":"0","pokemon_id":"279"}{"order":"6","version_group_id":"15","move_id":"346","pokemon_move_method_id":"1","level":"1","pokemon_id":"279"}{"order":"","version_group_id":"15","move_id":"352","pokemon_move_method_id":"1","level":"17","pokemon_id":"279"}{"order":"","version_group_id":"15","move_id":"355","pokemon_move_method_id":"1","level":"28","pokemon_id":"279"}{"order":"","version_group_id":"15","move_id":"355","pokemon_move_method_id":"4","level":"0","pokemon_id":"279"}{"order":"","version_group_id":"15","move_id":"362","pokemon_move_method_id":"1","level":"34","pokemon_id":"279"}{"order":"2","version_group_id":"15","move_id":"366","pokemon_move_method_id":"1","level":"1","pokemon_id":"279"}{"order":"","version_group_id":"15","move_id":"366","pokemon_move_method_id":"1","level":"52","pokemon_id":"279"}{"order":"","version_group_id":"15","move_id":"369","pokemon_move_method_id":"4","level":"0","pokemon_id":"279"}{"order":"","version_group_id":"15","move_id":"371","pokemon_move_method_id":"1","level":"22","pokemon_id":"279"}{"order":"","version_group_id":"15","move_id":"371","pokemon_move_method_id":"4","level":"0","pokemon_id":"279"}{"order":"","version_group_id":"15","move_id":"374","pokemon_move_method_id":"1","level":"46","pokemon_id":"279"}{"order":"","version_group_id":"15","move_id":"374","pokemon_move_method_id":"4","level":"0","pokemon_id":"279"}{"order":"","version_group_id":"15","move_id":"416","pokemon_move_method_id":"4","level":"0","pokemon_id":"279"}{"order":"3","version_group_id":"15","move_id":"487","pokemon_move_method_id":"1","level":"1","pokemon_id":"279"}{"order":"","version_group_id":"15","move_id":"496","pokemon_move_method_id":"4","level":"0","pokemon_id":"279"}{"order":"","version_group_id":"15","move_id":"497","pokemon_move_method_id":"4","level":"0","pokemon_id":"279"}{"order":"","version_group_id":"15","move_id":"503","pokemon_move_method_id":"4","level":"0","pokemon_id":"279"}{"order":"","version_group_id":"15","move_id":"507","pokemon_move_method_id":"4","level":"0","pokemon_id":"279"}{"order":"","version_group_id":"15","move_id":"542","pokemon_move_method_id":"1","level":"63","pokemon_id":"279"}{"order":"","version_group_id":"15","move_id":"590","pokemon_move_method_id":"4","level":"0","pokemon_id":"279"}