{"order":"","version_group_id":"5","move_id":"1","pokemon_move_method_id":"1","level":"1","pokemon_id":"293"}{"order":"","version_group_id":"5","move_id":"23","pokemon_move_method_id":"1","level":"25","pokemon_id":"293"}{"order":"","version_group_id":"5","move_id":"36","pokemon_move_method_id":"2","level":"0","pokemon_id":"293"}{"order":"","version_group_id":"5","move_id":"46","pokemon_move_method_id":"1","level":"35","pokemon_id":"293"}{"order":"","version_group_id":"5","move_id":"46","pokemon_move_method_id":"4","level":"0","pokemon_id":"293"}{"order":"","version_group_id":"5","move_id":"48","pokemon_move_method_id":"1","level":"21","pokemon_id":"293"}{"order":"","version_group_id":"5","move_id":"53","pokemon_move_method_id":"4","level":"0","pokemon_id":"293"}{"order":"","version_group_id":"5","move_id":"58","pokemon_move_method_id":"4","level":"0","pokemon_id":"293"}{"order":"","version_group_id":"5","move_id":"59","pokemon_move_method_id":"4","level":"0","pokemon_id":"293"}{"order":"","version_group_id":"5","move_id":"76","pokemon_move_method_id":"4","level":"0","pokemon_id":"293"}{"order":"","version_group_id":"5","move_id":"92","pokemon_move_method_id":"4","level":"0","pokemon_id":"293"}{"order":"","version_group_id":"5","move_id":"103","pokemon_move_method_id":"1","level":"31","pokemon_id":"293"}{"order":"","version_group_id":"5","move_id":"104","pokemon_move_method_id":"4","level":"0","pokemon_id":"293"}{"order":"","version_group_id":"5","move_id":"126","pokemon_move_method_id":"4","level":"0","pokemon_id":"293"}{"order":"1","version_group_id":"5","move_id":"156","pokemon_move_method_id":"1","level":"41","pokemon_id":"293"}{"order":"","version_group_id":"5","move_id":"156","pokemon_move_method_id":"4","level":"0","pokemon_id":"293"}{"order":"","version_group_id":"5","move_id":"173","pokemon_move_method_id":"2","level":"0","pokemon_id":"293"}{"order":"","version_group_id":"5","move_id":"182","pokemon_move_method_id":"4","level":"0","pokemon_id":"293"}{"order":"","version_group_id":"5","move_id":"207","pokemon_move_method_id":"2","level":"0","pokemon_id":"293"}{"order":"","version_group_id":"5","move_id":"213","pokemon_move_method_id":"4","level":"0","pokemon_id":"293"}{"order":"2","version_group_id":"5","move_id":"214","pokemon_move_method_id":"1","level":"41","pokemon_id":"293"}{"order":"","version_group_id":"5","move_id":"216","pokemon_move_method_id":"4","level":"0","pokemon_id":"293"}{"order":"","version_group_id":"5","move_id":"218","pokemon_move_method_id":"4","level":"0","pokemon_id":"293"}{"order":"","version_group_id":"5","move_id":"237","pokemon_move_method_id":"4","level":"0","pokemon_id":"293"}{"order":"","version_group_id":"5","move_id":"240","pokemon_move_method_id":"4","level":"0","pokemon_id":"293"}{"order":"","version_group_id":"5","move_id":"241","pokemon_move_method_id":"4","level":"0","pokemon_id":"293"}{"order":"","version_group_id":"5","move_id":"247","pokemon_move_method_id":"4","level":"0","pokemon_id":"293"}{"order":"","version_group_id":"5","move_id":"253","pokemon_move_method_id":"1","level":"5","pokemon_id":"293"}{"order":"","version_group_id":"5","move_id":"263","pokemon_move_method_id":"4","level":"0","pokemon_id":"293"}{"order":"","version_group_id":"5","move_id":"265","pokemon_move_method_id":"2","level":"0","pokemon_id":"293"}{"order":"","version_group_id":"5","move_id":"290","pokemon_move_method_id":"4","level":"0","pokemon_id":"293"}{"order":"","version_group_id":"5","move_id":"304","pokemon_move_method_id":"1","level":"45","pokemon_id":"293"}{"order":"","version_group_id":"5","move_id":"310","pokemon_move_method_id":"1","level":"11","pokemon_id":"293"}{"order":"","version_group_id":"5","move_id":"326","pokemon_move_method_id":"2","level":"0","pokemon_id":"293"}{"order":"","version_group_id":"5","move_id":"336","pokemon_move_method_id":"1","level":"15","pokemon_id":"293"}{"order":"","version_group_id":"5","move_id":"351","pokemon_move_method_id":"4","level":"0","pokemon_id":"293"}{"order":"","version_group_id":"5","move_id":"352","pokemon_move_method_id":"4","level":"0","pokemon_id":"293"}{"order":"","version_group_id":"6","move_id":"1","pokemon_move_method_id":"1","level":"1","pokemon_id":"293"}{"order":"","version_group_id":"6","move_id":"5","pokemon_move_method_id":"3","level":"0","pokemon_id":"293"}{"order":"","version_group_id":"6","move_id":"7","pokemon_move_method_id":"3","level":"0","pokemon_id":"293"}{"order":"","version_group_id":"6","move_id":"8","pokemon_move_method_id":"3","level":"0","pokemon_id":"293"}{"order":"","version_group_id":"6","move_id":"9","pokemon_move_method_id":"3","level":"0","pokemon_id":"293"}{"order":"","version_group_id":"6","move_id":"23","pokemon_move_method_id":"1","level":"25","pokemon_id":"293"}{"order":"","version_group_id":"6","move_id":"25","pokemon_move_method_id":"3","level":"0","pokemon_id":"293"}{"order":"","version_group_id":"6","move_id":"34","pokemon_move_method_id":"3","level":"0","pokemon_id":"293"}{"order":"","version_group_id":"6","move_id":"36","pokemon_move_method_id":"2","level":"0","pokemon_id":"293"}{"order":"","version_group_id":"6","move_id":"38","pokemon_move_method_id":"3","level":"0","pokemon_id":"293"}{"order":"","version_group_id":"6","move_id":"46","pokemon_move_method_id":"1","level":"35","pokemon_id":"293"}{"order":"","version_group_id":"6","move_id":"46","pokemon_move_method_id":"4","level":"0","pokemon_id":"293"}{"order":"","version_group_id":"6","move_id":"48","pokemon_move_method_id":"1","level":"21","pokemon_id":"293"}{"order":"","version_group_id":"6","move_id":"53","pokemon_move_method_id":"4","level":"0","pokemon_id":"293"}{"order":"","version_group_id":"6","move_id":"58","pokemon_move_method_id":"4","level":"0","pokemon_id":"293"}{"order":"","version_group_id":"6","move_id":"59","pokemon_move_method_id":"4","level":"0","pokemon_id":"293"}{"order":"","version_group_id":"6","move_id":"68","pokemon_move_method_id":"3","level":"0","pokemon_id":"293"}{"order":"","version_group_id":"6","move_id":"69","pokemon_move_method_id":"3","level":"0","pokemon_id":"293"}{"order":"","version_group_id":"6","move_id":"76","pokemon_move_method_id":"4","level":"0","pokemon_id":"293"}{"order":"","version_group_id":"6","move_id":"92","pokemon_move_method_id":"4","level":"0","pokemon_id":"293"}{"order":"","version_group_id":"6","move_id":"102","pokemon_move_method_id":"3","level":"0","pokemon_id":"293"}{"order":"","version_group_id":"6","move_id":"103","pokemon_move_method_id":"1","level":"31","pokemon_id":"293"}{"order":"","version_group_id":"6","move_id":"104","pokemon_move_method_id":"4","level":"0","pokemon_id":"293"}{"order":"","version_group_id":"6","move_id":"111","pokemon_move_method_id":"3","level":"0","pokemon_id":"293"}{"order":"","version_group_id":"6","move_id":"126","pokemon_move_method_id":"4","level":"0","pokemon_id":"293"}{"order":"1","version_group_id":"6","move_id":"156","pokemon_move_method_id":"1","level":"41","pokemon_id":"293"}{"order":"","version_group_id":"6","move_id":"156","pokemon_move_method_id":"4","level":"0","pokemon_id":"293"}{"order":"","version_group_id":"6","move_id":"164","pokemon_move_method_id":"3","level":"0","pokemon_id":"293"}{"order":"","version_group_id":"6","move_id":"173","pokemon_move_method_id":"2","level":"0","pokemon_id":"293"}{"order":"","version_group_id":"6","move_id":"173","pokemon_move_method_id":"3","level":"0","pokemon_id":"293"}{"order":"","version_group_id":"6","move_id":"182","pokemon_move_method_id":"4","level":"0","pokemon_id":"293"}{"order":"","version_group_id":"6","move_id":"189","pokemon_move_method_id":"3","level":"0","pokemon_id":"293"}{"order":"","version_group_id":"6","move_id":"196","pokemon_move_method_id":"3","level":"0","pokemon_id":"293"}{"order":"","version_group_id":"6","move_id":"203","pokemon_move_method_id":"3","level":"0","pokemon_id":"293"}{"order":"","version_group_id":"6","move_id":"205","pokemon_move_method_id":"3","level":"0","pokemon_id":"293"}{"order":"","version_group_id":"6","move_id":"207","pokemon_move_method_id":"2","level":"0","pokemon_id":"293"}{"order":"","version_group_id":"6","move_id":"207","pokemon_move_method_id":"3","level":"0","pokemon_id":"293"}{"order":"","version_group_id":"6","move_id":"213","pokemon_move_method_id":"4","level":"0","pokemon_id":"293"}{"order":"2","version_group_id":"6","move_id":"214","pokemon_move_method_id":"1","level":"41","pokemon_id":"293"}{"order":"","version_group_id":"6","move_id":"214","pokemon_move_method_id":"3","level":"0","pokemon_id":"293"}{"order":"","version_group_id":"6","move_id":"216","pokemon_move_method_id":"4","level":"0","pokemon_id":"293"}{"order":"","version_group_id":"6","move_id":"218","pokemon_move_method_id":"4","level":"0","pokemon_id":"293"}{"order":"","version_group_id":"6","move_id":"223","pokemon_move_method_id":"3","level":"0","pokemon_id":"293"}{"order":"","version_group_id":"6","move_id":"237","pokemon_move_method_id":"4","level":"0","pokemon_id":"293"}{"order":"","version_group_id":"6","move_id":"240","pokemon_move_method_id":"4","level":"0","pokemon_id":"293"}{"order":"","version_group_id":"6","move_id":"241","pokemon_move_method_id":"4","level":"0","pokemon_id":"293"}{"order":"","version_group_id":"6","move_id":"244","pokemon_move_method_id":"3","level":"0","pokemon_id":"293"}{"order":"","version_group_id":"6","move_id":"247","pokemon_move_method_id":"4","level":"0","pokemon_id":"293"}{"order":"","version_group_id":"6","move_id":"253","pokemon_move_method_id":"1","level":"5","pokemon_id":"293"}{"order":"","version_group_id":"6","move_id":"263","pokemon_move_method_id":"4","level":"0","pokemon_id":"293"}{"order":"","version_group_id":"6","move_id":"265","pokemon_move_method_id":"2","level":"0","pokemon_id":"293"}{"order":"","version_group_id":"6","move_id":"290","pokemon_move_method_id":"4","level":"0","pokemon_id":"293"}{"order":"","version_group_id":"6","move_id":"304","pokemon_move_method_id":"1","level":"45","pokemon_id":"293"}{"order":"","version_group_id":"6","move_id":"310","pokemon_move_method_id":"1","level":"11","pokemon_id":"293"}{"order":"","version_group_id":"6","move_id":"326","pokemon_move_method_id":"2","level":"0","pokemon_id":"293"}{"order":"","version_group_id":"6","move_id":"336","pokemon_move_method_id":"1","level":"15","pokemon_id":"293"}{"order":"","version_group_id":"6","move_id":"351","pokemon_move_method_id":"4","level":"0","pokemon_id":"293"}{"order":"","version_group_id":"6","move_id":"352","pokemon_move_method_id":"4","level":"0","pokemon_id":"293"}{"order":"","version_group_id":"7","move_id":"1","pokemon_move_method_id":"1","level":"1","pokemon_id":"293"}{"order":"","version_group_id":"7","move_id":"5","pokemon_move_method_id":"3","level":"0","pokemon_id":"293"}{"order":"","version_group_id":"7","move_id":"23","pokemon_move_method_id":"1","level":"25","pokemon_id":"293"}{"order":"","version_group_id":"7","move_id":"25","pokemon_move_method_id":"3","level":"0","pokemon_id":"293"}{"order":"","version_group_id":"7","move_id":"34","pokemon_move_method_id":"3","level":"0","pokemon_id":"293"}{"order":"","version_group_id":"7","move_id":"36","pokemon_move_method_id":"2","level":"0","pokemon_id":"293"}{"order":"","version_group_id":"7","move_id":"38","pokemon_move_method_id":"3","level":"0","pokemon_id":"293"}{"order":"","version_group_id":"7","move_id":"46","pokemon_move_method_id":"1","level":"35","pokemon_id":"293"}{"order":"","version_group_id":"7","move_id":"46","pokemon_move_method_id":"4","level":"0","pokemon_id":"293"}{"order":"","version_group_id":"7","move_id":"48","pokemon_move_method_id":"1","level":"21","pokemon_id":"293"}{"order":"","version_group_id":"7","move_id":"53","pokemon_move_method_id":"4","level":"0","pokemon_id":"293"}{"order":"","version_group_id":"7","move_id":"58","pokemon_move_method_id":"4","level":"0","pokemon_id":"293"}{"order":"","version_group_id":"7","move_id":"59","pokemon_move_method_id":"4","level":"0","pokemon_id":"293"}{"order":"","version_group_id":"7","move_id":"68","pokemon_move_method_id":"3","level":"0","pokemon_id":"293"}{"order":"","version_group_id":"7","move_id":"69","pokemon_move_method_id":"3","level":"0","pokemon_id":"293"}{"order":"","version_group_id":"7","move_id":"76","pokemon_move_method_id":"4","level":"0","pokemon_id":"293"}{"order":"","version_group_id":"7","move_id":"92","pokemon_move_method_id":"4","level":"0","pokemon_id":"293"}{"order":"","version_group_id":"7","move_id":"102","pokemon_move_method_id":"3","level":"0","pokemon_id":"293"}{"order":"","version_group_id":"7","move_id":"103","pokemon_move_method_id":"1","level":"31","pokemon_id":"293"}{"order":"","version_group_id":"7","move_id":"104","pokemon_move_method_id":"4","level":"0","pokemon_id":"293"}{"order":"","version_group_id":"7","move_id":"126","pokemon_move_method_id":"4","level":"0","pokemon_id":"293"}{"order":"1","version_group_id":"7","move_id":"156","pokemon_move_method_id":"1","level":"41","pokemon_id":"293"}{"order":"","version_group_id":"7","move_id":"156","pokemon_move_method_id":"4","level":"0","pokemon_id":"293"}{"order":"","version_group_id":"7","move_id":"164","pokemon_move_method_id":"3","level":"0","pokemon_id":"293"}{"order":"","version_group_id":"7","move_id":"173","pokemon_move_method_id":"2","level":"0","pokemon_id":"293"}{"order":"","version_group_id":"7","move_id":"182","pokemon_move_method_id":"4","level":"0","pokemon_id":"293"}{"order":"","version_group_id":"7","move_id":"207","pokemon_move_method_id":"2","level":"0","pokemon_id":"293"}{"order":"","version_group_id":"7","move_id":"213","pokemon_move_method_id":"4","level":"0","pokemon_id":"293"}{"order":"2","version_group_id":"7","move_id":"214","pokemon_move_method_id":"1","level":"41","pokemon_id":"293"}{"order":"","version_group_id":"7","move_id":"216","pokemon_move_method_id":"4","level":"0","pokemon_id":"293"}{"order":"","version_group_id":"7","move_id":"218","pokemon_move_method_id":"4","level":"0","pokemon_id":"293"}{"order":"","version_group_id":"7","move_id":"237","pokemon_move_method_id":"4","level":"0","pokemon_id":"293"}{"order":"","version_group_id":"7","move_id":"240","pokemon_move_method_id":"4","level":"0","pokemon_id":"293"}{"order":"","version_group_id":"7","move_id":"241","pokemon_move_method_id":"4","level":"0","pokemon_id":"293"}{"order":"","version_group_id":"7","move_id":"247","pokemon_move_method_id":"4","level":"0","pokemon_id":"293"}{"order":"","version_group_id":"7","move_id":"253","pokemon_move_method_id":"1","level":"5","pokemon_id":"293"}{"order":"","version_group_id":"7","move_id":"263","pokemon_move_method_id":"4","level":"0","pokemon_id":"293"}{"order":"","version_group_id":"7","move_id":"265","pokemon_move_method_id":"2","level":"0","pokemon_id":"293"}{"order":"","version_group_id":"7","move_id":"290","pokemon_move_method_id":"4","level":"0","pokemon_id":"293"}{"order":"","version_group_id":"7","move_id":"304","pokemon_move_method_id":"1","level":"45","pokemon_id":"293"}{"order":"","version_group_id":"7","move_id":"310","pokemon_move_method_id":"1","level":"11","pokemon_id":"293"}{"order":"","version_group_id":"7","move_id":"326","pokemon_move_method_id":"2","level":"0","pokemon_id":"293"}{"order":"","version_group_id":"7","move_id":"336","pokemon_move_method_id":"1","level":"15","pokemon_id":"293"}{"order":"","version_group_id":"7","move_id":"351","pokemon_move_method_id":"4","level":"0","pokemon_id":"293"}{"order":"","version_group_id":"7","move_id":"352","pokemon_move_method_id":"4","level":"0","pokemon_id":"293"}{"order":"","version_group_id":"8","move_id":"1","pokemon_move_method_id":"1","level":"1","pokemon_id":"293"}{"order":"","version_group_id":"8","move_id":"23","pokemon_move_method_id":"1","level":"25","pokemon_id":"293"}{"order":"","version_group_id":"8","move_id":"36","pokemon_move_method_id":"2","level":"0","pokemon_id":"293"}{"order":"","version_group_id":"8","move_id":"46","pokemon_move_method_id":"1","level":"35","pokemon_id":"293"}{"order":"","version_group_id":"8","move_id":"46","pokemon_move_method_id":"4","level":"0","pokemon_id":"293"}{"order":"","version_group_id":"8","move_id":"48","pokemon_move_method_id":"1","level":"21","pokemon_id":"293"}{"order":"","version_group_id":"8","move_id":"53","pokemon_move_method_id":"4","level":"0","pokemon_id":"293"}{"order":"","version_group_id":"8","move_id":"58","pokemon_move_method_id":"4","level":"0","pokemon_id":"293"}{"order":"","version_group_id":"8","move_id":"59","pokemon_move_method_id":"4","level":"0","pokemon_id":"293"}{"order":"","version_group_id":"8","move_id":"76","pokemon_move_method_id":"4","level":"0","pokemon_id":"293"}{"order":"","version_group_id":"8","move_id":"92","pokemon_move_method_id":"4","level":"0","pokemon_id":"293"}{"order":"","version_group_id":"8","move_id":"103","pokemon_move_method_id":"1","level":"31","pokemon_id":"293"}{"order":"","version_group_id":"8","move_id":"104","pokemon_move_method_id":"4","level":"0","pokemon_id":"293"}{"order":"","version_group_id":"8","move_id":"108","pokemon_move_method_id":"2","level":"0","pokemon_id":"293"}{"order":"","version_group_id":"8","move_id":"126","pokemon_move_method_id":"4","level":"0","pokemon_id":"293"}{"order":"1","version_group_id":"8","move_id":"156","pokemon_move_method_id":"1","level":"41","pokemon_id":"293"}{"order":"","version_group_id":"8","move_id":"156","pokemon_move_method_id":"4","level":"0","pokemon_id":"293"}{"order":"","version_group_id":"8","move_id":"164","pokemon_move_method_id":"4","level":"0","pokemon_id":"293"}{"order":"","version_group_id":"8","move_id":"173","pokemon_move_method_id":"2","level":"0","pokemon_id":"293"}{"order":"","version_group_id":"8","move_id":"182","pokemon_move_method_id":"4","level":"0","pokemon_id":"293"}{"order":"","version_group_id":"8","move_id":"203","pokemon_move_method_id":"4","level":"0","pokemon_id":"293"}{"order":"","version_group_id":"8","move_id":"207","pokemon_move_method_id":"2","level":"0","pokemon_id":"293"}{"order":"","version_group_id":"8","move_id":"207","pokemon_move_method_id":"4","level":"0","pokemon_id":"293"}{"order":"","version_group_id":"8","move_id":"213","pokemon_move_method_id":"4","level":"0","pokemon_id":"293"}{"order":"2","version_group_id":"8","move_id":"214","pokemon_move_method_id":"1","level":"41","pokemon_id":"293"}{"order":"","version_group_id":"8","move_id":"214","pokemon_move_method_id":"4","level":"0","pokemon_id":"293"}{"order":"","version_group_id":"8","move_id":"216","pokemon_move_method_id":"4","level":"0","pokemon_id":"293"}{"order":"","version_group_id":"8","move_id":"218","pokemon_move_method_id":"4","level":"0","pokemon_id":"293"}{"order":"","version_group_id":"8","move_id":"237","pokemon_move_method_id":"4","level":"0","pokemon_id":"293"}{"order":"","version_group_id":"8","move_id":"240","pokemon_move_method_id":"4","level":"0","pokemon_id":"293"}{"order":"","version_group_id":"8","move_id":"241","pokemon_move_method_id":"4","level":"0","pokemon_id":"293"}{"order":"","version_group_id":"8","move_id":"247","pokemon_move_method_id":"4","level":"0","pokemon_id":"293"}{"order":"","version_group_id":"8","move_id":"253","pokemon_move_method_id":"1","level":"5","pokemon_id":"293"}{"order":"","version_group_id":"8","move_id":"263","pokemon_move_method_id":"4","level":"0","pokemon_id":"293"}{"order":"","version_group_id":"8","move_id":"265","pokemon_move_method_id":"2","level":"0","pokemon_id":"293"}{"order":"","version_group_id":"8","move_id":"283","pokemon_move_method_id":"2","level":"0","pokemon_id":"293"}{"order":"","version_group_id":"8","move_id":"290","pokemon_move_method_id":"4","level":"0","pokemon_id":"293"}{"order":"","version_group_id":"8","move_id":"304","pokemon_move_method_id":"1","level":"45","pokemon_id":"293"}{"order":"","version_group_id":"8","move_id":"310","pokemon_move_method_id":"1","level":"11","pokemon_id":"293"}{"order":"","version_group_id":"8","move_id":"326","pokemon_move_method_id":"2","level":"0","pokemon_id":"293"}{"order":"","version_group_id":"8","move_id":"336","pokemon_move_method_id":"1","level":"15","pokemon_id":"293"}{"order":"","version_group_id":"8","move_id":"351","pokemon_move_method_id":"4","level":"0","pokemon_id":"293"}{"order":"","version_group_id":"8","move_id":"352","pokemon_move_method_id":"4","level":"0","pokemon_id":"293"}{"order":"","version_group_id":"8","move_id":"363","pokemon_move_method_id":"4","level":"0","pokemon_id":"293"}{"order":"","version_group_id":"8","move_id":"374","pokemon_move_method_id":"4","level":"0","pokemon_id":"293"}{"order":"","version_group_id":"8","move_id":"445","pokemon_move_method_id":"4","level":"0","pokemon_id":"293"}{"order":"","version_group_id":"9","move_id":"1","pokemon_move_method_id":"1","level":"1","pokemon_id":"293"}{"order":"","version_group_id":"9","move_id":"7","pokemon_move_method_id":"3","level":"0","pokemon_id":"293"}{"order":"","version_group_id":"9","move_id":"8","pokemon_move_method_id":"3","level":"0","pokemon_id":"293"}{"order":"","version_group_id":"9","move_id":"9","pokemon_move_method_id":"3","level":"0","pokemon_id":"293"}{"order":"","version_group_id":"9","move_id":"23","pokemon_move_method_id":"1","level":"25","pokemon_id":"293"}{"order":"","version_group_id":"9","move_id":"36","pokemon_move_method_id":"2","level":"0","pokemon_id":"293"}{"order":"","version_group_id":"9","move_id":"46","pokemon_move_method_id":"1","level":"35","pokemon_id":"293"}{"order":"","version_group_id":"9","move_id":"46","pokemon_move_method_id":"4","level":"0","pokemon_id":"293"}{"order":"","version_group_id":"9","move_id":"48","pokemon_move_method_id":"1","level":"21","pokemon_id":"293"}{"order":"","version_group_id":"9","move_id":"53","pokemon_move_method_id":"4","level":"0","pokemon_id":"293"}{"order":"","version_group_id":"9","move_id":"58","pokemon_move_method_id":"4","level":"0","pokemon_id":"293"}{"order":"","version_group_id":"9","move_id":"59","pokemon_move_method_id":"4","level":"0","pokemon_id":"293"}{"order":"","version_group_id":"9","move_id":"76","pokemon_move_method_id":"4","level":"0","pokemon_id":"293"}{"order":"","version_group_id":"9","move_id":"92","pokemon_move_method_id":"4","level":"0","pokemon_id":"293"}{"order":"","version_group_id":"9","move_id":"103","pokemon_move_method_id":"1","level":"31","pokemon_id":"293"}{"order":"","version_group_id":"9","move_id":"104","pokemon_move_method_id":"4","level":"0","pokemon_id":"293"}{"order":"","version_group_id":"9","move_id":"108","pokemon_move_method_id":"2","level":"0","pokemon_id":"293"}{"order":"","version_group_id":"9","move_id":"126","pokemon_move_method_id":"4","level":"0","pokemon_id":"293"}{"order":"1","version_group_id":"9","move_id":"156","pokemon_move_method_id":"1","level":"41","pokemon_id":"293"}{"order":"","version_group_id":"9","move_id":"156","pokemon_move_method_id":"4","level":"0","pokemon_id":"293"}{"order":"","version_group_id":"9","move_id":"164","pokemon_move_method_id":"4","level":"0","pokemon_id":"293"}{"order":"","version_group_id":"9","move_id":"173","pokemon_move_method_id":"2","level":"0","pokemon_id":"293"}{"order":"","version_group_id":"9","move_id":"173","pokemon_move_method_id":"3","level":"0","pokemon_id":"293"}{"order":"","version_group_id":"9","move_id":"182","pokemon_move_method_id":"4","level":"0","pokemon_id":"293"}{"order":"","version_group_id":"9","move_id":"189","pokemon_move_method_id":"3","level":"0","pokemon_id":"293"}{"order":"","version_group_id":"9","move_id":"196","pokemon_move_method_id":"3","level":"0","pokemon_id":"293"}{"order":"","version_group_id":"9","move_id":"203","pokemon_move_method_id":"4","level":"0","pokemon_id":"293"}{"order":"","version_group_id":"9","move_id":"205","pokemon_move_method_id":"3","level":"0","pokemon_id":"293"}{"order":"","version_group_id":"9","move_id":"207","pokemon_move_method_id":"2","level":"0","pokemon_id":"293"}{"order":"","version_group_id":"9","move_id":"207","pokemon_move_method_id":"4","level":"0","pokemon_id":"293"}{"order":"","version_group_id":"9","move_id":"213","pokemon_move_method_id":"4","level":"0","pokemon_id":"293"}{"order":"2","version_group_id":"9","move_id":"214","pokemon_move_method_id":"1","level":"41","pokemon_id":"293"}{"order":"","version_group_id":"9","move_id":"214","pokemon_move_method_id":"4","level":"0","pokemon_id":"293"}{"order":"","version_group_id":"9","move_id":"216","pokemon_move_method_id":"4","level":"0","pokemon_id":"293"}{"order":"","version_group_id":"9","move_id":"218","pokemon_move_method_id":"4","level":"0","pokemon_id":"293"}{"order":"","version_group_id":"9","move_id":"237","pokemon_move_method_id":"4","level":"0","pokemon_id":"293"}{"order":"","version_group_id":"9","move_id":"240","pokemon_move_method_id":"4","level":"0","pokemon_id":"293"}{"order":"","version_group_id":"9","move_id":"241","pokemon_move_method_id":"4","level":"0","pokemon_id":"293"}{"order":"","version_group_id":"9","move_id":"247","pokemon_move_method_id":"4","level":"0","pokemon_id":"293"}{"order":"","version_group_id":"9","move_id":"253","pokemon_move_method_id":"1","level":"5","pokemon_id":"293"}{"order":"","version_group_id":"9","move_id":"253","pokemon_move_method_id":"3","level":"0","pokemon_id":"293"}{"order":"","version_group_id":"9","move_id":"263","pokemon_move_method_id":"4","level":"0","pokemon_id":"293"}{"order":"","version_group_id":"9","move_id":"265","pokemon_move_method_id":"2","level":"0","pokemon_id":"293"}{"order":"","version_group_id":"9","move_id":"283","pokemon_move_method_id":"2","level":"0","pokemon_id":"293"}{"order":"","version_group_id":"9","move_id":"290","pokemon_move_method_id":"4","level":"0","pokemon_id":"293"}{"order":"","version_group_id":"9","move_id":"304","pokemon_move_method_id":"1","level":"45","pokemon_id":"293"}{"order":"","version_group_id":"9","move_id":"310","pokemon_move_method_id":"1","level":"11","pokemon_id":"293"}{"order":"","version_group_id":"9","move_id":"326","pokemon_move_method_id":"2","level":"0","pokemon_id":"293"}{"order":"","version_group_id":"9","move_id":"336","pokemon_move_method_id":"1","level":"15","pokemon_id":"293"}{"order":"","version_group_id":"9","move_id":"351","pokemon_move_method_id":"4","level":"0","pokemon_id":"293"}{"order":"","version_group_id":"9","move_id":"352","pokemon_move_method_id":"4","level":"0","pokemon_id":"293"}{"order":"","version_group_id":"9","move_id":"363","pokemon_move_method_id":"4","level":"0","pokemon_id":"293"}{"order":"","version_group_id":"9","move_id":"374","pokemon_move_method_id":"4","level":"0","pokemon_id":"293"}{"order":"","version_group_id":"9","move_id":"428","pokemon_move_method_id":"3","level":"0","pokemon_id":"293"}{"order":"","version_group_id":"9","move_id":"445","pokemon_move_method_id":"4","level":"0","pokemon_id":"293"}{"order":"","version_group_id":"10","move_id":"1","pokemon_move_method_id":"1","level":"1","pokemon_id":"293"}{"order":"","version_group_id":"10","move_id":"7","pokemon_move_method_id":"3","level":"0","pokemon_id":"293"}{"order":"","version_group_id":"10","move_id":"8","pokemon_move_method_id":"3","level":"0","pokemon_id":"293"}{"order":"","version_group_id":"10","move_id":"9","pokemon_move_method_id":"3","level":"0","pokemon_id":"293"}{"order":"","version_group_id":"10","move_id":"23","pokemon_move_method_id":"1","level":"25","pokemon_id":"293"}{"order":"","version_group_id":"10","move_id":"29","pokemon_move_method_id":"3","level":"0","pokemon_id":"293"}{"order":"","version_group_id":"10","move_id":"36","pokemon_move_method_id":"2","level":"0","pokemon_id":"293"}{"order":"","version_group_id":"10","move_id":"46","pokemon_move_method_id":"1","level":"35","pokemon_id":"293"}{"order":"","version_group_id":"10","move_id":"46","pokemon_move_method_id":"4","level":"0","pokemon_id":"293"}{"order":"","version_group_id":"10","move_id":"48","pokemon_move_method_id":"1","level":"21","pokemon_id":"293"}{"order":"","version_group_id":"10","move_id":"53","pokemon_move_method_id":"4","level":"0","pokemon_id":"293"}{"order":"","version_group_id":"10","move_id":"58","pokemon_move_method_id":"4","level":"0","pokemon_id":"293"}{"order":"","version_group_id":"10","move_id":"59","pokemon_move_method_id":"4","level":"0","pokemon_id":"293"}{"order":"","version_group_id":"10","move_id":"76","pokemon_move_method_id":"4","level":"0","pokemon_id":"293"}{"order":"","version_group_id":"10","move_id":"92","pokemon_move_method_id":"4","level":"0","pokemon_id":"293"}{"order":"","version_group_id":"10","move_id":"103","pokemon_move_method_id":"1","level":"31","pokemon_id":"293"}{"order":"","version_group_id":"10","move_id":"104","pokemon_move_method_id":"4","level":"0","pokemon_id":"293"}{"order":"","version_group_id":"10","move_id":"108","pokemon_move_method_id":"2","level":"0","pokemon_id":"293"}{"order":"","version_group_id":"10","move_id":"126","pokemon_move_method_id":"4","level":"0","pokemon_id":"293"}{"order":"1","version_group_id":"10","move_id":"156","pokemon_move_method_id":"1","level":"41","pokemon_id":"293"}{"order":"","version_group_id":"10","move_id":"156","pokemon_move_method_id":"4","level":"0","pokemon_id":"293"}{"order":"","version_group_id":"10","move_id":"164","pokemon_move_method_id":"4","level":"0","pokemon_id":"293"}{"order":"","version_group_id":"10","move_id":"173","pokemon_move_method_id":"2","level":"0","pokemon_id":"293"}{"order":"","version_group_id":"10","move_id":"173","pokemon_move_method_id":"3","level":"0","pokemon_id":"293"}{"order":"","version_group_id":"10","move_id":"182","pokemon_move_method_id":"4","level":"0","pokemon_id":"293"}{"order":"","version_group_id":"10","move_id":"189","pokemon_move_method_id":"3","level":"0","pokemon_id":"293"}{"order":"","version_group_id":"10","move_id":"196","pokemon_move_method_id":"3","level":"0","pokemon_id":"293"}{"order":"","version_group_id":"10","move_id":"203","pokemon_move_method_id":"4","level":"0","pokemon_id":"293"}{"order":"","version_group_id":"10","move_id":"205","pokemon_move_method_id":"3","level":"0","pokemon_id":"293"}{"order":"","version_group_id":"10","move_id":"207","pokemon_move_method_id":"2","level":"0","pokemon_id":"293"}{"order":"","version_group_id":"10","move_id":"207","pokemon_move_method_id":"4","level":"0","pokemon_id":"293"}{"order":"","version_group_id":"10","move_id":"213","pokemon_move_method_id":"4","level":"0","pokemon_id":"293"}{"order":"2","version_group_id":"10","move_id":"214","pokemon_move_method_id":"1","level":"41","pokemon_id":"293"}{"order":"","version_group_id":"10","move_id":"214","pokemon_move_method_id":"4","level":"0","pokemon_id":"293"}{"order":"","version_group_id":"10","move_id":"216","pokemon_move_method_id":"4","level":"0","pokemon_id":"293"}{"order":"","version_group_id":"10","move_id":"218","pokemon_move_method_id":"4","level":"0","pokemon_id":"293"}{"order":"","version_group_id":"10","move_id":"237","pokemon_move_method_id":"4","level":"0","pokemon_id":"293"}{"order":"","version_group_id":"10","move_id":"240","pokemon_move_method_id":"4","level":"0","pokemon_id":"293"}{"order":"","version_group_id":"10","move_id":"241","pokemon_move_method_id":"4","level":"0","pokemon_id":"293"}{"order":"","version_group_id":"10","move_id":"247","pokemon_move_method_id":"4","level":"0","pokemon_id":"293"}{"order":"","version_group_id":"10","move_id":"253","pokemon_move_method_id":"1","level":"5","pokemon_id":"293"}{"order":"","version_group_id":"10","move_id":"253","pokemon_move_method_id":"3","level":"0","pokemon_id":"293"}{"order":"","version_group_id":"10","move_id":"263","pokemon_move_method_id":"4","level":"0","pokemon_id":"293"}{"order":"","version_group_id":"10","move_id":"265","pokemon_move_method_id":"2","level":"0","pokemon_id":"293"}{"order":"","version_group_id":"10","move_id":"283","pokemon_move_method_id":"2","level":"0","pokemon_id":"293"}{"order":"","version_group_id":"10","move_id":"290","pokemon_move_method_id":"4","level":"0","pokemon_id":"293"}{"order":"","version_group_id":"10","move_id":"304","pokemon_move_method_id":"1","level":"45","pokemon_id":"293"}{"order":"","version_group_id":"10","move_id":"310","pokemon_move_method_id":"1","level":"11","pokemon_id":"293"}{"order":"","version_group_id":"10","move_id":"326","pokemon_move_method_id":"2","level":"0","pokemon_id":"293"}{"order":"","version_group_id":"10","move_id":"336","pokemon_move_method_id":"1","level":"15","pokemon_id":"293"}{"order":"","version_group_id":"10","move_id":"351","pokemon_move_method_id":"4","level":"0","pokemon_id":"293"}{"order":"","version_group_id":"10","move_id":"352","pokemon_move_method_id":"4","level":"0","pokemon_id":"293"}{"order":"","version_group_id":"10","move_id":"359","pokemon_move_method_id":"2","level":"0","pokemon_id":"293"}{"order":"","version_group_id":"10","move_id":"363","pokemon_move_method_id":"4","level":"0","pokemon_id":"293"}{"order":"","version_group_id":"10","move_id":"374","pokemon_move_method_id":"4","level":"0","pokemon_id":"293"}{"order":"","version_group_id":"10","move_id":"428","pokemon_move_method_id":"3","level":"0","pokemon_id":"293"}{"order":"","version_group_id":"10","move_id":"445","pokemon_move_method_id":"4","level":"0","pokemon_id":"293"}{"order":"","version_group_id":"11","move_id":"1","pokemon_move_method_id":"1","level":"1","pokemon_id":"293"}{"order":"","version_group_id":"11","move_id":"23","pokemon_move_method_id":"1","level":"25","pokemon_id":"293"}{"order":"","version_group_id":"11","move_id":"36","pokemon_move_method_id":"2","level":"0","pokemon_id":"293"}{"order":"","version_group_id":"11","move_id":"46","pokemon_move_method_id":"1","level":"35","pokemon_id":"293"}{"order":"","version_group_id":"11","move_id":"46","pokemon_move_method_id":"4","level":"0","pokemon_id":"293"}{"order":"","version_group_id":"11","move_id":"48","pokemon_move_method_id":"1","level":"21","pokemon_id":"293"}{"order":"","version_group_id":"11","move_id":"53","pokemon_move_method_id":"4","level":"0","pokemon_id":"293"}{"order":"","version_group_id":"11","move_id":"58","pokemon_move_method_id":"4","level":"0","pokemon_id":"293"}{"order":"","version_group_id":"11","move_id":"59","pokemon_move_method_id":"4","level":"0","pokemon_id":"293"}{"order":"","version_group_id":"11","move_id":"76","pokemon_move_method_id":"4","level":"0","pokemon_id":"293"}{"order":"","version_group_id":"11","move_id":"92","pokemon_move_method_id":"4","level":"0","pokemon_id":"293"}{"order":"","version_group_id":"11","move_id":"103","pokemon_move_method_id":"1","level":"31","pokemon_id":"293"}{"order":"","version_group_id":"11","move_id":"104","pokemon_move_method_id":"4","level":"0","pokemon_id":"293"}{"order":"","version_group_id":"11","move_id":"108","pokemon_move_method_id":"2","level":"0","pokemon_id":"293"}{"order":"","version_group_id":"11","move_id":"126","pokemon_move_method_id":"4","level":"0","pokemon_id":"293"}{"order":"1","version_group_id":"11","move_id":"156","pokemon_move_method_id":"1","level":"45","pokemon_id":"293"}{"order":"","version_group_id":"11","move_id":"156","pokemon_move_method_id":"4","level":"0","pokemon_id":"293"}{"order":"","version_group_id":"11","move_id":"164","pokemon_move_method_id":"4","level":"0","pokemon_id":"293"}{"order":"","version_group_id":"11","move_id":"173","pokemon_move_method_id":"2","level":"0","pokemon_id":"293"}{"order":"","version_group_id":"11","move_id":"182","pokemon_move_method_id":"4","level":"0","pokemon_id":"293"}{"order":"","version_group_id":"11","move_id":"207","pokemon_move_method_id":"4","level":"0","pokemon_id":"293"}{"order":"","version_group_id":"11","move_id":"213","pokemon_move_method_id":"4","level":"0","pokemon_id":"293"}{"order":"2","version_group_id":"11","move_id":"214","pokemon_move_method_id":"1","level":"45","pokemon_id":"293"}{"order":"","version_group_id":"11","move_id":"216","pokemon_move_method_id":"4","level":"0","pokemon_id":"293"}{"order":"","version_group_id":"11","move_id":"218","pokemon_move_method_id":"4","level":"0","pokemon_id":"293"}{"order":"","version_group_id":"11","move_id":"237","pokemon_move_method_id":"4","level":"0","pokemon_id":"293"}{"order":"","version_group_id":"11","move_id":"240","pokemon_move_method_id":"4","level":"0","pokemon_id":"293"}{"order":"","version_group_id":"11","move_id":"241","pokemon_move_method_id":"4","level":"0","pokemon_id":"293"}{"order":"","version_group_id":"11","move_id":"247","pokemon_move_method_id":"4","level":"0","pokemon_id":"293"}{"order":"","version_group_id":"11","move_id":"253","pokemon_move_method_id":"1","level":"5","pokemon_id":"293"}{"order":"","version_group_id":"11","move_id":"263","pokemon_move_method_id":"4","level":"0","pokemon_id":"293"}{"order":"","version_group_id":"11","move_id":"265","pokemon_move_method_id":"2","level":"0","pokemon_id":"293"}{"order":"","version_group_id":"11","move_id":"283","pokemon_move_method_id":"2","level":"0","pokemon_id":"293"}{"order":"","version_group_id":"11","move_id":"304","pokemon_move_method_id":"1","level":"51","pokemon_id":"293"}{"order":"","version_group_id":"11","move_id":"310","pokemon_move_method_id":"1","level":"11","pokemon_id":"293"}{"order":"","version_group_id":"11","move_id":"313","pokemon_move_method_id":"2","level":"0","pokemon_id":"293"}{"order":"","version_group_id":"11","move_id":"326","pokemon_move_method_id":"2","level":"0","pokemon_id":"293"}{"order":"","version_group_id":"11","move_id":"336","pokemon_move_method_id":"1","level":"15","pokemon_id":"293"}{"order":"","version_group_id":"11","move_id":"359","pokemon_move_method_id":"2","level":"0","pokemon_id":"293"}{"order":"","version_group_id":"11","move_id":"374","pokemon_move_method_id":"4","level":"0","pokemon_id":"293"}{"order":"","version_group_id":"11","move_id":"485","pokemon_move_method_id":"1","level":"41","pokemon_id":"293"}{"order":"","version_group_id":"11","move_id":"496","pokemon_move_method_id":"4","level":"0","pokemon_id":"293"}{"order":"","version_group_id":"11","move_id":"497","pokemon_move_method_id":"4","level":"0","pokemon_id":"293"}{"order":"","version_group_id":"11","move_id":"509","pokemon_move_method_id":"2","level":"0","pokemon_id":"293"}{"order":"","version_group_id":"11","move_id":"510","pokemon_move_method_id":"4","level":"0","pokemon_id":"293"}{"order":"","version_group_id":"11","move_id":"514","pokemon_move_method_id":"4","level":"0","pokemon_id":"293"}{"order":"","version_group_id":"11","move_id":"526","pokemon_move_method_id":"4","level":"0","pokemon_id":"293"}{"order":"","version_group_id":"12","move_id":"1","pokemon_move_method_id":"1","level":"1","pokemon_id":"293"}{"order":"","version_group_id":"12","move_id":"23","pokemon_move_method_id":"1","level":"25","pokemon_id":"293"}{"order":"","version_group_id":"12","move_id":"46","pokemon_move_method_id":"1","level":"35","pokemon_id":"293"}{"order":"","version_group_id":"12","move_id":"46","pokemon_move_method_id":"4","level":"0","pokemon_id":"293"}{"order":"","version_group_id":"12","move_id":"48","pokemon_move_method_id":"1","level":"21","pokemon_id":"293"}{"order":"","version_group_id":"12","move_id":"53","pokemon_move_method_id":"4","level":"0","pokemon_id":"293"}{"order":"","version_group_id":"12","move_id":"58","pokemon_move_method_id":"4","level":"0","pokemon_id":"293"}{"order":"","version_group_id":"12","move_id":"59","pokemon_move_method_id":"4","level":"0","pokemon_id":"293"}{"order":"","version_group_id":"12","move_id":"76","pokemon_move_method_id":"4","level":"0","pokemon_id":"293"}{"order":"","version_group_id":"12","move_id":"92","pokemon_move_method_id":"4","level":"0","pokemon_id":"293"}{"order":"","version_group_id":"12","move_id":"103","pokemon_move_method_id":"1","level":"31","pokemon_id":"293"}{"order":"","version_group_id":"12","move_id":"104","pokemon_move_method_id":"4","level":"0","pokemon_id":"293"}{"order":"","version_group_id":"12","move_id":"126","pokemon_move_method_id":"4","level":"0","pokemon_id":"293"}{"order":"1","version_group_id":"12","move_id":"156","pokemon_move_method_id":"1","level":"41","pokemon_id":"293"}{"order":"","version_group_id":"12","move_id":"156","pokemon_move_method_id":"4","level":"0","pokemon_id":"293"}{"order":"","version_group_id":"12","move_id":"182","pokemon_move_method_id":"4","level":"0","pokemon_id":"293"}{"order":"","version_group_id":"12","move_id":"213","pokemon_move_method_id":"4","level":"0","pokemon_id":"293"}{"order":"2","version_group_id":"12","move_id":"214","pokemon_move_method_id":"1","level":"41","pokemon_id":"293"}{"order":"","version_group_id":"12","move_id":"216","pokemon_move_method_id":"4","level":"0","pokemon_id":"293"}{"order":"","version_group_id":"12","move_id":"218","pokemon_move_method_id":"4","level":"0","pokemon_id":"293"}{"order":"","version_group_id":"12","move_id":"237","pokemon_move_method_id":"4","level":"0","pokemon_id":"293"}{"order":"","version_group_id":"12","move_id":"240","pokemon_move_method_id":"4","level":"0","pokemon_id":"293"}{"order":"","version_group_id":"12","move_id":"241","pokemon_move_method_id":"4","level":"0","pokemon_id":"293"}{"order":"","version_group_id":"12","move_id":"247","pokemon_move_method_id":"4","level":"0","pokemon_id":"293"}{"order":"","version_group_id":"12","move_id":"253","pokemon_move_method_id":"1","level":"5","pokemon_id":"293"}{"order":"","version_group_id":"12","move_id":"263","pokemon_move_method_id":"4","level":"0","pokemon_id":"293"}{"order":"","version_group_id":"12","move_id":"290","pokemon_move_method_id":"4","level":"0","pokemon_id":"293"}{"order":"","version_group_id":"12","move_id":"304","pokemon_move_method_id":"1","level":"45","pokemon_id":"293"}{"order":"","version_group_id":"12","move_id":"310","pokemon_move_method_id":"1","level":"11","pokemon_id":"293"}{"order":"","version_group_id":"12","move_id":"336","pokemon_move_method_id":"1","level":"15","pokemon_id":"293"}{"order":"","version_group_id":"12","move_id":"351","pokemon_move_method_id":"4","level":"0","pokemon_id":"293"}{"order":"","version_group_id":"12","move_id":"352","pokemon_move_method_id":"4","level":"0","pokemon_id":"293"}{"order":"","version_group_id":"13","move_id":"1","pokemon_move_method_id":"1","level":"1","pokemon_id":"293"}{"order":"","version_group_id":"13","move_id":"23","pokemon_move_method_id":"1","level":"25","pokemon_id":"293"}{"order":"","version_group_id":"13","move_id":"34","pokemon_move_method_id":"3","level":"0","pokemon_id":"293"}{"order":"","version_group_id":"13","move_id":"38","pokemon_move_method_id":"3","level":"0","pokemon_id":"293"}{"order":"","version_group_id":"13","move_id":"46","pokemon_move_method_id":"1","level":"35","pokemon_id":"293"}{"order":"","version_group_id":"13","move_id":"46","pokemon_move_method_id":"4","level":"0","pokemon_id":"293"}{"order":"","version_group_id":"13","move_id":"48","pokemon_move_method_id":"1","level":"21","pokemon_id":"293"}{"order":"","version_group_id":"13","move_id":"53","pokemon_move_method_id":"4","level":"0","pokemon_id":"293"}{"order":"","version_group_id":"13","move_id":"58","pokemon_move_method_id":"4","level":"0","pokemon_id":"293"}{"order":"","version_group_id":"13","move_id":"59","pokemon_move_method_id":"4","level":"0","pokemon_id":"293"}{"order":"","version_group_id":"13","move_id":"69","pokemon_move_method_id":"3","level":"0","pokemon_id":"293"}{"order":"","version_group_id":"13","move_id":"76","pokemon_move_method_id":"4","level":"0","pokemon_id":"293"}{"order":"","version_group_id":"13","move_id":"92","pokemon_move_method_id":"4","level":"0","pokemon_id":"293"}{"order":"","version_group_id":"13","move_id":"102","pokemon_move_method_id":"3","level":"0","pokemon_id":"293"}{"order":"","version_group_id":"13","move_id":"103","pokemon_move_method_id":"1","level":"31","pokemon_id":"293"}{"order":"","version_group_id":"13","move_id":"104","pokemon_move_method_id":"4","level":"0","pokemon_id":"293"}{"order":"","version_group_id":"13","move_id":"126","pokemon_move_method_id":"4","level":"0","pokemon_id":"293"}{"order":"1","version_group_id":"13","move_id":"156","pokemon_move_method_id":"1","level":"41","pokemon_id":"293"}{"order":"","version_group_id":"13","move_id":"156","pokemon_move_method_id":"4","level":"0","pokemon_id":"293"}{"order":"","version_group_id":"13","move_id":"164","pokemon_move_method_id":"3","level":"0","pokemon_id":"293"}{"order":"","version_group_id":"13","move_id":"182","pokemon_move_method_id":"4","level":"0","pokemon_id":"293"}{"order":"","version_group_id":"13","move_id":"196","pokemon_move_method_id":"3","level":"0","pokemon_id":"293"}{"order":"","version_group_id":"13","move_id":"207","pokemon_move_method_id":"3","level":"0","pokemon_id":"293"}{"order":"","version_group_id":"13","move_id":"213","pokemon_move_method_id":"4","level":"0","pokemon_id":"293"}{"order":"2","version_group_id":"13","move_id":"214","pokemon_move_method_id":"1","level":"41","pokemon_id":"293"}{"order":"","version_group_id":"13","move_id":"216","pokemon_move_method_id":"4","level":"0","pokemon_id":"293"}{"order":"","version_group_id":"13","move_id":"218","pokemon_move_method_id":"4","level":"0","pokemon_id":"293"}{"order":"","version_group_id":"13","move_id":"237","pokemon_move_method_id":"4","level":"0","pokemon_id":"293"}{"order":"","version_group_id":"13","move_id":"240","pokemon_move_method_id":"4","level":"0","pokemon_id":"293"}{"order":"","version_group_id":"13","move_id":"241","pokemon_move_method_id":"4","level":"0","pokemon_id":"293"}{"order":"","version_group_id":"13","move_id":"247","pokemon_move_method_id":"4","level":"0","pokemon_id":"293"}{"order":"","version_group_id":"13","move_id":"253","pokemon_move_method_id":"1","level":"5","pokemon_id":"293"}{"order":"","version_group_id":"13","move_id":"263","pokemon_move_method_id":"4","level":"0","pokemon_id":"293"}{"order":"","version_group_id":"13","move_id":"290","pokemon_move_method_id":"4","level":"0","pokemon_id":"293"}{"order":"","version_group_id":"13","move_id":"304","pokemon_move_method_id":"1","level":"45","pokemon_id":"293"}{"order":"","version_group_id":"13","move_id":"310","pokemon_move_method_id":"1","level":"11","pokemon_id":"293"}{"order":"","version_group_id":"13","move_id":"336","pokemon_move_method_id":"1","level":"15","pokemon_id":"293"}{"order":"","version_group_id":"13","move_id":"351","pokemon_move_method_id":"4","level":"0","pokemon_id":"293"}{"order":"","version_group_id":"13","move_id":"352","pokemon_move_method_id":"4","level":"0","pokemon_id":"293"}{"order":"","version_group_id":"14","move_id":"1","pokemon_move_method_id":"1","level":"1","pokemon_id":"293"}{"order":"","version_group_id":"14","move_id":"7","pokemon_move_method_id":"3","level":"0","pokemon_id":"293"}{"order":"","version_group_id":"14","move_id":"8","pokemon_move_method_id":"3","level":"0","pokemon_id":"293"}{"order":"","version_group_id":"14","move_id":"9","pokemon_move_method_id":"3","level":"0","pokemon_id":"293"}{"order":"","version_group_id":"14","move_id":"23","pokemon_move_method_id":"1","level":"25","pokemon_id":"293"}{"order":"","version_group_id":"14","move_id":"36","pokemon_move_method_id":"2","level":"0","pokemon_id":"293"}{"order":"","version_group_id":"14","move_id":"46","pokemon_move_method_id":"1","level":"35","pokemon_id":"293"}{"order":"","version_group_id":"14","move_id":"46","pokemon_move_method_id":"4","level":"0","pokemon_id":"293"}{"order":"","version_group_id":"14","move_id":"48","pokemon_move_method_id":"1","level":"21","pokemon_id":"293"}{"order":"","version_group_id":"14","move_id":"53","pokemon_move_method_id":"4","level":"0","pokemon_id":"293"}{"order":"","version_group_id":"14","move_id":"58","pokemon_move_method_id":"4","level":"0","pokemon_id":"293"}{"order":"","version_group_id":"14","move_id":"59","pokemon_move_method_id":"4","level":"0","pokemon_id":"293"}{"order":"","version_group_id":"14","move_id":"76","pokemon_move_method_id":"4","level":"0","pokemon_id":"293"}{"order":"","version_group_id":"14","move_id":"92","pokemon_move_method_id":"4","level":"0","pokemon_id":"293"}{"order":"","version_group_id":"14","move_id":"103","pokemon_move_method_id":"1","level":"31","pokemon_id":"293"}{"order":"","version_group_id":"14","move_id":"104","pokemon_move_method_id":"4","level":"0","pokemon_id":"293"}{"order":"","version_group_id":"14","move_id":"108","pokemon_move_method_id":"2","level":"0","pokemon_id":"293"}{"order":"","version_group_id":"14","move_id":"126","pokemon_move_method_id":"4","level":"0","pokemon_id":"293"}{"order":"1","version_group_id":"14","move_id":"156","pokemon_move_method_id":"1","level":"45","pokemon_id":"293"}{"order":"","version_group_id":"14","move_id":"156","pokemon_move_method_id":"4","level":"0","pokemon_id":"293"}{"order":"","version_group_id":"14","move_id":"164","pokemon_move_method_id":"4","level":"0","pokemon_id":"293"}{"order":"","version_group_id":"14","move_id":"173","pokemon_move_method_id":"2","level":"0","pokemon_id":"293"}{"order":"","version_group_id":"14","move_id":"173","pokemon_move_method_id":"3","level":"0","pokemon_id":"293"}{"order":"","version_group_id":"14","move_id":"182","pokemon_move_method_id":"4","level":"0","pokemon_id":"293"}{"order":"","version_group_id":"14","move_id":"196","pokemon_move_method_id":"3","level":"0","pokemon_id":"293"}{"order":"","version_group_id":"14","move_id":"207","pokemon_move_method_id":"4","level":"0","pokemon_id":"293"}{"order":"","version_group_id":"14","move_id":"213","pokemon_move_method_id":"4","level":"0","pokemon_id":"293"}{"order":"2","version_group_id":"14","move_id":"214","pokemon_move_method_id":"1","level":"45","pokemon_id":"293"}{"order":"","version_group_id":"14","move_id":"214","pokemon_move_method_id":"3","level":"0","pokemon_id":"293"}{"order":"","version_group_id":"14","move_id":"216","pokemon_move_method_id":"4","level":"0","pokemon_id":"293"}{"order":"","version_group_id":"14","move_id":"218","pokemon_move_method_id":"4","level":"0","pokemon_id":"293"}{"order":"","version_group_id":"14","move_id":"237","pokemon_move_method_id":"4","level":"0","pokemon_id":"293"}{"order":"","version_group_id":"14","move_id":"240","pokemon_move_method_id":"4","level":"0","pokemon_id":"293"}{"order":"","version_group_id":"14","move_id":"241","pokemon_move_method_id":"4","level":"0","pokemon_id":"293"}{"order":"","version_group_id":"14","move_id":"247","pokemon_move_method_id":"4","level":"0","pokemon_id":"293"}{"order":"","version_group_id":"14","move_id":"253","pokemon_move_method_id":"1","level":"5","pokemon_id":"293"}{"order":"","version_group_id":"14","move_id":"253","pokemon_move_method_id":"3","level":"0","pokemon_id":"293"}{"order":"","version_group_id":"14","move_id":"263","pokemon_move_method_id":"4","level":"0","pokemon_id":"293"}{"order":"","version_group_id":"14","move_id":"265","pokemon_move_method_id":"2","level":"0","pokemon_id":"293"}{"order":"","version_group_id":"14","move_id":"283","pokemon_move_method_id":"2","level":"0","pokemon_id":"293"}{"order":"","version_group_id":"14","move_id":"283","pokemon_move_method_id":"3","level":"0","pokemon_id":"293"}{"order":"","version_group_id":"14","move_id":"304","pokemon_move_method_id":"1","level":"51","pokemon_id":"293"}{"order":"","version_group_id":"14","move_id":"304","pokemon_move_method_id":"3","level":"0","pokemon_id":"293"}{"order":"","version_group_id":"14","move_id":"310","pokemon_move_method_id":"1","level":"11","pokemon_id":"293"}{"order":"","version_group_id":"14","move_id":"313","pokemon_move_method_id":"2","level":"0","pokemon_id":"293"}{"order":"","version_group_id":"14","move_id":"326","pokemon_move_method_id":"2","level":"0","pokemon_id":"293"}{"order":"","version_group_id":"14","move_id":"336","pokemon_move_method_id":"1","level":"15","pokemon_id":"293"}{"order":"","version_group_id":"14","move_id":"359","pokemon_move_method_id":"2","level":"0","pokemon_id":"293"}{"order":"","version_group_id":"14","move_id":"374","pokemon_move_method_id":"4","level":"0","pokemon_id":"293"}{"order":"","version_group_id":"14","move_id":"428","pokemon_move_method_id":"3","level":"0","pokemon_id":"293"}{"order":"","version_group_id":"14","move_id":"485","pokemon_move_method_id":"1","level":"41","pokemon_id":"293"}{"order":"","version_group_id":"14","move_id":"496","pokemon_move_method_id":"4","level":"0","pokemon_id":"293"}{"order":"","version_group_id":"14","move_id":"497","pokemon_move_method_id":"4","level":"0","pokemon_id":"293"}{"order":"","version_group_id":"14","move_id":"509","pokemon_move_method_id":"2","level":"0","pokemon_id":"293"}{"order":"","version_group_id":"14","move_id":"510","pokemon_move_method_id":"4","level":"0","pokemon_id":"293"}{"order":"","version_group_id":"14","move_id":"514","pokemon_move_method_id":"4","level":"0","pokemon_id":"293"}{"order":"","version_group_id":"14","move_id":"526","pokemon_move_method_id":"4","level":"0","pokemon_id":"293"}{"order":"","version_group_id":"15","move_id":"1","pokemon_move_method_id":"1","level":"1","pokemon_id":"293"}{"order":"","version_group_id":"15","move_id":"23","pokemon_move_method_id":"1","level":"25","pokemon_id":"293"}{"order":"","version_group_id":"15","move_id":"36","pokemon_move_method_id":"2","level":"0","pokemon_id":"293"}{"order":"","version_group_id":"15","move_id":"46","pokemon_move_method_id":"1","level":"35","pokemon_id":"293"}{"order":"","version_group_id":"15","move_id":"46","pokemon_move_method_id":"4","level":"0","pokemon_id":"293"}{"order":"","version_group_id":"15","move_id":"48","pokemon_move_method_id":"1","level":"21","pokemon_id":"293"}{"order":"","version_group_id":"15","move_id":"53","pokemon_move_method_id":"4","level":"0","pokemon_id":"293"}{"order":"","version_group_id":"15","move_id":"58","pokemon_move_method_id":"4","level":"0","pokemon_id":"293"}{"order":"","version_group_id":"15","move_id":"59","pokemon_move_method_id":"4","level":"0","pokemon_id":"293"}{"order":"","version_group_id":"15","move_id":"76","pokemon_move_method_id":"4","level":"0","pokemon_id":"293"}{"order":"","version_group_id":"15","move_id":"92","pokemon_move_method_id":"4","level":"0","pokemon_id":"293"}{"order":"","version_group_id":"15","move_id":"103","pokemon_move_method_id":"1","level":"31","pokemon_id":"293"}{"order":"","version_group_id":"15","move_id":"104","pokemon_move_method_id":"4","level":"0","pokemon_id":"293"}{"order":"","version_group_id":"15","move_id":"108","pokemon_move_method_id":"2","level":"0","pokemon_id":"293"}{"order":"","version_group_id":"15","move_id":"126","pokemon_move_method_id":"4","level":"0","pokemon_id":"293"}{"order":"1","version_group_id":"15","move_id":"156","pokemon_move_method_id":"1","level":"45","pokemon_id":"293"}{"order":"","version_group_id":"15","move_id":"156","pokemon_move_method_id":"4","level":"0","pokemon_id":"293"}{"order":"","version_group_id":"15","move_id":"164","pokemon_move_method_id":"4","level":"0","pokemon_id":"293"}{"order":"","version_group_id":"15","move_id":"173","pokemon_move_method_id":"2","level":"0","pokemon_id":"293"}{"order":"","version_group_id":"15","move_id":"182","pokemon_move_method_id":"4","level":"0","pokemon_id":"293"}{"order":"","version_group_id":"15","move_id":"207","pokemon_move_method_id":"4","level":"0","pokemon_id":"293"}{"order":"","version_group_id":"15","move_id":"213","pokemon_move_method_id":"4","level":"0","pokemon_id":"293"}{"order":"2","version_group_id":"15","move_id":"214","pokemon_move_method_id":"1","level":"45","pokemon_id":"293"}{"order":"","version_group_id":"15","move_id":"214","pokemon_move_method_id":"4","level":"0","pokemon_id":"293"}{"order":"","version_group_id":"15","move_id":"216","pokemon_move_method_id":"4","level":"0","pokemon_id":"293"}{"order":"","version_group_id":"15","move_id":"218","pokemon_move_method_id":"4","level":"0","pokemon_id":"293"}{"order":"","version_group_id":"15","move_id":"237","pokemon_move_method_id":"4","level":"0","pokemon_id":"293"}{"order":"","version_group_id":"15","move_id":"240","pokemon_move_method_id":"4","level":"0","pokemon_id":"293"}{"order":"","version_group_id":"15","move_id":"241","pokemon_move_method_id":"4","level":"0","pokemon_id":"293"}{"order":"","version_group_id":"15","move_id":"247","pokemon_move_method_id":"4","level":"0","pokemon_id":"293"}{"order":"","version_group_id":"15","move_id":"253","pokemon_move_method_id":"1","level":"5","pokemon_id":"293"}{"order":"","version_group_id":"15","move_id":"263","pokemon_move_method_id":"4","level":"0","pokemon_id":"293"}{"order":"","version_group_id":"15","move_id":"265","pokemon_move_method_id":"2","level":"0","pokemon_id":"293"}{"order":"","version_group_id":"15","move_id":"283","pokemon_move_method_id":"2","level":"0","pokemon_id":"293"}{"order":"","version_group_id":"15","move_id":"304","pokemon_move_method_id":"1","level":"50","pokemon_id":"293"}{"order":"","version_group_id":"15","move_id":"310","pokemon_move_method_id":"1","level":"11","pokemon_id":"293"}{"order":"","version_group_id":"15","move_id":"313","pokemon_move_method_id":"2","level":"0","pokemon_id":"293"}{"order":"","version_group_id":"15","move_id":"326","pokemon_move_method_id":"2","level":"0","pokemon_id":"293"}{"order":"","version_group_id":"15","move_id":"336","pokemon_move_method_id":"1","level":"15","pokemon_id":"293"}{"order":"","version_group_id":"15","move_id":"359","pokemon_move_method_id":"2","level":"0","pokemon_id":"293"}{"order":"","version_group_id":"15","move_id":"374","pokemon_move_method_id":"4","level":"0","pokemon_id":"293"}{"order":"","version_group_id":"15","move_id":"485","pokemon_move_method_id":"1","level":"41","pokemon_id":"293"}{"order":"","version_group_id":"15","move_id":"496","pokemon_move_method_id":"4","level":"0","pokemon_id":"293"}{"order":"","version_group_id":"15","move_id":"497","pokemon_move_method_id":"4","level":"0","pokemon_id":"293"}{"order":"","version_group_id":"15","move_id":"509","pokemon_move_method_id":"2","level":"0","pokemon_id":"293"}{"order":"","version_group_id":"15","move_id":"510","pokemon_move_method_id":"4","level":"0","pokemon_id":"293"}{"order":"","version_group_id":"15","move_id":"514","pokemon_move_method_id":"4","level":"0","pokemon_id":"293"}{"order":"","version_group_id":"15","move_id":"574","pokemon_move_method_id":"2","level":"0","pokemon_id":"293"}{"order":"","version_group_id":"15","move_id":"590","pokemon_move_method_id":"4","level":"0","pokemon_id":"293"}