{"order":"","version_group_id":"1","move_id":"5","pokemon_move_method_id":"4","level":"0","pokemon_id":"5"}{"order":"1","version_group_id":"1","move_id":"10","pokemon_move_method_id":"1","level":"1","pokemon_id":"5"}{"order":"","version_group_id":"1","move_id":"14","pokemon_move_method_id":"4","level":"0","pokemon_id":"5"}{"order":"","version_group_id":"1","move_id":"15","pokemon_move_method_id":"4","level":"0","pokemon_id":"5"}{"order":"","version_group_id":"1","move_id":"25","pokemon_move_method_id":"4","level":"0","pokemon_id":"5"}{"order":"","version_group_id":"1","move_id":"34","pokemon_move_method_id":"4","level":"0","pokemon_id":"5"}{"order":"","version_group_id":"1","move_id":"36","pokemon_move_method_id":"4","level":"0","pokemon_id":"5"}{"order":"","version_group_id":"1","move_id":"38","pokemon_move_method_id":"4","level":"0","pokemon_id":"5"}{"order":"","version_group_id":"1","move_id":"43","pokemon_move_method_id":"1","level":"15","pokemon_id":"5"}{"order":"2","version_group_id":"1","move_id":"45","pokemon_move_method_id":"1","level":"1","pokemon_id":"5"}{"order":"3","version_group_id":"1","move_id":"52","pokemon_move_method_id":"1","level":"1","pokemon_id":"5"}{"order":"","version_group_id":"1","move_id":"52","pokemon_move_method_id":"1","level":"9","pokemon_id":"5"}{"order":"","version_group_id":"1","move_id":"53","pokemon_move_method_id":"1","level":"42","pokemon_id":"5"}{"order":"","version_group_id":"1","move_id":"66","pokemon_move_method_id":"4","level":"0","pokemon_id":"5"}{"order":"","version_group_id":"1","move_id":"68","pokemon_move_method_id":"4","level":"0","pokemon_id":"5"}{"order":"","version_group_id":"1","move_id":"69","pokemon_move_method_id":"4","level":"0","pokemon_id":"5"}{"order":"","version_group_id":"1","move_id":"70","pokemon_move_method_id":"4","level":"0","pokemon_id":"5"}{"order":"","version_group_id":"1","move_id":"82","pokemon_move_method_id":"4","level":"0","pokemon_id":"5"}{"order":"","version_group_id":"1","move_id":"83","pokemon_move_method_id":"1","level":"56","pokemon_id":"5"}{"order":"","version_group_id":"1","move_id":"91","pokemon_move_method_id":"4","level":"0","pokemon_id":"5"}{"order":"","version_group_id":"1","move_id":"92","pokemon_move_method_id":"4","level":"0","pokemon_id":"5"}{"order":"","version_group_id":"1","move_id":"99","pokemon_move_method_id":"1","level":"24","pokemon_id":"5"}{"order":"","version_group_id":"1","move_id":"99","pokemon_move_method_id":"4","level":"0","pokemon_id":"5"}{"order":"","version_group_id":"1","move_id":"102","pokemon_move_method_id":"4","level":"0","pokemon_id":"5"}{"order":"","version_group_id":"1","move_id":"104","pokemon_move_method_id":"4","level":"0","pokemon_id":"5"}{"order":"","version_group_id":"1","move_id":"115","pokemon_move_method_id":"4","level":"0","pokemon_id":"5"}{"order":"","version_group_id":"1","move_id":"117","pokemon_move_method_id":"4","level":"0","pokemon_id":"5"}{"order":"","version_group_id":"1","move_id":"126","pokemon_move_method_id":"4","level":"0","pokemon_id":"5"}{"order":"","version_group_id":"1","move_id":"129","pokemon_move_method_id":"4","level":"0","pokemon_id":"5"}{"order":"","version_group_id":"1","move_id":"130","pokemon_move_method_id":"4","level":"0","pokemon_id":"5"}{"order":"","version_group_id":"1","move_id":"156","pokemon_move_method_id":"4","level":"0","pokemon_id":"5"}{"order":"","version_group_id":"1","move_id":"163","pokemon_move_method_id":"1","level":"33","pokemon_id":"5"}{"order":"","version_group_id":"1","move_id":"164","pokemon_move_method_id":"4","level":"0","pokemon_id":"5"}{"order":"","version_group_id":"2","move_id":"5","pokemon_move_method_id":"4","level":"0","pokemon_id":"5"}{"order":"1","version_group_id":"2","move_id":"10","pokemon_move_method_id":"1","level":"1","pokemon_id":"5"}{"order":"","version_group_id":"2","move_id":"14","pokemon_move_method_id":"4","level":"0","pokemon_id":"5"}{"order":"","version_group_id":"2","move_id":"15","pokemon_move_method_id":"4","level":"0","pokemon_id":"5"}{"order":"","version_group_id":"2","move_id":"25","pokemon_move_method_id":"4","level":"0","pokemon_id":"5"}{"order":"","version_group_id":"2","move_id":"34","pokemon_move_method_id":"4","level":"0","pokemon_id":"5"}{"order":"","version_group_id":"2","move_id":"36","pokemon_move_method_id":"4","level":"0","pokemon_id":"5"}{"order":"","version_group_id":"2","move_id":"38","pokemon_move_method_id":"4","level":"0","pokemon_id":"5"}{"order":"","version_group_id":"2","move_id":"43","pokemon_move_method_id":"1","level":"15","pokemon_id":"5"}{"order":"2","version_group_id":"2","move_id":"45","pokemon_move_method_id":"1","level":"1","pokemon_id":"5"}{"order":"3","version_group_id":"2","move_id":"52","pokemon_move_method_id":"1","level":"1","pokemon_id":"5"}{"order":"","version_group_id":"2","move_id":"52","pokemon_move_method_id":"1","level":"9","pokemon_id":"5"}{"order":"","version_group_id":"2","move_id":"53","pokemon_move_method_id":"1","level":"42","pokemon_id":"5"}{"order":"","version_group_id":"2","move_id":"66","pokemon_move_method_id":"4","level":"0","pokemon_id":"5"}{"order":"","version_group_id":"2","move_id":"68","pokemon_move_method_id":"4","level":"0","pokemon_id":"5"}{"order":"","version_group_id":"2","move_id":"69","pokemon_move_method_id":"4","level":"0","pokemon_id":"5"}{"order":"","version_group_id":"2","move_id":"70","pokemon_move_method_id":"4","level":"0","pokemon_id":"5"}{"order":"","version_group_id":"2","move_id":"82","pokemon_move_method_id":"4","level":"0","pokemon_id":"5"}{"order":"","version_group_id":"2","move_id":"83","pokemon_move_method_id":"1","level":"56","pokemon_id":"5"}{"order":"","version_group_id":"2","move_id":"91","pokemon_move_method_id":"4","level":"0","pokemon_id":"5"}{"order":"","version_group_id":"2","move_id":"92","pokemon_move_method_id":"4","level":"0","pokemon_id":"5"}{"order":"","version_group_id":"2","move_id":"99","pokemon_move_method_id":"1","level":"24","pokemon_id":"5"}{"order":"","version_group_id":"2","move_id":"99","pokemon_move_method_id":"4","level":"0","pokemon_id":"5"}{"order":"","version_group_id":"2","move_id":"102","pokemon_move_method_id":"4","level":"0","pokemon_id":"5"}{"order":"","version_group_id":"2","move_id":"104","pokemon_move_method_id":"4","level":"0","pokemon_id":"5"}{"order":"","version_group_id":"2","move_id":"115","pokemon_move_method_id":"4","level":"0","pokemon_id":"5"}{"order":"","version_group_id":"2","move_id":"117","pokemon_move_method_id":"4","level":"0","pokemon_id":"5"}{"order":"","version_group_id":"2","move_id":"126","pokemon_move_method_id":"4","level":"0","pokemon_id":"5"}{"order":"","version_group_id":"2","move_id":"129","pokemon_move_method_id":"4","level":"0","pokemon_id":"5"}{"order":"","version_group_id":"2","move_id":"130","pokemon_move_method_id":"4","level":"0","pokemon_id":"5"}{"order":"","version_group_id":"2","move_id":"156","pokemon_move_method_id":"4","level":"0","pokemon_id":"5"}{"order":"","version_group_id":"2","move_id":"163","pokemon_move_method_id":"1","level":"33","pokemon_id":"5"}{"order":"","version_group_id":"2","move_id":"164","pokemon_move_method_id":"4","level":"0","pokemon_id":"5"}{"order":"","version_group_id":"3","move_id":"7","pokemon_move_method_id":"4","level":"0","pokemon_id":"5"}{"order":"1","version_group_id":"3","move_id":"10","pokemon_move_method_id":"1","level":"1","pokemon_id":"5"}{"order":"","version_group_id":"3","move_id":"15","pokemon_move_method_id":"4","level":"0","pokemon_id":"5"}{"order":"","version_group_id":"3","move_id":"29","pokemon_move_method_id":"4","level":"0","pokemon_id":"5"}{"order":"2","version_group_id":"3","move_id":"45","pokemon_move_method_id":"1","level":"1","pokemon_id":"5"}{"order":"3","version_group_id":"3","move_id":"52","pokemon_move_method_id":"1","level":"1","pokemon_id":"5"}{"order":"","version_group_id":"3","move_id":"52","pokemon_move_method_id":"1","level":"7","pokemon_id":"5"}{"order":"","version_group_id":"3","move_id":"53","pokemon_move_method_id":"1","level":"34","pokemon_id":"5"}{"order":"","version_group_id":"3","move_id":"70","pokemon_move_method_id":"4","level":"0","pokemon_id":"5"}{"order":"","version_group_id":"3","move_id":"82","pokemon_move_method_id":"1","level":"48","pokemon_id":"5"}{"order":"","version_group_id":"3","move_id":"83","pokemon_move_method_id":"1","level":"55","pokemon_id":"5"}{"order":"","version_group_id":"3","move_id":"91","pokemon_move_method_id":"4","level":"0","pokemon_id":"5"}{"order":"","version_group_id":"3","move_id":"92","pokemon_move_method_id":"4","level":"0","pokemon_id":"5"}{"order":"","version_group_id":"3","move_id":"99","pokemon_move_method_id":"1","level":"20","pokemon_id":"5"}{"order":"","version_group_id":"3","move_id":"104","pokemon_move_method_id":"4","level":"0","pokemon_id":"5"}{"order":"","version_group_id":"3","move_id":"108","pokemon_move_method_id":"1","level":"13","pokemon_id":"5"}{"order":"","version_group_id":"3","move_id":"111","pokemon_move_method_id":"4","level":"0","pokemon_id":"5"}{"order":"","version_group_id":"3","move_id":"126","pokemon_move_method_id":"4","level":"0","pokemon_id":"5"}{"order":"","version_group_id":"3","move_id":"129","pokemon_move_method_id":"4","level":"0","pokemon_id":"5"}{"order":"","version_group_id":"3","move_id":"156","pokemon_move_method_id":"4","level":"0","pokemon_id":"5"}{"order":"","version_group_id":"3","move_id":"163","pokemon_move_method_id":"1","level":"41","pokemon_id":"5"}{"order":"","version_group_id":"3","move_id":"173","pokemon_move_method_id":"4","level":"0","pokemon_id":"5"}{"order":"","version_group_id":"3","move_id":"174","pokemon_move_method_id":"4","level":"0","pokemon_id":"5"}{"order":"","version_group_id":"3","move_id":"182","pokemon_move_method_id":"4","level":"0","pokemon_id":"5"}{"order":"","version_group_id":"3","move_id":"184","pokemon_move_method_id":"1","level":"27","pokemon_id":"5"}{"order":"","version_group_id":"3","move_id":"189","pokemon_move_method_id":"4","level":"0","pokemon_id":"5"}{"order":"","version_group_id":"3","move_id":"203","pokemon_move_method_id":"4","level":"0","pokemon_id":"5"}{"order":"","version_group_id":"3","move_id":"207","pokemon_move_method_id":"4","level":"0","pokemon_id":"5"}{"order":"","version_group_id":"3","move_id":"210","pokemon_move_method_id":"4","level":"0","pokemon_id":"5"}{"order":"","version_group_id":"3","move_id":"213","pokemon_move_method_id":"4","level":"0","pokemon_id":"5"}{"order":"","version_group_id":"3","move_id":"214","pokemon_move_method_id":"4","level":"0","pokemon_id":"5"}{"order":"","version_group_id":"3","move_id":"216","pokemon_move_method_id":"4","level":"0","pokemon_id":"5"}{"order":"","version_group_id":"3","move_id":"218","pokemon_move_method_id":"4","level":"0","pokemon_id":"5"}{"order":"","version_group_id":"3","move_id":"223","pokemon_move_method_id":"4","level":"0","pokemon_id":"5"}{"order":"","version_group_id":"3","move_id":"225","pokemon_move_method_id":"4","level":"0","pokemon_id":"5"}{"order":"","version_group_id":"3","move_id":"231","pokemon_move_method_id":"4","level":"0","pokemon_id":"5"}{"order":"","version_group_id":"3","move_id":"237","pokemon_move_method_id":"4","level":"0","pokemon_id":"5"}{"order":"","version_group_id":"3","move_id":"241","pokemon_move_method_id":"4","level":"0","pokemon_id":"5"}{"order":"","version_group_id":"3","move_id":"249","pokemon_move_method_id":"4","level":"0","pokemon_id":"5"}{"order":"","version_group_id":"4","move_id":"7","pokemon_move_method_id":"4","level":"0","pokemon_id":"5"}{"order":"1","version_group_id":"4","move_id":"10","pokemon_move_method_id":"1","level":"1","pokemon_id":"5"}{"order":"","version_group_id":"4","move_id":"15","pokemon_move_method_id":"4","level":"0","pokemon_id":"5"}{"order":"","version_group_id":"4","move_id":"29","pokemon_move_method_id":"4","level":"0","pokemon_id":"5"}{"order":"2","version_group_id":"4","move_id":"45","pokemon_move_method_id":"1","level":"1","pokemon_id":"5"}{"order":"3","version_group_id":"4","move_id":"52","pokemon_move_method_id":"1","level":"1","pokemon_id":"5"}{"order":"","version_group_id":"4","move_id":"52","pokemon_move_method_id":"1","level":"7","pokemon_id":"5"}{"order":"","version_group_id":"4","move_id":"53","pokemon_move_method_id":"1","level":"34","pokemon_id":"5"}{"order":"","version_group_id":"4","move_id":"53","pokemon_move_method_id":"3","level":"0","pokemon_id":"5"}{"order":"","version_group_id":"4","move_id":"70","pokemon_move_method_id":"4","level":"0","pokemon_id":"5"}{"order":"","version_group_id":"4","move_id":"82","pokemon_move_method_id":"1","level":"48","pokemon_id":"5"}{"order":"","version_group_id":"4","move_id":"83","pokemon_move_method_id":"1","level":"55","pokemon_id":"5"}{"order":"","version_group_id":"4","move_id":"91","pokemon_move_method_id":"4","level":"0","pokemon_id":"5"}{"order":"","version_group_id":"4","move_id":"92","pokemon_move_method_id":"4","level":"0","pokemon_id":"5"}{"order":"","version_group_id":"4","move_id":"99","pokemon_move_method_id":"1","level":"20","pokemon_id":"5"}{"order":"","version_group_id":"4","move_id":"104","pokemon_move_method_id":"4","level":"0","pokemon_id":"5"}{"order":"","version_group_id":"4","move_id":"108","pokemon_move_method_id":"1","level":"13","pokemon_id":"5"}{"order":"","version_group_id":"4","move_id":"111","pokemon_move_method_id":"4","level":"0","pokemon_id":"5"}{"order":"","version_group_id":"4","move_id":"126","pokemon_move_method_id":"4","level":"0","pokemon_id":"5"}{"order":"","version_group_id":"4","move_id":"129","pokemon_move_method_id":"4","level":"0","pokemon_id":"5"}{"order":"","version_group_id":"4","move_id":"156","pokemon_move_method_id":"4","level":"0","pokemon_id":"5"}{"order":"","version_group_id":"4","move_id":"163","pokemon_move_method_id":"1","level":"41","pokemon_id":"5"}{"order":"","version_group_id":"4","move_id":"173","pokemon_move_method_id":"4","level":"0","pokemon_id":"5"}{"order":"","version_group_id":"4","move_id":"174","pokemon_move_method_id":"4","level":"0","pokemon_id":"5"}{"order":"","version_group_id":"4","move_id":"182","pokemon_move_method_id":"4","level":"0","pokemon_id":"5"}{"order":"","version_group_id":"4","move_id":"184","pokemon_move_method_id":"1","level":"27","pokemon_id":"5"}{"order":"","version_group_id":"4","move_id":"189","pokemon_move_method_id":"4","level":"0","pokemon_id":"5"}{"order":"","version_group_id":"4","move_id":"203","pokemon_move_method_id":"4","level":"0","pokemon_id":"5"}{"order":"","version_group_id":"4","move_id":"207","pokemon_move_method_id":"4","level":"0","pokemon_id":"5"}{"order":"","version_group_id":"4","move_id":"210","pokemon_move_method_id":"4","level":"0","pokemon_id":"5"}{"order":"","version_group_id":"4","move_id":"213","pokemon_move_method_id":"4","level":"0","pokemon_id":"5"}{"order":"","version_group_id":"4","move_id":"214","pokemon_move_method_id":"4","level":"0","pokemon_id":"5"}{"order":"","version_group_id":"4","move_id":"216","pokemon_move_method_id":"4","level":"0","pokemon_id":"5"}{"order":"","version_group_id":"4","move_id":"218","pokemon_move_method_id":"4","level":"0","pokemon_id":"5"}{"order":"","version_group_id":"4","move_id":"223","pokemon_move_method_id":"4","level":"0","pokemon_id":"5"}{"order":"","version_group_id":"4","move_id":"225","pokemon_move_method_id":"4","level":"0","pokemon_id":"5"}{"order":"","version_group_id":"4","move_id":"231","pokemon_move_method_id":"4","level":"0","pokemon_id":"5"}{"order":"","version_group_id":"4","move_id":"237","pokemon_move_method_id":"4","level":"0","pokemon_id":"5"}{"order":"","version_group_id":"4","move_id":"241","pokemon_move_method_id":"4","level":"0","pokemon_id":"5"}{"order":"","version_group_id":"4","move_id":"249","pokemon_move_method_id":"4","level":"0","pokemon_id":"5"}{"order":"1","version_group_id":"5","move_id":"10","pokemon_move_method_id":"1","level":"1","pokemon_id":"5"}{"order":"","version_group_id":"5","move_id":"15","pokemon_move_method_id":"4","level":"0","pokemon_id":"5"}{"order":"2","version_group_id":"5","move_id":"45","pokemon_move_method_id":"1","level":"1","pokemon_id":"5"}{"order":"3","version_group_id":"5","move_id":"52","pokemon_move_method_id":"1","level":"1","pokemon_id":"5"}{"order":"","version_group_id":"5","move_id":"52","pokemon_move_method_id":"1","level":"7","pokemon_id":"5"}{"order":"","version_group_id":"5","move_id":"53","pokemon_move_method_id":"1","level":"34","pokemon_id":"5"}{"order":"","version_group_id":"5","move_id":"53","pokemon_move_method_id":"4","level":"0","pokemon_id":"5"}{"order":"","version_group_id":"5","move_id":"70","pokemon_move_method_id":"4","level":"0","pokemon_id":"5"}{"order":"","version_group_id":"5","move_id":"82","pokemon_move_method_id":"1","level":"48","pokemon_id":"5"}{"order":"","version_group_id":"5","move_id":"83","pokemon_move_method_id":"1","level":"55","pokemon_id":"5"}{"order":"","version_group_id":"5","move_id":"91","pokemon_move_method_id":"4","level":"0","pokemon_id":"5"}{"order":"","version_group_id":"5","move_id":"92","pokemon_move_method_id":"4","level":"0","pokemon_id":"5"}{"order":"","version_group_id":"5","move_id":"99","pokemon_move_method_id":"1","level":"20","pokemon_id":"5"}{"order":"","version_group_id":"5","move_id":"104","pokemon_move_method_id":"4","level":"0","pokemon_id":"5"}{"order":"","version_group_id":"5","move_id":"108","pokemon_move_method_id":"1","level":"13","pokemon_id":"5"}{"order":"","version_group_id":"5","move_id":"126","pokemon_move_method_id":"4","level":"0","pokemon_id":"5"}{"order":"","version_group_id":"5","move_id":"156","pokemon_move_method_id":"4","level":"0","pokemon_id":"5"}{"order":"","version_group_id":"5","move_id":"163","pokemon_move_method_id":"1","level":"41","pokemon_id":"5"}{"order":"","version_group_id":"5","move_id":"182","pokemon_move_method_id":"4","level":"0","pokemon_id":"5"}{"order":"","version_group_id":"5","move_id":"184","pokemon_move_method_id":"1","level":"27","pokemon_id":"5"}{"order":"","version_group_id":"5","move_id":"213","pokemon_move_method_id":"4","level":"0","pokemon_id":"5"}{"order":"","version_group_id":"5","move_id":"216","pokemon_move_method_id":"4","level":"0","pokemon_id":"5"}{"order":"","version_group_id":"5","move_id":"218","pokemon_move_method_id":"4","level":"0","pokemon_id":"5"}{"order":"","version_group_id":"5","move_id":"231","pokemon_move_method_id":"4","level":"0","pokemon_id":"5"}{"order":"","version_group_id":"5","move_id":"237","pokemon_move_method_id":"4","level":"0","pokemon_id":"5"}{"order":"","version_group_id":"5","move_id":"241","pokemon_move_method_id":"4","level":"0","pokemon_id":"5"}{"order":"","version_group_id":"5","move_id":"249","pokemon_move_method_id":"4","level":"0","pokemon_id":"5"}{"order":"","version_group_id":"5","move_id":"263","pokemon_move_method_id":"4","level":"0","pokemon_id":"5"}{"order":"","version_group_id":"5","move_id":"264","pokemon_move_method_id":"4","level":"0","pokemon_id":"5"}{"order":"","version_group_id":"5","move_id":"280","pokemon_move_method_id":"4","level":"0","pokemon_id":"5"}{"order":"","version_group_id":"5","move_id":"290","pokemon_move_method_id":"4","level":"0","pokemon_id":"5"}{"order":"","version_group_id":"5","move_id":"315","pokemon_move_method_id":"4","level":"0","pokemon_id":"5"}{"order":"","version_group_id":"5","move_id":"332","pokemon_move_method_id":"4","level":"0","pokemon_id":"5"}{"order":"","version_group_id":"5","move_id":"337","pokemon_move_method_id":"4","level":"0","pokemon_id":"5"}{"order":"","version_group_id":"6","move_id":"5","pokemon_move_method_id":"3","level":"0","pokemon_id":"5"}{"order":"","version_group_id":"6","move_id":"7","pokemon_move_method_id":"3","level":"0","pokemon_id":"5"}{"order":"1","version_group_id":"6","move_id":"10","pokemon_move_method_id":"1","level":"1","pokemon_id":"5"}{"order":"","version_group_id":"6","move_id":"14","pokemon_move_method_id":"3","level":"0","pokemon_id":"5"}{"order":"","version_group_id":"6","move_id":"15","pokemon_move_method_id":"4","level":"0","pokemon_id":"5"}{"order":"","version_group_id":"6","move_id":"25","pokemon_move_method_id":"3","level":"0","pokemon_id":"5"}{"order":"","version_group_id":"6","move_id":"34","pokemon_move_method_id":"3","level":"0","pokemon_id":"5"}{"order":"","version_group_id":"6","move_id":"38","pokemon_move_method_id":"3","level":"0","pokemon_id":"5"}{"order":"2","version_group_id":"6","move_id":"45","pokemon_move_method_id":"1","level":"1","pokemon_id":"5"}{"order":"3","version_group_id":"6","move_id":"52","pokemon_move_method_id":"1","level":"1","pokemon_id":"5"}{"order":"","version_group_id":"6","move_id":"52","pokemon_move_method_id":"1","level":"7","pokemon_id":"5"}{"order":"","version_group_id":"6","move_id":"53","pokemon_move_method_id":"1","level":"34","pokemon_id":"5"}{"order":"","version_group_id":"6","move_id":"53","pokemon_move_method_id":"4","level":"0","pokemon_id":"5"}{"order":"","version_group_id":"6","move_id":"68","pokemon_move_method_id":"3","level":"0","pokemon_id":"5"}{"order":"","version_group_id":"6","move_id":"69","pokemon_move_method_id":"3","level":"0","pokemon_id":"5"}{"order":"","version_group_id":"6","move_id":"70","pokemon_move_method_id":"4","level":"0","pokemon_id":"5"}{"order":"","version_group_id":"6","move_id":"82","pokemon_move_method_id":"1","level":"48","pokemon_id":"5"}{"order":"","version_group_id":"6","move_id":"83","pokemon_move_method_id":"1","level":"55","pokemon_id":"5"}{"order":"","version_group_id":"6","move_id":"91","pokemon_move_method_id":"4","level":"0","pokemon_id":"5"}{"order":"","version_group_id":"6","move_id":"92","pokemon_move_method_id":"4","level":"0","pokemon_id":"5"}{"order":"","version_group_id":"6","move_id":"99","pokemon_move_method_id":"1","level":"20","pokemon_id":"5"}{"order":"","version_group_id":"6","move_id":"102","pokemon_move_method_id":"3","level":"0","pokemon_id":"5"}{"order":"","version_group_id":"6","move_id":"104","pokemon_move_method_id":"4","level":"0","pokemon_id":"5"}{"order":"","version_group_id":"6","move_id":"108","pokemon_move_method_id":"1","level":"13","pokemon_id":"5"}{"order":"","version_group_id":"6","move_id":"111","pokemon_move_method_id":"3","level":"0","pokemon_id":"5"}{"order":"","version_group_id":"6","move_id":"126","pokemon_move_method_id":"4","level":"0","pokemon_id":"5"}{"order":"","version_group_id":"6","move_id":"129","pokemon_move_method_id":"3","level":"0","pokemon_id":"5"}{"order":"","version_group_id":"6","move_id":"156","pokemon_move_method_id":"4","level":"0","pokemon_id":"5"}{"order":"","version_group_id":"6","move_id":"157","pokemon_move_method_id":"3","level":"0","pokemon_id":"5"}{"order":"","version_group_id":"6","move_id":"163","pokemon_move_method_id":"1","level":"41","pokemon_id":"5"}{"order":"","version_group_id":"6","move_id":"164","pokemon_move_method_id":"3","level":"0","pokemon_id":"5"}{"order":"","version_group_id":"6","move_id":"173","pokemon_move_method_id":"3","level":"0","pokemon_id":"5"}{"order":"","version_group_id":"6","move_id":"182","pokemon_move_method_id":"4","level":"0","pokemon_id":"5"}{"order":"","version_group_id":"6","move_id":"184","pokemon_move_method_id":"1","level":"27","pokemon_id":"5"}{"order":"","version_group_id":"6","move_id":"189","pokemon_move_method_id":"3","level":"0","pokemon_id":"5"}{"order":"","version_group_id":"6","move_id":"203","pokemon_move_method_id":"3","level":"0","pokemon_id":"5"}{"order":"","version_group_id":"6","move_id":"207","pokemon_move_method_id":"3","level":"0","pokemon_id":"5"}{"order":"","version_group_id":"6","move_id":"210","pokemon_move_method_id":"3","level":"0","pokemon_id":"5"}{"order":"","version_group_id":"6","move_id":"213","pokemon_move_method_id":"4","level":"0","pokemon_id":"5"}{"order":"","version_group_id":"6","move_id":"214","pokemon_move_method_id":"3","level":"0","pokemon_id":"5"}{"order":"","version_group_id":"6","move_id":"216","pokemon_move_method_id":"4","level":"0","pokemon_id":"5"}{"order":"","version_group_id":"6","move_id":"218","pokemon_move_method_id":"4","level":"0","pokemon_id":"5"}{"order":"","version_group_id":"6","move_id":"223","pokemon_move_method_id":"3","level":"0","pokemon_id":"5"}{"order":"","version_group_id":"6","move_id":"231","pokemon_move_method_id":"4","level":"0","pokemon_id":"5"}{"order":"","version_group_id":"6","move_id":"237","pokemon_move_method_id":"4","level":"0","pokemon_id":"5"}{"order":"","version_group_id":"6","move_id":"241","pokemon_move_method_id":"4","level":"0","pokemon_id":"5"}{"order":"","version_group_id":"6","move_id":"249","pokemon_move_method_id":"4","level":"0","pokemon_id":"5"}{"order":"","version_group_id":"6","move_id":"263","pokemon_move_method_id":"4","level":"0","pokemon_id":"5"}{"order":"","version_group_id":"6","move_id":"264","pokemon_move_method_id":"4","level":"0","pokemon_id":"5"}{"order":"","version_group_id":"6","move_id":"280","pokemon_move_method_id":"4","level":"0","pokemon_id":"5"}{"order":"","version_group_id":"6","move_id":"290","pokemon_move_method_id":"4","level":"0","pokemon_id":"5"}{"order":"","version_group_id":"6","move_id":"315","pokemon_move_method_id":"4","level":"0","pokemon_id":"5"}{"order":"","version_group_id":"6","move_id":"332","pokemon_move_method_id":"4","level":"0","pokemon_id":"5"}{"order":"","version_group_id":"6","move_id":"337","pokemon_move_method_id":"4","level":"0","pokemon_id":"5"}{"order":"","version_group_id":"7","move_id":"5","pokemon_move_method_id":"3","level":"0","pokemon_id":"5"}{"order":"1","version_group_id":"7","move_id":"10","pokemon_move_method_id":"1","level":"1","pokemon_id":"5"}{"order":"","version_group_id":"7","move_id":"14","pokemon_move_method_id":"3","level":"0","pokemon_id":"5"}{"order":"","version_group_id":"7","move_id":"15","pokemon_move_method_id":"4","level":"0","pokemon_id":"5"}{"order":"","version_group_id":"7","move_id":"25","pokemon_move_method_id":"3","level":"0","pokemon_id":"5"}{"order":"","version_group_id":"7","move_id":"34","pokemon_move_method_id":"3","level":"0","pokemon_id":"5"}{"order":"","version_group_id":"7","move_id":"38","pokemon_move_method_id":"3","level":"0","pokemon_id":"5"}{"order":"2","version_group_id":"7","move_id":"45","pokemon_move_method_id":"1","level":"1","pokemon_id":"5"}{"order":"3","version_group_id":"7","move_id":"52","pokemon_move_method_id":"1","level":"1","pokemon_id":"5"}{"order":"","version_group_id":"7","move_id":"52","pokemon_move_method_id":"1","level":"7","pokemon_id":"5"}{"order":"","version_group_id":"7","move_id":"53","pokemon_move_method_id":"1","level":"34","pokemon_id":"5"}{"order":"","version_group_id":"7","move_id":"53","pokemon_move_method_id":"4","level":"0","pokemon_id":"5"}{"order":"","version_group_id":"7","move_id":"68","pokemon_move_method_id":"3","level":"0","pokemon_id":"5"}{"order":"","version_group_id":"7","move_id":"69","pokemon_move_method_id":"3","level":"0","pokemon_id":"5"}{"order":"","version_group_id":"7","move_id":"70","pokemon_move_method_id":"4","level":"0","pokemon_id":"5"}{"order":"","version_group_id":"7","move_id":"82","pokemon_move_method_id":"1","level":"48","pokemon_id":"5"}{"order":"","version_group_id":"7","move_id":"83","pokemon_move_method_id":"1","level":"55","pokemon_id":"5"}{"order":"","version_group_id":"7","move_id":"91","pokemon_move_method_id":"4","level":"0","pokemon_id":"5"}{"order":"","version_group_id":"7","move_id":"92","pokemon_move_method_id":"4","level":"0","pokemon_id":"5"}{"order":"","version_group_id":"7","move_id":"102","pokemon_move_method_id":"3","level":"0","pokemon_id":"5"}{"order":"","version_group_id":"7","move_id":"104","pokemon_move_method_id":"4","level":"0","pokemon_id":"5"}{"order":"","version_group_id":"7","move_id":"108","pokemon_move_method_id":"1","level":"20","pokemon_id":"5"}{"order":"","version_group_id":"7","move_id":"126","pokemon_move_method_id":"4","level":"0","pokemon_id":"5"}{"order":"","version_group_id":"7","move_id":"156","pokemon_move_method_id":"4","level":"0","pokemon_id":"5"}{"order":"","version_group_id":"7","move_id":"157","pokemon_move_method_id":"3","level":"0","pokemon_id":"5"}{"order":"","version_group_id":"7","move_id":"163","pokemon_move_method_id":"1","level":"41","pokemon_id":"5"}{"order":"","version_group_id":"7","move_id":"164","pokemon_move_method_id":"3","level":"0","pokemon_id":"5"}{"order":"","version_group_id":"7","move_id":"182","pokemon_move_method_id":"4","level":"0","pokemon_id":"5"}{"order":"","version_group_id":"7","move_id":"184","pokemon_move_method_id":"1","level":"27","pokemon_id":"5"}{"order":"","version_group_id":"7","move_id":"213","pokemon_move_method_id":"4","level":"0","pokemon_id":"5"}{"order":"","version_group_id":"7","move_id":"216","pokemon_move_method_id":"4","level":"0","pokemon_id":"5"}{"order":"","version_group_id":"7","move_id":"218","pokemon_move_method_id":"4","level":"0","pokemon_id":"5"}{"order":"","version_group_id":"7","move_id":"231","pokemon_move_method_id":"4","level":"0","pokemon_id":"5"}{"order":"","version_group_id":"7","move_id":"232","pokemon_move_method_id":"1","level":"13","pokemon_id":"5"}{"order":"","version_group_id":"7","move_id":"237","pokemon_move_method_id":"4","level":"0","pokemon_id":"5"}{"order":"","version_group_id":"7","move_id":"241","pokemon_move_method_id":"4","level":"0","pokemon_id":"5"}{"order":"","version_group_id":"7","move_id":"249","pokemon_move_method_id":"4","level":"0","pokemon_id":"5"}{"order":"","version_group_id":"7","move_id":"263","pokemon_move_method_id":"4","level":"0","pokemon_id":"5"}{"order":"","version_group_id":"7","move_id":"264","pokemon_move_method_id":"4","level":"0","pokemon_id":"5"}{"order":"","version_group_id":"7","move_id":"280","pokemon_move_method_id":"4","level":"0","pokemon_id":"5"}{"order":"","version_group_id":"7","move_id":"290","pokemon_move_method_id":"4","level":"0","pokemon_id":"5"}{"order":"","version_group_id":"7","move_id":"315","pokemon_move_method_id":"4","level":"0","pokemon_id":"5"}{"order":"","version_group_id":"7","move_id":"332","pokemon_move_method_id":"4","level":"0","pokemon_id":"5"}{"order":"","version_group_id":"7","move_id":"337","pokemon_move_method_id":"4","level":"0","pokemon_id":"5"}{"order":"1","version_group_id":"8","move_id":"10","pokemon_move_method_id":"1","level":"1","pokemon_id":"5"}{"order":"","version_group_id":"8","move_id":"14","pokemon_move_method_id":"4","level":"0","pokemon_id":"5"}{"order":"","version_group_id":"8","move_id":"15","pokemon_move_method_id":"4","level":"0","pokemon_id":"5"}{"order":"2","version_group_id":"8","move_id":"45","pokemon_move_method_id":"1","level":"1","pokemon_id":"5"}{"order":"3","version_group_id":"8","move_id":"52","pokemon_move_method_id":"1","level":"1","pokemon_id":"5"}{"order":"","version_group_id":"8","move_id":"52","pokemon_move_method_id":"1","level":"7","pokemon_id":"5"}{"order":"","version_group_id":"8","move_id":"53","pokemon_move_method_id":"1","level":"39","pokemon_id":"5"}{"order":"","version_group_id":"8","move_id":"53","pokemon_move_method_id":"4","level":"0","pokemon_id":"5"}{"order":"","version_group_id":"8","move_id":"70","pokemon_move_method_id":"4","level":"0","pokemon_id":"5"}{"order":"","version_group_id":"8","move_id":"82","pokemon_move_method_id":"1","level":"17","pokemon_id":"5"}{"order":"","version_group_id":"8","move_id":"83","pokemon_move_method_id":"1","level":"43","pokemon_id":"5"}{"order":"","version_group_id":"8","move_id":"91","pokemon_move_method_id":"4","level":"0","pokemon_id":"5"}{"order":"","version_group_id":"8","move_id":"92","pokemon_move_method_id":"4","level":"0","pokemon_id":"5"}{"order":"","version_group_id":"8","move_id":"104","pokemon_move_method_id":"4","level":"0","pokemon_id":"5"}{"order":"","version_group_id":"8","move_id":"108","pokemon_move_method_id":"1","level":"10","pokemon_id":"5"}{"order":"","version_group_id":"8","move_id":"126","pokemon_move_method_id":"4","level":"0","pokemon_id":"5"}{"order":"","version_group_id":"8","move_id":"156","pokemon_move_method_id":"4","level":"0","pokemon_id":"5"}{"order":"","version_group_id":"8","move_id":"157","pokemon_move_method_id":"4","level":"0","pokemon_id":"5"}{"order":"","version_group_id":"8","move_id":"163","pokemon_move_method_id":"1","level":"32","pokemon_id":"5"}{"order":"","version_group_id":"8","move_id":"164","pokemon_move_method_id":"4","level":"0","pokemon_id":"5"}{"order":"","version_group_id":"8","move_id":"182","pokemon_move_method_id":"4","level":"0","pokemon_id":"5"}{"order":"","version_group_id":"8","move_id":"184","pokemon_move_method_id":"1","level":"21","pokemon_id":"5"}{"order":"","version_group_id":"8","move_id":"203","pokemon_move_method_id":"4","level":"0","pokemon_id":"5"}{"order":"","version_group_id":"8","move_id":"207","pokemon_move_method_id":"4","level":"0","pokemon_id":"5"}{"order":"","version_group_id":"8","move_id":"213","pokemon_move_method_id":"4","level":"0","pokemon_id":"5"}{"order":"","version_group_id":"8","move_id":"214","pokemon_move_method_id":"4","level":"0","pokemon_id":"5"}{"order":"","version_group_id":"8","move_id":"216","pokemon_move_method_id":"4","level":"0","pokemon_id":"5"}{"order":"","version_group_id":"8","move_id":"218","pokemon_move_method_id":"4","level":"0","pokemon_id":"5"}{"order":"","version_group_id":"8","move_id":"231","pokemon_move_method_id":"4","level":"0","pokemon_id":"5"}{"order":"","version_group_id":"8","move_id":"237","pokemon_move_method_id":"4","level":"0","pokemon_id":"5"}{"order":"","version_group_id":"8","move_id":"241","pokemon_move_method_id":"4","level":"0","pokemon_id":"5"}{"order":"","version_group_id":"8","move_id":"249","pokemon_move_method_id":"4","level":"0","pokemon_id":"5"}{"order":"","version_group_id":"8","move_id":"261","pokemon_move_method_id":"4","level":"0","pokemon_id":"5"}{"order":"","version_group_id":"8","move_id":"263","pokemon_move_method_id":"4","level":"0","pokemon_id":"5"}{"order":"","version_group_id":"8","move_id":"264","pokemon_move_method_id":"4","level":"0","pokemon_id":"5"}{"order":"","version_group_id":"8","move_id":"280","pokemon_move_method_id":"4","level":"0","pokemon_id":"5"}{"order":"","version_group_id":"8","move_id":"290","pokemon_move_method_id":"4","level":"0","pokemon_id":"5"}{"order":"","version_group_id":"8","move_id":"315","pokemon_move_method_id":"4","level":"0","pokemon_id":"5"}{"order":"","version_group_id":"8","move_id":"317","pokemon_move_method_id":"4","level":"0","pokemon_id":"5"}{"order":"","version_group_id":"8","move_id":"332","pokemon_move_method_id":"4","level":"0","pokemon_id":"5"}{"order":"","version_group_id":"8","move_id":"337","pokemon_move_method_id":"4","level":"0","pokemon_id":"5"}{"order":"","version_group_id":"8","move_id":"363","pokemon_move_method_id":"4","level":"0","pokemon_id":"5"}{"order":"","version_group_id":"8","move_id":"374","pokemon_move_method_id":"4","level":"0","pokemon_id":"5"}{"order":"","version_group_id":"8","move_id":"421","pokemon_move_method_id":"4","level":"0","pokemon_id":"5"}{"order":"","version_group_id":"8","move_id":"424","pokemon_move_method_id":"1","level":"28","pokemon_id":"5"}{"order":"","version_group_id":"8","move_id":"445","pokemon_move_method_id":"4","level":"0","pokemon_id":"5"}{"order":"","version_group_id":"9","move_id":"7","pokemon_move_method_id":"3","level":"0","pokemon_id":"5"}{"order":"","version_group_id":"9","move_id":"9","pokemon_move_method_id":"3","level":"0","pokemon_id":"5"}{"order":"1","version_group_id":"9","move_id":"10","pokemon_move_method_id":"1","level":"1","pokemon_id":"5"}{"order":"","version_group_id":"9","move_id":"14","pokemon_move_method_id":"4","level":"0","pokemon_id":"5"}{"order":"","version_group_id":"9","move_id":"15","pokemon_move_method_id":"4","level":"0","pokemon_id":"5"}{"order":"2","version_group_id":"9","move_id":"45","pokemon_move_method_id":"1","level":"1","pokemon_id":"5"}{"order":"3","version_group_id":"9","move_id":"52","pokemon_move_method_id":"1","level":"1","pokemon_id":"5"}{"order":"","version_group_id":"9","move_id":"52","pokemon_move_method_id":"1","level":"7","pokemon_id":"5"}{"order":"","version_group_id":"9","move_id":"53","pokemon_move_method_id":"1","level":"39","pokemon_id":"5"}{"order":"","version_group_id":"9","move_id":"53","pokemon_move_method_id":"4","level":"0","pokemon_id":"5"}{"order":"","version_group_id":"9","move_id":"70","pokemon_move_method_id":"4","level":"0","pokemon_id":"5"}{"order":"","version_group_id":"9","move_id":"82","pokemon_move_method_id":"1","level":"17","pokemon_id":"5"}{"order":"","version_group_id":"9","move_id":"83","pokemon_move_method_id":"1","level":"43","pokemon_id":"5"}{"order":"","version_group_id":"9","move_id":"91","pokemon_move_method_id":"4","level":"0","pokemon_id":"5"}{"order":"","version_group_id":"9","move_id":"92","pokemon_move_method_id":"4","level":"0","pokemon_id":"5"}{"order":"","version_group_id":"9","move_id":"104","pokemon_move_method_id":"4","level":"0","pokemon_id":"5"}{"order":"","version_group_id":"9","move_id":"108","pokemon_move_method_id":"1","level":"10","pokemon_id":"5"}{"order":"","version_group_id":"9","move_id":"126","pokemon_move_method_id":"4","level":"0","pokemon_id":"5"}{"order":"","version_group_id":"9","move_id":"129","pokemon_move_method_id":"3","level":"0","pokemon_id":"5"}{"order":"","version_group_id":"9","move_id":"156","pokemon_move_method_id":"4","level":"0","pokemon_id":"5"}{"order":"","version_group_id":"9","move_id":"157","pokemon_move_method_id":"4","level":"0","pokemon_id":"5"}{"order":"","version_group_id":"9","move_id":"163","pokemon_move_method_id":"1","level":"32","pokemon_id":"5"}{"order":"","version_group_id":"9","move_id":"164","pokemon_move_method_id":"4","level":"0","pokemon_id":"5"}{"order":"","version_group_id":"9","move_id":"173","pokemon_move_method_id":"3","level":"0","pokemon_id":"5"}{"order":"","version_group_id":"9","move_id":"182","pokemon_move_method_id":"4","level":"0","pokemon_id":"5"}{"order":"","version_group_id":"9","move_id":"184","pokemon_move_method_id":"1","level":"21","pokemon_id":"5"}{"order":"","version_group_id":"9","move_id":"189","pokemon_move_method_id":"3","level":"0","pokemon_id":"5"}{"order":"","version_group_id":"9","move_id":"203","pokemon_move_method_id":"4","level":"0","pokemon_id":"5"}{"order":"","version_group_id":"9","move_id":"207","pokemon_move_method_id":"4","level":"0","pokemon_id":"5"}{"order":"","version_group_id":"9","move_id":"210","pokemon_move_method_id":"3","level":"0","pokemon_id":"5"}{"order":"","version_group_id":"9","move_id":"213","pokemon_move_method_id":"4","level":"0","pokemon_id":"5"}{"order":"","version_group_id":"9","move_id":"214","pokemon_move_method_id":"4","level":"0","pokemon_id":"5"}{"order":"","version_group_id":"9","move_id":"216","pokemon_move_method_id":"4","level":"0","pokemon_id":"5"}{"order":"","version_group_id":"9","move_id":"218","pokemon_move_method_id":"4","level":"0","pokemon_id":"5"}{"order":"","version_group_id":"9","move_id":"231","pokemon_move_method_id":"4","level":"0","pokemon_id":"5"}{"order":"","version_group_id":"9","move_id":"237","pokemon_move_method_id":"4","level":"0","pokemon_id":"5"}{"order":"","version_group_id":"9","move_id":"241","pokemon_move_method_id":"4","level":"0","pokemon_id":"5"}{"order":"","version_group_id":"9","move_id":"249","pokemon_move_method_id":"4","level":"0","pokemon_id":"5"}{"order":"","version_group_id":"9","move_id":"257","pokemon_move_method_id":"3","level":"0","pokemon_id":"5"}{"order":"","version_group_id":"9","move_id":"261","pokemon_move_method_id":"4","level":"0","pokemon_id":"5"}{"order":"","version_group_id":"9","move_id":"263","pokemon_move_method_id":"4","level":"0","pokemon_id":"5"}{"order":"","version_group_id":"9","move_id":"264","pokemon_move_method_id":"4","level":"0","pokemon_id":"5"}{"order":"","version_group_id":"9","move_id":"280","pokemon_move_method_id":"4","level":"0","pokemon_id":"5"}{"order":"","version_group_id":"9","move_id":"290","pokemon_move_method_id":"4","level":"0","pokemon_id":"5"}{"order":"","version_group_id":"9","move_id":"315","pokemon_move_method_id":"4","level":"0","pokemon_id":"5"}{"order":"","version_group_id":"9","move_id":"317","pokemon_move_method_id":"4","level":"0","pokemon_id":"5"}{"order":"","version_group_id":"9","move_id":"332","pokemon_move_method_id":"4","level":"0","pokemon_id":"5"}{"order":"","version_group_id":"9","move_id":"337","pokemon_move_method_id":"4","level":"0","pokemon_id":"5"}{"order":"","version_group_id":"9","move_id":"363","pokemon_move_method_id":"4","level":"0","pokemon_id":"5"}{"order":"","version_group_id":"9","move_id":"374","pokemon_move_method_id":"4","level":"0","pokemon_id":"5"}{"order":"","version_group_id":"9","move_id":"421","pokemon_move_method_id":"4","level":"0","pokemon_id":"5"}{"order":"","version_group_id":"9","move_id":"424","pokemon_move_method_id":"1","level":"28","pokemon_id":"5"}{"order":"","version_group_id":"9","move_id":"445","pokemon_move_method_id":"4","level":"0","pokemon_id":"5"}{"order":"","version_group_id":"10","move_id":"7","pokemon_move_method_id":"3","level":"0","pokemon_id":"5"}{"order":"","version_group_id":"10","move_id":"9","pokemon_move_method_id":"3","level":"0","pokemon_id":"5"}{"order":"1","version_group_id":"10","move_id":"10","pokemon_move_method_id":"1","level":"1","pokemon_id":"5"}{"order":"","version_group_id":"10","move_id":"14","pokemon_move_method_id":"4","level":"0","pokemon_id":"5"}{"order":"","version_group_id":"10","move_id":"15","pokemon_move_method_id":"4","level":"0","pokemon_id":"5"}{"order":"","version_group_id":"10","move_id":"29","pokemon_move_method_id":"3","level":"0","pokemon_id":"5"}{"order":"2","version_group_id":"10","move_id":"45","pokemon_move_method_id":"1","level":"1","pokemon_id":"5"}{"order":"3","version_group_id":"10","move_id":"52","pokemon_move_method_id":"1","level":"1","pokemon_id":"5"}{"order":"","version_group_id":"10","move_id":"52","pokemon_move_method_id":"1","level":"7","pokemon_id":"5"}{"order":"","version_group_id":"10","move_id":"53","pokemon_move_method_id":"1","level":"39","pokemon_id":"5"}{"order":"","version_group_id":"10","move_id":"53","pokemon_move_method_id":"4","level":"0","pokemon_id":"5"}{"order":"","version_group_id":"10","move_id":"70","pokemon_move_method_id":"4","level":"0","pokemon_id":"5"}{"order":"","version_group_id":"10","move_id":"82","pokemon_move_method_id":"1","level":"17","pokemon_id":"5"}{"order":"","version_group_id":"10","move_id":"83","pokemon_move_method_id":"1","level":"43","pokemon_id":"5"}{"order":"","version_group_id":"10","move_id":"91","pokemon_move_method_id":"4","level":"0","pokemon_id":"5"}{"order":"","version_group_id":"10","move_id":"92","pokemon_move_method_id":"4","level":"0","pokemon_id":"5"}{"order":"","version_group_id":"10","move_id":"104","pokemon_move_method_id":"4","level":"0","pokemon_id":"5"}{"order":"","version_group_id":"10","move_id":"108","pokemon_move_method_id":"1","level":"10","pokemon_id":"5"}{"order":"","version_group_id":"10","move_id":"126","pokemon_move_method_id":"4","level":"0","pokemon_id":"5"}{"order":"","version_group_id":"10","move_id":"129","pokemon_move_method_id":"3","level":"0","pokemon_id":"5"}{"order":"","version_group_id":"10","move_id":"156","pokemon_move_method_id":"4","level":"0","pokemon_id":"5"}{"order":"","version_group_id":"10","move_id":"157","pokemon_move_method_id":"4","level":"0","pokemon_id":"5"}{"order":"","version_group_id":"10","move_id":"163","pokemon_move_method_id":"1","level":"32","pokemon_id":"5"}{"order":"","version_group_id":"10","move_id":"164","pokemon_move_method_id":"4","level":"0","pokemon_id":"5"}{"order":"","version_group_id":"10","move_id":"173","pokemon_move_method_id":"3","level":"0","pokemon_id":"5"}{"order":"","version_group_id":"10","move_id":"182","pokemon_move_method_id":"4","level":"0","pokemon_id":"5"}{"order":"","version_group_id":"10","move_id":"184","pokemon_move_method_id":"1","level":"21","pokemon_id":"5"}{"order":"","version_group_id":"10","move_id":"189","pokemon_move_method_id":"3","level":"0","pokemon_id":"5"}{"order":"","version_group_id":"10","move_id":"203","pokemon_move_method_id":"4","level":"0","pokemon_id":"5"}{"order":"","version_group_id":"10","move_id":"207","pokemon_move_method_id":"4","level":"0","pokemon_id":"5"}{"order":"","version_group_id":"10","move_id":"210","pokemon_move_method_id":"3","level":"0","pokemon_id":"5"}{"order":"","version_group_id":"10","move_id":"213","pokemon_move_method_id":"4","level":"0","pokemon_id":"5"}{"order":"","version_group_id":"10","move_id":"214","pokemon_move_method_id":"4","level":"0","pokemon_id":"5"}{"order":"","version_group_id":"10","move_id":"216","pokemon_move_method_id":"4","level":"0","pokemon_id":"5"}{"order":"","version_group_id":"10","move_id":"218","pokemon_move_method_id":"4","level":"0","pokemon_id":"5"}{"order":"","version_group_id":"10","move_id":"231","pokemon_move_method_id":"4","level":"0","pokemon_id":"5"}{"order":"","version_group_id":"10","move_id":"237","pokemon_move_method_id":"4","level":"0","pokemon_id":"5"}{"order":"","version_group_id":"10","move_id":"241","pokemon_move_method_id":"4","level":"0","pokemon_id":"5"}{"order":"","version_group_id":"10","move_id":"249","pokemon_move_method_id":"4","level":"0","pokemon_id":"5"}{"order":"","version_group_id":"10","move_id":"257","pokemon_move_method_id":"3","level":"0","pokemon_id":"5"}{"order":"","version_group_id":"10","move_id":"261","pokemon_move_method_id":"4","level":"0","pokemon_id":"5"}{"order":"","version_group_id":"10","move_id":"263","pokemon_move_method_id":"4","level":"0","pokemon_id":"5"}{"order":"","version_group_id":"10","move_id":"264","pokemon_move_method_id":"4","level":"0","pokemon_id":"5"}{"order":"","version_group_id":"10","move_id":"280","pokemon_move_method_id":"4","level":"0","pokemon_id":"5"}{"order":"","version_group_id":"10","move_id":"290","pokemon_move_method_id":"4","level":"0","pokemon_id":"5"}{"order":"","version_group_id":"10","move_id":"315","pokemon_move_method_id":"4","level":"0","pokemon_id":"5"}{"order":"","version_group_id":"10","move_id":"317","pokemon_move_method_id":"4","level":"0","pokemon_id":"5"}{"order":"","version_group_id":"10","move_id":"332","pokemon_move_method_id":"4","level":"0","pokemon_id":"5"}{"order":"","version_group_id":"10","move_id":"337","pokemon_move_method_id":"4","level":"0","pokemon_id":"5"}{"order":"","version_group_id":"10","move_id":"363","pokemon_move_method_id":"4","level":"0","pokemon_id":"5"}{"order":"","version_group_id":"10","move_id":"374","pokemon_move_method_id":"4","level":"0","pokemon_id":"5"}{"order":"","version_group_id":"10","move_id":"421","pokemon_move_method_id":"4","level":"0","pokemon_id":"5"}{"order":"","version_group_id":"10","move_id":"424","pokemon_move_method_id":"1","level":"28","pokemon_id":"5"}{"order":"","version_group_id":"10","move_id":"445","pokemon_move_method_id":"4","level":"0","pokemon_id":"5"}{"order":"1","version_group_id":"11","move_id":"10","pokemon_move_method_id":"1","level":"1","pokemon_id":"5"}{"order":"","version_group_id":"11","move_id":"14","pokemon_move_method_id":"4","level":"0","pokemon_id":"5"}{"order":"","version_group_id":"11","move_id":"15","pokemon_move_method_id":"4","level":"0","pokemon_id":"5"}{"order":"2","version_group_id":"11","move_id":"45","pokemon_move_method_id":"1","level":"1","pokemon_id":"5"}{"order":"3","version_group_id":"11","move_id":"52","pokemon_move_method_id":"1","level":"1","pokemon_id":"5"}{"order":"","version_group_id":"11","move_id":"52","pokemon_move_method_id":"1","level":"7","pokemon_id":"5"}{"order":"","version_group_id":"11","move_id":"53","pokemon_move_method_id":"1","level":"43","pokemon_id":"5"}{"order":"","version_group_id":"11","move_id":"53","pokemon_move_method_id":"4","level":"0","pokemon_id":"5"}{"order":"","version_group_id":"11","move_id":"70","pokemon_move_method_id":"4","level":"0","pokemon_id":"5"}{"order":"","version_group_id":"11","move_id":"82","pokemon_move_method_id":"1","level":"17","pokemon_id":"5"}{"order":"","version_group_id":"11","move_id":"83","pokemon_move_method_id":"1","level":"50","pokemon_id":"5"}{"order":"","version_group_id":"11","move_id":"91","pokemon_move_method_id":"4","level":"0","pokemon_id":"5"}{"order":"","version_group_id":"11","move_id":"92","pokemon_move_method_id":"4","level":"0","pokemon_id":"5"}{"order":"","version_group_id":"11","move_id":"104","pokemon_move_method_id":"4","level":"0","pokemon_id":"5"}{"order":"","version_group_id":"11","move_id":"108","pokemon_move_method_id":"1","level":"10","pokemon_id":"5"}{"order":"","version_group_id":"11","move_id":"126","pokemon_move_method_id":"4","level":"0","pokemon_id":"5"}{"order":"","version_group_id":"11","move_id":"156","pokemon_move_method_id":"4","level":"0","pokemon_id":"5"}{"order":"","version_group_id":"11","move_id":"157","pokemon_move_method_id":"4","level":"0","pokemon_id":"5"}{"order":"","version_group_id":"11","move_id":"163","pokemon_move_method_id":"1","level":"39","pokemon_id":"5"}{"order":"","version_group_id":"11","move_id":"164","pokemon_move_method_id":"4","level":"0","pokemon_id":"5"}{"order":"","version_group_id":"11","move_id":"182","pokemon_move_method_id":"4","level":"0","pokemon_id":"5"}{"order":"","version_group_id":"11","move_id":"184","pokemon_move_method_id":"1","level":"21","pokemon_id":"5"}{"order":"","version_group_id":"11","move_id":"207","pokemon_move_method_id":"4","level":"0","pokemon_id":"5"}{"order":"","version_group_id":"11","move_id":"213","pokemon_move_method_id":"4","level":"0","pokemon_id":"5"}{"order":"","version_group_id":"11","move_id":"216","pokemon_move_method_id":"4","level":"0","pokemon_id":"5"}{"order":"","version_group_id":"11","move_id":"218","pokemon_move_method_id":"4","level":"0","pokemon_id":"5"}{"order":"","version_group_id":"11","move_id":"237","pokemon_move_method_id":"4","level":"0","pokemon_id":"5"}{"order":"","version_group_id":"11","move_id":"241","pokemon_move_method_id":"4","level":"0","pokemon_id":"5"}{"order":"","version_group_id":"11","move_id":"249","pokemon_move_method_id":"4","level":"0","pokemon_id":"5"}{"order":"","version_group_id":"11","move_id":"261","pokemon_move_method_id":"4","level":"0","pokemon_id":"5"}{"order":"","version_group_id":"11","move_id":"263","pokemon_move_method_id":"4","level":"0","pokemon_id":"5"}{"order":"","version_group_id":"11","move_id":"280","pokemon_move_method_id":"4","level":"0","pokemon_id":"5"}{"order":"","version_group_id":"11","move_id":"315","pokemon_move_method_id":"4","level":"0","pokemon_id":"5"}{"order":"","version_group_id":"11","move_id":"317","pokemon_move_method_id":"4","level":"0","pokemon_id":"5"}{"order":"","version_group_id":"11","move_id":"332","pokemon_move_method_id":"4","level":"0","pokemon_id":"5"}{"order":"","version_group_id":"11","move_id":"337","pokemon_move_method_id":"4","level":"0","pokemon_id":"5"}{"order":"","version_group_id":"11","move_id":"374","pokemon_move_method_id":"4","level":"0","pokemon_id":"5"}{"order":"","version_group_id":"11","move_id":"421","pokemon_move_method_id":"4","level":"0","pokemon_id":"5"}{"order":"","version_group_id":"11","move_id":"424","pokemon_move_method_id":"1","level":"28","pokemon_id":"5"}{"order":"","version_group_id":"11","move_id":"468","pokemon_move_method_id":"4","level":"0","pokemon_id":"5"}{"order":"","version_group_id":"11","move_id":"481","pokemon_move_method_id":"1","level":"32","pokemon_id":"5"}{"order":"","version_group_id":"11","move_id":"488","pokemon_move_method_id":"4","level":"0","pokemon_id":"5"}{"order":"","version_group_id":"11","move_id":"496","pokemon_move_method_id":"4","level":"0","pokemon_id":"5"}{"order":"","version_group_id":"11","move_id":"497","pokemon_move_method_id":"4","level":"0","pokemon_id":"5"}{"order":"","version_group_id":"11","move_id":"510","pokemon_move_method_id":"4","level":"0","pokemon_id":"5"}{"order":"","version_group_id":"11","move_id":"517","pokemon_move_method_id":"1","level":"54","pokemon_id":"5"}{"order":"","version_group_id":"11","move_id":"519","pokemon_move_method_id":"3","level":"0","pokemon_id":"5"}{"order":"1","version_group_id":"12","move_id":"10","pokemon_move_method_id":"1","level":"1","pokemon_id":"5"}{"order":"","version_group_id":"12","move_id":"15","pokemon_move_method_id":"4","level":"0","pokemon_id":"5"}{"order":"2","version_group_id":"12","move_id":"45","pokemon_move_method_id":"1","level":"1","pokemon_id":"5"}{"order":"3","version_group_id":"12","move_id":"52","pokemon_move_method_id":"1","level":"1","pokemon_id":"5"}{"order":"","version_group_id":"12","move_id":"52","pokemon_move_method_id":"1","level":"7","pokemon_id":"5"}{"order":"","version_group_id":"12","move_id":"53","pokemon_move_method_id":"1","level":"34","pokemon_id":"5"}{"order":"","version_group_id":"12","move_id":"53","pokemon_move_method_id":"4","level":"0","pokemon_id":"5"}{"order":"","version_group_id":"12","move_id":"70","pokemon_move_method_id":"4","level":"0","pokemon_id":"5"}{"order":"","version_group_id":"12","move_id":"82","pokemon_move_method_id":"1","level":"48","pokemon_id":"5"}{"order":"","version_group_id":"12","move_id":"83","pokemon_move_method_id":"1","level":"55","pokemon_id":"5"}{"order":"","version_group_id":"12","move_id":"91","pokemon_move_method_id":"4","level":"0","pokemon_id":"5"}{"order":"","version_group_id":"12","move_id":"92","pokemon_move_method_id":"4","level":"0","pokemon_id":"5"}{"order":"","version_group_id":"12","move_id":"99","pokemon_move_method_id":"1","level":"20","pokemon_id":"5"}{"order":"","version_group_id":"12","move_id":"104","pokemon_move_method_id":"4","level":"0","pokemon_id":"5"}{"order":"","version_group_id":"12","move_id":"108","pokemon_move_method_id":"1","level":"13","pokemon_id":"5"}{"order":"","version_group_id":"12","move_id":"126","pokemon_move_method_id":"4","level":"0","pokemon_id":"5"}{"order":"","version_group_id":"12","move_id":"156","pokemon_move_method_id":"4","level":"0","pokemon_id":"5"}{"order":"","version_group_id":"12","move_id":"163","pokemon_move_method_id":"1","level":"41","pokemon_id":"5"}{"order":"","version_group_id":"12","move_id":"182","pokemon_move_method_id":"4","level":"0","pokemon_id":"5"}{"order":"","version_group_id":"12","move_id":"184","pokemon_move_method_id":"1","level":"27","pokemon_id":"5"}{"order":"","version_group_id":"12","move_id":"213","pokemon_move_method_id":"4","level":"0","pokemon_id":"5"}{"order":"","version_group_id":"12","move_id":"216","pokemon_move_method_id":"4","level":"0","pokemon_id":"5"}{"order":"","version_group_id":"12","move_id":"218","pokemon_move_method_id":"4","level":"0","pokemon_id":"5"}{"order":"","version_group_id":"12","move_id":"231","pokemon_move_method_id":"4","level":"0","pokemon_id":"5"}{"order":"","version_group_id":"12","move_id":"237","pokemon_move_method_id":"4","level":"0","pokemon_id":"5"}{"order":"","version_group_id":"12","move_id":"241","pokemon_move_method_id":"4","level":"0","pokemon_id":"5"}{"order":"","version_group_id":"12","move_id":"249","pokemon_move_method_id":"4","level":"0","pokemon_id":"5"}{"order":"","version_group_id":"12","move_id":"263","pokemon_move_method_id":"4","level":"0","pokemon_id":"5"}{"order":"","version_group_id":"12","move_id":"264","pokemon_move_method_id":"4","level":"0","pokemon_id":"5"}{"order":"","version_group_id":"12","move_id":"280","pokemon_move_method_id":"4","level":"0","pokemon_id":"5"}{"order":"","version_group_id":"12","move_id":"290","pokemon_move_method_id":"4","level":"0","pokemon_id":"5"}{"order":"","version_group_id":"12","move_id":"315","pokemon_move_method_id":"4","level":"0","pokemon_id":"5"}{"order":"","version_group_id":"12","move_id":"332","pokemon_move_method_id":"4","level":"0","pokemon_id":"5"}{"order":"","version_group_id":"12","move_id":"337","pokemon_move_method_id":"4","level":"0","pokemon_id":"5"}{"order":"1","version_group_id":"13","move_id":"10","pokemon_move_method_id":"1","level":"1","pokemon_id":"5"}{"order":"","version_group_id":"13","move_id":"15","pokemon_move_method_id":"4","level":"0","pokemon_id":"5"}{"order":"","version_group_id":"13","move_id":"34","pokemon_move_method_id":"3","level":"0","pokemon_id":"5"}{"order":"","version_group_id":"13","move_id":"38","pokemon_move_method_id":"3","level":"0","pokemon_id":"5"}{"order":"2","version_group_id":"13","move_id":"45","pokemon_move_method_id":"1","level":"1","pokemon_id":"5"}{"order":"3","version_group_id":"13","move_id":"52","pokemon_move_method_id":"1","level":"1","pokemon_id":"5"}{"order":"","version_group_id":"13","move_id":"52","pokemon_move_method_id":"1","level":"7","pokemon_id":"5"}{"order":"","version_group_id":"13","move_id":"53","pokemon_move_method_id":"1","level":"34","pokemon_id":"5"}{"order":"","version_group_id":"13","move_id":"53","pokemon_move_method_id":"4","level":"0","pokemon_id":"5"}{"order":"","version_group_id":"13","move_id":"69","pokemon_move_method_id":"3","level":"0","pokemon_id":"5"}{"order":"","version_group_id":"13","move_id":"70","pokemon_move_method_id":"4","level":"0","pokemon_id":"5"}{"order":"","version_group_id":"13","move_id":"82","pokemon_move_method_id":"1","level":"48","pokemon_id":"5"}{"order":"","version_group_id":"13","move_id":"83","pokemon_move_method_id":"1","level":"55","pokemon_id":"5"}{"order":"","version_group_id":"13","move_id":"91","pokemon_move_method_id":"4","level":"0","pokemon_id":"5"}{"order":"","version_group_id":"13","move_id":"92","pokemon_move_method_id":"4","level":"0","pokemon_id":"5"}{"order":"","version_group_id":"13","move_id":"99","pokemon_move_method_id":"1","level":"20","pokemon_id":"5"}{"order":"","version_group_id":"13","move_id":"102","pokemon_move_method_id":"3","level":"0","pokemon_id":"5"}{"order":"","version_group_id":"13","move_id":"104","pokemon_move_method_id":"4","level":"0","pokemon_id":"5"}{"order":"","version_group_id":"13","move_id":"108","pokemon_move_method_id":"1","level":"13","pokemon_id":"5"}{"order":"","version_group_id":"13","move_id":"126","pokemon_move_method_id":"4","level":"0","pokemon_id":"5"}{"order":"","version_group_id":"13","move_id":"156","pokemon_move_method_id":"4","level":"0","pokemon_id":"5"}{"order":"","version_group_id":"13","move_id":"163","pokemon_move_method_id":"1","level":"41","pokemon_id":"5"}{"order":"","version_group_id":"13","move_id":"164","pokemon_move_method_id":"3","level":"0","pokemon_id":"5"}{"order":"","version_group_id":"13","move_id":"182","pokemon_move_method_id":"4","level":"0","pokemon_id":"5"}{"order":"","version_group_id":"13","move_id":"184","pokemon_move_method_id":"1","level":"27","pokemon_id":"5"}{"order":"","version_group_id":"13","move_id":"207","pokemon_move_method_id":"3","level":"0","pokemon_id":"5"}{"order":"","version_group_id":"13","move_id":"213","pokemon_move_method_id":"4","level":"0","pokemon_id":"5"}{"order":"","version_group_id":"13","move_id":"216","pokemon_move_method_id":"4","level":"0","pokemon_id":"5"}{"order":"","version_group_id":"13","move_id":"218","pokemon_move_method_id":"4","level":"0","pokemon_id":"5"}{"order":"","version_group_id":"13","move_id":"231","pokemon_move_method_id":"4","level":"0","pokemon_id":"5"}{"order":"","version_group_id":"13","move_id":"237","pokemon_move_method_id":"4","level":"0","pokemon_id":"5"}{"order":"","version_group_id":"13","move_id":"241","pokemon_move_method_id":"4","level":"0","pokemon_id":"5"}{"order":"","version_group_id":"13","move_id":"249","pokemon_move_method_id":"4","level":"0","pokemon_id":"5"}{"order":"","version_group_id":"13","move_id":"263","pokemon_move_method_id":"4","level":"0","pokemon_id":"5"}{"order":"","version_group_id":"13","move_id":"264","pokemon_move_method_id":"4","level":"0","pokemon_id":"5"}{"order":"","version_group_id":"13","move_id":"280","pokemon_move_method_id":"4","level":"0","pokemon_id":"5"}{"order":"","version_group_id":"13","move_id":"290","pokemon_move_method_id":"4","level":"0","pokemon_id":"5"}{"order":"","version_group_id":"13","move_id":"315","pokemon_move_method_id":"4","level":"0","pokemon_id":"5"}{"order":"","version_group_id":"13","move_id":"332","pokemon_move_method_id":"4","level":"0","pokemon_id":"5"}{"order":"","version_group_id":"13","move_id":"337","pokemon_move_method_id":"4","level":"0","pokemon_id":"5"}{"order":"","version_group_id":"14","move_id":"7","pokemon_move_method_id":"3","level":"0","pokemon_id":"5"}{"order":"","version_group_id":"14","move_id":"9","pokemon_move_method_id":"3","level":"0","pokemon_id":"5"}{"order":"1","version_group_id":"14","move_id":"10","pokemon_move_method_id":"1","level":"1","pokemon_id":"5"}{"order":"","version_group_id":"14","move_id":"14","pokemon_move_method_id":"4","level":"0","pokemon_id":"5"}{"order":"","version_group_id":"14","move_id":"15","pokemon_move_method_id":"4","level":"0","pokemon_id":"5"}{"order":"2","version_group_id":"14","move_id":"45","pokemon_move_method_id":"1","level":"1","pokemon_id":"5"}{"order":"3","version_group_id":"14","move_id":"52","pokemon_move_method_id":"1","level":"1","pokemon_id":"5"}{"order":"","version_group_id":"14","move_id":"52","pokemon_move_method_id":"1","level":"7","pokemon_id":"5"}{"order":"","version_group_id":"14","move_id":"53","pokemon_move_method_id":"1","level":"43","pokemon_id":"5"}{"order":"","version_group_id":"14","move_id":"53","pokemon_move_method_id":"4","level":"0","pokemon_id":"5"}{"order":"","version_group_id":"14","move_id":"70","pokemon_move_method_id":"4","level":"0","pokemon_id":"5"}{"order":"","version_group_id":"14","move_id":"82","pokemon_move_method_id":"1","level":"17","pokemon_id":"5"}{"order":"","version_group_id":"14","move_id":"83","pokemon_move_method_id":"1","level":"50","pokemon_id":"5"}{"order":"","version_group_id":"14","move_id":"91","pokemon_move_method_id":"4","level":"0","pokemon_id":"5"}{"order":"","version_group_id":"14","move_id":"92","pokemon_move_method_id":"4","level":"0","pokemon_id":"5"}{"order":"","version_group_id":"14","move_id":"104","pokemon_move_method_id":"4","level":"0","pokemon_id":"5"}{"order":"","version_group_id":"14","move_id":"108","pokemon_move_method_id":"1","level":"10","pokemon_id":"5"}{"order":"","version_group_id":"14","move_id":"126","pokemon_move_method_id":"4","level":"0","pokemon_id":"5"}{"order":"","version_group_id":"14","move_id":"156","pokemon_move_method_id":"4","level":"0","pokemon_id":"5"}{"order":"","version_group_id":"14","move_id":"157","pokemon_move_method_id":"4","level":"0","pokemon_id":"5"}{"order":"","version_group_id":"14","move_id":"163","pokemon_move_method_id":"1","level":"39","pokemon_id":"5"}{"order":"","version_group_id":"14","move_id":"164","pokemon_move_method_id":"4","level":"0","pokemon_id":"5"}{"order":"","version_group_id":"14","move_id":"173","pokemon_move_method_id":"3","level":"0","pokemon_id":"5"}{"order":"","version_group_id":"14","move_id":"182","pokemon_move_method_id":"4","level":"0","pokemon_id":"5"}{"order":"","version_group_id":"14","move_id":"184","pokemon_move_method_id":"1","level":"21","pokemon_id":"5"}{"order":"","version_group_id":"14","move_id":"200","pokemon_move_method_id":"3","level":"0","pokemon_id":"5"}{"order":"","version_group_id":"14","move_id":"207","pokemon_move_method_id":"4","level":"0","pokemon_id":"5"}{"order":"","version_group_id":"14","move_id":"213","pokemon_move_method_id":"4","level":"0","pokemon_id":"5"}{"order":"","version_group_id":"14","move_id":"214","pokemon_move_method_id":"3","level":"0","pokemon_id":"5"}{"order":"","version_group_id":"14","move_id":"216","pokemon_move_method_id":"4","level":"0","pokemon_id":"5"}{"order":"","version_group_id":"14","move_id":"218","pokemon_move_method_id":"4","level":"0","pokemon_id":"5"}{"order":"","version_group_id":"14","move_id":"231","pokemon_move_method_id":"3","level":"0","pokemon_id":"5"}{"order":"","version_group_id":"14","move_id":"237","pokemon_move_method_id":"4","level":"0","pokemon_id":"5"}{"order":"","version_group_id":"14","move_id":"241","pokemon_move_method_id":"4","level":"0","pokemon_id":"5"}{"order":"","version_group_id":"14","move_id":"249","pokemon_move_method_id":"4","level":"0","pokemon_id":"5"}{"order":"","version_group_id":"14","move_id":"257","pokemon_move_method_id":"3","level":"0","pokemon_id":"5"}{"order":"","version_group_id":"14","move_id":"261","pokemon_move_method_id":"4","level":"0","pokemon_id":"5"}{"order":"","version_group_id":"14","move_id":"263","pokemon_move_method_id":"4","level":"0","pokemon_id":"5"}{"order":"","version_group_id":"14","move_id":"280","pokemon_move_method_id":"4","level":"0","pokemon_id":"5"}{"order":"","version_group_id":"14","move_id":"315","pokemon_move_method_id":"4","level":"0","pokemon_id":"5"}{"order":"","version_group_id":"14","move_id":"317","pokemon_move_method_id":"4","level":"0","pokemon_id":"5"}{"order":"","version_group_id":"14","move_id":"332","pokemon_move_method_id":"4","level":"0","pokemon_id":"5"}{"order":"","version_group_id":"14","move_id":"337","pokemon_move_method_id":"4","level":"0","pokemon_id":"5"}{"order":"","version_group_id":"14","move_id":"374","pokemon_move_method_id":"4","level":"0","pokemon_id":"5"}{"order":"","version_group_id":"14","move_id":"421","pokemon_move_method_id":"4","level":"0","pokemon_id":"5"}{"order":"","version_group_id":"14","move_id":"424","pokemon_move_method_id":"1","level":"28","pokemon_id":"5"}{"order":"","version_group_id":"14","move_id":"468","pokemon_move_method_id":"4","level":"0","pokemon_id":"5"}{"order":"","version_group_id":"14","move_id":"481","pokemon_move_method_id":"1","level":"32","pokemon_id":"5"}{"order":"","version_group_id":"14","move_id":"488","pokemon_move_method_id":"4","level":"0","pokemon_id":"5"}{"order":"","version_group_id":"14","move_id":"496","pokemon_move_method_id":"4","level":"0","pokemon_id":"5"}{"order":"","version_group_id":"14","move_id":"497","pokemon_move_method_id":"4","level":"0","pokemon_id":"5"}{"order":"","version_group_id":"14","move_id":"510","pokemon_move_method_id":"4","level":"0","pokemon_id":"5"}{"order":"","version_group_id":"14","move_id":"517","pokemon_move_method_id":"1","level":"54","pokemon_id":"5"}{"order":"","version_group_id":"14","move_id":"519","pokemon_move_method_id":"3","level":"0","pokemon_id":"5"}{"order":"1","version_group_id":"15","move_id":"10","pokemon_move_method_id":"1","level":"1","pokemon_id":"5"}{"order":"","version_group_id":"15","move_id":"14","pokemon_move_method_id":"4","level":"0","pokemon_id":"5"}{"order":"","version_group_id":"15","move_id":"15","pokemon_move_method_id":"4","level":"0","pokemon_id":"5"}{"order":"2","version_group_id":"15","move_id":"45","pokemon_move_method_id":"1","level":"1","pokemon_id":"5"}{"order":"3","version_group_id":"15","move_id":"52","pokemon_move_method_id":"1","level":"1","pokemon_id":"5"}{"order":"","version_group_id":"15","move_id":"52","pokemon_move_method_id":"1","level":"7","pokemon_id":"5"}{"order":"","version_group_id":"15","move_id":"53","pokemon_move_method_id":"1","level":"43","pokemon_id":"5"}{"order":"","version_group_id":"15","move_id":"53","pokemon_move_method_id":"4","level":"0","pokemon_id":"5"}{"order":"","version_group_id":"15","move_id":"70","pokemon_move_method_id":"4","level":"0","pokemon_id":"5"}{"order":"","version_group_id":"15","move_id":"82","pokemon_move_method_id":"1","level":"17","pokemon_id":"5"}{"order":"","version_group_id":"15","move_id":"83","pokemon_move_method_id":"1","level":"50","pokemon_id":"5"}{"order":"","version_group_id":"15","move_id":"91","pokemon_move_method_id":"4","level":"0","pokemon_id":"5"}{"order":"","version_group_id":"15","move_id":"92","pokemon_move_method_id":"4","level":"0","pokemon_id":"5"}{"order":"","version_group_id":"15","move_id":"104","pokemon_move_method_id":"4","level":"0","pokemon_id":"5"}{"order":"","version_group_id":"15","move_id":"108","pokemon_move_method_id":"1","level":"10","pokemon_id":"5"}{"order":"","version_group_id":"15","move_id":"126","pokemon_move_method_id":"4","level":"0","pokemon_id":"5"}{"order":"","version_group_id":"15","move_id":"156","pokemon_move_method_id":"4","level":"0","pokemon_id":"5"}{"order":"","version_group_id":"15","move_id":"157","pokemon_move_method_id":"4","level":"0","pokemon_id":"5"}{"order":"","version_group_id":"15","move_id":"163","pokemon_move_method_id":"1","level":"39","pokemon_id":"5"}{"order":"","version_group_id":"15","move_id":"164","pokemon_move_method_id":"4","level":"0","pokemon_id":"5"}{"order":"","version_group_id":"15","move_id":"182","pokemon_move_method_id":"4","level":"0","pokemon_id":"5"}{"order":"","version_group_id":"15","move_id":"184","pokemon_move_method_id":"1","level":"21","pokemon_id":"5"}{"order":"","version_group_id":"15","move_id":"207","pokemon_move_method_id":"4","level":"0","pokemon_id":"5"}{"order":"","version_group_id":"15","move_id":"213","pokemon_move_method_id":"4","level":"0","pokemon_id":"5"}{"order":"","version_group_id":"15","move_id":"214","pokemon_move_method_id":"4","level":"0","pokemon_id":"5"}{"order":"","version_group_id":"15","move_id":"216","pokemon_move_method_id":"4","level":"0","pokemon_id":"5"}{"order":"","version_group_id":"15","move_id":"218","pokemon_move_method_id":"4","level":"0","pokemon_id":"5"}{"order":"","version_group_id":"15","move_id":"237","pokemon_move_method_id":"4","level":"0","pokemon_id":"5"}{"order":"","version_group_id":"15","move_id":"241","pokemon_move_method_id":"4","level":"0","pokemon_id":"5"}{"order":"","version_group_id":"15","move_id":"249","pokemon_move_method_id":"4","level":"0","pokemon_id":"5"}{"order":"","version_group_id":"15","move_id":"261","pokemon_move_method_id":"4","level":"0","pokemon_id":"5"}{"order":"","version_group_id":"15","move_id":"263","pokemon_move_method_id":"4","level":"0","pokemon_id":"5"}{"order":"","version_group_id":"15","move_id":"280","pokemon_move_method_id":"4","level":"0","pokemon_id":"5"}{"order":"","version_group_id":"15","move_id":"315","pokemon_move_method_id":"4","level":"0","pokemon_id":"5"}{"order":"","version_group_id":"15","move_id":"317","pokemon_move_method_id":"4","level":"0","pokemon_id":"5"}{"order":"","version_group_id":"15","move_id":"332","pokemon_move_method_id":"4","level":"0","pokemon_id":"5"}{"order":"","version_group_id":"15","move_id":"337","pokemon_move_method_id":"4","level":"0","pokemon_id":"5"}{"order":"","version_group_id":"15","move_id":"374","pokemon_move_method_id":"4","level":"0","pokemon_id":"5"}{"order":"","version_group_id":"15","move_id":"421","pokemon_move_method_id":"4","level":"0","pokemon_id":"5"}{"order":"","version_group_id":"15","move_id":"424","pokemon_move_method_id":"1","level":"28","pokemon_id":"5"}{"order":"","version_group_id":"15","move_id":"468","pokemon_move_method_id":"4","level":"0","pokemon_id":"5"}{"order":"","version_group_id":"15","move_id":"481","pokemon_move_method_id":"1","level":"32","pokemon_id":"5"}{"order":"","version_group_id":"15","move_id":"488","pokemon_move_method_id":"4","level":"0","pokemon_id":"5"}{"order":"","version_group_id":"15","move_id":"496","pokemon_move_method_id":"4","level":"0","pokemon_id":"5"}{"order":"","version_group_id":"15","move_id":"497","pokemon_move_method_id":"4","level":"0","pokemon_id":"5"}{"order":"","version_group_id":"15","move_id":"510","pokemon_move_method_id":"4","level":"0","pokemon_id":"5"}{"order":"","version_group_id":"15","move_id":"517","pokemon_move_method_id":"1","level":"54","pokemon_id":"5"}{"order":"","version_group_id":"15","move_id":"519","pokemon_move_method_id":"3","level":"0","pokemon_id":"5"}{"order":"","version_group_id":"15","move_id":"590","pokemon_move_method_id":"4","level":"0","pokemon_id":"5"}{"order":"","version_group_id":"15","move_id":"612","pokemon_move_method_id":"4","level":"0","pokemon_id":"5"}