{"order":"4","version_group_id":"8","move_id":"17","pokemon_move_method_id":"1","level":"1","pokemon_id":"398"}{"order":"","version_group_id":"8","move_id":"17","pokemon_move_method_id":"1","level":"9","pokemon_id":"398"}{"order":"","version_group_id":"8","move_id":"18","pokemon_move_method_id":"1","level":"23","pokemon_id":"398"}{"order":"","version_group_id":"8","move_id":"19","pokemon_move_method_id":"4","level":"0","pokemon_id":"398"}{"order":"1","version_group_id":"8","move_id":"33","pokemon_move_method_id":"1","level":"1","pokemon_id":"398"}{"order":"","version_group_id":"8","move_id":"36","pokemon_move_method_id":"1","level":"33","pokemon_id":"398"}{"order":"2","version_group_id":"8","move_id":"45","pokemon_move_method_id":"1","level":"1","pokemon_id":"398"}{"order":"","version_group_id":"8","move_id":"63","pokemon_move_method_id":"4","level":"0","pokemon_id":"398"}{"order":"","version_group_id":"8","move_id":"92","pokemon_move_method_id":"4","level":"0","pokemon_id":"398"}{"order":"","version_group_id":"8","move_id":"97","pokemon_move_method_id":"1","level":"41","pokemon_id":"398"}{"order":"3","version_group_id":"8","move_id":"98","pokemon_move_method_id":"1","level":"1","pokemon_id":"398"}{"order":"","version_group_id":"8","move_id":"98","pokemon_move_method_id":"1","level":"5","pokemon_id":"398"}{"order":"","version_group_id":"8","move_id":"104","pokemon_move_method_id":"1","level":"13","pokemon_id":"398"}{"order":"","version_group_id":"8","move_id":"104","pokemon_move_method_id":"4","level":"0","pokemon_id":"398"}{"order":"","version_group_id":"8","move_id":"156","pokemon_move_method_id":"4","level":"0","pokemon_id":"398"}{"order":"","version_group_id":"8","move_id":"164","pokemon_move_method_id":"4","level":"0","pokemon_id":"398"}{"order":"","version_group_id":"8","move_id":"168","pokemon_move_method_id":"4","level":"0","pokemon_id":"398"}{"order":"","version_group_id":"8","move_id":"182","pokemon_move_method_id":"4","level":"0","pokemon_id":"398"}{"order":"","version_group_id":"8","move_id":"203","pokemon_move_method_id":"4","level":"0","pokemon_id":"398"}{"order":"","version_group_id":"8","move_id":"207","pokemon_move_method_id":"4","level":"0","pokemon_id":"398"}{"order":"","version_group_id":"8","move_id":"211","pokemon_move_method_id":"4","level":"0","pokemon_id":"398"}{"order":"","version_group_id":"8","move_id":"213","pokemon_move_method_id":"4","level":"0","pokemon_id":"398"}{"order":"","version_group_id":"8","move_id":"214","pokemon_move_method_id":"4","level":"0","pokemon_id":"398"}{"order":"","version_group_id":"8","move_id":"216","pokemon_move_method_id":"4","level":"0","pokemon_id":"398"}{"order":"","version_group_id":"8","move_id":"218","pokemon_move_method_id":"4","level":"0","pokemon_id":"398"}{"order":"","version_group_id":"8","move_id":"237","pokemon_move_method_id":"4","level":"0","pokemon_id":"398"}{"order":"","version_group_id":"8","move_id":"240","pokemon_move_method_id":"4","level":"0","pokemon_id":"398"}{"order":"","version_group_id":"8","move_id":"241","pokemon_move_method_id":"4","level":"0","pokemon_id":"398"}{"order":"","version_group_id":"8","move_id":"263","pokemon_move_method_id":"4","level":"0","pokemon_id":"398"}{"order":"","version_group_id":"8","move_id":"283","pokemon_move_method_id":"1","level":"18","pokemon_id":"398"}{"order":"","version_group_id":"8","move_id":"290","pokemon_move_method_id":"4","level":"0","pokemon_id":"398"}{"order":"","version_group_id":"8","move_id":"332","pokemon_move_method_id":"1","level":"28","pokemon_id":"398"}{"order":"","version_group_id":"8","move_id":"332","pokemon_move_method_id":"4","level":"0","pokemon_id":"398"}{"order":"","version_group_id":"8","move_id":"355","pokemon_move_method_id":"4","level":"0","pokemon_id":"398"}{"order":"","version_group_id":"8","move_id":"363","pokemon_move_method_id":"4","level":"0","pokemon_id":"398"}{"order":"","version_group_id":"8","move_id":"365","pokemon_move_method_id":"4","level":"0","pokemon_id":"398"}{"order":"","version_group_id":"8","move_id":"369","pokemon_move_method_id":"4","level":"0","pokemon_id":"398"}{"order":"","version_group_id":"8","move_id":"370","pokemon_move_method_id":"1","level":"34","pokemon_id":"398"}{"order":"","version_group_id":"8","move_id":"413","pokemon_move_method_id":"1","level":"49","pokemon_id":"398"}{"order":"","version_group_id":"8","move_id":"416","pokemon_move_method_id":"4","level":"0","pokemon_id":"398"}{"order":"","version_group_id":"8","move_id":"432","pokemon_move_method_id":"4","level":"0","pokemon_id":"398"}{"order":"","version_group_id":"8","move_id":"445","pokemon_move_method_id":"4","level":"0","pokemon_id":"398"}{"order":"4","version_group_id":"9","move_id":"17","pokemon_move_method_id":"1","level":"1","pokemon_id":"398"}{"order":"","version_group_id":"9","move_id":"17","pokemon_move_method_id":"1","level":"9","pokemon_id":"398"}{"order":"","version_group_id":"9","move_id":"18","pokemon_move_method_id":"1","level":"23","pokemon_id":"398"}{"order":"","version_group_id":"9","move_id":"19","pokemon_move_method_id":"4","level":"0","pokemon_id":"398"}{"order":"1","version_group_id":"9","move_id":"33","pokemon_move_method_id":"1","level":"1","pokemon_id":"398"}{"order":"","version_group_id":"9","move_id":"36","pokemon_move_method_id":"1","level":"33","pokemon_id":"398"}{"order":"2","version_group_id":"9","move_id":"45","pokemon_move_method_id":"1","level":"1","pokemon_id":"398"}{"order":"","version_group_id":"9","move_id":"63","pokemon_move_method_id":"4","level":"0","pokemon_id":"398"}{"order":"","version_group_id":"9","move_id":"92","pokemon_move_method_id":"4","level":"0","pokemon_id":"398"}{"order":"","version_group_id":"9","move_id":"97","pokemon_move_method_id":"1","level":"41","pokemon_id":"398"}{"order":"3","version_group_id":"9","move_id":"98","pokemon_move_method_id":"1","level":"1","pokemon_id":"398"}{"order":"","version_group_id":"9","move_id":"98","pokemon_move_method_id":"1","level":"5","pokemon_id":"398"}{"order":"","version_group_id":"9","move_id":"104","pokemon_move_method_id":"1","level":"13","pokemon_id":"398"}{"order":"","version_group_id":"9","move_id":"104","pokemon_move_method_id":"4","level":"0","pokemon_id":"398"}{"order":"","version_group_id":"9","move_id":"129","pokemon_move_method_id":"3","level":"0","pokemon_id":"398"}{"order":"","version_group_id":"9","move_id":"156","pokemon_move_method_id":"4","level":"0","pokemon_id":"398"}{"order":"","version_group_id":"9","move_id":"164","pokemon_move_method_id":"4","level":"0","pokemon_id":"398"}{"order":"","version_group_id":"9","move_id":"168","pokemon_move_method_id":"4","level":"0","pokemon_id":"398"}{"order":"","version_group_id":"9","move_id":"173","pokemon_move_method_id":"3","level":"0","pokemon_id":"398"}{"order":"","version_group_id":"9","move_id":"182","pokemon_move_method_id":"4","level":"0","pokemon_id":"398"}{"order":"","version_group_id":"9","move_id":"189","pokemon_move_method_id":"3","level":"0","pokemon_id":"398"}{"order":"","version_group_id":"9","move_id":"203","pokemon_move_method_id":"4","level":"0","pokemon_id":"398"}{"order":"","version_group_id":"9","move_id":"207","pokemon_move_method_id":"4","level":"0","pokemon_id":"398"}{"order":"","version_group_id":"9","move_id":"211","pokemon_move_method_id":"4","level":"0","pokemon_id":"398"}{"order":"","version_group_id":"9","move_id":"213","pokemon_move_method_id":"4","level":"0","pokemon_id":"398"}{"order":"","version_group_id":"9","move_id":"214","pokemon_move_method_id":"4","level":"0","pokemon_id":"398"}{"order":"","version_group_id":"9","move_id":"216","pokemon_move_method_id":"4","level":"0","pokemon_id":"398"}{"order":"","version_group_id":"9","move_id":"218","pokemon_move_method_id":"4","level":"0","pokemon_id":"398"}{"order":"","version_group_id":"9","move_id":"237","pokemon_move_method_id":"4","level":"0","pokemon_id":"398"}{"order":"","version_group_id":"9","move_id":"239","pokemon_move_method_id":"3","level":"0","pokemon_id":"398"}{"order":"","version_group_id":"9","move_id":"240","pokemon_move_method_id":"4","level":"0","pokemon_id":"398"}{"order":"","version_group_id":"9","move_id":"241","pokemon_move_method_id":"4","level":"0","pokemon_id":"398"}{"order":"","version_group_id":"9","move_id":"257","pokemon_move_method_id":"3","level":"0","pokemon_id":"398"}{"order":"","version_group_id":"9","move_id":"263","pokemon_move_method_id":"4","level":"0","pokemon_id":"398"}{"order":"","version_group_id":"9","move_id":"283","pokemon_move_method_id":"1","level":"18","pokemon_id":"398"}{"order":"","version_group_id":"9","move_id":"283","pokemon_move_method_id":"3","level":"0","pokemon_id":"398"}{"order":"","version_group_id":"9","move_id":"290","pokemon_move_method_id":"4","level":"0","pokemon_id":"398"}{"order":"","version_group_id":"9","move_id":"314","pokemon_move_method_id":"3","level":"0","pokemon_id":"398"}{"order":"","version_group_id":"9","move_id":"332","pokemon_move_method_id":"1","level":"28","pokemon_id":"398"}{"order":"","version_group_id":"9","move_id":"332","pokemon_move_method_id":"4","level":"0","pokemon_id":"398"}{"order":"","version_group_id":"9","move_id":"355","pokemon_move_method_id":"4","level":"0","pokemon_id":"398"}{"order":"","version_group_id":"9","move_id":"363","pokemon_move_method_id":"4","level":"0","pokemon_id":"398"}{"order":"","version_group_id":"9","move_id":"365","pokemon_move_method_id":"4","level":"0","pokemon_id":"398"}{"order":"","version_group_id":"9","move_id":"369","pokemon_move_method_id":"4","level":"0","pokemon_id":"398"}{"order":"","version_group_id":"9","move_id":"370","pokemon_move_method_id":"1","level":"34","pokemon_id":"398"}{"order":"","version_group_id":"9","move_id":"413","pokemon_move_method_id":"1","level":"49","pokemon_id":"398"}{"order":"","version_group_id":"9","move_id":"416","pokemon_move_method_id":"4","level":"0","pokemon_id":"398"}{"order":"","version_group_id":"9","move_id":"432","pokemon_move_method_id":"4","level":"0","pokemon_id":"398"}{"order":"","version_group_id":"9","move_id":"445","pokemon_move_method_id":"4","level":"0","pokemon_id":"398"}{"order":"","version_group_id":"9","move_id":"466","pokemon_move_method_id":"3","level":"0","pokemon_id":"398"}{"order":"4","version_group_id":"10","move_id":"17","pokemon_move_method_id":"1","level":"1","pokemon_id":"398"}{"order":"","version_group_id":"10","move_id":"17","pokemon_move_method_id":"1","level":"9","pokemon_id":"398"}{"order":"","version_group_id":"10","move_id":"18","pokemon_move_method_id":"1","level":"23","pokemon_id":"398"}{"order":"","version_group_id":"10","move_id":"19","pokemon_move_method_id":"4","level":"0","pokemon_id":"398"}{"order":"1","version_group_id":"10","move_id":"33","pokemon_move_method_id":"1","level":"1","pokemon_id":"398"}{"order":"","version_group_id":"10","move_id":"36","pokemon_move_method_id":"1","level":"33","pokemon_id":"398"}{"order":"2","version_group_id":"10","move_id":"45","pokemon_move_method_id":"1","level":"1","pokemon_id":"398"}{"order":"","version_group_id":"10","move_id":"63","pokemon_move_method_id":"4","level":"0","pokemon_id":"398"}{"order":"","version_group_id":"10","move_id":"92","pokemon_move_method_id":"4","level":"0","pokemon_id":"398"}{"order":"","version_group_id":"10","move_id":"97","pokemon_move_method_id":"1","level":"41","pokemon_id":"398"}{"order":"3","version_group_id":"10","move_id":"98","pokemon_move_method_id":"1","level":"1","pokemon_id":"398"}{"order":"","version_group_id":"10","move_id":"98","pokemon_move_method_id":"1","level":"5","pokemon_id":"398"}{"order":"","version_group_id":"10","move_id":"104","pokemon_move_method_id":"1","level":"13","pokemon_id":"398"}{"order":"","version_group_id":"10","move_id":"104","pokemon_move_method_id":"4","level":"0","pokemon_id":"398"}{"order":"","version_group_id":"10","move_id":"129","pokemon_move_method_id":"3","level":"0","pokemon_id":"398"}{"order":"","version_group_id":"10","move_id":"143","pokemon_move_method_id":"3","level":"0","pokemon_id":"398"}{"order":"","version_group_id":"10","move_id":"156","pokemon_move_method_id":"4","level":"0","pokemon_id":"398"}{"order":"","version_group_id":"10","move_id":"164","pokemon_move_method_id":"4","level":"0","pokemon_id":"398"}{"order":"","version_group_id":"10","move_id":"168","pokemon_move_method_id":"4","level":"0","pokemon_id":"398"}{"order":"","version_group_id":"10","move_id":"173","pokemon_move_method_id":"3","level":"0","pokemon_id":"398"}{"order":"","version_group_id":"10","move_id":"182","pokemon_move_method_id":"4","level":"0","pokemon_id":"398"}{"order":"","version_group_id":"10","move_id":"189","pokemon_move_method_id":"3","level":"0","pokemon_id":"398"}{"order":"","version_group_id":"10","move_id":"203","pokemon_move_method_id":"4","level":"0","pokemon_id":"398"}{"order":"","version_group_id":"10","move_id":"207","pokemon_move_method_id":"4","level":"0","pokemon_id":"398"}{"order":"","version_group_id":"10","move_id":"211","pokemon_move_method_id":"4","level":"0","pokemon_id":"398"}{"order":"","version_group_id":"10","move_id":"213","pokemon_move_method_id":"4","level":"0","pokemon_id":"398"}{"order":"","version_group_id":"10","move_id":"214","pokemon_move_method_id":"4","level":"0","pokemon_id":"398"}{"order":"","version_group_id":"10","move_id":"216","pokemon_move_method_id":"4","level":"0","pokemon_id":"398"}{"order":"","version_group_id":"10","move_id":"218","pokemon_move_method_id":"4","level":"0","pokemon_id":"398"}{"order":"","version_group_id":"10","move_id":"237","pokemon_move_method_id":"4","level":"0","pokemon_id":"398"}{"order":"","version_group_id":"10","move_id":"239","pokemon_move_method_id":"3","level":"0","pokemon_id":"398"}{"order":"","version_group_id":"10","move_id":"240","pokemon_move_method_id":"4","level":"0","pokemon_id":"398"}{"order":"","version_group_id":"10","move_id":"241","pokemon_move_method_id":"4","level":"0","pokemon_id":"398"}{"order":"","version_group_id":"10","move_id":"257","pokemon_move_method_id":"3","level":"0","pokemon_id":"398"}{"order":"","version_group_id":"10","move_id":"263","pokemon_move_method_id":"4","level":"0","pokemon_id":"398"}{"order":"","version_group_id":"10","move_id":"283","pokemon_move_method_id":"1","level":"18","pokemon_id":"398"}{"order":"","version_group_id":"10","move_id":"283","pokemon_move_method_id":"3","level":"0","pokemon_id":"398"}{"order":"","version_group_id":"10","move_id":"290","pokemon_move_method_id":"4","level":"0","pokemon_id":"398"}{"order":"","version_group_id":"10","move_id":"314","pokemon_move_method_id":"3","level":"0","pokemon_id":"398"}{"order":"","version_group_id":"10","move_id":"332","pokemon_move_method_id":"1","level":"28","pokemon_id":"398"}{"order":"","version_group_id":"10","move_id":"332","pokemon_move_method_id":"4","level":"0","pokemon_id":"398"}{"order":"","version_group_id":"10","move_id":"355","pokemon_move_method_id":"4","level":"0","pokemon_id":"398"}{"order":"","version_group_id":"10","move_id":"363","pokemon_move_method_id":"4","level":"0","pokemon_id":"398"}{"order":"","version_group_id":"10","move_id":"365","pokemon_move_method_id":"4","level":"0","pokemon_id":"398"}{"order":"","version_group_id":"10","move_id":"366","pokemon_move_method_id":"3","level":"0","pokemon_id":"398"}{"order":"","version_group_id":"10","move_id":"369","pokemon_move_method_id":"4","level":"0","pokemon_id":"398"}{"order":"","version_group_id":"10","move_id":"370","pokemon_move_method_id":"1","level":"34","pokemon_id":"398"}{"order":"","version_group_id":"10","move_id":"413","pokemon_move_method_id":"1","level":"49","pokemon_id":"398"}{"order":"","version_group_id":"10","move_id":"416","pokemon_move_method_id":"4","level":"0","pokemon_id":"398"}{"order":"","version_group_id":"10","move_id":"445","pokemon_move_method_id":"4","level":"0","pokemon_id":"398"}{"order":"","version_group_id":"10","move_id":"466","pokemon_move_method_id":"3","level":"0","pokemon_id":"398"}{"order":"4","version_group_id":"11","move_id":"17","pokemon_move_method_id":"1","level":"1","pokemon_id":"398"}{"order":"","version_group_id":"11","move_id":"17","pokemon_move_method_id":"1","level":"9","pokemon_id":"398"}{"order":"","version_group_id":"11","move_id":"18","pokemon_move_method_id":"1","level":"23","pokemon_id":"398"}{"order":"","version_group_id":"11","move_id":"19","pokemon_move_method_id":"4","level":"0","pokemon_id":"398"}{"order":"1","version_group_id":"11","move_id":"33","pokemon_move_method_id":"1","level":"1","pokemon_id":"398"}{"order":"","version_group_id":"11","move_id":"36","pokemon_move_method_id":"1","level":"33","pokemon_id":"398"}{"order":"2","version_group_id":"11","move_id":"45","pokemon_move_method_id":"1","level":"1","pokemon_id":"398"}{"order":"","version_group_id":"11","move_id":"63","pokemon_move_method_id":"4","level":"0","pokemon_id":"398"}{"order":"","version_group_id":"11","move_id":"92","pokemon_move_method_id":"4","level":"0","pokemon_id":"398"}{"order":"","version_group_id":"11","move_id":"97","pokemon_move_method_id":"1","level":"41","pokemon_id":"398"}{"order":"3","version_group_id":"11","move_id":"98","pokemon_move_method_id":"1","level":"1","pokemon_id":"398"}{"order":"","version_group_id":"11","move_id":"98","pokemon_move_method_id":"1","level":"5","pokemon_id":"398"}{"order":"","version_group_id":"11","move_id":"104","pokemon_move_method_id":"1","level":"13","pokemon_id":"398"}{"order":"","version_group_id":"11","move_id":"104","pokemon_move_method_id":"4","level":"0","pokemon_id":"398"}{"order":"","version_group_id":"11","move_id":"156","pokemon_move_method_id":"4","level":"0","pokemon_id":"398"}{"order":"","version_group_id":"11","move_id":"164","pokemon_move_method_id":"4","level":"0","pokemon_id":"398"}{"order":"","version_group_id":"11","move_id":"168","pokemon_move_method_id":"4","level":"0","pokemon_id":"398"}{"order":"","version_group_id":"11","move_id":"182","pokemon_move_method_id":"4","level":"0","pokemon_id":"398"}{"order":"","version_group_id":"11","move_id":"207","pokemon_move_method_id":"4","level":"0","pokemon_id":"398"}{"order":"","version_group_id":"11","move_id":"213","pokemon_move_method_id":"4","level":"0","pokemon_id":"398"}{"order":"","version_group_id":"11","move_id":"216","pokemon_move_method_id":"4","level":"0","pokemon_id":"398"}{"order":"","version_group_id":"11","move_id":"218","pokemon_move_method_id":"4","level":"0","pokemon_id":"398"}{"order":"","version_group_id":"11","move_id":"237","pokemon_move_method_id":"4","level":"0","pokemon_id":"398"}{"order":"","version_group_id":"11","move_id":"240","pokemon_move_method_id":"4","level":"0","pokemon_id":"398"}{"order":"","version_group_id":"11","move_id":"241","pokemon_move_method_id":"4","level":"0","pokemon_id":"398"}{"order":"","version_group_id":"11","move_id":"263","pokemon_move_method_id":"4","level":"0","pokemon_id":"398"}{"order":"","version_group_id":"11","move_id":"283","pokemon_move_method_id":"1","level":"18","pokemon_id":"398"}{"order":"","version_group_id":"11","move_id":"332","pokemon_move_method_id":"1","level":"28","pokemon_id":"398"}{"order":"","version_group_id":"11","move_id":"332","pokemon_move_method_id":"4","level":"0","pokemon_id":"398"}{"order":"","version_group_id":"11","move_id":"365","pokemon_move_method_id":"4","level":"0","pokemon_id":"398"}{"order":"","version_group_id":"11","move_id":"369","pokemon_move_method_id":"4","level":"0","pokemon_id":"398"}{"order":"","version_group_id":"11","move_id":"370","pokemon_move_method_id":"1","level":"34","pokemon_id":"398"}{"order":"","version_group_id":"11","move_id":"413","pokemon_move_method_id":"1","level":"49","pokemon_id":"398"}{"order":"","version_group_id":"11","move_id":"416","pokemon_move_method_id":"4","level":"0","pokemon_id":"398"}{"order":"","version_group_id":"11","move_id":"496","pokemon_move_method_id":"4","level":"0","pokemon_id":"398"}{"order":"","version_group_id":"11","move_id":"497","pokemon_move_method_id":"4","level":"0","pokemon_id":"398"}{"order":"","version_group_id":"11","move_id":"514","pokemon_move_method_id":"4","level":"0","pokemon_id":"398"}{"order":"","version_group_id":"11","move_id":"515","pokemon_move_method_id":"1","level":"57","pokemon_id":"398"}{"order":"","version_group_id":"11","move_id":"526","pokemon_move_method_id":"4","level":"0","pokemon_id":"398"}{"order":"4","version_group_id":"14","move_id":"17","pokemon_move_method_id":"1","level":"1","pokemon_id":"398"}{"order":"","version_group_id":"14","move_id":"17","pokemon_move_method_id":"1","level":"9","pokemon_id":"398"}{"order":"","version_group_id":"14","move_id":"18","pokemon_move_method_id":"1","level":"23","pokemon_id":"398"}{"order":"","version_group_id":"14","move_id":"19","pokemon_move_method_id":"4","level":"0","pokemon_id":"398"}{"order":"1","version_group_id":"14","move_id":"33","pokemon_move_method_id":"1","level":"1","pokemon_id":"398"}{"order":"","version_group_id":"14","move_id":"36","pokemon_move_method_id":"1","level":"33","pokemon_id":"398"}{"order":"2","version_group_id":"14","move_id":"45","pokemon_move_method_id":"1","level":"1","pokemon_id":"398"}{"order":"","version_group_id":"14","move_id":"63","pokemon_move_method_id":"4","level":"0","pokemon_id":"398"}{"order":"","version_group_id":"14","move_id":"92","pokemon_move_method_id":"4","level":"0","pokemon_id":"398"}{"order":"","version_group_id":"14","move_id":"97","pokemon_move_method_id":"1","level":"41","pokemon_id":"398"}{"order":"3","version_group_id":"14","move_id":"98","pokemon_move_method_id":"1","level":"1","pokemon_id":"398"}{"order":"","version_group_id":"14","move_id":"98","pokemon_move_method_id":"1","level":"5","pokemon_id":"398"}{"order":"","version_group_id":"14","move_id":"104","pokemon_move_method_id":"1","level":"13","pokemon_id":"398"}{"order":"","version_group_id":"14","move_id":"104","pokemon_move_method_id":"4","level":"0","pokemon_id":"398"}{"order":"","version_group_id":"14","move_id":"143","pokemon_move_method_id":"3","level":"0","pokemon_id":"398"}{"order":"","version_group_id":"14","move_id":"156","pokemon_move_method_id":"4","level":"0","pokemon_id":"398"}{"order":"","version_group_id":"14","move_id":"164","pokemon_move_method_id":"4","level":"0","pokemon_id":"398"}{"order":"","version_group_id":"14","move_id":"168","pokemon_move_method_id":"4","level":"0","pokemon_id":"398"}{"order":"","version_group_id":"14","move_id":"173","pokemon_move_method_id":"3","level":"0","pokemon_id":"398"}{"order":"","version_group_id":"14","move_id":"182","pokemon_move_method_id":"4","level":"0","pokemon_id":"398"}{"order":"","version_group_id":"14","move_id":"207","pokemon_move_method_id":"4","level":"0","pokemon_id":"398"}{"order":"","version_group_id":"14","move_id":"213","pokemon_move_method_id":"4","level":"0","pokemon_id":"398"}{"order":"","version_group_id":"14","move_id":"214","pokemon_move_method_id":"3","level":"0","pokemon_id":"398"}{"order":"","version_group_id":"14","move_id":"216","pokemon_move_method_id":"4","level":"0","pokemon_id":"398"}{"order":"","version_group_id":"14","move_id":"218","pokemon_move_method_id":"4","level":"0","pokemon_id":"398"}{"order":"","version_group_id":"14","move_id":"237","pokemon_move_method_id":"4","level":"0","pokemon_id":"398"}{"order":"","version_group_id":"14","move_id":"240","pokemon_move_method_id":"4","level":"0","pokemon_id":"398"}{"order":"","version_group_id":"14","move_id":"241","pokemon_move_method_id":"4","level":"0","pokemon_id":"398"}{"order":"","version_group_id":"14","move_id":"257","pokemon_move_method_id":"3","level":"0","pokemon_id":"398"}{"order":"","version_group_id":"14","move_id":"263","pokemon_move_method_id":"4","level":"0","pokemon_id":"398"}{"order":"","version_group_id":"14","move_id":"283","pokemon_move_method_id":"1","level":"18","pokemon_id":"398"}{"order":"","version_group_id":"14","move_id":"283","pokemon_move_method_id":"3","level":"0","pokemon_id":"398"}{"order":"","version_group_id":"14","move_id":"332","pokemon_move_method_id":"1","level":"28","pokemon_id":"398"}{"order":"","version_group_id":"14","move_id":"332","pokemon_move_method_id":"4","level":"0","pokemon_id":"398"}{"order":"","version_group_id":"14","move_id":"355","pokemon_move_method_id":"3","level":"0","pokemon_id":"398"}{"order":"","version_group_id":"14","move_id":"365","pokemon_move_method_id":"4","level":"0","pokemon_id":"398"}{"order":"","version_group_id":"14","move_id":"366","pokemon_move_method_id":"3","level":"0","pokemon_id":"398"}{"order":"","version_group_id":"14","move_id":"369","pokemon_move_method_id":"4","level":"0","pokemon_id":"398"}{"order":"","version_group_id":"14","move_id":"370","pokemon_move_method_id":"1","level":"34","pokemon_id":"398"}{"order":"","version_group_id":"14","move_id":"413","pokemon_move_method_id":"1","level":"49","pokemon_id":"398"}{"order":"","version_group_id":"14","move_id":"416","pokemon_move_method_id":"4","level":"0","pokemon_id":"398"}{"order":"","version_group_id":"14","move_id":"496","pokemon_move_method_id":"4","level":"0","pokemon_id":"398"}{"order":"","version_group_id":"14","move_id":"497","pokemon_move_method_id":"4","level":"0","pokemon_id":"398"}{"order":"","version_group_id":"14","move_id":"514","pokemon_move_method_id":"4","level":"0","pokemon_id":"398"}{"order":"","version_group_id":"14","move_id":"515","pokemon_move_method_id":"1","level":"57","pokemon_id":"398"}{"order":"","version_group_id":"14","move_id":"526","pokemon_move_method_id":"4","level":"0","pokemon_id":"398"}{"order":"4","version_group_id":"15","move_id":"17","pokemon_move_method_id":"1","level":"1","pokemon_id":"398"}{"order":"","version_group_id":"15","move_id":"17","pokemon_move_method_id":"1","level":"9","pokemon_id":"398"}{"order":"","version_group_id":"15","move_id":"18","pokemon_move_method_id":"1","level":"23","pokemon_id":"398"}{"order":"","version_group_id":"15","move_id":"19","pokemon_move_method_id":"4","level":"0","pokemon_id":"398"}{"order":"1","version_group_id":"15","move_id":"33","pokemon_move_method_id":"1","level":"1","pokemon_id":"398"}{"order":"","version_group_id":"15","move_id":"36","pokemon_move_method_id":"1","level":"33","pokemon_id":"398"}{"order":"2","version_group_id":"15","move_id":"45","pokemon_move_method_id":"1","level":"1","pokemon_id":"398"}{"order":"","version_group_id":"15","move_id":"63","pokemon_move_method_id":"4","level":"0","pokemon_id":"398"}{"order":"","version_group_id":"15","move_id":"92","pokemon_move_method_id":"4","level":"0","pokemon_id":"398"}{"order":"","version_group_id":"15","move_id":"97","pokemon_move_method_id":"1","level":"41","pokemon_id":"398"}{"order":"3","version_group_id":"15","move_id":"98","pokemon_move_method_id":"1","level":"1","pokemon_id":"398"}{"order":"","version_group_id":"15","move_id":"98","pokemon_move_method_id":"1","level":"5","pokemon_id":"398"}{"order":"","version_group_id":"15","move_id":"104","pokemon_move_method_id":"1","level":"13","pokemon_id":"398"}{"order":"","version_group_id":"15","move_id":"104","pokemon_move_method_id":"4","level":"0","pokemon_id":"398"}{"order":"","version_group_id":"15","move_id":"156","pokemon_move_method_id":"4","level":"0","pokemon_id":"398"}{"order":"","version_group_id":"15","move_id":"164","pokemon_move_method_id":"4","level":"0","pokemon_id":"398"}{"order":"","version_group_id":"15","move_id":"168","pokemon_move_method_id":"4","level":"0","pokemon_id":"398"}{"order":"","version_group_id":"15","move_id":"182","pokemon_move_method_id":"4","level":"0","pokemon_id":"398"}{"order":"","version_group_id":"15","move_id":"207","pokemon_move_method_id":"4","level":"0","pokemon_id":"398"}{"order":"","version_group_id":"15","move_id":"211","pokemon_move_method_id":"4","level":"0","pokemon_id":"398"}{"order":"","version_group_id":"15","move_id":"213","pokemon_move_method_id":"4","level":"0","pokemon_id":"398"}{"order":"","version_group_id":"15","move_id":"214","pokemon_move_method_id":"4","level":"0","pokemon_id":"398"}{"order":"","version_group_id":"15","move_id":"216","pokemon_move_method_id":"4","level":"0","pokemon_id":"398"}{"order":"","version_group_id":"15","move_id":"218","pokemon_move_method_id":"4","level":"0","pokemon_id":"398"}{"order":"","version_group_id":"15","move_id":"237","pokemon_move_method_id":"4","level":"0","pokemon_id":"398"}{"order":"","version_group_id":"15","move_id":"240","pokemon_move_method_id":"4","level":"0","pokemon_id":"398"}{"order":"","version_group_id":"15","move_id":"241","pokemon_move_method_id":"4","level":"0","pokemon_id":"398"}{"order":"","version_group_id":"15","move_id":"263","pokemon_move_method_id":"4","level":"0","pokemon_id":"398"}{"order":"","version_group_id":"15","move_id":"283","pokemon_move_method_id":"1","level":"18","pokemon_id":"398"}{"order":"","version_group_id":"15","move_id":"332","pokemon_move_method_id":"1","level":"28","pokemon_id":"398"}{"order":"","version_group_id":"15","move_id":"332","pokemon_move_method_id":"4","level":"0","pokemon_id":"398"}{"order":"","version_group_id":"15","move_id":"355","pokemon_move_method_id":"4","level":"0","pokemon_id":"398"}{"order":"","version_group_id":"15","move_id":"369","pokemon_move_method_id":"4","level":"0","pokemon_id":"398"}{"order":"","version_group_id":"15","move_id":"370","pokemon_move_method_id":"1","level":"34","pokemon_id":"398"}{"order":"","version_group_id":"15","move_id":"413","pokemon_move_method_id":"1","level":"49","pokemon_id":"398"}{"order":"","version_group_id":"15","move_id":"416","pokemon_move_method_id":"4","level":"0","pokemon_id":"398"}{"order":"","version_group_id":"15","move_id":"496","pokemon_move_method_id":"4","level":"0","pokemon_id":"398"}{"order":"","version_group_id":"15","move_id":"497","pokemon_move_method_id":"4","level":"0","pokemon_id":"398"}{"order":"","version_group_id":"15","move_id":"514","pokemon_move_method_id":"4","level":"0","pokemon_id":"398"}{"order":"","version_group_id":"15","move_id":"515","pokemon_move_method_id":"1","level":"57","pokemon_id":"398"}{"order":"","version_group_id":"15","move_id":"590","pokemon_move_method_id":"4","level":"0","pokemon_id":"398"}