{"order":"","version_group_id":"5","move_id":"51","pokemon_move_method_id":"1","level":"15","pokemon_id":"345"}{"order":"","version_group_id":"5","move_id":"76","pokemon_move_method_id":"4","level":"0","pokemon_id":"345"}{"order":"","version_group_id":"5","move_id":"92","pokemon_move_method_id":"4","level":"0","pokemon_id":"345"}{"order":"","version_group_id":"5","move_id":"104","pokemon_move_method_id":"4","level":"0","pokemon_id":"345"}{"order":"","version_group_id":"5","move_id":"105","pokemon_move_method_id":"2","level":"0","pokemon_id":"345"}{"order":"","version_group_id":"5","move_id":"109","pokemon_move_method_id":"1","level":"29","pokemon_id":"345"}{"order":"","version_group_id":"5","move_id":"112","pokemon_move_method_id":"2","level":"0","pokemon_id":"345"}{"order":"","version_group_id":"5","move_id":"132","pokemon_move_method_id":"1","level":"8","pokemon_id":"345"}{"order":"","version_group_id":"5","move_id":"133","pokemon_move_method_id":"1","level":"36","pokemon_id":"345"}{"order":"","version_group_id":"5","move_id":"156","pokemon_move_method_id":"4","level":"0","pokemon_id":"345"}{"order":"","version_group_id":"5","move_id":"157","pokemon_move_method_id":"2","level":"0","pokemon_id":"345"}{"order":"","version_group_id":"5","move_id":"182","pokemon_move_method_id":"4","level":"0","pokemon_id":"345"}{"order":"","version_group_id":"5","move_id":"188","pokemon_move_method_id":"4","level":"0","pokemon_id":"345"}{"order":"","version_group_id":"5","move_id":"201","pokemon_move_method_id":"4","level":"0","pokemon_id":"345"}{"order":"","version_group_id":"5","move_id":"202","pokemon_move_method_id":"4","level":"0","pokemon_id":"345"}{"order":"","version_group_id":"5","move_id":"213","pokemon_move_method_id":"4","level":"0","pokemon_id":"345"}{"order":"","version_group_id":"5","move_id":"216","pokemon_move_method_id":"4","level":"0","pokemon_id":"345"}{"order":"","version_group_id":"5","move_id":"218","pokemon_move_method_id":"4","level":"0","pokemon_id":"345"}{"order":"","version_group_id":"5","move_id":"237","pokemon_move_method_id":"4","level":"0","pokemon_id":"345"}{"order":"","version_group_id":"5","move_id":"241","pokemon_move_method_id":"4","level":"0","pokemon_id":"345"}{"order":"","version_group_id":"5","move_id":"243","pokemon_move_method_id":"2","level":"0","pokemon_id":"345"}{"order":"","version_group_id":"5","move_id":"246","pokemon_move_method_id":"1","level":"43","pokemon_id":"345"}{"order":"1","version_group_id":"5","move_id":"254","pokemon_move_method_id":"1","level":"50","pokemon_id":"345"}{"order":"2","version_group_id":"5","move_id":"255","pokemon_move_method_id":"1","level":"50","pokemon_id":"345"}{"order":"3","version_group_id":"5","move_id":"256","pokemon_move_method_id":"1","level":"50","pokemon_id":"345"}{"order":"","version_group_id":"5","move_id":"263","pokemon_move_method_id":"4","level":"0","pokemon_id":"345"}{"order":"","version_group_id":"5","move_id":"275","pokemon_move_method_id":"1","level":"22","pokemon_id":"345"}{"order":"","version_group_id":"5","move_id":"290","pokemon_move_method_id":"4","level":"0","pokemon_id":"345"}{"order":"","version_group_id":"5","move_id":"310","pokemon_move_method_id":"1","level":"1","pokemon_id":"345"}{"order":"","version_group_id":"5","move_id":"331","pokemon_move_method_id":"4","level":"0","pokemon_id":"345"}{"order":"","version_group_id":"6","move_id":"34","pokemon_move_method_id":"3","level":"0","pokemon_id":"345"}{"order":"","version_group_id":"6","move_id":"38","pokemon_move_method_id":"3","level":"0","pokemon_id":"345"}{"order":"","version_group_id":"6","move_id":"51","pokemon_move_method_id":"1","level":"15","pokemon_id":"345"}{"order":"","version_group_id":"6","move_id":"76","pokemon_move_method_id":"4","level":"0","pokemon_id":"345"}{"order":"","version_group_id":"6","move_id":"92","pokemon_move_method_id":"4","level":"0","pokemon_id":"345"}{"order":"","version_group_id":"6","move_id":"102","pokemon_move_method_id":"3","level":"0","pokemon_id":"345"}{"order":"","version_group_id":"6","move_id":"104","pokemon_move_method_id":"4","level":"0","pokemon_id":"345"}{"order":"","version_group_id":"6","move_id":"105","pokemon_move_method_id":"2","level":"0","pokemon_id":"345"}{"order":"","version_group_id":"6","move_id":"109","pokemon_move_method_id":"1","level":"29","pokemon_id":"345"}{"order":"","version_group_id":"6","move_id":"112","pokemon_move_method_id":"2","level":"0","pokemon_id":"345"}{"order":"","version_group_id":"6","move_id":"132","pokemon_move_method_id":"1","level":"8","pokemon_id":"345"}{"order":"","version_group_id":"6","move_id":"133","pokemon_move_method_id":"1","level":"36","pokemon_id":"345"}{"order":"","version_group_id":"6","move_id":"156","pokemon_move_method_id":"4","level":"0","pokemon_id":"345"}{"order":"","version_group_id":"6","move_id":"157","pokemon_move_method_id":"2","level":"0","pokemon_id":"345"}{"order":"","version_group_id":"6","move_id":"157","pokemon_move_method_id":"3","level":"0","pokemon_id":"345"}{"order":"","version_group_id":"6","move_id":"164","pokemon_move_method_id":"3","level":"0","pokemon_id":"345"}{"order":"","version_group_id":"6","move_id":"173","pokemon_move_method_id":"3","level":"0","pokemon_id":"345"}{"order":"","version_group_id":"6","move_id":"182","pokemon_move_method_id":"4","level":"0","pokemon_id":"345"}{"order":"","version_group_id":"6","move_id":"188","pokemon_move_method_id":"4","level":"0","pokemon_id":"345"}{"order":"","version_group_id":"6","move_id":"189","pokemon_move_method_id":"3","level":"0","pokemon_id":"345"}{"order":"","version_group_id":"6","move_id":"201","pokemon_move_method_id":"4","level":"0","pokemon_id":"345"}{"order":"","version_group_id":"6","move_id":"202","pokemon_move_method_id":"4","level":"0","pokemon_id":"345"}{"order":"","version_group_id":"6","move_id":"203","pokemon_move_method_id":"3","level":"0","pokemon_id":"345"}{"order":"","version_group_id":"6","move_id":"207","pokemon_move_method_id":"3","level":"0","pokemon_id":"345"}{"order":"","version_group_id":"6","move_id":"213","pokemon_move_method_id":"4","level":"0","pokemon_id":"345"}{"order":"","version_group_id":"6","move_id":"214","pokemon_move_method_id":"3","level":"0","pokemon_id":"345"}{"order":"","version_group_id":"6","move_id":"216","pokemon_move_method_id":"4","level":"0","pokemon_id":"345"}{"order":"","version_group_id":"6","move_id":"218","pokemon_move_method_id":"4","level":"0","pokemon_id":"345"}{"order":"","version_group_id":"6","move_id":"237","pokemon_move_method_id":"4","level":"0","pokemon_id":"345"}{"order":"","version_group_id":"6","move_id":"241","pokemon_move_method_id":"4","level":"0","pokemon_id":"345"}{"order":"","version_group_id":"6","move_id":"243","pokemon_move_method_id":"2","level":"0","pokemon_id":"345"}{"order":"","version_group_id":"6","move_id":"244","pokemon_move_method_id":"3","level":"0","pokemon_id":"345"}{"order":"","version_group_id":"6","move_id":"246","pokemon_move_method_id":"1","level":"43","pokemon_id":"345"}{"order":"1","version_group_id":"6","move_id":"254","pokemon_move_method_id":"1","level":"50","pokemon_id":"345"}{"order":"2","version_group_id":"6","move_id":"255","pokemon_move_method_id":"1","level":"50","pokemon_id":"345"}{"order":"3","version_group_id":"6","move_id":"256","pokemon_move_method_id":"1","level":"50","pokemon_id":"345"}{"order":"","version_group_id":"6","move_id":"263","pokemon_move_method_id":"4","level":"0","pokemon_id":"345"}{"order":"","version_group_id":"6","move_id":"275","pokemon_move_method_id":"1","level":"22","pokemon_id":"345"}{"order":"","version_group_id":"6","move_id":"290","pokemon_move_method_id":"4","level":"0","pokemon_id":"345"}{"order":"","version_group_id":"6","move_id":"310","pokemon_move_method_id":"1","level":"1","pokemon_id":"345"}{"order":"","version_group_id":"6","move_id":"331","pokemon_move_method_id":"4","level":"0","pokemon_id":"345"}{"order":"","version_group_id":"7","move_id":"34","pokemon_move_method_id":"3","level":"0","pokemon_id":"345"}{"order":"","version_group_id":"7","move_id":"38","pokemon_move_method_id":"3","level":"0","pokemon_id":"345"}{"order":"","version_group_id":"7","move_id":"51","pokemon_move_method_id":"1","level":"15","pokemon_id":"345"}{"order":"","version_group_id":"7","move_id":"76","pokemon_move_method_id":"4","level":"0","pokemon_id":"345"}{"order":"","version_group_id":"7","move_id":"92","pokemon_move_method_id":"4","level":"0","pokemon_id":"345"}{"order":"","version_group_id":"7","move_id":"102","pokemon_move_method_id":"3","level":"0","pokemon_id":"345"}{"order":"","version_group_id":"7","move_id":"104","pokemon_move_method_id":"4","level":"0","pokemon_id":"345"}{"order":"","version_group_id":"7","move_id":"105","pokemon_move_method_id":"2","level":"0","pokemon_id":"345"}{"order":"","version_group_id":"7","move_id":"109","pokemon_move_method_id":"1","level":"29","pokemon_id":"345"}{"order":"","version_group_id":"7","move_id":"112","pokemon_move_method_id":"2","level":"0","pokemon_id":"345"}{"order":"","version_group_id":"7","move_id":"132","pokemon_move_method_id":"1","level":"8","pokemon_id":"345"}{"order":"","version_group_id":"7","move_id":"133","pokemon_move_method_id":"1","level":"36","pokemon_id":"345"}{"order":"","version_group_id":"7","move_id":"156","pokemon_move_method_id":"4","level":"0","pokemon_id":"345"}{"order":"","version_group_id":"7","move_id":"157","pokemon_move_method_id":"2","level":"0","pokemon_id":"345"}{"order":"","version_group_id":"7","move_id":"157","pokemon_move_method_id":"3","level":"0","pokemon_id":"345"}{"order":"","version_group_id":"7","move_id":"164","pokemon_move_method_id":"3","level":"0","pokemon_id":"345"}{"order":"","version_group_id":"7","move_id":"182","pokemon_move_method_id":"4","level":"0","pokemon_id":"345"}{"order":"","version_group_id":"7","move_id":"188","pokemon_move_method_id":"4","level":"0","pokemon_id":"345"}{"order":"","version_group_id":"7","move_id":"201","pokemon_move_method_id":"4","level":"0","pokemon_id":"345"}{"order":"","version_group_id":"7","move_id":"202","pokemon_move_method_id":"4","level":"0","pokemon_id":"345"}{"order":"","version_group_id":"7","move_id":"213","pokemon_move_method_id":"4","level":"0","pokemon_id":"345"}{"order":"","version_group_id":"7","move_id":"216","pokemon_move_method_id":"4","level":"0","pokemon_id":"345"}{"order":"","version_group_id":"7","move_id":"218","pokemon_move_method_id":"4","level":"0","pokemon_id":"345"}{"order":"","version_group_id":"7","move_id":"237","pokemon_move_method_id":"4","level":"0","pokemon_id":"345"}{"order":"","version_group_id":"7","move_id":"241","pokemon_move_method_id":"4","level":"0","pokemon_id":"345"}{"order":"","version_group_id":"7","move_id":"243","pokemon_move_method_id":"2","level":"0","pokemon_id":"345"}{"order":"","version_group_id":"7","move_id":"246","pokemon_move_method_id":"1","level":"43","pokemon_id":"345"}{"order":"1","version_group_id":"7","move_id":"254","pokemon_move_method_id":"1","level":"50","pokemon_id":"345"}{"order":"2","version_group_id":"7","move_id":"255","pokemon_move_method_id":"1","level":"50","pokemon_id":"345"}{"order":"3","version_group_id":"7","move_id":"256","pokemon_move_method_id":"1","level":"50","pokemon_id":"345"}{"order":"","version_group_id":"7","move_id":"263","pokemon_move_method_id":"4","level":"0","pokemon_id":"345"}{"order":"","version_group_id":"7","move_id":"275","pokemon_move_method_id":"1","level":"22","pokemon_id":"345"}{"order":"","version_group_id":"7","move_id":"290","pokemon_move_method_id":"4","level":"0","pokemon_id":"345"}{"order":"","version_group_id":"7","move_id":"310","pokemon_move_method_id":"1","level":"1","pokemon_id":"345"}{"order":"","version_group_id":"7","move_id":"331","pokemon_move_method_id":"4","level":"0","pokemon_id":"345"}{"order":"","version_group_id":"8","move_id":"14","pokemon_move_method_id":"4","level":"0","pokemon_id":"345"}{"order":"","version_group_id":"8","move_id":"51","pokemon_move_method_id":"1","level":"8","pokemon_id":"345"}{"order":"","version_group_id":"8","move_id":"76","pokemon_move_method_id":"4","level":"0","pokemon_id":"345"}{"order":"","version_group_id":"8","move_id":"92","pokemon_move_method_id":"4","level":"0","pokemon_id":"345"}{"order":"","version_group_id":"8","move_id":"104","pokemon_move_method_id":"4","level":"0","pokemon_id":"345"}{"order":"","version_group_id":"8","move_id":"105","pokemon_move_method_id":"2","level":"0","pokemon_id":"345"}{"order":"","version_group_id":"8","move_id":"109","pokemon_move_method_id":"1","level":"22","pokemon_id":"345"}{"order":"","version_group_id":"8","move_id":"112","pokemon_move_method_id":"2","level":"0","pokemon_id":"345"}{"order":"2","version_group_id":"8","move_id":"132","pokemon_move_method_id":"1","level":"1","pokemon_id":"345"}{"order":"","version_group_id":"8","move_id":"133","pokemon_move_method_id":"1","level":"29","pokemon_id":"345"}{"order":"","version_group_id":"8","move_id":"148","pokemon_move_method_id":"4","level":"0","pokemon_id":"345"}{"order":"","version_group_id":"8","move_id":"156","pokemon_move_method_id":"4","level":"0","pokemon_id":"345"}{"order":"","version_group_id":"8","move_id":"157","pokemon_move_method_id":"2","level":"0","pokemon_id":"345"}{"order":"","version_group_id":"8","move_id":"157","pokemon_move_method_id":"4","level":"0","pokemon_id":"345"}{"order":"","version_group_id":"8","move_id":"164","pokemon_move_method_id":"4","level":"0","pokemon_id":"345"}{"order":"","version_group_id":"8","move_id":"182","pokemon_move_method_id":"4","level":"0","pokemon_id":"345"}{"order":"","version_group_id":"8","move_id":"188","pokemon_move_method_id":"4","level":"0","pokemon_id":"345"}{"order":"","version_group_id":"8","move_id":"201","pokemon_move_method_id":"4","level":"0","pokemon_id":"345"}{"order":"","version_group_id":"8","move_id":"202","pokemon_move_method_id":"4","level":"0","pokemon_id":"345"}{"order":"","version_group_id":"8","move_id":"203","pokemon_move_method_id":"4","level":"0","pokemon_id":"345"}{"order":"","version_group_id":"8","move_id":"207","pokemon_move_method_id":"4","level":"0","pokemon_id":"345"}{"order":"","version_group_id":"8","move_id":"213","pokemon_move_method_id":"4","level":"0","pokemon_id":"345"}{"order":"","version_group_id":"8","move_id":"214","pokemon_move_method_id":"4","level":"0","pokemon_id":"345"}{"order":"","version_group_id":"8","move_id":"216","pokemon_move_method_id":"4","level":"0","pokemon_id":"345"}{"order":"","version_group_id":"8","move_id":"218","pokemon_move_method_id":"4","level":"0","pokemon_id":"345"}{"order":"","version_group_id":"8","move_id":"237","pokemon_move_method_id":"4","level":"0","pokemon_id":"345"}{"order":"","version_group_id":"8","move_id":"241","pokemon_move_method_id":"4","level":"0","pokemon_id":"345"}{"order":"","version_group_id":"8","move_id":"243","pokemon_move_method_id":"2","level":"0","pokemon_id":"345"}{"order":"","version_group_id":"8","move_id":"246","pokemon_move_method_id":"1","level":"43","pokemon_id":"345"}{"order":"1","version_group_id":"8","move_id":"254","pokemon_move_method_id":"1","level":"57","pokemon_id":"345"}{"order":"2","version_group_id":"8","move_id":"255","pokemon_move_method_id":"1","level":"57","pokemon_id":"345"}{"order":"3","version_group_id":"8","move_id":"256","pokemon_move_method_id":"1","level":"57","pokemon_id":"345"}{"order":"","version_group_id":"8","move_id":"263","pokemon_move_method_id":"4","level":"0","pokemon_id":"345"}{"order":"","version_group_id":"8","move_id":"275","pokemon_move_method_id":"1","level":"15","pokemon_id":"345"}{"order":"","version_group_id":"8","move_id":"290","pokemon_move_method_id":"4","level":"0","pokemon_id":"345"}{"order":"1","version_group_id":"8","move_id":"310","pokemon_move_method_id":"1","level":"1","pokemon_id":"345"}{"order":"","version_group_id":"8","move_id":"317","pokemon_move_method_id":"4","level":"0","pokemon_id":"345"}{"order":"","version_group_id":"8","move_id":"321","pokemon_move_method_id":"2","level":"0","pokemon_id":"345"}{"order":"","version_group_id":"8","move_id":"331","pokemon_move_method_id":"4","level":"0","pokemon_id":"345"}{"order":"","version_group_id":"8","move_id":"363","pokemon_move_method_id":"4","level":"0","pokemon_id":"345"}{"order":"","version_group_id":"8","move_id":"378","pokemon_move_method_id":"1","level":"64","pokemon_id":"345"}{"order":"","version_group_id":"8","move_id":"378","pokemon_move_method_id":"2","level":"0","pokemon_id":"345"}{"order":"","version_group_id":"8","move_id":"380","pokemon_move_method_id":"1","level":"36","pokemon_id":"345"}{"order":"","version_group_id":"8","move_id":"397","pokemon_move_method_id":"4","level":"0","pokemon_id":"345"}{"order":"","version_group_id":"8","move_id":"412","pokemon_move_method_id":"1","level":"50","pokemon_id":"345"}{"order":"","version_group_id":"8","move_id":"412","pokemon_move_method_id":"4","level":"0","pokemon_id":"345"}{"order":"","version_group_id":"8","move_id":"445","pokemon_move_method_id":"4","level":"0","pokemon_id":"345"}{"order":"","version_group_id":"8","move_id":"446","pokemon_move_method_id":"4","level":"0","pokemon_id":"345"}{"order":"","version_group_id":"8","move_id":"447","pokemon_move_method_id":"4","level":"0","pokemon_id":"345"}{"order":"","version_group_id":"9","move_id":"14","pokemon_move_method_id":"4","level":"0","pokemon_id":"345"}{"order":"","version_group_id":"9","move_id":"51","pokemon_move_method_id":"1","level":"8","pokemon_id":"345"}{"order":"","version_group_id":"9","move_id":"76","pokemon_move_method_id":"4","level":"0","pokemon_id":"345"}{"order":"","version_group_id":"9","move_id":"92","pokemon_move_method_id":"4","level":"0","pokemon_id":"345"}{"order":"","version_group_id":"9","move_id":"104","pokemon_move_method_id":"4","level":"0","pokemon_id":"345"}{"order":"","version_group_id":"9","move_id":"105","pokemon_move_method_id":"2","level":"0","pokemon_id":"345"}{"order":"","version_group_id":"9","move_id":"109","pokemon_move_method_id":"1","level":"22","pokemon_id":"345"}{"order":"","version_group_id":"9","move_id":"112","pokemon_move_method_id":"2","level":"0","pokemon_id":"345"}{"order":"2","version_group_id":"9","move_id":"132","pokemon_move_method_id":"1","level":"1","pokemon_id":"345"}{"order":"","version_group_id":"9","move_id":"133","pokemon_move_method_id":"1","level":"29","pokemon_id":"345"}{"order":"","version_group_id":"9","move_id":"148","pokemon_move_method_id":"4","level":"0","pokemon_id":"345"}{"order":"","version_group_id":"9","move_id":"156","pokemon_move_method_id":"4","level":"0","pokemon_id":"345"}{"order":"","version_group_id":"9","move_id":"157","pokemon_move_method_id":"2","level":"0","pokemon_id":"345"}{"order":"","version_group_id":"9","move_id":"157","pokemon_move_method_id":"4","level":"0","pokemon_id":"345"}{"order":"","version_group_id":"9","move_id":"164","pokemon_move_method_id":"4","level":"0","pokemon_id":"345"}{"order":"","version_group_id":"9","move_id":"173","pokemon_move_method_id":"3","level":"0","pokemon_id":"345"}{"order":"","version_group_id":"9","move_id":"182","pokemon_move_method_id":"4","level":"0","pokemon_id":"345"}{"order":"","version_group_id":"9","move_id":"188","pokemon_move_method_id":"4","level":"0","pokemon_id":"345"}{"order":"","version_group_id":"9","move_id":"189","pokemon_move_method_id":"3","level":"0","pokemon_id":"345"}{"order":"","version_group_id":"9","move_id":"201","pokemon_move_method_id":"4","level":"0","pokemon_id":"345"}{"order":"","version_group_id":"9","move_id":"202","pokemon_move_method_id":"4","level":"0","pokemon_id":"345"}{"order":"","version_group_id":"9","move_id":"203","pokemon_move_method_id":"4","level":"0","pokemon_id":"345"}{"order":"","version_group_id":"9","move_id":"207","pokemon_move_method_id":"4","level":"0","pokemon_id":"345"}{"order":"","version_group_id":"9","move_id":"213","pokemon_move_method_id":"4","level":"0","pokemon_id":"345"}{"order":"","version_group_id":"9","move_id":"214","pokemon_move_method_id":"4","level":"0","pokemon_id":"345"}{"order":"","version_group_id":"9","move_id":"216","pokemon_move_method_id":"4","level":"0","pokemon_id":"345"}{"order":"","version_group_id":"9","move_id":"218","pokemon_move_method_id":"4","level":"0","pokemon_id":"345"}{"order":"","version_group_id":"9","move_id":"235","pokemon_move_method_id":"3","level":"0","pokemon_id":"345"}{"order":"","version_group_id":"9","move_id":"237","pokemon_move_method_id":"4","level":"0","pokemon_id":"345"}{"order":"","version_group_id":"9","move_id":"241","pokemon_move_method_id":"4","level":"0","pokemon_id":"345"}{"order":"","version_group_id":"9","move_id":"243","pokemon_move_method_id":"2","level":"0","pokemon_id":"345"}{"order":"","version_group_id":"9","move_id":"246","pokemon_move_method_id":"1","level":"43","pokemon_id":"345"}{"order":"","version_group_id":"9","move_id":"246","pokemon_move_method_id":"3","level":"0","pokemon_id":"345"}{"order":"1","version_group_id":"9","move_id":"254","pokemon_move_method_id":"1","level":"57","pokemon_id":"345"}{"order":"2","version_group_id":"9","move_id":"255","pokemon_move_method_id":"1","level":"57","pokemon_id":"345"}{"order":"3","version_group_id":"9","move_id":"256","pokemon_move_method_id":"1","level":"57","pokemon_id":"345"}{"order":"","version_group_id":"9","move_id":"263","pokemon_move_method_id":"4","level":"0","pokemon_id":"345"}{"order":"","version_group_id":"9","move_id":"275","pokemon_move_method_id":"1","level":"15","pokemon_id":"345"}{"order":"","version_group_id":"9","move_id":"290","pokemon_move_method_id":"4","level":"0","pokemon_id":"345"}{"order":"1","version_group_id":"9","move_id":"310","pokemon_move_method_id":"1","level":"1","pokemon_id":"345"}{"order":"","version_group_id":"9","move_id":"317","pokemon_move_method_id":"4","level":"0","pokemon_id":"345"}{"order":"","version_group_id":"9","move_id":"321","pokemon_move_method_id":"2","level":"0","pokemon_id":"345"}{"order":"","version_group_id":"9","move_id":"331","pokemon_move_method_id":"4","level":"0","pokemon_id":"345"}{"order":"","version_group_id":"9","move_id":"363","pokemon_move_method_id":"4","level":"0","pokemon_id":"345"}{"order":"","version_group_id":"9","move_id":"378","pokemon_move_method_id":"1","level":"64","pokemon_id":"345"}{"order":"","version_group_id":"9","move_id":"378","pokemon_move_method_id":"2","level":"0","pokemon_id":"345"}{"order":"","version_group_id":"9","move_id":"380","pokemon_move_method_id":"1","level":"36","pokemon_id":"345"}{"order":"","version_group_id":"9","move_id":"380","pokemon_move_method_id":"3","level":"0","pokemon_id":"345"}{"order":"","version_group_id":"9","move_id":"397","pokemon_move_method_id":"4","level":"0","pokemon_id":"345"}{"order":"","version_group_id":"9","move_id":"402","pokemon_move_method_id":"3","level":"0","pokemon_id":"345"}{"order":"","version_group_id":"9","move_id":"412","pokemon_move_method_id":"1","level":"50","pokemon_id":"345"}{"order":"","version_group_id":"9","move_id":"412","pokemon_move_method_id":"4","level":"0","pokemon_id":"345"}{"order":"","version_group_id":"9","move_id":"414","pokemon_move_method_id":"3","level":"0","pokemon_id":"345"}{"order":"","version_group_id":"9","move_id":"445","pokemon_move_method_id":"4","level":"0","pokemon_id":"345"}{"order":"","version_group_id":"9","move_id":"446","pokemon_move_method_id":"4","level":"0","pokemon_id":"345"}{"order":"","version_group_id":"9","move_id":"447","pokemon_move_method_id":"4","level":"0","pokemon_id":"345"}{"order":"","version_group_id":"10","move_id":"14","pokemon_move_method_id":"4","level":"0","pokemon_id":"345"}{"order":"","version_group_id":"10","move_id":"51","pokemon_move_method_id":"1","level":"8","pokemon_id":"345"}{"order":"","version_group_id":"10","move_id":"76","pokemon_move_method_id":"4","level":"0","pokemon_id":"345"}{"order":"","version_group_id":"10","move_id":"81","pokemon_move_method_id":"3","level":"0","pokemon_id":"345"}{"order":"","version_group_id":"10","move_id":"92","pokemon_move_method_id":"4","level":"0","pokemon_id":"345"}{"order":"","version_group_id":"10","move_id":"104","pokemon_move_method_id":"4","level":"0","pokemon_id":"345"}{"order":"","version_group_id":"10","move_id":"105","pokemon_move_method_id":"2","level":"0","pokemon_id":"345"}{"order":"","version_group_id":"10","move_id":"109","pokemon_move_method_id":"1","level":"22","pokemon_id":"345"}{"order":"","version_group_id":"10","move_id":"112","pokemon_move_method_id":"2","level":"0","pokemon_id":"345"}{"order":"2","version_group_id":"10","move_id":"132","pokemon_move_method_id":"1","level":"1","pokemon_id":"345"}{"order":"","version_group_id":"10","move_id":"133","pokemon_move_method_id":"1","level":"29","pokemon_id":"345"}{"order":"","version_group_id":"10","move_id":"148","pokemon_move_method_id":"4","level":"0","pokemon_id":"345"}{"order":"","version_group_id":"10","move_id":"156","pokemon_move_method_id":"4","level":"0","pokemon_id":"345"}{"order":"","version_group_id":"10","move_id":"157","pokemon_move_method_id":"2","level":"0","pokemon_id":"345"}{"order":"","version_group_id":"10","move_id":"157","pokemon_move_method_id":"4","level":"0","pokemon_id":"345"}{"order":"","version_group_id":"10","move_id":"164","pokemon_move_method_id":"4","level":"0","pokemon_id":"345"}{"order":"","version_group_id":"10","move_id":"173","pokemon_move_method_id":"3","level":"0","pokemon_id":"345"}{"order":"","version_group_id":"10","move_id":"174","pokemon_move_method_id":"2","level":"0","pokemon_id":"345"}{"order":"","version_group_id":"10","move_id":"182","pokemon_move_method_id":"4","level":"0","pokemon_id":"345"}{"order":"","version_group_id":"10","move_id":"188","pokemon_move_method_id":"4","level":"0","pokemon_id":"345"}{"order":"","version_group_id":"10","move_id":"189","pokemon_move_method_id":"3","level":"0","pokemon_id":"345"}{"order":"","version_group_id":"10","move_id":"201","pokemon_move_method_id":"4","level":"0","pokemon_id":"345"}{"order":"","version_group_id":"10","move_id":"202","pokemon_move_method_id":"4","level":"0","pokemon_id":"345"}{"order":"","version_group_id":"10","move_id":"203","pokemon_move_method_id":"4","level":"0","pokemon_id":"345"}{"order":"","version_group_id":"10","move_id":"207","pokemon_move_method_id":"4","level":"0","pokemon_id":"345"}{"order":"","version_group_id":"10","move_id":"213","pokemon_move_method_id":"4","level":"0","pokemon_id":"345"}{"order":"","version_group_id":"10","move_id":"214","pokemon_move_method_id":"4","level":"0","pokemon_id":"345"}{"order":"","version_group_id":"10","move_id":"216","pokemon_move_method_id":"4","level":"0","pokemon_id":"345"}{"order":"","version_group_id":"10","move_id":"218","pokemon_move_method_id":"4","level":"0","pokemon_id":"345"}{"order":"","version_group_id":"10","move_id":"220","pokemon_move_method_id":"3","level":"0","pokemon_id":"345"}{"order":"","version_group_id":"10","move_id":"235","pokemon_move_method_id":"3","level":"0","pokemon_id":"345"}{"order":"","version_group_id":"10","move_id":"237","pokemon_move_method_id":"4","level":"0","pokemon_id":"345"}{"order":"","version_group_id":"10","move_id":"241","pokemon_move_method_id":"4","level":"0","pokemon_id":"345"}{"order":"","version_group_id":"10","move_id":"243","pokemon_move_method_id":"2","level":"0","pokemon_id":"345"}{"order":"","version_group_id":"10","move_id":"246","pokemon_move_method_id":"1","level":"43","pokemon_id":"345"}{"order":"","version_group_id":"10","move_id":"246","pokemon_move_method_id":"3","level":"0","pokemon_id":"345"}{"order":"1","version_group_id":"10","move_id":"254","pokemon_move_method_id":"1","level":"57","pokemon_id":"345"}{"order":"2","version_group_id":"10","move_id":"255","pokemon_move_method_id":"1","level":"57","pokemon_id":"345"}{"order":"3","version_group_id":"10","move_id":"256","pokemon_move_method_id":"1","level":"57","pokemon_id":"345"}{"order":"","version_group_id":"10","move_id":"263","pokemon_move_method_id":"4","level":"0","pokemon_id":"345"}{"order":"","version_group_id":"10","move_id":"275","pokemon_move_method_id":"1","level":"15","pokemon_id":"345"}{"order":"","version_group_id":"10","move_id":"290","pokemon_move_method_id":"4","level":"0","pokemon_id":"345"}{"order":"1","version_group_id":"10","move_id":"310","pokemon_move_method_id":"1","level":"1","pokemon_id":"345"}{"order":"","version_group_id":"10","move_id":"317","pokemon_move_method_id":"4","level":"0","pokemon_id":"345"}{"order":"","version_group_id":"10","move_id":"321","pokemon_move_method_id":"2","level":"0","pokemon_id":"345"}{"order":"","version_group_id":"10","move_id":"331","pokemon_move_method_id":"4","level":"0","pokemon_id":"345"}{"order":"","version_group_id":"10","move_id":"363","pokemon_move_method_id":"4","level":"0","pokemon_id":"345"}{"order":"","version_group_id":"10","move_id":"378","pokemon_move_method_id":"1","level":"64","pokemon_id":"345"}{"order":"","version_group_id":"10","move_id":"378","pokemon_move_method_id":"2","level":"0","pokemon_id":"345"}{"order":"","version_group_id":"10","move_id":"380","pokemon_move_method_id":"1","level":"36","pokemon_id":"345"}{"order":"","version_group_id":"10","move_id":"380","pokemon_move_method_id":"3","level":"0","pokemon_id":"345"}{"order":"","version_group_id":"10","move_id":"388","pokemon_move_method_id":"3","level":"0","pokemon_id":"345"}{"order":"","version_group_id":"10","move_id":"397","pokemon_move_method_id":"4","level":"0","pokemon_id":"345"}{"order":"","version_group_id":"10","move_id":"402","pokemon_move_method_id":"3","level":"0","pokemon_id":"345"}{"order":"","version_group_id":"10","move_id":"412","pokemon_move_method_id":"1","level":"50","pokemon_id":"345"}{"order":"","version_group_id":"10","move_id":"412","pokemon_move_method_id":"4","level":"0","pokemon_id":"345"}{"order":"","version_group_id":"10","move_id":"414","pokemon_move_method_id":"3","level":"0","pokemon_id":"345"}{"order":"","version_group_id":"10","move_id":"445","pokemon_move_method_id":"4","level":"0","pokemon_id":"345"}{"order":"","version_group_id":"10","move_id":"446","pokemon_move_method_id":"4","level":"0","pokemon_id":"345"}{"order":"","version_group_id":"10","move_id":"447","pokemon_move_method_id":"4","level":"0","pokemon_id":"345"}{"order":"","version_group_id":"11","move_id":"14","pokemon_move_method_id":"4","level":"0","pokemon_id":"345"}{"order":"","version_group_id":"11","move_id":"51","pokemon_move_method_id":"1","level":"8","pokemon_id":"345"}{"order":"","version_group_id":"11","move_id":"72","pokemon_move_method_id":"2","level":"0","pokemon_id":"345"}{"order":"","version_group_id":"11","move_id":"76","pokemon_move_method_id":"4","level":"0","pokemon_id":"345"}{"order":"","version_group_id":"11","move_id":"92","pokemon_move_method_id":"4","level":"0","pokemon_id":"345"}{"order":"","version_group_id":"11","move_id":"104","pokemon_move_method_id":"4","level":"0","pokemon_id":"345"}{"order":"","version_group_id":"11","move_id":"105","pokemon_move_method_id":"2","level":"0","pokemon_id":"345"}{"order":"","version_group_id":"11","move_id":"109","pokemon_move_method_id":"1","level":"22","pokemon_id":"345"}{"order":"","version_group_id":"11","move_id":"112","pokemon_move_method_id":"2","level":"0","pokemon_id":"345"}{"order":"2","version_group_id":"11","move_id":"132","pokemon_move_method_id":"1","level":"1","pokemon_id":"345"}{"order":"","version_group_id":"11","move_id":"133","pokemon_move_method_id":"1","level":"29","pokemon_id":"345"}{"order":"","version_group_id":"11","move_id":"148","pokemon_move_method_id":"4","level":"0","pokemon_id":"345"}{"order":"","version_group_id":"11","move_id":"156","pokemon_move_method_id":"4","level":"0","pokemon_id":"345"}{"order":"","version_group_id":"11","move_id":"157","pokemon_move_method_id":"4","level":"0","pokemon_id":"345"}{"order":"","version_group_id":"11","move_id":"164","pokemon_move_method_id":"4","level":"0","pokemon_id":"345"}{"order":"","version_group_id":"11","move_id":"174","pokemon_move_method_id":"2","level":"0","pokemon_id":"345"}{"order":"","version_group_id":"11","move_id":"182","pokemon_move_method_id":"4","level":"0","pokemon_id":"345"}{"order":"","version_group_id":"11","move_id":"188","pokemon_move_method_id":"4","level":"0","pokemon_id":"345"}{"order":"","version_group_id":"11","move_id":"201","pokemon_move_method_id":"4","level":"0","pokemon_id":"345"}{"order":"","version_group_id":"11","move_id":"203","pokemon_move_method_id":"2","level":"0","pokemon_id":"345"}{"order":"","version_group_id":"11","move_id":"207","pokemon_move_method_id":"4","level":"0","pokemon_id":"345"}{"order":"","version_group_id":"11","move_id":"213","pokemon_move_method_id":"4","level":"0","pokemon_id":"345"}{"order":"","version_group_id":"11","move_id":"216","pokemon_move_method_id":"4","level":"0","pokemon_id":"345"}{"order":"","version_group_id":"11","move_id":"218","pokemon_move_method_id":"4","level":"0","pokemon_id":"345"}{"order":"","version_group_id":"11","move_id":"237","pokemon_move_method_id":"4","level":"0","pokemon_id":"345"}{"order":"","version_group_id":"11","move_id":"241","pokemon_move_method_id":"4","level":"0","pokemon_id":"345"}{"order":"","version_group_id":"11","move_id":"243","pokemon_move_method_id":"2","level":"0","pokemon_id":"345"}{"order":"","version_group_id":"11","move_id":"246","pokemon_move_method_id":"1","level":"43","pokemon_id":"345"}{"order":"1","version_group_id":"11","move_id":"254","pokemon_move_method_id":"1","level":"57","pokemon_id":"345"}{"order":"2","version_group_id":"11","move_id":"255","pokemon_move_method_id":"1","level":"57","pokemon_id":"345"}{"order":"3","version_group_id":"11","move_id":"256","pokemon_move_method_id":"1","level":"57","pokemon_id":"345"}{"order":"","version_group_id":"11","move_id":"263","pokemon_move_method_id":"4","level":"0","pokemon_id":"345"}{"order":"","version_group_id":"11","move_id":"275","pokemon_move_method_id":"1","level":"15","pokemon_id":"345"}{"order":"1","version_group_id":"11","move_id":"310","pokemon_move_method_id":"1","level":"1","pokemon_id":"345"}{"order":"","version_group_id":"11","move_id":"317","pokemon_move_method_id":"4","level":"0","pokemon_id":"345"}{"order":"","version_group_id":"11","move_id":"321","pokemon_move_method_id":"2","level":"0","pokemon_id":"345"}{"order":"","version_group_id":"11","move_id":"378","pokemon_move_method_id":"1","level":"64","pokemon_id":"345"}{"order":"","version_group_id":"11","move_id":"378","pokemon_move_method_id":"2","level":"0","pokemon_id":"345"}{"order":"","version_group_id":"11","move_id":"380","pokemon_move_method_id":"1","level":"36","pokemon_id":"345"}{"order":"","version_group_id":"11","move_id":"397","pokemon_move_method_id":"4","level":"0","pokemon_id":"345"}{"order":"","version_group_id":"11","move_id":"412","pokemon_move_method_id":"1","level":"50","pokemon_id":"345"}{"order":"","version_group_id":"11","move_id":"412","pokemon_move_method_id":"4","level":"0","pokemon_id":"345"}{"order":"","version_group_id":"11","move_id":"446","pokemon_move_method_id":"2","level":"0","pokemon_id":"345"}{"order":"","version_group_id":"11","move_id":"447","pokemon_move_method_id":"4","level":"0","pokemon_id":"345"}{"order":"","version_group_id":"11","move_id":"479","pokemon_move_method_id":"4","level":"0","pokemon_id":"345"}{"order":"","version_group_id":"11","move_id":"496","pokemon_move_method_id":"4","level":"0","pokemon_id":"345"}{"order":"","version_group_id":"12","move_id":"51","pokemon_move_method_id":"1","level":"15","pokemon_id":"345"}{"order":"","version_group_id":"12","move_id":"76","pokemon_move_method_id":"4","level":"0","pokemon_id":"345"}{"order":"","version_group_id":"12","move_id":"92","pokemon_move_method_id":"4","level":"0","pokemon_id":"345"}{"order":"","version_group_id":"12","move_id":"104","pokemon_move_method_id":"4","level":"0","pokemon_id":"345"}{"order":"","version_group_id":"12","move_id":"109","pokemon_move_method_id":"1","level":"29","pokemon_id":"345"}{"order":"","version_group_id":"12","move_id":"132","pokemon_move_method_id":"1","level":"8","pokemon_id":"345"}{"order":"","version_group_id":"12","move_id":"133","pokemon_move_method_id":"1","level":"36","pokemon_id":"345"}{"order":"","version_group_id":"12","move_id":"156","pokemon_move_method_id":"4","level":"0","pokemon_id":"345"}{"order":"","version_group_id":"12","move_id":"182","pokemon_move_method_id":"4","level":"0","pokemon_id":"345"}{"order":"","version_group_id":"12","move_id":"188","pokemon_move_method_id":"4","level":"0","pokemon_id":"345"}{"order":"","version_group_id":"12","move_id":"201","pokemon_move_method_id":"4","level":"0","pokemon_id":"345"}{"order":"","version_group_id":"12","move_id":"202","pokemon_move_method_id":"4","level":"0","pokemon_id":"345"}{"order":"","version_group_id":"12","move_id":"213","pokemon_move_method_id":"4","level":"0","pokemon_id":"345"}{"order":"","version_group_id":"12","move_id":"216","pokemon_move_method_id":"4","level":"0","pokemon_id":"345"}{"order":"","version_group_id":"12","move_id":"218","pokemon_move_method_id":"4","level":"0","pokemon_id":"345"}{"order":"","version_group_id":"12","move_id":"237","pokemon_move_method_id":"4","level":"0","pokemon_id":"345"}{"order":"","version_group_id":"12","move_id":"241","pokemon_move_method_id":"4","level":"0","pokemon_id":"345"}{"order":"","version_group_id":"12","move_id":"246","pokemon_move_method_id":"1","level":"43","pokemon_id":"345"}{"order":"1","version_group_id":"12","move_id":"254","pokemon_move_method_id":"1","level":"50","pokemon_id":"345"}{"order":"2","version_group_id":"12","move_id":"255","pokemon_move_method_id":"1","level":"50","pokemon_id":"345"}{"order":"3","version_group_id":"12","move_id":"256","pokemon_move_method_id":"1","level":"50","pokemon_id":"345"}{"order":"","version_group_id":"12","move_id":"263","pokemon_move_method_id":"4","level":"0","pokemon_id":"345"}{"order":"","version_group_id":"12","move_id":"275","pokemon_move_method_id":"1","level":"22","pokemon_id":"345"}{"order":"","version_group_id":"12","move_id":"290","pokemon_move_method_id":"4","level":"0","pokemon_id":"345"}{"order":"","version_group_id":"12","move_id":"310","pokemon_move_method_id":"1","level":"1","pokemon_id":"345"}{"order":"","version_group_id":"12","move_id":"331","pokemon_move_method_id":"4","level":"0","pokemon_id":"345"}{"order":"","version_group_id":"13","move_id":"34","pokemon_move_method_id":"3","level":"0","pokemon_id":"345"}{"order":"","version_group_id":"13","move_id":"38","pokemon_move_method_id":"3","level":"0","pokemon_id":"345"}{"order":"","version_group_id":"13","move_id":"51","pokemon_move_method_id":"1","level":"15","pokemon_id":"345"}{"order":"","version_group_id":"13","move_id":"76","pokemon_move_method_id":"4","level":"0","pokemon_id":"345"}{"order":"","version_group_id":"13","move_id":"92","pokemon_move_method_id":"4","level":"0","pokemon_id":"345"}{"order":"","version_group_id":"13","move_id":"102","pokemon_move_method_id":"3","level":"0","pokemon_id":"345"}{"order":"","version_group_id":"13","move_id":"104","pokemon_move_method_id":"4","level":"0","pokemon_id":"345"}{"order":"","version_group_id":"13","move_id":"109","pokemon_move_method_id":"1","level":"29","pokemon_id":"345"}{"order":"","version_group_id":"13","move_id":"132","pokemon_move_method_id":"1","level":"8","pokemon_id":"345"}{"order":"","version_group_id":"13","move_id":"133","pokemon_move_method_id":"1","level":"36","pokemon_id":"345"}{"order":"","version_group_id":"13","move_id":"156","pokemon_move_method_id":"4","level":"0","pokemon_id":"345"}{"order":"","version_group_id":"13","move_id":"164","pokemon_move_method_id":"3","level":"0","pokemon_id":"345"}{"order":"","version_group_id":"13","move_id":"182","pokemon_move_method_id":"4","level":"0","pokemon_id":"345"}{"order":"","version_group_id":"13","move_id":"188","pokemon_move_method_id":"4","level":"0","pokemon_id":"345"}{"order":"","version_group_id":"13","move_id":"201","pokemon_move_method_id":"4","level":"0","pokemon_id":"345"}{"order":"","version_group_id":"13","move_id":"202","pokemon_move_method_id":"4","level":"0","pokemon_id":"345"}{"order":"","version_group_id":"13","move_id":"207","pokemon_move_method_id":"3","level":"0","pokemon_id":"345"}{"order":"","version_group_id":"13","move_id":"213","pokemon_move_method_id":"4","level":"0","pokemon_id":"345"}{"order":"","version_group_id":"13","move_id":"216","pokemon_move_method_id":"4","level":"0","pokemon_id":"345"}{"order":"","version_group_id":"13","move_id":"218","pokemon_move_method_id":"4","level":"0","pokemon_id":"345"}{"order":"","version_group_id":"13","move_id":"237","pokemon_move_method_id":"4","level":"0","pokemon_id":"345"}{"order":"","version_group_id":"13","move_id":"241","pokemon_move_method_id":"4","level":"0","pokemon_id":"345"}{"order":"","version_group_id":"13","move_id":"246","pokemon_move_method_id":"1","level":"43","pokemon_id":"345"}{"order":"1","version_group_id":"13","move_id":"254","pokemon_move_method_id":"1","level":"50","pokemon_id":"345"}{"order":"2","version_group_id":"13","move_id":"255","pokemon_move_method_id":"1","level":"50","pokemon_id":"345"}{"order":"3","version_group_id":"13","move_id":"256","pokemon_move_method_id":"1","level":"50","pokemon_id":"345"}{"order":"","version_group_id":"13","move_id":"263","pokemon_move_method_id":"4","level":"0","pokemon_id":"345"}{"order":"","version_group_id":"13","move_id":"275","pokemon_move_method_id":"1","level":"22","pokemon_id":"345"}{"order":"","version_group_id":"13","move_id":"290","pokemon_move_method_id":"4","level":"0","pokemon_id":"345"}{"order":"","version_group_id":"13","move_id":"310","pokemon_move_method_id":"1","level":"1","pokemon_id":"345"}{"order":"","version_group_id":"13","move_id":"331","pokemon_move_method_id":"4","level":"0","pokemon_id":"345"}{"order":"","version_group_id":"14","move_id":"14","pokemon_move_method_id":"4","level":"0","pokemon_id":"345"}{"order":"","version_group_id":"14","move_id":"20","pokemon_move_method_id":"3","level":"0","pokemon_id":"345"}{"order":"","version_group_id":"14","move_id":"51","pokemon_move_method_id":"1","level":"8","pokemon_id":"345"}{"order":"","version_group_id":"14","move_id":"72","pokemon_move_method_id":"2","level":"0","pokemon_id":"345"}{"order":"","version_group_id":"14","move_id":"76","pokemon_move_method_id":"4","level":"0","pokemon_id":"345"}{"order":"","version_group_id":"14","move_id":"92","pokemon_move_method_id":"4","level":"0","pokemon_id":"345"}{"order":"","version_group_id":"14","move_id":"104","pokemon_move_method_id":"4","level":"0","pokemon_id":"345"}{"order":"","version_group_id":"14","move_id":"105","pokemon_move_method_id":"2","level":"0","pokemon_id":"345"}{"order":"","version_group_id":"14","move_id":"109","pokemon_move_method_id":"1","level":"22","pokemon_id":"345"}{"order":"","version_group_id":"14","move_id":"112","pokemon_move_method_id":"2","level":"0","pokemon_id":"345"}{"order":"2","version_group_id":"14","move_id":"132","pokemon_move_method_id":"1","level":"1","pokemon_id":"345"}{"order":"","version_group_id":"14","move_id":"133","pokemon_move_method_id":"1","level":"29","pokemon_id":"345"}{"order":"","version_group_id":"14","move_id":"148","pokemon_move_method_id":"4","level":"0","pokemon_id":"345"}{"order":"","version_group_id":"14","move_id":"156","pokemon_move_method_id":"4","level":"0","pokemon_id":"345"}{"order":"","version_group_id":"14","move_id":"157","pokemon_move_method_id":"4","level":"0","pokemon_id":"345"}{"order":"","version_group_id":"14","move_id":"164","pokemon_move_method_id":"4","level":"0","pokemon_id":"345"}{"order":"","version_group_id":"14","move_id":"173","pokemon_move_method_id":"3","level":"0","pokemon_id":"345"}{"order":"","version_group_id":"14","move_id":"174","pokemon_move_method_id":"2","level":"0","pokemon_id":"345"}{"order":"","version_group_id":"14","move_id":"182","pokemon_move_method_id":"4","level":"0","pokemon_id":"345"}{"order":"","version_group_id":"14","move_id":"188","pokemon_move_method_id":"4","level":"0","pokemon_id":"345"}{"order":"","version_group_id":"14","move_id":"201","pokemon_move_method_id":"4","level":"0","pokemon_id":"345"}{"order":"","version_group_id":"14","move_id":"202","pokemon_move_method_id":"3","level":"0","pokemon_id":"345"}{"order":"","version_group_id":"14","move_id":"203","pokemon_move_method_id":"2","level":"0","pokemon_id":"345"}{"order":"","version_group_id":"14","move_id":"207","pokemon_move_method_id":"4","level":"0","pokemon_id":"345"}{"order":"","version_group_id":"14","move_id":"213","pokemon_move_method_id":"4","level":"0","pokemon_id":"345"}{"order":"","version_group_id":"14","move_id":"214","pokemon_move_method_id":"3","level":"0","pokemon_id":"345"}{"order":"","version_group_id":"14","move_id":"216","pokemon_move_method_id":"4","level":"0","pokemon_id":"345"}{"order":"","version_group_id":"14","move_id":"218","pokemon_move_method_id":"4","level":"0","pokemon_id":"345"}{"order":"","version_group_id":"14","move_id":"220","pokemon_move_method_id":"3","level":"0","pokemon_id":"345"}{"order":"","version_group_id":"14","move_id":"235","pokemon_move_method_id":"3","level":"0","pokemon_id":"345"}{"order":"","version_group_id":"14","move_id":"237","pokemon_move_method_id":"4","level":"0","pokemon_id":"345"}{"order":"","version_group_id":"14","move_id":"241","pokemon_move_method_id":"4","level":"0","pokemon_id":"345"}{"order":"","version_group_id":"14","move_id":"243","pokemon_move_method_id":"2","level":"0","pokemon_id":"345"}{"order":"","version_group_id":"14","move_id":"246","pokemon_move_method_id":"1","level":"43","pokemon_id":"345"}{"order":"1","version_group_id":"14","move_id":"254","pokemon_move_method_id":"1","level":"57","pokemon_id":"345"}{"order":"2","version_group_id":"14","move_id":"255","pokemon_move_method_id":"1","level":"57","pokemon_id":"345"}{"order":"3","version_group_id":"14","move_id":"256","pokemon_move_method_id":"1","level":"57","pokemon_id":"345"}{"order":"","version_group_id":"14","move_id":"263","pokemon_move_method_id":"4","level":"0","pokemon_id":"345"}{"order":"","version_group_id":"14","move_id":"275","pokemon_move_method_id":"1","level":"15","pokemon_id":"345"}{"order":"1","version_group_id":"14","move_id":"310","pokemon_move_method_id":"1","level":"1","pokemon_id":"345"}{"order":"","version_group_id":"14","move_id":"317","pokemon_move_method_id":"4","level":"0","pokemon_id":"345"}{"order":"","version_group_id":"14","move_id":"321","pokemon_move_method_id":"2","level":"0","pokemon_id":"345"}{"order":"","version_group_id":"14","move_id":"378","pokemon_move_method_id":"1","level":"64","pokemon_id":"345"}{"order":"","version_group_id":"14","move_id":"378","pokemon_move_method_id":"2","level":"0","pokemon_id":"345"}{"order":"","version_group_id":"14","move_id":"380","pokemon_move_method_id":"1","level":"36","pokemon_id":"345"}{"order":"","version_group_id":"14","move_id":"380","pokemon_move_method_id":"3","level":"0","pokemon_id":"345"}{"order":"","version_group_id":"14","move_id":"388","pokemon_move_method_id":"3","level":"0","pokemon_id":"345"}{"order":"","version_group_id":"14","move_id":"397","pokemon_move_method_id":"4","level":"0","pokemon_id":"345"}{"order":"","version_group_id":"14","move_id":"402","pokemon_move_method_id":"3","level":"0","pokemon_id":"345"}{"order":"","version_group_id":"14","move_id":"412","pokemon_move_method_id":"1","level":"50","pokemon_id":"345"}{"order":"","version_group_id":"14","move_id":"412","pokemon_move_method_id":"4","level":"0","pokemon_id":"345"}{"order":"","version_group_id":"14","move_id":"414","pokemon_move_method_id":"3","level":"0","pokemon_id":"345"}{"order":"","version_group_id":"14","move_id":"446","pokemon_move_method_id":"2","level":"0","pokemon_id":"345"}{"order":"","version_group_id":"14","move_id":"446","pokemon_move_method_id":"3","level":"0","pokemon_id":"345"}{"order":"","version_group_id":"14","move_id":"447","pokemon_move_method_id":"4","level":"0","pokemon_id":"345"}{"order":"","version_group_id":"14","move_id":"479","pokemon_move_method_id":"4","level":"0","pokemon_id":"345"}{"order":"","version_group_id":"14","move_id":"496","pokemon_move_method_id":"4","level":"0","pokemon_id":"345"}{"order":"","version_group_id":"15","move_id":"14","pokemon_move_method_id":"4","level":"0","pokemon_id":"345"}{"order":"","version_group_id":"15","move_id":"51","pokemon_move_method_id":"1","level":"8","pokemon_id":"345"}{"order":"","version_group_id":"15","move_id":"72","pokemon_move_method_id":"2","level":"0","pokemon_id":"345"}{"order":"","version_group_id":"15","move_id":"76","pokemon_move_method_id":"4","level":"0","pokemon_id":"345"}{"order":"","version_group_id":"15","move_id":"92","pokemon_move_method_id":"4","level":"0","pokemon_id":"345"}{"order":"","version_group_id":"15","move_id":"104","pokemon_move_method_id":"4","level":"0","pokemon_id":"345"}{"order":"","version_group_id":"15","move_id":"105","pokemon_move_method_id":"2","level":"0","pokemon_id":"345"}{"order":"","version_group_id":"15","move_id":"109","pokemon_move_method_id":"1","level":"22","pokemon_id":"345"}{"order":"","version_group_id":"15","move_id":"112","pokemon_move_method_id":"2","level":"0","pokemon_id":"345"}{"order":"2","version_group_id":"15","move_id":"132","pokemon_move_method_id":"1","level":"1","pokemon_id":"345"}{"order":"","version_group_id":"15","move_id":"133","pokemon_move_method_id":"1","level":"29","pokemon_id":"345"}{"order":"","version_group_id":"15","move_id":"148","pokemon_move_method_id":"4","level":"0","pokemon_id":"345"}{"order":"","version_group_id":"15","move_id":"156","pokemon_move_method_id":"4","level":"0","pokemon_id":"345"}{"order":"","version_group_id":"15","move_id":"157","pokemon_move_method_id":"4","level":"0","pokemon_id":"345"}{"order":"","version_group_id":"15","move_id":"164","pokemon_move_method_id":"4","level":"0","pokemon_id":"345"}{"order":"","version_group_id":"15","move_id":"174","pokemon_move_method_id":"2","level":"0","pokemon_id":"345"}{"order":"","version_group_id":"15","move_id":"182","pokemon_move_method_id":"4","level":"0","pokemon_id":"345"}{"order":"","version_group_id":"15","move_id":"188","pokemon_move_method_id":"4","level":"0","pokemon_id":"345"}{"order":"","version_group_id":"15","move_id":"201","pokemon_move_method_id":"4","level":"0","pokemon_id":"345"}{"order":"","version_group_id":"15","move_id":"203","pokemon_move_method_id":"2","level":"0","pokemon_id":"345"}{"order":"","version_group_id":"15","move_id":"207","pokemon_move_method_id":"4","level":"0","pokemon_id":"345"}{"order":"","version_group_id":"15","move_id":"213","pokemon_move_method_id":"4","level":"0","pokemon_id":"345"}{"order":"","version_group_id":"15","move_id":"214","pokemon_move_method_id":"4","level":"0","pokemon_id":"345"}{"order":"","version_group_id":"15","move_id":"216","pokemon_move_method_id":"4","level":"0","pokemon_id":"345"}{"order":"","version_group_id":"15","move_id":"218","pokemon_move_method_id":"4","level":"0","pokemon_id":"345"}{"order":"","version_group_id":"15","move_id":"237","pokemon_move_method_id":"4","level":"0","pokemon_id":"345"}{"order":"","version_group_id":"15","move_id":"241","pokemon_move_method_id":"4","level":"0","pokemon_id":"345"}{"order":"","version_group_id":"15","move_id":"243","pokemon_move_method_id":"2","level":"0","pokemon_id":"345"}{"order":"","version_group_id":"15","move_id":"246","pokemon_move_method_id":"1","level":"43","pokemon_id":"345"}{"order":"1","version_group_id":"15","move_id":"254","pokemon_move_method_id":"1","level":"57","pokemon_id":"345"}{"order":"2","version_group_id":"15","move_id":"255","pokemon_move_method_id":"1","level":"57","pokemon_id":"345"}{"order":"3","version_group_id":"15","move_id":"256","pokemon_move_method_id":"1","level":"57","pokemon_id":"345"}{"order":"","version_group_id":"15","move_id":"263","pokemon_move_method_id":"4","level":"0","pokemon_id":"345"}{"order":"","version_group_id":"15","move_id":"275","pokemon_move_method_id":"1","level":"15","pokemon_id":"345"}{"order":"1","version_group_id":"15","move_id":"310","pokemon_move_method_id":"1","level":"1","pokemon_id":"345"}{"order":"","version_group_id":"15","move_id":"317","pokemon_move_method_id":"4","level":"0","pokemon_id":"345"}{"order":"","version_group_id":"15","move_id":"321","pokemon_move_method_id":"2","level":"0","pokemon_id":"345"}{"order":"","version_group_id":"15","move_id":"378","pokemon_move_method_id":"1","level":"64","pokemon_id":"345"}{"order":"","version_group_id":"15","move_id":"378","pokemon_move_method_id":"2","level":"0","pokemon_id":"345"}{"order":"","version_group_id":"15","move_id":"380","pokemon_move_method_id":"1","level":"36","pokemon_id":"345"}{"order":"","version_group_id":"15","move_id":"397","pokemon_move_method_id":"4","level":"0","pokemon_id":"345"}{"order":"","version_group_id":"15","move_id":"412","pokemon_move_method_id":"1","level":"50","pokemon_id":"345"}{"order":"","version_group_id":"15","move_id":"412","pokemon_move_method_id":"4","level":"0","pokemon_id":"345"}{"order":"","version_group_id":"15","move_id":"446","pokemon_move_method_id":"2","level":"0","pokemon_id":"345"}{"order":"","version_group_id":"15","move_id":"447","pokemon_move_method_id":"4","level":"0","pokemon_id":"345"}{"order":"","version_group_id":"15","move_id":"479","pokemon_move_method_id":"4","level":"0","pokemon_id":"345"}{"order":"","version_group_id":"15","move_id":"496","pokemon_move_method_id":"4","level":"0","pokemon_id":"345"}{"order":"","version_group_id":"15","move_id":"590","pokemon_move_method_id":"4","level":"0","pokemon_id":"345"}{"order":"","version_group_id":"15","move_id":"611","pokemon_move_method_id":"4","level":"0","pokemon_id":"345"}