{"order":"4","version_group_id":"9","move_id":"84","pokemon_move_method_id":"1","level":"1","pokemon_id":"10008"}{"order":"","version_group_id":"9","move_id":"85","pokemon_move_method_id":"4","level":"0","pokemon_id":"10008"}{"order":"3","version_group_id":"9","move_id":"86","pokemon_move_method_id":"1","level":"1","pokemon_id":"10008"}{"order":"","version_group_id":"9","move_id":"86","pokemon_move_method_id":"4","level":"0","pokemon_id":"10008"}{"order":"","version_group_id":"9","move_id":"87","pokemon_move_method_id":"4","level":"0","pokemon_id":"10008"}{"order":"","version_group_id":"9","move_id":"92","pokemon_move_method_id":"4","level":"0","pokemon_id":"10008"}{"order":"","version_group_id":"9","move_id":"104","pokemon_move_method_id":"1","level":"15","pokemon_id":"10008"}{"order":"","version_group_id":"9","move_id":"104","pokemon_move_method_id":"4","level":"0","pokemon_id":"10008"}{"order":"5","version_group_id":"9","move_id":"109","pokemon_move_method_id":"1","level":"1","pokemon_id":"10008"}{"order":"","version_group_id":"9","move_id":"113","pokemon_move_method_id":"4","level":"0","pokemon_id":"10008"}{"order":"","version_group_id":"9","move_id":"115","pokemon_move_method_id":"4","level":"0","pokemon_id":"10008"}{"order":"","version_group_id":"9","move_id":"129","pokemon_move_method_id":"3","level":"0","pokemon_id":"10008"}{"order":"","version_group_id":"9","move_id":"138","pokemon_move_method_id":"4","level":"0","pokemon_id":"10008"}{"order":"","version_group_id":"9","move_id":"148","pokemon_move_method_id":"4","level":"0","pokemon_id":"10008"}{"order":"","version_group_id":"9","move_id":"156","pokemon_move_method_id":"4","level":"0","pokemon_id":"10008"}{"order":"","version_group_id":"9","move_id":"164","pokemon_move_method_id":"1","level":"36","pokemon_id":"10008"}{"order":"","version_group_id":"9","move_id":"164","pokemon_move_method_id":"4","level":"0","pokemon_id":"10008"}{"order":"","version_group_id":"9","move_id":"168","pokemon_move_method_id":"4","level":"0","pokemon_id":"10008"}{"order":"","version_group_id":"9","move_id":"173","pokemon_move_method_id":"3","level":"0","pokemon_id":"10008"}{"order":"","version_group_id":"9","move_id":"180","pokemon_move_method_id":"3","level":"0","pokemon_id":"10008"}{"order":"","version_group_id":"9","move_id":"182","pokemon_move_method_id":"4","level":"0","pokemon_id":"10008"}{"order":"","version_group_id":"9","move_id":"189","pokemon_move_method_id":"3","level":"0","pokemon_id":"10008"}{"order":"","version_group_id":"9","move_id":"203","pokemon_move_method_id":"4","level":"0","pokemon_id":"10008"}{"order":"","version_group_id":"9","move_id":"207","pokemon_move_method_id":"4","level":"0","pokemon_id":"10008"}{"order":"","version_group_id":"9","move_id":"214","pokemon_move_method_id":"4","level":"0","pokemon_id":"10008"}{"order":"","version_group_id":"9","move_id":"216","pokemon_move_method_id":"4","level":"0","pokemon_id":"10008"}{"order":"","version_group_id":"9","move_id":"218","pokemon_move_method_id":"4","level":"0","pokemon_id":"10008"}{"order":"","version_group_id":"9","move_id":"237","pokemon_move_method_id":"4","level":"0","pokemon_id":"10008"}{"order":"","version_group_id":"9","move_id":"240","pokemon_move_method_id":"4","level":"0","pokemon_id":"10008"}{"order":"","version_group_id":"9","move_id":"241","pokemon_move_method_id":"4","level":"0","pokemon_id":"10008"}{"order":"","version_group_id":"9","move_id":"244","pokemon_move_method_id":"4","level":"0","pokemon_id":"10008"}{"order":"","version_group_id":"9","move_id":"247","pokemon_move_method_id":"4","level":"0","pokemon_id":"10008"}{"order":"","version_group_id":"9","move_id":"253","pokemon_move_method_id":"1","level":"8","pokemon_id":"10008"}{"order":"","version_group_id":"9","move_id":"253","pokemon_move_method_id":"3","level":"0","pokemon_id":"10008"}{"order":"","version_group_id":"9","move_id":"261","pokemon_move_method_id":"4","level":"0","pokemon_id":"10008"}{"order":"","version_group_id":"9","move_id":"263","pokemon_move_method_id":"4","level":"0","pokemon_id":"10008"}{"order":"","version_group_id":"9","move_id":"268","pokemon_move_method_id":"1","level":"43","pokemon_id":"10008"}{"order":"1","version_group_id":"9","move_id":"271","pokemon_move_method_id":"1","level":"1","pokemon_id":"10008"}{"order":"","version_group_id":"9","move_id":"271","pokemon_move_method_id":"3","level":"0","pokemon_id":"10008"}{"order":"","version_group_id":"9","move_id":"289","pokemon_move_method_id":"4","level":"0","pokemon_id":"10008"}{"order":"","version_group_id":"9","move_id":"290","pokemon_move_method_id":"4","level":"0","pokemon_id":"10008"}{"order":"2","version_group_id":"9","move_id":"310","pokemon_move_method_id":"1","level":"1","pokemon_id":"10008"}{"order":"","version_group_id":"9","move_id":"315","pokemon_move_method_id":"10","level":"0","pokemon_id":"10008"}{"order":"","version_group_id":"9","move_id":"324","pokemon_move_method_id":"3","level":"0","pokemon_id":"10008"}{"order":"","version_group_id":"9","move_id":"351","pokemon_move_method_id":"1","level":"22","pokemon_id":"10008"}{"order":"","version_group_id":"9","move_id":"351","pokemon_move_method_id":"4","level":"0","pokemon_id":"10008"}{"order":"","version_group_id":"9","move_id":"363","pokemon_move_method_id":"4","level":"0","pokemon_id":"10008"}{"order":"","version_group_id":"9","move_id":"389","pokemon_move_method_id":"3","level":"0","pokemon_id":"10008"}{"order":"","version_group_id":"9","move_id":"399","pokemon_move_method_id":"4","level":"0","pokemon_id":"10008"}{"order":"","version_group_id":"9","move_id":"435","pokemon_move_method_id":"1","level":"50","pokemon_id":"10008"}{"order":"","version_group_id":"9","move_id":"451","pokemon_move_method_id":"4","level":"0","pokemon_id":"10008"}{"order":"","version_group_id":"9","move_id":"466","pokemon_move_method_id":"1","level":"29","pokemon_id":"10008"}{"order":"","version_group_id":"9","move_id":"466","pokemon_move_method_id":"3","level":"0","pokemon_id":"10008"}{"order":"4","version_group_id":"10","move_id":"84","pokemon_move_method_id":"1","level":"1","pokemon_id":"10008"}{"order":"","version_group_id":"10","move_id":"85","pokemon_move_method_id":"4","level":"0","pokemon_id":"10008"}{"order":"3","version_group_id":"10","move_id":"86","pokemon_move_method_id":"1","level":"1","pokemon_id":"10008"}{"order":"","version_group_id":"10","move_id":"86","pokemon_move_method_id":"4","level":"0","pokemon_id":"10008"}{"order":"","version_group_id":"10","move_id":"87","pokemon_move_method_id":"4","level":"0","pokemon_id":"10008"}{"order":"","version_group_id":"10","move_id":"92","pokemon_move_method_id":"4","level":"0","pokemon_id":"10008"}{"order":"","version_group_id":"10","move_id":"104","pokemon_move_method_id":"1","level":"15","pokemon_id":"10008"}{"order":"","version_group_id":"10","move_id":"104","pokemon_move_method_id":"4","level":"0","pokemon_id":"10008"}{"order":"5","version_group_id":"10","move_id":"109","pokemon_move_method_id":"1","level":"1","pokemon_id":"10008"}{"order":"","version_group_id":"10","move_id":"113","pokemon_move_method_id":"4","level":"0","pokemon_id":"10008"}{"order":"","version_group_id":"10","move_id":"115","pokemon_move_method_id":"4","level":"0","pokemon_id":"10008"}{"order":"","version_group_id":"10","move_id":"129","pokemon_move_method_id":"3","level":"0","pokemon_id":"10008"}{"order":"","version_group_id":"10","move_id":"138","pokemon_move_method_id":"4","level":"0","pokemon_id":"10008"}{"order":"","version_group_id":"10","move_id":"148","pokemon_move_method_id":"4","level":"0","pokemon_id":"10008"}{"order":"","version_group_id":"10","move_id":"156","pokemon_move_method_id":"4","level":"0","pokemon_id":"10008"}{"order":"","version_group_id":"10","move_id":"164","pokemon_move_method_id":"1","level":"36","pokemon_id":"10008"}{"order":"","version_group_id":"10","move_id":"164","pokemon_move_method_id":"4","level":"0","pokemon_id":"10008"}{"order":"","version_group_id":"10","move_id":"168","pokemon_move_method_id":"4","level":"0","pokemon_id":"10008"}{"order":"","version_group_id":"10","move_id":"173","pokemon_move_method_id":"3","level":"0","pokemon_id":"10008"}{"order":"","version_group_id":"10","move_id":"180","pokemon_move_method_id":"3","level":"0","pokemon_id":"10008"}{"order":"","version_group_id":"10","move_id":"182","pokemon_move_method_id":"4","level":"0","pokemon_id":"10008"}{"order":"","version_group_id":"10","move_id":"189","pokemon_move_method_id":"3","level":"0","pokemon_id":"10008"}{"order":"","version_group_id":"10","move_id":"203","pokemon_move_method_id":"4","level":"0","pokemon_id":"10008"}{"order":"","version_group_id":"10","move_id":"207","pokemon_move_method_id":"4","level":"0","pokemon_id":"10008"}{"order":"","version_group_id":"10","move_id":"214","pokemon_move_method_id":"4","level":"0","pokemon_id":"10008"}{"order":"","version_group_id":"10","move_id":"216","pokemon_move_method_id":"4","level":"0","pokemon_id":"10008"}{"order":"","version_group_id":"10","move_id":"218","pokemon_move_method_id":"4","level":"0","pokemon_id":"10008"}{"order":"","version_group_id":"10","move_id":"220","pokemon_move_method_id":"3","level":"0","pokemon_id":"10008"}{"order":"","version_group_id":"10","move_id":"237","pokemon_move_method_id":"4","level":"0","pokemon_id":"10008"}{"order":"","version_group_id":"10","move_id":"240","pokemon_move_method_id":"4","level":"0","pokemon_id":"10008"}{"order":"","version_group_id":"10","move_id":"241","pokemon_move_method_id":"4","level":"0","pokemon_id":"10008"}{"order":"","version_group_id":"10","move_id":"244","pokemon_move_method_id":"4","level":"0","pokemon_id":"10008"}{"order":"","version_group_id":"10","move_id":"247","pokemon_move_method_id":"4","level":"0","pokemon_id":"10008"}{"order":"","version_group_id":"10","move_id":"253","pokemon_move_method_id":"1","level":"8","pokemon_id":"10008"}{"order":"","version_group_id":"10","move_id":"253","pokemon_move_method_id":"3","level":"0","pokemon_id":"10008"}{"order":"","version_group_id":"10","move_id":"261","pokemon_move_method_id":"4","level":"0","pokemon_id":"10008"}{"order":"","version_group_id":"10","move_id":"263","pokemon_move_method_id":"4","level":"0","pokemon_id":"10008"}{"order":"","version_group_id":"10","move_id":"268","pokemon_move_method_id":"1","level":"43","pokemon_id":"10008"}{"order":"1","version_group_id":"10","move_id":"271","pokemon_move_method_id":"1","level":"1","pokemon_id":"10008"}{"order":"","version_group_id":"10","move_id":"271","pokemon_move_method_id":"3","level":"0","pokemon_id":"10008"}{"order":"","version_group_id":"10","move_id":"289","pokemon_move_method_id":"4","level":"0","pokemon_id":"10008"}{"order":"","version_group_id":"10","move_id":"290","pokemon_move_method_id":"4","level":"0","pokemon_id":"10008"}{"order":"2","version_group_id":"10","move_id":"310","pokemon_move_method_id":"1","level":"1","pokemon_id":"10008"}{"order":"","version_group_id":"10","move_id":"315","pokemon_move_method_id":"10","level":"0","pokemon_id":"10008"}{"order":"","version_group_id":"10","move_id":"324","pokemon_move_method_id":"3","level":"0","pokemon_id":"10008"}{"order":"","version_group_id":"10","move_id":"351","pokemon_move_method_id":"1","level":"22","pokemon_id":"10008"}{"order":"","version_group_id":"10","move_id":"351","pokemon_move_method_id":"4","level":"0","pokemon_id":"10008"}{"order":"","version_group_id":"10","move_id":"363","pokemon_move_method_id":"4","level":"0","pokemon_id":"10008"}{"order":"","version_group_id":"10","move_id":"389","pokemon_move_method_id":"3","level":"0","pokemon_id":"10008"}{"order":"","version_group_id":"10","move_id":"399","pokemon_move_method_id":"4","level":"0","pokemon_id":"10008"}{"order":"","version_group_id":"10","move_id":"435","pokemon_move_method_id":"1","level":"50","pokemon_id":"10008"}{"order":"","version_group_id":"10","move_id":"451","pokemon_move_method_id":"4","level":"0","pokemon_id":"10008"}{"order":"","version_group_id":"10","move_id":"466","pokemon_move_method_id":"1","level":"29","pokemon_id":"10008"}{"order":"","version_group_id":"10","move_id":"466","pokemon_move_method_id":"3","level":"0","pokemon_id":"10008"}{"order":"4","version_group_id":"11","move_id":"84","pokemon_move_method_id":"1","level":"1","pokemon_id":"10008"}{"order":"","version_group_id":"11","move_id":"85","pokemon_move_method_id":"4","level":"0","pokemon_id":"10008"}{"order":"3","version_group_id":"11","move_id":"86","pokemon_move_method_id":"1","level":"1","pokemon_id":"10008"}{"order":"","version_group_id":"11","move_id":"86","pokemon_move_method_id":"4","level":"0","pokemon_id":"10008"}{"order":"","version_group_id":"11","move_id":"87","pokemon_move_method_id":"4","level":"0","pokemon_id":"10008"}{"order":"","version_group_id":"11","move_id":"92","pokemon_move_method_id":"4","level":"0","pokemon_id":"10008"}{"order":"","version_group_id":"11","move_id":"104","pokemon_move_method_id":"1","level":"15","pokemon_id":"10008"}{"order":"","version_group_id":"11","move_id":"104","pokemon_move_method_id":"4","level":"0","pokemon_id":"10008"}{"order":"5","version_group_id":"11","move_id":"109","pokemon_move_method_id":"1","level":"1","pokemon_id":"10008"}{"order":"","version_group_id":"11","move_id":"113","pokemon_move_method_id":"4","level":"0","pokemon_id":"10008"}{"order":"","version_group_id":"11","move_id":"115","pokemon_move_method_id":"4","level":"0","pokemon_id":"10008"}{"order":"","version_group_id":"11","move_id":"138","pokemon_move_method_id":"4","level":"0","pokemon_id":"10008"}{"order":"","version_group_id":"11","move_id":"148","pokemon_move_method_id":"4","level":"0","pokemon_id":"10008"}{"order":"","version_group_id":"11","move_id":"156","pokemon_move_method_id":"4","level":"0","pokemon_id":"10008"}{"order":"","version_group_id":"11","move_id":"164","pokemon_move_method_id":"1","level":"36","pokemon_id":"10008"}{"order":"","version_group_id":"11","move_id":"164","pokemon_move_method_id":"4","level":"0","pokemon_id":"10008"}{"order":"","version_group_id":"11","move_id":"168","pokemon_move_method_id":"4","level":"0","pokemon_id":"10008"}{"order":"","version_group_id":"11","move_id":"182","pokemon_move_method_id":"4","level":"0","pokemon_id":"10008"}{"order":"","version_group_id":"11","move_id":"207","pokemon_move_method_id":"4","level":"0","pokemon_id":"10008"}{"order":"","version_group_id":"11","move_id":"216","pokemon_move_method_id":"4","level":"0","pokemon_id":"10008"}{"order":"","version_group_id":"11","move_id":"218","pokemon_move_method_id":"4","level":"0","pokemon_id":"10008"}{"order":"","version_group_id":"11","move_id":"237","pokemon_move_method_id":"4","level":"0","pokemon_id":"10008"}{"order":"","version_group_id":"11","move_id":"240","pokemon_move_method_id":"4","level":"0","pokemon_id":"10008"}{"order":"","version_group_id":"11","move_id":"241","pokemon_move_method_id":"4","level":"0","pokemon_id":"10008"}{"order":"","version_group_id":"11","move_id":"244","pokemon_move_method_id":"4","level":"0","pokemon_id":"10008"}{"order":"","version_group_id":"11","move_id":"247","pokemon_move_method_id":"4","level":"0","pokemon_id":"10008"}{"order":"","version_group_id":"11","move_id":"253","pokemon_move_method_id":"1","level":"8","pokemon_id":"10008"}{"order":"","version_group_id":"11","move_id":"261","pokemon_move_method_id":"4","level":"0","pokemon_id":"10008"}{"order":"","version_group_id":"11","move_id":"263","pokemon_move_method_id":"4","level":"0","pokemon_id":"10008"}{"order":"","version_group_id":"11","move_id":"268","pokemon_move_method_id":"1","level":"57","pokemon_id":"10008"}{"order":"1","version_group_id":"11","move_id":"271","pokemon_move_method_id":"1","level":"1","pokemon_id":"10008"}{"order":"2","version_group_id":"11","move_id":"310","pokemon_move_method_id":"1","level":"1","pokemon_id":"10008"}{"order":"","version_group_id":"11","move_id":"315","pokemon_move_method_id":"10","level":"0","pokemon_id":"10008"}{"order":"","version_group_id":"11","move_id":"351","pokemon_move_method_id":"1","level":"22","pokemon_id":"10008"}{"order":"","version_group_id":"11","move_id":"435","pokemon_move_method_id":"1","level":"64","pokemon_id":"10008"}{"order":"","version_group_id":"11","move_id":"451","pokemon_move_method_id":"4","level":"0","pokemon_id":"10008"}{"order":"","version_group_id":"11","move_id":"466","pokemon_move_method_id":"1","level":"29","pokemon_id":"10008"}{"order":"","version_group_id":"11","move_id":"477","pokemon_move_method_id":"4","level":"0","pokemon_id":"10008"}{"order":"","version_group_id":"11","move_id":"486","pokemon_move_method_id":"1","level":"43","pokemon_id":"10008"}{"order":"","version_group_id":"11","move_id":"496","pokemon_move_method_id":"4","level":"0","pokemon_id":"10008"}{"order":"","version_group_id":"11","move_id":"506","pokemon_move_method_id":"1","level":"50","pokemon_id":"10008"}{"order":"","version_group_id":"11","move_id":"521","pokemon_move_method_id":"4","level":"0","pokemon_id":"10008"}{"order":"4","version_group_id":"14","move_id":"84","pokemon_move_method_id":"1","level":"1","pokemon_id":"10008"}{"order":"","version_group_id":"14","move_id":"85","pokemon_move_method_id":"4","level":"0","pokemon_id":"10008"}{"order":"3","version_group_id":"14","move_id":"86","pokemon_move_method_id":"1","level":"1","pokemon_id":"10008"}{"order":"","version_group_id":"14","move_id":"86","pokemon_move_method_id":"4","level":"0","pokemon_id":"10008"}{"order":"","version_group_id":"14","move_id":"87","pokemon_move_method_id":"4","level":"0","pokemon_id":"10008"}{"order":"","version_group_id":"14","move_id":"92","pokemon_move_method_id":"4","level":"0","pokemon_id":"10008"}{"order":"","version_group_id":"14","move_id":"104","pokemon_move_method_id":"1","level":"15","pokemon_id":"10008"}{"order":"","version_group_id":"14","move_id":"104","pokemon_move_method_id":"4","level":"0","pokemon_id":"10008"}{"order":"5","version_group_id":"14","move_id":"109","pokemon_move_method_id":"1","level":"1","pokemon_id":"10008"}{"order":"","version_group_id":"14","move_id":"113","pokemon_move_method_id":"4","level":"0","pokemon_id":"10008"}{"order":"","version_group_id":"14","move_id":"115","pokemon_move_method_id":"4","level":"0","pokemon_id":"10008"}{"order":"","version_group_id":"14","move_id":"138","pokemon_move_method_id":"4","level":"0","pokemon_id":"10008"}{"order":"","version_group_id":"14","move_id":"148","pokemon_move_method_id":"4","level":"0","pokemon_id":"10008"}{"order":"","version_group_id":"14","move_id":"156","pokemon_move_method_id":"4","level":"0","pokemon_id":"10008"}{"order":"","version_group_id":"14","move_id":"164","pokemon_move_method_id":"1","level":"36","pokemon_id":"10008"}{"order":"","version_group_id":"14","move_id":"164","pokemon_move_method_id":"4","level":"0","pokemon_id":"10008"}{"order":"","version_group_id":"14","move_id":"168","pokemon_move_method_id":"4","level":"0","pokemon_id":"10008"}{"order":"","version_group_id":"14","move_id":"173","pokemon_move_method_id":"3","level":"0","pokemon_id":"10008"}{"order":"","version_group_id":"14","move_id":"180","pokemon_move_method_id":"3","level":"0","pokemon_id":"10008"}{"order":"","version_group_id":"14","move_id":"182","pokemon_move_method_id":"4","level":"0","pokemon_id":"10008"}{"order":"","version_group_id":"14","move_id":"207","pokemon_move_method_id":"4","level":"0","pokemon_id":"10008"}{"order":"","version_group_id":"14","move_id":"214","pokemon_move_method_id":"3","level":"0","pokemon_id":"10008"}{"order":"","version_group_id":"14","move_id":"216","pokemon_move_method_id":"4","level":"0","pokemon_id":"10008"}{"order":"","version_group_id":"14","move_id":"218","pokemon_move_method_id":"4","level":"0","pokemon_id":"10008"}{"order":"","version_group_id":"14","move_id":"220","pokemon_move_method_id":"3","level":"0","pokemon_id":"10008"}{"order":"","version_group_id":"14","move_id":"237","pokemon_move_method_id":"4","level":"0","pokemon_id":"10008"}{"order":"","version_group_id":"14","move_id":"240","pokemon_move_method_id":"4","level":"0","pokemon_id":"10008"}{"order":"","version_group_id":"14","move_id":"241","pokemon_move_method_id":"4","level":"0","pokemon_id":"10008"}{"order":"","version_group_id":"14","move_id":"244","pokemon_move_method_id":"4","level":"0","pokemon_id":"10008"}{"order":"","version_group_id":"14","move_id":"247","pokemon_move_method_id":"4","level":"0","pokemon_id":"10008"}{"order":"","version_group_id":"14","move_id":"253","pokemon_move_method_id":"1","level":"8","pokemon_id":"10008"}{"order":"","version_group_id":"14","move_id":"253","pokemon_move_method_id":"3","level":"0","pokemon_id":"10008"}{"order":"","version_group_id":"14","move_id":"261","pokemon_move_method_id":"4","level":"0","pokemon_id":"10008"}{"order":"","version_group_id":"14","move_id":"263","pokemon_move_method_id":"4","level":"0","pokemon_id":"10008"}{"order":"","version_group_id":"14","move_id":"268","pokemon_move_method_id":"1","level":"57","pokemon_id":"10008"}{"order":"1","version_group_id":"14","move_id":"271","pokemon_move_method_id":"1","level":"1","pokemon_id":"10008"}{"order":"","version_group_id":"14","move_id":"271","pokemon_move_method_id":"3","level":"0","pokemon_id":"10008"}{"order":"","version_group_id":"14","move_id":"289","pokemon_move_method_id":"3","level":"0","pokemon_id":"10008"}{"order":"2","version_group_id":"14","move_id":"310","pokemon_move_method_id":"1","level":"1","pokemon_id":"10008"}{"order":"","version_group_id":"14","move_id":"315","pokemon_move_method_id":"10","level":"0","pokemon_id":"10008"}{"order":"","version_group_id":"14","move_id":"324","pokemon_move_method_id":"3","level":"0","pokemon_id":"10008"}{"order":"","version_group_id":"14","move_id":"351","pokemon_move_method_id":"1","level":"22","pokemon_id":"10008"}{"order":"","version_group_id":"14","move_id":"399","pokemon_move_method_id":"3","level":"0","pokemon_id":"10008"}{"order":"","version_group_id":"14","move_id":"435","pokemon_move_method_id":"1","level":"64","pokemon_id":"10008"}{"order":"","version_group_id":"14","move_id":"451","pokemon_move_method_id":"4","level":"0","pokemon_id":"10008"}{"order":"","version_group_id":"14","move_id":"466","pokemon_move_method_id":"1","level":"29","pokemon_id":"10008"}{"order":"","version_group_id":"14","move_id":"477","pokemon_move_method_id":"4","level":"0","pokemon_id":"10008"}{"order":"","version_group_id":"14","move_id":"486","pokemon_move_method_id":"1","level":"43","pokemon_id":"10008"}{"order":"","version_group_id":"14","move_id":"496","pokemon_move_method_id":"4","level":"0","pokemon_id":"10008"}{"order":"","version_group_id":"14","move_id":"506","pokemon_move_method_id":"1","level":"50","pokemon_id":"10008"}{"order":"","version_group_id":"14","move_id":"521","pokemon_move_method_id":"4","level":"0","pokemon_id":"10008"}{"order":"","version_group_id":"14","move_id":"527","pokemon_move_method_id":"3","level":"0","pokemon_id":"10008"}{"order":"6","version_group_id":"15","move_id":"84","pokemon_move_method_id":"1","level":"1","pokemon_id":"10008"}{"order":"","version_group_id":"15","move_id":"85","pokemon_move_method_id":"4","level":"0","pokemon_id":"10008"}{"order":"5","version_group_id":"15","move_id":"86","pokemon_move_method_id":"1","level":"1","pokemon_id":"10008"}{"order":"","version_group_id":"15","move_id":"86","pokemon_move_method_id":"4","level":"0","pokemon_id":"10008"}{"order":"","version_group_id":"15","move_id":"87","pokemon_move_method_id":"4","level":"0","pokemon_id":"10008"}{"order":"","version_group_id":"15","move_id":"92","pokemon_move_method_id":"4","level":"0","pokemon_id":"10008"}{"order":"","version_group_id":"15","move_id":"104","pokemon_move_method_id":"1","level":"15","pokemon_id":"10008"}{"order":"","version_group_id":"15","move_id":"104","pokemon_move_method_id":"4","level":"0","pokemon_id":"10008"}{"order":"7","version_group_id":"15","move_id":"109","pokemon_move_method_id":"1","level":"1","pokemon_id":"10008"}{"order":"","version_group_id":"15","move_id":"113","pokemon_move_method_id":"4","level":"0","pokemon_id":"10008"}{"order":"","version_group_id":"15","move_id":"115","pokemon_move_method_id":"4","level":"0","pokemon_id":"10008"}{"order":"","version_group_id":"15","move_id":"138","pokemon_move_method_id":"4","level":"0","pokemon_id":"10008"}{"order":"","version_group_id":"15","move_id":"148","pokemon_move_method_id":"4","level":"0","pokemon_id":"10008"}{"order":"","version_group_id":"15","move_id":"156","pokemon_move_method_id":"4","level":"0","pokemon_id":"10008"}{"order":"","version_group_id":"15","move_id":"164","pokemon_move_method_id":"1","level":"36","pokemon_id":"10008"}{"order":"","version_group_id":"15","move_id":"164","pokemon_move_method_id":"4","level":"0","pokemon_id":"10008"}{"order":"","version_group_id":"15","move_id":"168","pokemon_move_method_id":"4","level":"0","pokemon_id":"10008"}{"order":"","version_group_id":"15","move_id":"182","pokemon_move_method_id":"4","level":"0","pokemon_id":"10008"}{"order":"","version_group_id":"15","move_id":"207","pokemon_move_method_id":"4","level":"0","pokemon_id":"10008"}{"order":"","version_group_id":"15","move_id":"214","pokemon_move_method_id":"4","level":"0","pokemon_id":"10008"}{"order":"","version_group_id":"15","move_id":"216","pokemon_move_method_id":"4","level":"0","pokemon_id":"10008"}{"order":"","version_group_id":"15","move_id":"218","pokemon_move_method_id":"4","level":"0","pokemon_id":"10008"}{"order":"","version_group_id":"15","move_id":"237","pokemon_move_method_id":"4","level":"0","pokemon_id":"10008"}{"order":"","version_group_id":"15","move_id":"240","pokemon_move_method_id":"4","level":"0","pokemon_id":"10008"}{"order":"","version_group_id":"15","move_id":"241","pokemon_move_method_id":"4","level":"0","pokemon_id":"10008"}{"order":"","version_group_id":"15","move_id":"244","pokemon_move_method_id":"4","level":"0","pokemon_id":"10008"}{"order":"","version_group_id":"15","move_id":"247","pokemon_move_method_id":"4","level":"0","pokemon_id":"10008"}{"order":"","version_group_id":"15","move_id":"253","pokemon_move_method_id":"1","level":"8","pokemon_id":"10008"}{"order":"","version_group_id":"15","move_id":"261","pokemon_move_method_id":"4","level":"0","pokemon_id":"10008"}{"order":"","version_group_id":"15","move_id":"263","pokemon_move_method_id":"4","level":"0","pokemon_id":"10008"}{"order":"2","version_group_id":"15","move_id":"268","pokemon_move_method_id":"1","level":"1","pokemon_id":"10008"}{"order":"","version_group_id":"15","move_id":"268","pokemon_move_method_id":"1","level":"57","pokemon_id":"10008"}{"order":"3","version_group_id":"15","move_id":"271","pokemon_move_method_id":"1","level":"1","pokemon_id":"10008"}{"order":"4","version_group_id":"15","move_id":"310","pokemon_move_method_id":"1","level":"1","pokemon_id":"10008"}{"order":"","version_group_id":"15","move_id":"351","pokemon_move_method_id":"1","level":"22","pokemon_id":"10008"}{"order":"","version_group_id":"15","move_id":"399","pokemon_move_method_id":"4","level":"0","pokemon_id":"10008"}{"order":"1","version_group_id":"15","move_id":"435","pokemon_move_method_id":"1","level":"1","pokemon_id":"10008"}{"order":"","version_group_id":"15","move_id":"435","pokemon_move_method_id":"1","level":"64","pokemon_id":"10008"}{"order":"","version_group_id":"15","move_id":"451","pokemon_move_method_id":"4","level":"0","pokemon_id":"10008"}{"order":"","version_group_id":"15","move_id":"466","pokemon_move_method_id":"1","level":"29","pokemon_id":"10008"}{"order":"","version_group_id":"15","move_id":"486","pokemon_move_method_id":"1","level":"43","pokemon_id":"10008"}{"order":"","version_group_id":"15","move_id":"496","pokemon_move_method_id":"4","level":"0","pokemon_id":"10008"}{"order":"","version_group_id":"15","move_id":"506","pokemon_move_method_id":"1","level":"50","pokemon_id":"10008"}{"order":"","version_group_id":"15","move_id":"521","pokemon_move_method_id":"4","level":"0","pokemon_id":"10008"}{"order":"","version_group_id":"15","move_id":"590","pokemon_move_method_id":"4","level":"0","pokemon_id":"10008"}