{"order":"1","version_group_id":"5","move_id":"10","pokemon_move_method_id":"1","level":"1","pokemon_id":"291"}{"order":"","version_group_id":"5","move_id":"14","pokemon_move_method_id":"1","level":"25","pokemon_id":"291"}{"order":"","version_group_id":"5","move_id":"15","pokemon_move_method_id":"4","level":"0","pokemon_id":"291"}{"order":"4","version_group_id":"5","move_id":"28","pokemon_move_method_id":"1","level":"1","pokemon_id":"291"}{"order":"","version_group_id":"5","move_id":"28","pokemon_move_method_id":"1","level":"9","pokemon_id":"291"}{"order":"","version_group_id":"5","move_id":"63","pokemon_move_method_id":"4","level":"0","pokemon_id":"291"}{"order":"","version_group_id":"5","move_id":"76","pokemon_move_method_id":"4","level":"0","pokemon_id":"291"}{"order":"","version_group_id":"5","move_id":"91","pokemon_move_method_id":"4","level":"0","pokemon_id":"291"}{"order":"","version_group_id":"5","move_id":"92","pokemon_move_method_id":"4","level":"0","pokemon_id":"291"}{"order":"","version_group_id":"5","move_id":"97","pokemon_move_method_id":"1","level":"38","pokemon_id":"291"}{"order":"6","version_group_id":"5","move_id":"103","pokemon_move_method_id":"1","level":"20","pokemon_id":"291"}{"order":"","version_group_id":"5","move_id":"104","pokemon_move_method_id":"1","level":"20","pokemon_id":"291"}{"order":"","version_group_id":"5","move_id":"104","pokemon_move_method_id":"4","level":"0","pokemon_id":"291"}{"order":"2","version_group_id":"5","move_id":"106","pokemon_move_method_id":"1","level":"1","pokemon_id":"291"}{"order":"3","version_group_id":"5","move_id":"141","pokemon_move_method_id":"1","level":"1","pokemon_id":"291"}{"order":"","version_group_id":"5","move_id":"141","pokemon_move_method_id":"1","level":"5","pokemon_id":"291"}{"order":"","version_group_id":"5","move_id":"148","pokemon_move_method_id":"4","level":"0","pokemon_id":"291"}{"order":"","version_group_id":"5","move_id":"154","pokemon_move_method_id":"1","level":"14","pokemon_id":"291"}{"order":"","version_group_id":"5","move_id":"156","pokemon_move_method_id":"4","level":"0","pokemon_id":"291"}{"order":"","version_group_id":"5","move_id":"163","pokemon_move_method_id":"1","level":"31","pokemon_id":"291"}{"order":"","version_group_id":"5","move_id":"168","pokemon_move_method_id":"4","level":"0","pokemon_id":"291"}{"order":"","version_group_id":"5","move_id":"170","pokemon_move_method_id":"1","level":"19","pokemon_id":"291"}{"order":"","version_group_id":"5","move_id":"182","pokemon_move_method_id":"4","level":"0","pokemon_id":"291"}{"order":"","version_group_id":"5","move_id":"201","pokemon_move_method_id":"4","level":"0","pokemon_id":"291"}{"order":"","version_group_id":"5","move_id":"202","pokemon_move_method_id":"4","level":"0","pokemon_id":"291"}{"order":"5","version_group_id":"5","move_id":"210","pokemon_move_method_id":"1","level":"20","pokemon_id":"291"}{"order":"","version_group_id":"5","move_id":"213","pokemon_move_method_id":"4","level":"0","pokemon_id":"291"}{"order":"","version_group_id":"5","move_id":"216","pokemon_move_method_id":"4","level":"0","pokemon_id":"291"}{"order":"","version_group_id":"5","move_id":"218","pokemon_move_method_id":"4","level":"0","pokemon_id":"291"}{"order":"","version_group_id":"5","move_id":"226","pokemon_move_method_id":"1","level":"45","pokemon_id":"291"}{"order":"","version_group_id":"5","move_id":"237","pokemon_move_method_id":"4","level":"0","pokemon_id":"291"}{"order":"","version_group_id":"5","move_id":"241","pokemon_move_method_id":"4","level":"0","pokemon_id":"291"}{"order":"","version_group_id":"5","move_id":"247","pokemon_move_method_id":"4","level":"0","pokemon_id":"291"}{"order":"","version_group_id":"5","move_id":"263","pokemon_move_method_id":"4","level":"0","pokemon_id":"291"}{"order":"","version_group_id":"5","move_id":"290","pokemon_move_method_id":"4","level":"0","pokemon_id":"291"}{"order":"","version_group_id":"5","move_id":"332","pokemon_move_method_id":"4","level":"0","pokemon_id":"291"}{"order":"1","version_group_id":"6","move_id":"10","pokemon_move_method_id":"1","level":"1","pokemon_id":"291"}{"order":"","version_group_id":"6","move_id":"14","pokemon_move_method_id":"1","level":"25","pokemon_id":"291"}{"order":"","version_group_id":"6","move_id":"14","pokemon_move_method_id":"3","level":"0","pokemon_id":"291"}{"order":"","version_group_id":"6","move_id":"15","pokemon_move_method_id":"4","level":"0","pokemon_id":"291"}{"order":"4","version_group_id":"6","move_id":"28","pokemon_move_method_id":"1","level":"1","pokemon_id":"291"}{"order":"","version_group_id":"6","move_id":"28","pokemon_move_method_id":"1","level":"9","pokemon_id":"291"}{"order":"","version_group_id":"6","move_id":"38","pokemon_move_method_id":"3","level":"0","pokemon_id":"291"}{"order":"","version_group_id":"6","move_id":"63","pokemon_move_method_id":"4","level":"0","pokemon_id":"291"}{"order":"","version_group_id":"6","move_id":"76","pokemon_move_method_id":"4","level":"0","pokemon_id":"291"}{"order":"","version_group_id":"6","move_id":"91","pokemon_move_method_id":"4","level":"0","pokemon_id":"291"}{"order":"","version_group_id":"6","move_id":"92","pokemon_move_method_id":"4","level":"0","pokemon_id":"291"}{"order":"","version_group_id":"6","move_id":"97","pokemon_move_method_id":"1","level":"38","pokemon_id":"291"}{"order":"","version_group_id":"6","move_id":"102","pokemon_move_method_id":"3","level":"0","pokemon_id":"291"}{"order":"6","version_group_id":"6","move_id":"103","pokemon_move_method_id":"1","level":"20","pokemon_id":"291"}{"order":"","version_group_id":"6","move_id":"104","pokemon_move_method_id":"1","level":"20","pokemon_id":"291"}{"order":"","version_group_id":"6","move_id":"104","pokemon_move_method_id":"4","level":"0","pokemon_id":"291"}{"order":"2","version_group_id":"6","move_id":"106","pokemon_move_method_id":"1","level":"1","pokemon_id":"291"}{"order":"","version_group_id":"6","move_id":"129","pokemon_move_method_id":"3","level":"0","pokemon_id":"291"}{"order":"3","version_group_id":"6","move_id":"141","pokemon_move_method_id":"1","level":"1","pokemon_id":"291"}{"order":"","version_group_id":"6","move_id":"141","pokemon_move_method_id":"1","level":"5","pokemon_id":"291"}{"order":"","version_group_id":"6","move_id":"148","pokemon_move_method_id":"4","level":"0","pokemon_id":"291"}{"order":"","version_group_id":"6","move_id":"154","pokemon_move_method_id":"1","level":"14","pokemon_id":"291"}{"order":"","version_group_id":"6","move_id":"156","pokemon_move_method_id":"4","level":"0","pokemon_id":"291"}{"order":"","version_group_id":"6","move_id":"163","pokemon_move_method_id":"1","level":"31","pokemon_id":"291"}{"order":"","version_group_id":"6","move_id":"164","pokemon_move_method_id":"3","level":"0","pokemon_id":"291"}{"order":"","version_group_id":"6","move_id":"168","pokemon_move_method_id":"4","level":"0","pokemon_id":"291"}{"order":"","version_group_id":"6","move_id":"170","pokemon_move_method_id":"1","level":"19","pokemon_id":"291"}{"order":"","version_group_id":"6","move_id":"173","pokemon_move_method_id":"3","level":"0","pokemon_id":"291"}{"order":"","version_group_id":"6","move_id":"182","pokemon_move_method_id":"4","level":"0","pokemon_id":"291"}{"order":"","version_group_id":"6","move_id":"189","pokemon_move_method_id":"3","level":"0","pokemon_id":"291"}{"order":"","version_group_id":"6","move_id":"201","pokemon_move_method_id":"4","level":"0","pokemon_id":"291"}{"order":"","version_group_id":"6","move_id":"202","pokemon_move_method_id":"4","level":"0","pokemon_id":"291"}{"order":"","version_group_id":"6","move_id":"203","pokemon_move_method_id":"3","level":"0","pokemon_id":"291"}{"order":"","version_group_id":"6","move_id":"207","pokemon_move_method_id":"3","level":"0","pokemon_id":"291"}{"order":"5","version_group_id":"6","move_id":"210","pokemon_move_method_id":"1","level":"20","pokemon_id":"291"}{"order":"","version_group_id":"6","move_id":"210","pokemon_move_method_id":"3","level":"0","pokemon_id":"291"}{"order":"","version_group_id":"6","move_id":"213","pokemon_move_method_id":"4","level":"0","pokemon_id":"291"}{"order":"","version_group_id":"6","move_id":"214","pokemon_move_method_id":"3","level":"0","pokemon_id":"291"}{"order":"","version_group_id":"6","move_id":"216","pokemon_move_method_id":"4","level":"0","pokemon_id":"291"}{"order":"","version_group_id":"6","move_id":"218","pokemon_move_method_id":"4","level":"0","pokemon_id":"291"}{"order":"","version_group_id":"6","move_id":"226","pokemon_move_method_id":"1","level":"45","pokemon_id":"291"}{"order":"","version_group_id":"6","move_id":"237","pokemon_move_method_id":"4","level":"0","pokemon_id":"291"}{"order":"","version_group_id":"6","move_id":"241","pokemon_move_method_id":"4","level":"0","pokemon_id":"291"}{"order":"","version_group_id":"6","move_id":"247","pokemon_move_method_id":"4","level":"0","pokemon_id":"291"}{"order":"","version_group_id":"6","move_id":"263","pokemon_move_method_id":"4","level":"0","pokemon_id":"291"}{"order":"","version_group_id":"6","move_id":"290","pokemon_move_method_id":"4","level":"0","pokemon_id":"291"}{"order":"","version_group_id":"6","move_id":"332","pokemon_move_method_id":"4","level":"0","pokemon_id":"291"}{"order":"1","version_group_id":"7","move_id":"10","pokemon_move_method_id":"1","level":"1","pokemon_id":"291"}{"order":"","version_group_id":"7","move_id":"14","pokemon_move_method_id":"1","level":"25","pokemon_id":"291"}{"order":"","version_group_id":"7","move_id":"14","pokemon_move_method_id":"3","level":"0","pokemon_id":"291"}{"order":"","version_group_id":"7","move_id":"15","pokemon_move_method_id":"4","level":"0","pokemon_id":"291"}{"order":"4","version_group_id":"7","move_id":"28","pokemon_move_method_id":"1","level":"1","pokemon_id":"291"}{"order":"","version_group_id":"7","move_id":"28","pokemon_move_method_id":"1","level":"9","pokemon_id":"291"}{"order":"","version_group_id":"7","move_id":"38","pokemon_move_method_id":"3","level":"0","pokemon_id":"291"}{"order":"","version_group_id":"7","move_id":"63","pokemon_move_method_id":"4","level":"0","pokemon_id":"291"}{"order":"","version_group_id":"7","move_id":"76","pokemon_move_method_id":"4","level":"0","pokemon_id":"291"}{"order":"","version_group_id":"7","move_id":"91","pokemon_move_method_id":"4","level":"0","pokemon_id":"291"}{"order":"","version_group_id":"7","move_id":"92","pokemon_move_method_id":"4","level":"0","pokemon_id":"291"}{"order":"","version_group_id":"7","move_id":"97","pokemon_move_method_id":"1","level":"38","pokemon_id":"291"}{"order":"","version_group_id":"7","move_id":"102","pokemon_move_method_id":"3","level":"0","pokemon_id":"291"}{"order":"6","version_group_id":"7","move_id":"103","pokemon_move_method_id":"1","level":"20","pokemon_id":"291"}{"order":"","version_group_id":"7","move_id":"104","pokemon_move_method_id":"1","level":"20","pokemon_id":"291"}{"order":"","version_group_id":"7","move_id":"104","pokemon_move_method_id":"4","level":"0","pokemon_id":"291"}{"order":"2","version_group_id":"7","move_id":"106","pokemon_move_method_id":"1","level":"1","pokemon_id":"291"}{"order":"3","version_group_id":"7","move_id":"141","pokemon_move_method_id":"1","level":"1","pokemon_id":"291"}{"order":"","version_group_id":"7","move_id":"141","pokemon_move_method_id":"1","level":"5","pokemon_id":"291"}{"order":"","version_group_id":"7","move_id":"148","pokemon_move_method_id":"4","level":"0","pokemon_id":"291"}{"order":"","version_group_id":"7","move_id":"154","pokemon_move_method_id":"1","level":"14","pokemon_id":"291"}{"order":"","version_group_id":"7","move_id":"156","pokemon_move_method_id":"4","level":"0","pokemon_id":"291"}{"order":"","version_group_id":"7","move_id":"163","pokemon_move_method_id":"1","level":"31","pokemon_id":"291"}{"order":"","version_group_id":"7","move_id":"164","pokemon_move_method_id":"3","level":"0","pokemon_id":"291"}{"order":"","version_group_id":"7","move_id":"168","pokemon_move_method_id":"4","level":"0","pokemon_id":"291"}{"order":"","version_group_id":"7","move_id":"170","pokemon_move_method_id":"1","level":"19","pokemon_id":"291"}{"order":"","version_group_id":"7","move_id":"182","pokemon_move_method_id":"4","level":"0","pokemon_id":"291"}{"order":"","version_group_id":"7","move_id":"201","pokemon_move_method_id":"4","level":"0","pokemon_id":"291"}{"order":"","version_group_id":"7","move_id":"202","pokemon_move_method_id":"4","level":"0","pokemon_id":"291"}{"order":"5","version_group_id":"7","move_id":"210","pokemon_move_method_id":"1","level":"20","pokemon_id":"291"}{"order":"","version_group_id":"7","move_id":"213","pokemon_move_method_id":"4","level":"0","pokemon_id":"291"}{"order":"","version_group_id":"7","move_id":"216","pokemon_move_method_id":"4","level":"0","pokemon_id":"291"}{"order":"","version_group_id":"7","move_id":"218","pokemon_move_method_id":"4","level":"0","pokemon_id":"291"}{"order":"","version_group_id":"7","move_id":"226","pokemon_move_method_id":"1","level":"45","pokemon_id":"291"}{"order":"","version_group_id":"7","move_id":"237","pokemon_move_method_id":"4","level":"0","pokemon_id":"291"}{"order":"","version_group_id":"7","move_id":"241","pokemon_move_method_id":"4","level":"0","pokemon_id":"291"}{"order":"","version_group_id":"7","move_id":"247","pokemon_move_method_id":"4","level":"0","pokemon_id":"291"}{"order":"","version_group_id":"7","move_id":"263","pokemon_move_method_id":"4","level":"0","pokemon_id":"291"}{"order":"","version_group_id":"7","move_id":"290","pokemon_move_method_id":"4","level":"0","pokemon_id":"291"}{"order":"","version_group_id":"7","move_id":"332","pokemon_move_method_id":"4","level":"0","pokemon_id":"291"}{"order":"2","version_group_id":"8","move_id":"10","pokemon_move_method_id":"1","level":"1","pokemon_id":"291"}{"order":"","version_group_id":"8","move_id":"14","pokemon_move_method_id":"1","level":"25","pokemon_id":"291"}{"order":"","version_group_id":"8","move_id":"14","pokemon_move_method_id":"4","level":"0","pokemon_id":"291"}{"order":"","version_group_id":"8","move_id":"15","pokemon_move_method_id":"4","level":"0","pokemon_id":"291"}{"order":"5","version_group_id":"8","move_id":"28","pokemon_move_method_id":"1","level":"1","pokemon_id":"291"}{"order":"","version_group_id":"8","move_id":"28","pokemon_move_method_id":"1","level":"9","pokemon_id":"291"}{"order":"","version_group_id":"8","move_id":"63","pokemon_move_method_id":"4","level":"0","pokemon_id":"291"}{"order":"","version_group_id":"8","move_id":"76","pokemon_move_method_id":"4","level":"0","pokemon_id":"291"}{"order":"","version_group_id":"8","move_id":"91","pokemon_move_method_id":"4","level":"0","pokemon_id":"291"}{"order":"","version_group_id":"8","move_id":"92","pokemon_move_method_id":"4","level":"0","pokemon_id":"291"}{"order":"","version_group_id":"8","move_id":"97","pokemon_move_method_id":"1","level":"38","pokemon_id":"291"}{"order":"3","version_group_id":"8","move_id":"103","pokemon_move_method_id":"1","level":"20","pokemon_id":"291"}{"order":"1","version_group_id":"8","move_id":"104","pokemon_move_method_id":"1","level":"20","pokemon_id":"291"}{"order":"","version_group_id":"8","move_id":"104","pokemon_move_method_id":"4","level":"0","pokemon_id":"291"}{"order":"3","version_group_id":"8","move_id":"106","pokemon_move_method_id":"1","level":"1","pokemon_id":"291"}{"order":"4","version_group_id":"8","move_id":"141","pokemon_move_method_id":"1","level":"1","pokemon_id":"291"}{"order":"","version_group_id":"8","move_id":"141","pokemon_move_method_id":"1","level":"5","pokemon_id":"291"}{"order":"","version_group_id":"8","move_id":"148","pokemon_move_method_id":"4","level":"0","pokemon_id":"291"}{"order":"","version_group_id":"8","move_id":"154","pokemon_move_method_id":"1","level":"14","pokemon_id":"291"}{"order":"","version_group_id":"8","move_id":"156","pokemon_move_method_id":"4","level":"0","pokemon_id":"291"}{"order":"","version_group_id":"8","move_id":"163","pokemon_move_method_id":"1","level":"31","pokemon_id":"291"}{"order":"","version_group_id":"8","move_id":"164","pokemon_move_method_id":"4","level":"0","pokemon_id":"291"}{"order":"","version_group_id":"8","move_id":"168","pokemon_move_method_id":"4","level":"0","pokemon_id":"291"}{"order":"","version_group_id":"8","move_id":"170","pokemon_move_method_id":"1","level":"19","pokemon_id":"291"}{"order":"","version_group_id":"8","move_id":"182","pokemon_move_method_id":"4","level":"0","pokemon_id":"291"}{"order":"","version_group_id":"8","move_id":"201","pokemon_move_method_id":"4","level":"0","pokemon_id":"291"}{"order":"","version_group_id":"8","move_id":"202","pokemon_move_method_id":"4","level":"0","pokemon_id":"291"}{"order":"","version_group_id":"8","move_id":"203","pokemon_move_method_id":"4","level":"0","pokemon_id":"291"}{"order":"","version_group_id":"8","move_id":"206","pokemon_move_method_id":"4","level":"0","pokemon_id":"291"}{"order":"","version_group_id":"8","move_id":"207","pokemon_move_method_id":"4","level":"0","pokemon_id":"291"}{"order":"2","version_group_id":"8","move_id":"210","pokemon_move_method_id":"1","level":"20","pokemon_id":"291"}{"order":"","version_group_id":"8","move_id":"213","pokemon_move_method_id":"4","level":"0","pokemon_id":"291"}{"order":"","version_group_id":"8","move_id":"214","pokemon_move_method_id":"4","level":"0","pokemon_id":"291"}{"order":"","version_group_id":"8","move_id":"216","pokemon_move_method_id":"4","level":"0","pokemon_id":"291"}{"order":"","version_group_id":"8","move_id":"218","pokemon_move_method_id":"4","level":"0","pokemon_id":"291"}{"order":"","version_group_id":"8","move_id":"226","pokemon_move_method_id":"1","level":"45","pokemon_id":"291"}{"order":"","version_group_id":"8","move_id":"237","pokemon_move_method_id":"4","level":"0","pokemon_id":"291"}{"order":"","version_group_id":"8","move_id":"241","pokemon_move_method_id":"4","level":"0","pokemon_id":"291"}{"order":"","version_group_id":"8","move_id":"247","pokemon_move_method_id":"4","level":"0","pokemon_id":"291"}{"order":"","version_group_id":"8","move_id":"263","pokemon_move_method_id":"4","level":"0","pokemon_id":"291"}{"order":"","version_group_id":"8","move_id":"290","pokemon_move_method_id":"4","level":"0","pokemon_id":"291"}{"order":"","version_group_id":"8","move_id":"318","pokemon_move_method_id":"4","level":"0","pokemon_id":"291"}{"order":"","version_group_id":"8","move_id":"332","pokemon_move_method_id":"4","level":"0","pokemon_id":"291"}{"order":"","version_group_id":"8","move_id":"355","pokemon_move_method_id":"4","level":"0","pokemon_id":"291"}{"order":"","version_group_id":"8","move_id":"363","pokemon_move_method_id":"4","level":"0","pokemon_id":"291"}{"order":"","version_group_id":"8","move_id":"369","pokemon_move_method_id":"4","level":"0","pokemon_id":"291"}{"order":"","version_group_id":"8","move_id":"404","pokemon_move_method_id":"1","level":"52","pokemon_id":"291"}{"order":"","version_group_id":"8","move_id":"404","pokemon_move_method_id":"4","level":"0","pokemon_id":"291"}{"order":"","version_group_id":"8","move_id":"416","pokemon_move_method_id":"4","level":"0","pokemon_id":"291"}{"order":"","version_group_id":"8","move_id":"432","pokemon_move_method_id":"4","level":"0","pokemon_id":"291"}{"order":"","version_group_id":"8","move_id":"445","pokemon_move_method_id":"4","level":"0","pokemon_id":"291"}{"order":"1","version_group_id":"8","move_id":"450","pokemon_move_method_id":"1","level":"1","pokemon_id":"291"}{"order":"2","version_group_id":"9","move_id":"10","pokemon_move_method_id":"1","level":"1","pokemon_id":"291"}{"order":"","version_group_id":"9","move_id":"14","pokemon_move_method_id":"1","level":"25","pokemon_id":"291"}{"order":"","version_group_id":"9","move_id":"14","pokemon_move_method_id":"4","level":"0","pokemon_id":"291"}{"order":"","version_group_id":"9","move_id":"15","pokemon_move_method_id":"4","level":"0","pokemon_id":"291"}{"order":"5","version_group_id":"9","move_id":"28","pokemon_move_method_id":"1","level":"1","pokemon_id":"291"}{"order":"","version_group_id":"9","move_id":"28","pokemon_move_method_id":"1","level":"9","pokemon_id":"291"}{"order":"","version_group_id":"9","move_id":"63","pokemon_move_method_id":"4","level":"0","pokemon_id":"291"}{"order":"","version_group_id":"9","move_id":"76","pokemon_move_method_id":"4","level":"0","pokemon_id":"291"}{"order":"","version_group_id":"9","move_id":"91","pokemon_move_method_id":"4","level":"0","pokemon_id":"291"}{"order":"","version_group_id":"9","move_id":"92","pokemon_move_method_id":"4","level":"0","pokemon_id":"291"}{"order":"","version_group_id":"9","move_id":"97","pokemon_move_method_id":"1","level":"38","pokemon_id":"291"}{"order":"3","version_group_id":"9","move_id":"103","pokemon_move_method_id":"1","level":"20","pokemon_id":"291"}{"order":"1","version_group_id":"9","move_id":"104","pokemon_move_method_id":"1","level":"20","pokemon_id":"291"}{"order":"","version_group_id":"9","move_id":"104","pokemon_move_method_id":"4","level":"0","pokemon_id":"291"}{"order":"3","version_group_id":"9","move_id":"106","pokemon_move_method_id":"1","level":"1","pokemon_id":"291"}{"order":"","version_group_id":"9","move_id":"129","pokemon_move_method_id":"3","level":"0","pokemon_id":"291"}{"order":"4","version_group_id":"9","move_id":"141","pokemon_move_method_id":"1","level":"1","pokemon_id":"291"}{"order":"","version_group_id":"9","move_id":"141","pokemon_move_method_id":"1","level":"5","pokemon_id":"291"}{"order":"","version_group_id":"9","move_id":"148","pokemon_move_method_id":"4","level":"0","pokemon_id":"291"}{"order":"","version_group_id":"9","move_id":"154","pokemon_move_method_id":"1","level":"14","pokemon_id":"291"}{"order":"","version_group_id":"9","move_id":"156","pokemon_move_method_id":"4","level":"0","pokemon_id":"291"}{"order":"","version_group_id":"9","move_id":"163","pokemon_move_method_id":"1","level":"31","pokemon_id":"291"}{"order":"","version_group_id":"9","move_id":"164","pokemon_move_method_id":"4","level":"0","pokemon_id":"291"}{"order":"","version_group_id":"9","move_id":"168","pokemon_move_method_id":"4","level":"0","pokemon_id":"291"}{"order":"","version_group_id":"9","move_id":"170","pokemon_move_method_id":"1","level":"19","pokemon_id":"291"}{"order":"","version_group_id":"9","move_id":"173","pokemon_move_method_id":"3","level":"0","pokemon_id":"291"}{"order":"","version_group_id":"9","move_id":"180","pokemon_move_method_id":"3","level":"0","pokemon_id":"291"}{"order":"","version_group_id":"9","move_id":"182","pokemon_move_method_id":"4","level":"0","pokemon_id":"291"}{"order":"","version_group_id":"9","move_id":"189","pokemon_move_method_id":"3","level":"0","pokemon_id":"291"}{"order":"","version_group_id":"9","move_id":"201","pokemon_move_method_id":"4","level":"0","pokemon_id":"291"}{"order":"","version_group_id":"9","move_id":"202","pokemon_move_method_id":"4","level":"0","pokemon_id":"291"}{"order":"","version_group_id":"9","move_id":"203","pokemon_move_method_id":"4","level":"0","pokemon_id":"291"}{"order":"","version_group_id":"9","move_id":"206","pokemon_move_method_id":"4","level":"0","pokemon_id":"291"}{"order":"","version_group_id":"9","move_id":"207","pokemon_move_method_id":"4","level":"0","pokemon_id":"291"}{"order":"2","version_group_id":"9","move_id":"210","pokemon_move_method_id":"1","level":"20","pokemon_id":"291"}{"order":"","version_group_id":"9","move_id":"210","pokemon_move_method_id":"3","level":"0","pokemon_id":"291"}{"order":"","version_group_id":"9","move_id":"213","pokemon_move_method_id":"4","level":"0","pokemon_id":"291"}{"order":"","version_group_id":"9","move_id":"214","pokemon_move_method_id":"4","level":"0","pokemon_id":"291"}{"order":"","version_group_id":"9","move_id":"216","pokemon_move_method_id":"4","level":"0","pokemon_id":"291"}{"order":"","version_group_id":"9","move_id":"218","pokemon_move_method_id":"4","level":"0","pokemon_id":"291"}{"order":"","version_group_id":"9","move_id":"226","pokemon_move_method_id":"1","level":"45","pokemon_id":"291"}{"order":"","version_group_id":"9","move_id":"237","pokemon_move_method_id":"4","level":"0","pokemon_id":"291"}{"order":"","version_group_id":"9","move_id":"241","pokemon_move_method_id":"4","level":"0","pokemon_id":"291"}{"order":"","version_group_id":"9","move_id":"247","pokemon_move_method_id":"4","level":"0","pokemon_id":"291"}{"order":"","version_group_id":"9","move_id":"253","pokemon_move_method_id":"3","level":"0","pokemon_id":"291"}{"order":"","version_group_id":"9","move_id":"263","pokemon_move_method_id":"4","level":"0","pokemon_id":"291"}{"order":"","version_group_id":"9","move_id":"290","pokemon_move_method_id":"4","level":"0","pokemon_id":"291"}{"order":"","version_group_id":"9","move_id":"314","pokemon_move_method_id":"3","level":"0","pokemon_id":"291"}{"order":"","version_group_id":"9","move_id":"318","pokemon_move_method_id":"4","level":"0","pokemon_id":"291"}{"order":"","version_group_id":"9","move_id":"332","pokemon_move_method_id":"4","level":"0","pokemon_id":"291"}{"order":"","version_group_id":"9","move_id":"355","pokemon_move_method_id":"4","level":"0","pokemon_id":"291"}{"order":"","version_group_id":"9","move_id":"363","pokemon_move_method_id":"4","level":"0","pokemon_id":"291"}{"order":"","version_group_id":"9","move_id":"369","pokemon_move_method_id":"4","level":"0","pokemon_id":"291"}{"order":"","version_group_id":"9","move_id":"404","pokemon_move_method_id":"1","level":"52","pokemon_id":"291"}{"order":"","version_group_id":"9","move_id":"404","pokemon_move_method_id":"4","level":"0","pokemon_id":"291"}{"order":"","version_group_id":"9","move_id":"416","pokemon_move_method_id":"4","level":"0","pokemon_id":"291"}{"order":"","version_group_id":"9","move_id":"432","pokemon_move_method_id":"4","level":"0","pokemon_id":"291"}{"order":"","version_group_id":"9","move_id":"445","pokemon_move_method_id":"4","level":"0","pokemon_id":"291"}{"order":"1","version_group_id":"9","move_id":"450","pokemon_move_method_id":"1","level":"1","pokemon_id":"291"}{"order":"","version_group_id":"9","move_id":"466","pokemon_move_method_id":"3","level":"0","pokemon_id":"291"}{"order":"2","version_group_id":"10","move_id":"10","pokemon_move_method_id":"1","level":"1","pokemon_id":"291"}{"order":"","version_group_id":"10","move_id":"14","pokemon_move_method_id":"1","level":"25","pokemon_id":"291"}{"order":"","version_group_id":"10","move_id":"14","pokemon_move_method_id":"4","level":"0","pokemon_id":"291"}{"order":"","version_group_id":"10","move_id":"15","pokemon_move_method_id":"4","level":"0","pokemon_id":"291"}{"order":"5","version_group_id":"10","move_id":"28","pokemon_move_method_id":"1","level":"1","pokemon_id":"291"}{"order":"","version_group_id":"10","move_id":"28","pokemon_move_method_id":"1","level":"9","pokemon_id":"291"}{"order":"","version_group_id":"10","move_id":"63","pokemon_move_method_id":"4","level":"0","pokemon_id":"291"}{"order":"","version_group_id":"10","move_id":"76","pokemon_move_method_id":"4","level":"0","pokemon_id":"291"}{"order":"","version_group_id":"10","move_id":"81","pokemon_move_method_id":"3","level":"0","pokemon_id":"291"}{"order":"","version_group_id":"10","move_id":"91","pokemon_move_method_id":"4","level":"0","pokemon_id":"291"}{"order":"","version_group_id":"10","move_id":"92","pokemon_move_method_id":"4","level":"0","pokemon_id":"291"}{"order":"","version_group_id":"10","move_id":"97","pokemon_move_method_id":"1","level":"38","pokemon_id":"291"}{"order":"3","version_group_id":"10","move_id":"103","pokemon_move_method_id":"1","level":"20","pokemon_id":"291"}{"order":"1","version_group_id":"10","move_id":"104","pokemon_move_method_id":"1","level":"20","pokemon_id":"291"}{"order":"","version_group_id":"10","move_id":"104","pokemon_move_method_id":"4","level":"0","pokemon_id":"291"}{"order":"3","version_group_id":"10","move_id":"106","pokemon_move_method_id":"1","level":"1","pokemon_id":"291"}{"order":"","version_group_id":"10","move_id":"129","pokemon_move_method_id":"3","level":"0","pokemon_id":"291"}{"order":"4","version_group_id":"10","move_id":"141","pokemon_move_method_id":"1","level":"1","pokemon_id":"291"}{"order":"","version_group_id":"10","move_id":"141","pokemon_move_method_id":"1","level":"5","pokemon_id":"291"}{"order":"","version_group_id":"10","move_id":"148","pokemon_move_method_id":"4","level":"0","pokemon_id":"291"}{"order":"","version_group_id":"10","move_id":"154","pokemon_move_method_id":"1","level":"14","pokemon_id":"291"}{"order":"","version_group_id":"10","move_id":"156","pokemon_move_method_id":"4","level":"0","pokemon_id":"291"}{"order":"","version_group_id":"10","move_id":"163","pokemon_move_method_id":"1","level":"31","pokemon_id":"291"}{"order":"","version_group_id":"10","move_id":"164","pokemon_move_method_id":"4","level":"0","pokemon_id":"291"}{"order":"","version_group_id":"10","move_id":"168","pokemon_move_method_id":"4","level":"0","pokemon_id":"291"}{"order":"","version_group_id":"10","move_id":"170","pokemon_move_method_id":"1","level":"19","pokemon_id":"291"}{"order":"","version_group_id":"10","move_id":"173","pokemon_move_method_id":"3","level":"0","pokemon_id":"291"}{"order":"","version_group_id":"10","move_id":"180","pokemon_move_method_id":"3","level":"0","pokemon_id":"291"}{"order":"","version_group_id":"10","move_id":"182","pokemon_move_method_id":"4","level":"0","pokemon_id":"291"}{"order":"","version_group_id":"10","move_id":"189","pokemon_move_method_id":"3","level":"0","pokemon_id":"291"}{"order":"","version_group_id":"10","move_id":"201","pokemon_move_method_id":"4","level":"0","pokemon_id":"291"}{"order":"","version_group_id":"10","move_id":"202","pokemon_move_method_id":"4","level":"0","pokemon_id":"291"}{"order":"","version_group_id":"10","move_id":"203","pokemon_move_method_id":"4","level":"0","pokemon_id":"291"}{"order":"","version_group_id":"10","move_id":"206","pokemon_move_method_id":"4","level":"0","pokemon_id":"291"}{"order":"","version_group_id":"10","move_id":"207","pokemon_move_method_id":"4","level":"0","pokemon_id":"291"}{"order":"2","version_group_id":"10","move_id":"210","pokemon_move_method_id":"1","level":"20","pokemon_id":"291"}{"order":"","version_group_id":"10","move_id":"210","pokemon_move_method_id":"3","level":"0","pokemon_id":"291"}{"order":"","version_group_id":"10","move_id":"213","pokemon_move_method_id":"4","level":"0","pokemon_id":"291"}{"order":"","version_group_id":"10","move_id":"214","pokemon_move_method_id":"4","level":"0","pokemon_id":"291"}{"order":"","version_group_id":"10","move_id":"216","pokemon_move_method_id":"4","level":"0","pokemon_id":"291"}{"order":"","version_group_id":"10","move_id":"218","pokemon_move_method_id":"4","level":"0","pokemon_id":"291"}{"order":"","version_group_id":"10","move_id":"226","pokemon_move_method_id":"1","level":"45","pokemon_id":"291"}{"order":"","version_group_id":"10","move_id":"237","pokemon_move_method_id":"4","level":"0","pokemon_id":"291"}{"order":"","version_group_id":"10","move_id":"241","pokemon_move_method_id":"4","level":"0","pokemon_id":"291"}{"order":"","version_group_id":"10","move_id":"247","pokemon_move_method_id":"4","level":"0","pokemon_id":"291"}{"order":"","version_group_id":"10","move_id":"253","pokemon_move_method_id":"3","level":"0","pokemon_id":"291"}{"order":"","version_group_id":"10","move_id":"263","pokemon_move_method_id":"4","level":"0","pokemon_id":"291"}{"order":"","version_group_id":"10","move_id":"290","pokemon_move_method_id":"4","level":"0","pokemon_id":"291"}{"order":"","version_group_id":"10","move_id":"314","pokemon_move_method_id":"3","level":"0","pokemon_id":"291"}{"order":"","version_group_id":"10","move_id":"318","pokemon_move_method_id":"4","level":"0","pokemon_id":"291"}{"order":"","version_group_id":"10","move_id":"332","pokemon_move_method_id":"4","level":"0","pokemon_id":"291"}{"order":"","version_group_id":"10","move_id":"355","pokemon_move_method_id":"4","level":"0","pokemon_id":"291"}{"order":"","version_group_id":"10","move_id":"363","pokemon_move_method_id":"4","level":"0","pokemon_id":"291"}{"order":"","version_group_id":"10","move_id":"369","pokemon_move_method_id":"4","level":"0","pokemon_id":"291"}{"order":"","version_group_id":"10","move_id":"404","pokemon_move_method_id":"1","level":"52","pokemon_id":"291"}{"order":"","version_group_id":"10","move_id":"404","pokemon_move_method_id":"4","level":"0","pokemon_id":"291"}{"order":"","version_group_id":"10","move_id":"416","pokemon_move_method_id":"4","level":"0","pokemon_id":"291"}{"order":"","version_group_id":"10","move_id":"445","pokemon_move_method_id":"4","level":"0","pokemon_id":"291"}{"order":"1","version_group_id":"10","move_id":"450","pokemon_move_method_id":"1","level":"1","pokemon_id":"291"}{"order":"","version_group_id":"10","move_id":"450","pokemon_move_method_id":"3","level":"0","pokemon_id":"291"}{"order":"","version_group_id":"10","move_id":"466","pokemon_move_method_id":"3","level":"0","pokemon_id":"291"}{"order":"2","version_group_id":"11","move_id":"10","pokemon_move_method_id":"1","level":"1","pokemon_id":"291"}{"order":"","version_group_id":"11","move_id":"14","pokemon_move_method_id":"1","level":"25","pokemon_id":"291"}{"order":"","version_group_id":"11","move_id":"14","pokemon_move_method_id":"4","level":"0","pokemon_id":"291"}{"order":"","version_group_id":"11","move_id":"15","pokemon_move_method_id":"4","level":"0","pokemon_id":"291"}{"order":"5","version_group_id":"11","move_id":"28","pokemon_move_method_id":"1","level":"1","pokemon_id":"291"}{"order":"","version_group_id":"11","move_id":"28","pokemon_move_method_id":"1","level":"9","pokemon_id":"291"}{"order":"","version_group_id":"11","move_id":"63","pokemon_move_method_id":"4","level":"0","pokemon_id":"291"}{"order":"","version_group_id":"11","move_id":"76","pokemon_move_method_id":"4","level":"0","pokemon_id":"291"}{"order":"","version_group_id":"11","move_id":"91","pokemon_move_method_id":"4","level":"0","pokemon_id":"291"}{"order":"","version_group_id":"11","move_id":"92","pokemon_move_method_id":"4","level":"0","pokemon_id":"291"}{"order":"","version_group_id":"11","move_id":"97","pokemon_move_method_id":"1","level":"38","pokemon_id":"291"}{"order":"3","version_group_id":"11","move_id":"103","pokemon_move_method_id":"1","level":"20","pokemon_id":"291"}{"order":"1","version_group_id":"11","move_id":"104","pokemon_move_method_id":"1","level":"20","pokemon_id":"291"}{"order":"","version_group_id":"11","move_id":"104","pokemon_move_method_id":"4","level":"0","pokemon_id":"291"}{"order":"3","version_group_id":"11","move_id":"106","pokemon_move_method_id":"1","level":"1","pokemon_id":"291"}{"order":"4","version_group_id":"11","move_id":"141","pokemon_move_method_id":"1","level":"1","pokemon_id":"291"}{"order":"","version_group_id":"11","move_id":"141","pokemon_move_method_id":"1","level":"5","pokemon_id":"291"}{"order":"","version_group_id":"11","move_id":"148","pokemon_move_method_id":"4","level":"0","pokemon_id":"291"}{"order":"","version_group_id":"11","move_id":"154","pokemon_move_method_id":"1","level":"14","pokemon_id":"291"}{"order":"","version_group_id":"11","move_id":"156","pokemon_move_method_id":"4","level":"0","pokemon_id":"291"}{"order":"","version_group_id":"11","move_id":"163","pokemon_move_method_id":"1","level":"31","pokemon_id":"291"}{"order":"","version_group_id":"11","move_id":"164","pokemon_move_method_id":"4","level":"0","pokemon_id":"291"}{"order":"","version_group_id":"11","move_id":"168","pokemon_move_method_id":"4","level":"0","pokemon_id":"291"}{"order":"","version_group_id":"11","move_id":"170","pokemon_move_method_id":"1","level":"19","pokemon_id":"291"}{"order":"","version_group_id":"11","move_id":"182","pokemon_move_method_id":"4","level":"0","pokemon_id":"291"}{"order":"","version_group_id":"11","move_id":"201","pokemon_move_method_id":"4","level":"0","pokemon_id":"291"}{"order":"","version_group_id":"11","move_id":"206","pokemon_move_method_id":"4","level":"0","pokemon_id":"291"}{"order":"","version_group_id":"11","move_id":"207","pokemon_move_method_id":"4","level":"0","pokemon_id":"291"}{"order":"2","version_group_id":"11","move_id":"210","pokemon_move_method_id":"1","level":"20","pokemon_id":"291"}{"order":"","version_group_id":"11","move_id":"213","pokemon_move_method_id":"4","level":"0","pokemon_id":"291"}{"order":"","version_group_id":"11","move_id":"216","pokemon_move_method_id":"4","level":"0","pokemon_id":"291"}{"order":"","version_group_id":"11","move_id":"218","pokemon_move_method_id":"4","level":"0","pokemon_id":"291"}{"order":"","version_group_id":"11","move_id":"226","pokemon_move_method_id":"1","level":"45","pokemon_id":"291"}{"order":"","version_group_id":"11","move_id":"237","pokemon_move_method_id":"4","level":"0","pokemon_id":"291"}{"order":"","version_group_id":"11","move_id":"241","pokemon_move_method_id":"4","level":"0","pokemon_id":"291"}{"order":"","version_group_id":"11","move_id":"247","pokemon_move_method_id":"4","level":"0","pokemon_id":"291"}{"order":"","version_group_id":"11","move_id":"263","pokemon_move_method_id":"4","level":"0","pokemon_id":"291"}{"order":"","version_group_id":"11","move_id":"332","pokemon_move_method_id":"4","level":"0","pokemon_id":"291"}{"order":"","version_group_id":"11","move_id":"369","pokemon_move_method_id":"4","level":"0","pokemon_id":"291"}{"order":"","version_group_id":"11","move_id":"404","pokemon_move_method_id":"1","level":"52","pokemon_id":"291"}{"order":"","version_group_id":"11","move_id":"404","pokemon_move_method_id":"4","level":"0","pokemon_id":"291"}{"order":"","version_group_id":"11","move_id":"416","pokemon_move_method_id":"4","level":"0","pokemon_id":"291"}{"order":"1","version_group_id":"11","move_id":"450","pokemon_move_method_id":"1","level":"1","pokemon_id":"291"}{"order":"","version_group_id":"11","move_id":"468","pokemon_move_method_id":"4","level":"0","pokemon_id":"291"}{"order":"","version_group_id":"11","move_id":"496","pokemon_move_method_id":"4","level":"0","pokemon_id":"291"}{"order":"","version_group_id":"11","move_id":"522","pokemon_move_method_id":"4","level":"0","pokemon_id":"291"}{"order":"1","version_group_id":"12","move_id":"10","pokemon_move_method_id":"1","level":"1","pokemon_id":"291"}{"order":"","version_group_id":"12","move_id":"14","pokemon_move_method_id":"1","level":"25","pokemon_id":"291"}{"order":"","version_group_id":"12","move_id":"15","pokemon_move_method_id":"4","level":"0","pokemon_id":"291"}{"order":"4","version_group_id":"12","move_id":"28","pokemon_move_method_id":"1","level":"1","pokemon_id":"291"}{"order":"","version_group_id":"12","move_id":"28","pokemon_move_method_id":"1","level":"9","pokemon_id":"291"}{"order":"","version_group_id":"12","move_id":"63","pokemon_move_method_id":"4","level":"0","pokemon_id":"291"}{"order":"","version_group_id":"12","move_id":"76","pokemon_move_method_id":"4","level":"0","pokemon_id":"291"}{"order":"","version_group_id":"12","move_id":"91","pokemon_move_method_id":"4","level":"0","pokemon_id":"291"}{"order":"","version_group_id":"12","move_id":"92","pokemon_move_method_id":"4","level":"0","pokemon_id":"291"}{"order":"","version_group_id":"12","move_id":"97","pokemon_move_method_id":"1","level":"38","pokemon_id":"291"}{"order":"6","version_group_id":"12","move_id":"103","pokemon_move_method_id":"1","level":"20","pokemon_id":"291"}{"order":"","version_group_id":"12","move_id":"104","pokemon_move_method_id":"1","level":"20","pokemon_id":"291"}{"order":"","version_group_id":"12","move_id":"104","pokemon_move_method_id":"4","level":"0","pokemon_id":"291"}{"order":"2","version_group_id":"12","move_id":"106","pokemon_move_method_id":"1","level":"1","pokemon_id":"291"}{"order":"3","version_group_id":"12","move_id":"141","pokemon_move_method_id":"1","level":"1","pokemon_id":"291"}{"order":"","version_group_id":"12","move_id":"141","pokemon_move_method_id":"1","level":"5","pokemon_id":"291"}{"order":"","version_group_id":"12","move_id":"148","pokemon_move_method_id":"4","level":"0","pokemon_id":"291"}{"order":"","version_group_id":"12","move_id":"154","pokemon_move_method_id":"1","level":"14","pokemon_id":"291"}{"order":"","version_group_id":"12","move_id":"156","pokemon_move_method_id":"4","level":"0","pokemon_id":"291"}{"order":"","version_group_id":"12","move_id":"163","pokemon_move_method_id":"1","level":"31","pokemon_id":"291"}{"order":"","version_group_id":"12","move_id":"168","pokemon_move_method_id":"4","level":"0","pokemon_id":"291"}{"order":"","version_group_id":"12","move_id":"170","pokemon_move_method_id":"1","level":"19","pokemon_id":"291"}{"order":"","version_group_id":"12","move_id":"182","pokemon_move_method_id":"4","level":"0","pokemon_id":"291"}{"order":"","version_group_id":"12","move_id":"201","pokemon_move_method_id":"4","level":"0","pokemon_id":"291"}{"order":"","version_group_id":"12","move_id":"202","pokemon_move_method_id":"4","level":"0","pokemon_id":"291"}{"order":"5","version_group_id":"12","move_id":"210","pokemon_move_method_id":"1","level":"20","pokemon_id":"291"}{"order":"","version_group_id":"12","move_id":"213","pokemon_move_method_id":"4","level":"0","pokemon_id":"291"}{"order":"","version_group_id":"12","move_id":"216","pokemon_move_method_id":"4","level":"0","pokemon_id":"291"}{"order":"","version_group_id":"12","move_id":"218","pokemon_move_method_id":"4","level":"0","pokemon_id":"291"}{"order":"","version_group_id":"12","move_id":"226","pokemon_move_method_id":"1","level":"45","pokemon_id":"291"}{"order":"","version_group_id":"12","move_id":"237","pokemon_move_method_id":"4","level":"0","pokemon_id":"291"}{"order":"","version_group_id":"12","move_id":"241","pokemon_move_method_id":"4","level":"0","pokemon_id":"291"}{"order":"","version_group_id":"12","move_id":"247","pokemon_move_method_id":"4","level":"0","pokemon_id":"291"}{"order":"","version_group_id":"12","move_id":"263","pokemon_move_method_id":"4","level":"0","pokemon_id":"291"}{"order":"","version_group_id":"12","move_id":"290","pokemon_move_method_id":"4","level":"0","pokemon_id":"291"}{"order":"","version_group_id":"12","move_id":"332","pokemon_move_method_id":"4","level":"0","pokemon_id":"291"}{"order":"1","version_group_id":"13","move_id":"10","pokemon_move_method_id":"1","level":"1","pokemon_id":"291"}{"order":"","version_group_id":"13","move_id":"14","pokemon_move_method_id":"1","level":"25","pokemon_id":"291"}{"order":"","version_group_id":"13","move_id":"15","pokemon_move_method_id":"4","level":"0","pokemon_id":"291"}{"order":"4","version_group_id":"13","move_id":"28","pokemon_move_method_id":"1","level":"1","pokemon_id":"291"}{"order":"","version_group_id":"13","move_id":"28","pokemon_move_method_id":"1","level":"9","pokemon_id":"291"}{"order":"","version_group_id":"13","move_id":"38","pokemon_move_method_id":"3","level":"0","pokemon_id":"291"}{"order":"","version_group_id":"13","move_id":"63","pokemon_move_method_id":"4","level":"0","pokemon_id":"291"}{"order":"","version_group_id":"13","move_id":"76","pokemon_move_method_id":"4","level":"0","pokemon_id":"291"}{"order":"","version_group_id":"13","move_id":"91","pokemon_move_method_id":"4","level":"0","pokemon_id":"291"}{"order":"","version_group_id":"13","move_id":"92","pokemon_move_method_id":"4","level":"0","pokemon_id":"291"}{"order":"","version_group_id":"13","move_id":"97","pokemon_move_method_id":"1","level":"38","pokemon_id":"291"}{"order":"","version_group_id":"13","move_id":"102","pokemon_move_method_id":"3","level":"0","pokemon_id":"291"}{"order":"6","version_group_id":"13","move_id":"103","pokemon_move_method_id":"1","level":"20","pokemon_id":"291"}{"order":"","version_group_id":"13","move_id":"104","pokemon_move_method_id":"1","level":"20","pokemon_id":"291"}{"order":"","version_group_id":"13","move_id":"104","pokemon_move_method_id":"4","level":"0","pokemon_id":"291"}{"order":"2","version_group_id":"13","move_id":"106","pokemon_move_method_id":"1","level":"1","pokemon_id":"291"}{"order":"3","version_group_id":"13","move_id":"141","pokemon_move_method_id":"1","level":"1","pokemon_id":"291"}{"order":"","version_group_id":"13","move_id":"141","pokemon_move_method_id":"1","level":"5","pokemon_id":"291"}{"order":"","version_group_id":"13","move_id":"148","pokemon_move_method_id":"4","level":"0","pokemon_id":"291"}{"order":"","version_group_id":"13","move_id":"154","pokemon_move_method_id":"1","level":"14","pokemon_id":"291"}{"order":"","version_group_id":"13","move_id":"156","pokemon_move_method_id":"4","level":"0","pokemon_id":"291"}{"order":"","version_group_id":"13","move_id":"163","pokemon_move_method_id":"1","level":"31","pokemon_id":"291"}{"order":"","version_group_id":"13","move_id":"164","pokemon_move_method_id":"3","level":"0","pokemon_id":"291"}{"order":"","version_group_id":"13","move_id":"168","pokemon_move_method_id":"4","level":"0","pokemon_id":"291"}{"order":"","version_group_id":"13","move_id":"170","pokemon_move_method_id":"1","level":"19","pokemon_id":"291"}{"order":"","version_group_id":"13","move_id":"182","pokemon_move_method_id":"4","level":"0","pokemon_id":"291"}{"order":"","version_group_id":"13","move_id":"201","pokemon_move_method_id":"4","level":"0","pokemon_id":"291"}{"order":"","version_group_id":"13","move_id":"202","pokemon_move_method_id":"4","level":"0","pokemon_id":"291"}{"order":"","version_group_id":"13","move_id":"207","pokemon_move_method_id":"3","level":"0","pokemon_id":"291"}{"order":"5","version_group_id":"13","move_id":"210","pokemon_move_method_id":"1","level":"20","pokemon_id":"291"}{"order":"","version_group_id":"13","move_id":"213","pokemon_move_method_id":"4","level":"0","pokemon_id":"291"}{"order":"","version_group_id":"13","move_id":"216","pokemon_move_method_id":"4","level":"0","pokemon_id":"291"}{"order":"","version_group_id":"13","move_id":"218","pokemon_move_method_id":"4","level":"0","pokemon_id":"291"}{"order":"","version_group_id":"13","move_id":"226","pokemon_move_method_id":"1","level":"45","pokemon_id":"291"}{"order":"","version_group_id":"13","move_id":"237","pokemon_move_method_id":"4","level":"0","pokemon_id":"291"}{"order":"","version_group_id":"13","move_id":"241","pokemon_move_method_id":"4","level":"0","pokemon_id":"291"}{"order":"","version_group_id":"13","move_id":"247","pokemon_move_method_id":"4","level":"0","pokemon_id":"291"}{"order":"","version_group_id":"13","move_id":"263","pokemon_move_method_id":"4","level":"0","pokemon_id":"291"}{"order":"","version_group_id":"13","move_id":"290","pokemon_move_method_id":"4","level":"0","pokemon_id":"291"}{"order":"","version_group_id":"13","move_id":"332","pokemon_move_method_id":"4","level":"0","pokemon_id":"291"}{"order":"2","version_group_id":"14","move_id":"10","pokemon_move_method_id":"1","level":"1","pokemon_id":"291"}{"order":"","version_group_id":"14","move_id":"14","pokemon_move_method_id":"1","level":"25","pokemon_id":"291"}{"order":"","version_group_id":"14","move_id":"14","pokemon_move_method_id":"4","level":"0","pokemon_id":"291"}{"order":"","version_group_id":"14","move_id":"15","pokemon_move_method_id":"4","level":"0","pokemon_id":"291"}{"order":"5","version_group_id":"14","move_id":"28","pokemon_move_method_id":"1","level":"1","pokemon_id":"291"}{"order":"","version_group_id":"14","move_id":"28","pokemon_move_method_id":"1","level":"9","pokemon_id":"291"}{"order":"","version_group_id":"14","move_id":"63","pokemon_move_method_id":"4","level":"0","pokemon_id":"291"}{"order":"","version_group_id":"14","move_id":"76","pokemon_move_method_id":"4","level":"0","pokemon_id":"291"}{"order":"","version_group_id":"14","move_id":"91","pokemon_move_method_id":"4","level":"0","pokemon_id":"291"}{"order":"","version_group_id":"14","move_id":"92","pokemon_move_method_id":"4","level":"0","pokemon_id":"291"}{"order":"","version_group_id":"14","move_id":"97","pokemon_move_method_id":"1","level":"38","pokemon_id":"291"}{"order":"3","version_group_id":"14","move_id":"103","pokemon_move_method_id":"1","level":"20","pokemon_id":"291"}{"order":"1","version_group_id":"14","move_id":"104","pokemon_move_method_id":"1","level":"20","pokemon_id":"291"}{"order":"","version_group_id":"14","move_id":"104","pokemon_move_method_id":"4","level":"0","pokemon_id":"291"}{"order":"3","version_group_id":"14","move_id":"106","pokemon_move_method_id":"1","level":"1","pokemon_id":"291"}{"order":"4","version_group_id":"14","move_id":"141","pokemon_move_method_id":"1","level":"1","pokemon_id":"291"}{"order":"","version_group_id":"14","move_id":"141","pokemon_move_method_id":"1","level":"5","pokemon_id":"291"}{"order":"","version_group_id":"14","move_id":"148","pokemon_move_method_id":"4","level":"0","pokemon_id":"291"}{"order":"","version_group_id":"14","move_id":"154","pokemon_move_method_id":"1","level":"14","pokemon_id":"291"}{"order":"","version_group_id":"14","move_id":"156","pokemon_move_method_id":"4","level":"0","pokemon_id":"291"}{"order":"","version_group_id":"14","move_id":"163","pokemon_move_method_id":"1","level":"31","pokemon_id":"291"}{"order":"","version_group_id":"14","move_id":"164","pokemon_move_method_id":"4","level":"0","pokemon_id":"291"}{"order":"","version_group_id":"14","move_id":"168","pokemon_move_method_id":"4","level":"0","pokemon_id":"291"}{"order":"","version_group_id":"14","move_id":"170","pokemon_move_method_id":"1","level":"19","pokemon_id":"291"}{"order":"","version_group_id":"14","move_id":"173","pokemon_move_method_id":"3","level":"0","pokemon_id":"291"}{"order":"","version_group_id":"14","move_id":"180","pokemon_move_method_id":"3","level":"0","pokemon_id":"291"}{"order":"","version_group_id":"14","move_id":"182","pokemon_move_method_id":"4","level":"0","pokemon_id":"291"}{"order":"","version_group_id":"14","move_id":"201","pokemon_move_method_id":"4","level":"0","pokemon_id":"291"}{"order":"","version_group_id":"14","move_id":"202","pokemon_move_method_id":"3","level":"0","pokemon_id":"291"}{"order":"","version_group_id":"14","move_id":"206","pokemon_move_method_id":"4","level":"0","pokemon_id":"291"}{"order":"","version_group_id":"14","move_id":"207","pokemon_move_method_id":"4","level":"0","pokemon_id":"291"}{"order":"2","version_group_id":"14","move_id":"210","pokemon_move_method_id":"1","level":"20","pokemon_id":"291"}{"order":"","version_group_id":"14","move_id":"213","pokemon_move_method_id":"4","level":"0","pokemon_id":"291"}{"order":"","version_group_id":"14","move_id":"214","pokemon_move_method_id":"3","level":"0","pokemon_id":"291"}{"order":"","version_group_id":"14","move_id":"216","pokemon_move_method_id":"4","level":"0","pokemon_id":"291"}{"order":"","version_group_id":"14","move_id":"218","pokemon_move_method_id":"4","level":"0","pokemon_id":"291"}{"order":"","version_group_id":"14","move_id":"226","pokemon_move_method_id":"1","level":"45","pokemon_id":"291"}{"order":"","version_group_id":"14","move_id":"237","pokemon_move_method_id":"4","level":"0","pokemon_id":"291"}{"order":"","version_group_id":"14","move_id":"241","pokemon_move_method_id":"4","level":"0","pokemon_id":"291"}{"order":"","version_group_id":"14","move_id":"247","pokemon_move_method_id":"4","level":"0","pokemon_id":"291"}{"order":"","version_group_id":"14","move_id":"253","pokemon_move_method_id":"3","level":"0","pokemon_id":"291"}{"order":"","version_group_id":"14","move_id":"263","pokemon_move_method_id":"4","level":"0","pokemon_id":"291"}{"order":"","version_group_id":"14","move_id":"332","pokemon_move_method_id":"4","level":"0","pokemon_id":"291"}{"order":"","version_group_id":"14","move_id":"355","pokemon_move_method_id":"3","level":"0","pokemon_id":"291"}{"order":"","version_group_id":"14","move_id":"369","pokemon_move_method_id":"4","level":"0","pokemon_id":"291"}{"order":"","version_group_id":"14","move_id":"404","pokemon_move_method_id":"1","level":"52","pokemon_id":"291"}{"order":"","version_group_id":"14","move_id":"404","pokemon_move_method_id":"4","level":"0","pokemon_id":"291"}{"order":"","version_group_id":"14","move_id":"416","pokemon_move_method_id":"4","level":"0","pokemon_id":"291"}{"order":"1","version_group_id":"14","move_id":"450","pokemon_move_method_id":"1","level":"1","pokemon_id":"291"}{"order":"","version_group_id":"14","move_id":"450","pokemon_move_method_id":"3","level":"0","pokemon_id":"291"}{"order":"","version_group_id":"14","move_id":"468","pokemon_move_method_id":"4","level":"0","pokemon_id":"291"}{"order":"","version_group_id":"14","move_id":"496","pokemon_move_method_id":"4","level":"0","pokemon_id":"291"}{"order":"","version_group_id":"14","move_id":"522","pokemon_move_method_id":"4","level":"0","pokemon_id":"291"}{"order":"2","version_group_id":"15","move_id":"10","pokemon_move_method_id":"1","level":"1","pokemon_id":"291"}{"order":"","version_group_id":"15","move_id":"14","pokemon_move_method_id":"1","level":"25","pokemon_id":"291"}{"order":"","version_group_id":"15","move_id":"14","pokemon_move_method_id":"4","level":"0","pokemon_id":"291"}{"order":"","version_group_id":"15","move_id":"15","pokemon_move_method_id":"4","level":"0","pokemon_id":"291"}{"order":"5","version_group_id":"15","move_id":"28","pokemon_move_method_id":"1","level":"1","pokemon_id":"291"}{"order":"","version_group_id":"15","move_id":"28","pokemon_move_method_id":"1","level":"9","pokemon_id":"291"}{"order":"","version_group_id":"15","move_id":"63","pokemon_move_method_id":"4","level":"0","pokemon_id":"291"}{"order":"","version_group_id":"15","move_id":"76","pokemon_move_method_id":"4","level":"0","pokemon_id":"291"}{"order":"","version_group_id":"15","move_id":"91","pokemon_move_method_id":"4","level":"0","pokemon_id":"291"}{"order":"","version_group_id":"15","move_id":"92","pokemon_move_method_id":"4","level":"0","pokemon_id":"291"}{"order":"","version_group_id":"15","move_id":"97","pokemon_move_method_id":"1","level":"38","pokemon_id":"291"}{"order":"3","version_group_id":"15","move_id":"103","pokemon_move_method_id":"1","level":"20","pokemon_id":"291"}{"order":"1","version_group_id":"15","move_id":"104","pokemon_move_method_id":"1","level":"20","pokemon_id":"291"}{"order":"","version_group_id":"15","move_id":"104","pokemon_move_method_id":"4","level":"0","pokemon_id":"291"}{"order":"3","version_group_id":"15","move_id":"106","pokemon_move_method_id":"1","level":"1","pokemon_id":"291"}{"order":"4","version_group_id":"15","move_id":"141","pokemon_move_method_id":"1","level":"1","pokemon_id":"291"}{"order":"","version_group_id":"15","move_id":"141","pokemon_move_method_id":"1","level":"5","pokemon_id":"291"}{"order":"","version_group_id":"15","move_id":"148","pokemon_move_method_id":"4","level":"0","pokemon_id":"291"}{"order":"","version_group_id":"15","move_id":"154","pokemon_move_method_id":"1","level":"14","pokemon_id":"291"}{"order":"","version_group_id":"15","move_id":"156","pokemon_move_method_id":"4","level":"0","pokemon_id":"291"}{"order":"","version_group_id":"15","move_id":"163","pokemon_move_method_id":"1","level":"31","pokemon_id":"291"}{"order":"","version_group_id":"15","move_id":"164","pokemon_move_method_id":"4","level":"0","pokemon_id":"291"}{"order":"","version_group_id":"15","move_id":"168","pokemon_move_method_id":"4","level":"0","pokemon_id":"291"}{"order":"","version_group_id":"15","move_id":"170","pokemon_move_method_id":"1","level":"19","pokemon_id":"291"}{"order":"","version_group_id":"15","move_id":"182","pokemon_move_method_id":"4","level":"0","pokemon_id":"291"}{"order":"","version_group_id":"15","move_id":"201","pokemon_move_method_id":"4","level":"0","pokemon_id":"291"}{"order":"","version_group_id":"15","move_id":"206","pokemon_move_method_id":"4","level":"0","pokemon_id":"291"}{"order":"","version_group_id":"15","move_id":"207","pokemon_move_method_id":"4","level":"0","pokemon_id":"291"}{"order":"2","version_group_id":"15","move_id":"210","pokemon_move_method_id":"1","level":"20","pokemon_id":"291"}{"order":"","version_group_id":"15","move_id":"213","pokemon_move_method_id":"4","level":"0","pokemon_id":"291"}{"order":"","version_group_id":"15","move_id":"214","pokemon_move_method_id":"4","level":"0","pokemon_id":"291"}{"order":"","version_group_id":"15","move_id":"216","pokemon_move_method_id":"4","level":"0","pokemon_id":"291"}{"order":"","version_group_id":"15","move_id":"218","pokemon_move_method_id":"4","level":"0","pokemon_id":"291"}{"order":"","version_group_id":"15","move_id":"226","pokemon_move_method_id":"1","level":"45","pokemon_id":"291"}{"order":"","version_group_id":"15","move_id":"237","pokemon_move_method_id":"4","level":"0","pokemon_id":"291"}{"order":"","version_group_id":"15","move_id":"241","pokemon_move_method_id":"4","level":"0","pokemon_id":"291"}{"order":"","version_group_id":"15","move_id":"247","pokemon_move_method_id":"4","level":"0","pokemon_id":"291"}{"order":"","version_group_id":"15","move_id":"263","pokemon_move_method_id":"4","level":"0","pokemon_id":"291"}{"order":"","version_group_id":"15","move_id":"332","pokemon_move_method_id":"4","level":"0","pokemon_id":"291"}{"order":"","version_group_id":"15","move_id":"355","pokemon_move_method_id":"4","level":"0","pokemon_id":"291"}{"order":"","version_group_id":"15","move_id":"369","pokemon_move_method_id":"4","level":"0","pokemon_id":"291"}{"order":"","version_group_id":"15","move_id":"404","pokemon_move_method_id":"1","level":"52","pokemon_id":"291"}{"order":"","version_group_id":"15","move_id":"404","pokemon_move_method_id":"4","level":"0","pokemon_id":"291"}{"order":"","version_group_id":"15","move_id":"416","pokemon_move_method_id":"4","level":"0","pokemon_id":"291"}{"order":"1","version_group_id":"15","move_id":"450","pokemon_move_method_id":"1","level":"1","pokemon_id":"291"}{"order":"","version_group_id":"15","move_id":"468","pokemon_move_method_id":"4","level":"0","pokemon_id":"291"}{"order":"","version_group_id":"15","move_id":"496","pokemon_move_method_id":"4","level":"0","pokemon_id":"291"}{"order":"","version_group_id":"15","move_id":"522","pokemon_move_method_id":"4","level":"0","pokemon_id":"291"}{"order":"","version_group_id":"15","move_id":"590","pokemon_move_method_id":"4","level":"0","pokemon_id":"291"}