{"order":"","version_group_id":"5","move_id":"15","pokemon_move_method_id":"4","level":"0","pokemon_id":"375"}{"order":"","version_group_id":"5","move_id":"36","pokemon_move_method_id":"1","level":"1","pokemon_id":"375"}{"order":"","version_group_id":"5","move_id":"63","pokemon_move_method_id":"1","level":"62","pokemon_id":"375"}{"order":"","version_group_id":"5","move_id":"63","pokemon_move_method_id":"4","level":"0","pokemon_id":"375"}{"order":"","version_group_id":"5","move_id":"70","pokemon_move_method_id":"4","level":"0","pokemon_id":"375"}{"order":"","version_group_id":"5","move_id":"89","pokemon_move_method_id":"4","level":"0","pokemon_id":"375"}{"order":"","version_group_id":"5","move_id":"92","pokemon_move_method_id":"4","level":"0","pokemon_id":"375"}{"order":"1","version_group_id":"5","move_id":"93","pokemon_move_method_id":"1","level":"20","pokemon_id":"375"}{"order":"","version_group_id":"5","move_id":"94","pokemon_move_method_id":"1","level":"38","pokemon_id":"375"}{"order":"","version_group_id":"5","move_id":"94","pokemon_move_method_id":"4","level":"0","pokemon_id":"375"}{"order":"","version_group_id":"5","move_id":"97","pokemon_move_method_id":"1","level":"56","pokemon_id":"375"}{"order":"","version_group_id":"5","move_id":"104","pokemon_move_method_id":"4","level":"0","pokemon_id":"375"}{"order":"","version_group_id":"5","move_id":"113","pokemon_move_method_id":"4","level":"0","pokemon_id":"375"}{"order":"","version_group_id":"5","move_id":"115","pokemon_move_method_id":"4","level":"0","pokemon_id":"375"}{"order":"","version_group_id":"5","move_id":"148","pokemon_move_method_id":"4","level":"0","pokemon_id":"375"}{"order":"","version_group_id":"5","move_id":"156","pokemon_move_method_id":"4","level":"0","pokemon_id":"375"}{"order":"","version_group_id":"5","move_id":"182","pokemon_move_method_id":"4","level":"0","pokemon_id":"375"}{"order":"","version_group_id":"5","move_id":"184","pokemon_move_method_id":"1","level":"26","pokemon_id":"375"}{"order":"","version_group_id":"5","move_id":"188","pokemon_move_method_id":"4","level":"0","pokemon_id":"375"}{"order":"","version_group_id":"5","move_id":"201","pokemon_move_method_id":"4","level":"0","pokemon_id":"375"}{"order":"","version_group_id":"5","move_id":"216","pokemon_move_method_id":"4","level":"0","pokemon_id":"375"}{"order":"","version_group_id":"5","move_id":"218","pokemon_move_method_id":"4","level":"0","pokemon_id":"375"}{"order":"","version_group_id":"5","move_id":"228","pokemon_move_method_id":"1","level":"32","pokemon_id":"375"}{"order":"2","version_group_id":"5","move_id":"232","pokemon_move_method_id":"1","level":"20","pokemon_id":"375"}{"order":"","version_group_id":"5","move_id":"237","pokemon_move_method_id":"4","level":"0","pokemon_id":"375"}{"order":"","version_group_id":"5","move_id":"240","pokemon_move_method_id":"4","level":"0","pokemon_id":"375"}{"order":"","version_group_id":"5","move_id":"241","pokemon_move_method_id":"4","level":"0","pokemon_id":"375"}{"order":"","version_group_id":"5","move_id":"247","pokemon_move_method_id":"4","level":"0","pokemon_id":"375"}{"order":"","version_group_id":"5","move_id":"249","pokemon_move_method_id":"4","level":"0","pokemon_id":"375"}{"order":"","version_group_id":"5","move_id":"263","pokemon_move_method_id":"4","level":"0","pokemon_id":"375"}{"order":"","version_group_id":"5","move_id":"280","pokemon_move_method_id":"4","level":"0","pokemon_id":"375"}{"order":"","version_group_id":"5","move_id":"290","pokemon_move_method_id":"4","level":"0","pokemon_id":"375"}{"order":"","version_group_id":"5","move_id":"309","pokemon_move_method_id":"1","level":"50","pokemon_id":"375"}{"order":"","version_group_id":"5","move_id":"317","pokemon_move_method_id":"4","level":"0","pokemon_id":"375"}{"order":"","version_group_id":"5","move_id":"332","pokemon_move_method_id":"4","level":"0","pokemon_id":"375"}{"order":"","version_group_id":"5","move_id":"334","pokemon_move_method_id":"1","level":"44","pokemon_id":"375"}{"order":"","version_group_id":"6","move_id":"8","pokemon_move_method_id":"3","level":"0","pokemon_id":"375"}{"order":"","version_group_id":"6","move_id":"9","pokemon_move_method_id":"3","level":"0","pokemon_id":"375"}{"order":"","version_group_id":"6","move_id":"15","pokemon_move_method_id":"4","level":"0","pokemon_id":"375"}{"order":"","version_group_id":"6","move_id":"34","pokemon_move_method_id":"3","level":"0","pokemon_id":"375"}{"order":"","version_group_id":"6","move_id":"36","pokemon_move_method_id":"1","level":"1","pokemon_id":"375"}{"order":"","version_group_id":"6","move_id":"38","pokemon_move_method_id":"3","level":"0","pokemon_id":"375"}{"order":"","version_group_id":"6","move_id":"63","pokemon_move_method_id":"1","level":"62","pokemon_id":"375"}{"order":"","version_group_id":"6","move_id":"63","pokemon_move_method_id":"4","level":"0","pokemon_id":"375"}{"order":"","version_group_id":"6","move_id":"70","pokemon_move_method_id":"4","level":"0","pokemon_id":"375"}{"order":"","version_group_id":"6","move_id":"89","pokemon_move_method_id":"4","level":"0","pokemon_id":"375"}{"order":"","version_group_id":"6","move_id":"92","pokemon_move_method_id":"4","level":"0","pokemon_id":"375"}{"order":"1","version_group_id":"6","move_id":"93","pokemon_move_method_id":"1","level":"20","pokemon_id":"375"}{"order":"","version_group_id":"6","move_id":"94","pokemon_move_method_id":"1","level":"38","pokemon_id":"375"}{"order":"","version_group_id":"6","move_id":"94","pokemon_move_method_id":"4","level":"0","pokemon_id":"375"}{"order":"","version_group_id":"6","move_id":"97","pokemon_move_method_id":"1","level":"56","pokemon_id":"375"}{"order":"","version_group_id":"6","move_id":"102","pokemon_move_method_id":"3","level":"0","pokemon_id":"375"}{"order":"","version_group_id":"6","move_id":"104","pokemon_move_method_id":"4","level":"0","pokemon_id":"375"}{"order":"","version_group_id":"6","move_id":"111","pokemon_move_method_id":"3","level":"0","pokemon_id":"375"}{"order":"","version_group_id":"6","move_id":"113","pokemon_move_method_id":"4","level":"0","pokemon_id":"375"}{"order":"","version_group_id":"6","move_id":"115","pokemon_move_method_id":"4","level":"0","pokemon_id":"375"}{"order":"","version_group_id":"6","move_id":"129","pokemon_move_method_id":"3","level":"0","pokemon_id":"375"}{"order":"","version_group_id":"6","move_id":"148","pokemon_move_method_id":"4","level":"0","pokemon_id":"375"}{"order":"","version_group_id":"6","move_id":"153","pokemon_move_method_id":"3","level":"0","pokemon_id":"375"}{"order":"","version_group_id":"6","move_id":"156","pokemon_move_method_id":"4","level":"0","pokemon_id":"375"}{"order":"","version_group_id":"6","move_id":"157","pokemon_move_method_id":"3","level":"0","pokemon_id":"375"}{"order":"","version_group_id":"6","move_id":"164","pokemon_move_method_id":"3","level":"0","pokemon_id":"375"}{"order":"","version_group_id":"6","move_id":"173","pokemon_move_method_id":"3","level":"0","pokemon_id":"375"}{"order":"","version_group_id":"6","move_id":"182","pokemon_move_method_id":"4","level":"0","pokemon_id":"375"}{"order":"","version_group_id":"6","move_id":"184","pokemon_move_method_id":"1","level":"26","pokemon_id":"375"}{"order":"","version_group_id":"6","move_id":"188","pokemon_move_method_id":"4","level":"0","pokemon_id":"375"}{"order":"","version_group_id":"6","move_id":"189","pokemon_move_method_id":"3","level":"0","pokemon_id":"375"}{"order":"","version_group_id":"6","move_id":"196","pokemon_move_method_id":"3","level":"0","pokemon_id":"375"}{"order":"","version_group_id":"6","move_id":"201","pokemon_move_method_id":"4","level":"0","pokemon_id":"375"}{"order":"","version_group_id":"6","move_id":"203","pokemon_move_method_id":"3","level":"0","pokemon_id":"375"}{"order":"","version_group_id":"6","move_id":"205","pokemon_move_method_id":"3","level":"0","pokemon_id":"375"}{"order":"","version_group_id":"6","move_id":"207","pokemon_move_method_id":"3","level":"0","pokemon_id":"375"}{"order":"","version_group_id":"6","move_id":"210","pokemon_move_method_id":"3","level":"0","pokemon_id":"375"}{"order":"","version_group_id":"6","move_id":"214","pokemon_move_method_id":"3","level":"0","pokemon_id":"375"}{"order":"","version_group_id":"6","move_id":"216","pokemon_move_method_id":"4","level":"0","pokemon_id":"375"}{"order":"","version_group_id":"6","move_id":"218","pokemon_move_method_id":"4","level":"0","pokemon_id":"375"}{"order":"","version_group_id":"6","move_id":"223","pokemon_move_method_id":"3","level":"0","pokemon_id":"375"}{"order":"","version_group_id":"6","move_id":"228","pokemon_move_method_id":"1","level":"32","pokemon_id":"375"}{"order":"2","version_group_id":"6","move_id":"232","pokemon_move_method_id":"1","level":"20","pokemon_id":"375"}{"order":"","version_group_id":"6","move_id":"237","pokemon_move_method_id":"4","level":"0","pokemon_id":"375"}{"order":"","version_group_id":"6","move_id":"240","pokemon_move_method_id":"4","level":"0","pokemon_id":"375"}{"order":"","version_group_id":"6","move_id":"241","pokemon_move_method_id":"4","level":"0","pokemon_id":"375"}{"order":"","version_group_id":"6","move_id":"244","pokemon_move_method_id":"3","level":"0","pokemon_id":"375"}{"order":"","version_group_id":"6","move_id":"247","pokemon_move_method_id":"4","level":"0","pokemon_id":"375"}{"order":"","version_group_id":"6","move_id":"249","pokemon_move_method_id":"4","level":"0","pokemon_id":"375"}{"order":"","version_group_id":"6","move_id":"263","pokemon_move_method_id":"4","level":"0","pokemon_id":"375"}{"order":"","version_group_id":"6","move_id":"280","pokemon_move_method_id":"4","level":"0","pokemon_id":"375"}{"order":"","version_group_id":"6","move_id":"290","pokemon_move_method_id":"4","level":"0","pokemon_id":"375"}{"order":"","version_group_id":"6","move_id":"309","pokemon_move_method_id":"1","level":"50","pokemon_id":"375"}{"order":"","version_group_id":"6","move_id":"317","pokemon_move_method_id":"4","level":"0","pokemon_id":"375"}{"order":"","version_group_id":"6","move_id":"332","pokemon_move_method_id":"4","level":"0","pokemon_id":"375"}{"order":"","version_group_id":"6","move_id":"334","pokemon_move_method_id":"1","level":"44","pokemon_id":"375"}{"order":"","version_group_id":"7","move_id":"15","pokemon_move_method_id":"4","level":"0","pokemon_id":"375"}{"order":"","version_group_id":"7","move_id":"34","pokemon_move_method_id":"3","level":"0","pokemon_id":"375"}{"order":"","version_group_id":"7","move_id":"36","pokemon_move_method_id":"1","level":"1","pokemon_id":"375"}{"order":"","version_group_id":"7","move_id":"38","pokemon_move_method_id":"3","level":"0","pokemon_id":"375"}{"order":"","version_group_id":"7","move_id":"63","pokemon_move_method_id":"1","level":"62","pokemon_id":"375"}{"order":"","version_group_id":"7","move_id":"63","pokemon_move_method_id":"4","level":"0","pokemon_id":"375"}{"order":"","version_group_id":"7","move_id":"70","pokemon_move_method_id":"4","level":"0","pokemon_id":"375"}{"order":"","version_group_id":"7","move_id":"89","pokemon_move_method_id":"4","level":"0","pokemon_id":"375"}{"order":"","version_group_id":"7","move_id":"92","pokemon_move_method_id":"4","level":"0","pokemon_id":"375"}{"order":"1","version_group_id":"7","move_id":"93","pokemon_move_method_id":"1","level":"20","pokemon_id":"375"}{"order":"","version_group_id":"7","move_id":"94","pokemon_move_method_id":"1","level":"38","pokemon_id":"375"}{"order":"","version_group_id":"7","move_id":"94","pokemon_move_method_id":"4","level":"0","pokemon_id":"375"}{"order":"","version_group_id":"7","move_id":"97","pokemon_move_method_id":"1","level":"56","pokemon_id":"375"}{"order":"","version_group_id":"7","move_id":"102","pokemon_move_method_id":"3","level":"0","pokemon_id":"375"}{"order":"","version_group_id":"7","move_id":"104","pokemon_move_method_id":"4","level":"0","pokemon_id":"375"}{"order":"","version_group_id":"7","move_id":"113","pokemon_move_method_id":"4","level":"0","pokemon_id":"375"}{"order":"","version_group_id":"7","move_id":"115","pokemon_move_method_id":"4","level":"0","pokemon_id":"375"}{"order":"","version_group_id":"7","move_id":"148","pokemon_move_method_id":"4","level":"0","pokemon_id":"375"}{"order":"","version_group_id":"7","move_id":"153","pokemon_move_method_id":"3","level":"0","pokemon_id":"375"}{"order":"","version_group_id":"7","move_id":"156","pokemon_move_method_id":"4","level":"0","pokemon_id":"375"}{"order":"","version_group_id":"7","move_id":"157","pokemon_move_method_id":"3","level":"0","pokemon_id":"375"}{"order":"","version_group_id":"7","move_id":"164","pokemon_move_method_id":"3","level":"0","pokemon_id":"375"}{"order":"","version_group_id":"7","move_id":"182","pokemon_move_method_id":"4","level":"0","pokemon_id":"375"}{"order":"","version_group_id":"7","move_id":"184","pokemon_move_method_id":"1","level":"26","pokemon_id":"375"}{"order":"","version_group_id":"7","move_id":"188","pokemon_move_method_id":"4","level":"0","pokemon_id":"375"}{"order":"","version_group_id":"7","move_id":"201","pokemon_move_method_id":"4","level":"0","pokemon_id":"375"}{"order":"","version_group_id":"7","move_id":"216","pokemon_move_method_id":"4","level":"0","pokemon_id":"375"}{"order":"","version_group_id":"7","move_id":"218","pokemon_move_method_id":"4","level":"0","pokemon_id":"375"}{"order":"","version_group_id":"7","move_id":"228","pokemon_move_method_id":"1","level":"32","pokemon_id":"375"}{"order":"2","version_group_id":"7","move_id":"232","pokemon_move_method_id":"1","level":"20","pokemon_id":"375"}{"order":"","version_group_id":"7","move_id":"237","pokemon_move_method_id":"4","level":"0","pokemon_id":"375"}{"order":"","version_group_id":"7","move_id":"240","pokemon_move_method_id":"4","level":"0","pokemon_id":"375"}{"order":"","version_group_id":"7","move_id":"241","pokemon_move_method_id":"4","level":"0","pokemon_id":"375"}{"order":"","version_group_id":"7","move_id":"247","pokemon_move_method_id":"4","level":"0","pokemon_id":"375"}{"order":"","version_group_id":"7","move_id":"249","pokemon_move_method_id":"4","level":"0","pokemon_id":"375"}{"order":"","version_group_id":"7","move_id":"263","pokemon_move_method_id":"4","level":"0","pokemon_id":"375"}{"order":"","version_group_id":"7","move_id":"280","pokemon_move_method_id":"4","level":"0","pokemon_id":"375"}{"order":"","version_group_id":"7","move_id":"290","pokemon_move_method_id":"4","level":"0","pokemon_id":"375"}{"order":"","version_group_id":"7","move_id":"309","pokemon_move_method_id":"1","level":"50","pokemon_id":"375"}{"order":"","version_group_id":"7","move_id":"317","pokemon_move_method_id":"4","level":"0","pokemon_id":"375"}{"order":"","version_group_id":"7","move_id":"332","pokemon_move_method_id":"4","level":"0","pokemon_id":"375"}{"order":"","version_group_id":"7","move_id":"334","pokemon_move_method_id":"1","level":"44","pokemon_id":"375"}{"order":"","version_group_id":"8","move_id":"15","pokemon_move_method_id":"4","level":"0","pokemon_id":"375"}{"order":"2","version_group_id":"8","move_id":"36","pokemon_move_method_id":"1","level":"1","pokemon_id":"375"}{"order":"","version_group_id":"8","move_id":"63","pokemon_move_method_id":"1","level":"56","pokemon_id":"375"}{"order":"","version_group_id":"8","move_id":"63","pokemon_move_method_id":"4","level":"0","pokemon_id":"375"}{"order":"","version_group_id":"8","move_id":"70","pokemon_move_method_id":"4","level":"0","pokemon_id":"375"}{"order":"","version_group_id":"8","move_id":"89","pokemon_move_method_id":"4","level":"0","pokemon_id":"375"}{"order":"","version_group_id":"8","move_id":"92","pokemon_move_method_id":"4","level":"0","pokemon_id":"375"}{"order":"4","version_group_id":"8","move_id":"93","pokemon_move_method_id":"1","level":"1","pokemon_id":"375"}{"order":"2","version_group_id":"8","move_id":"93","pokemon_move_method_id":"1","level":"20","pokemon_id":"375"}{"order":"","version_group_id":"8","move_id":"94","pokemon_move_method_id":"1","level":"36","pokemon_id":"375"}{"order":"","version_group_id":"8","move_id":"94","pokemon_move_method_id":"4","level":"0","pokemon_id":"375"}{"order":"","version_group_id":"8","move_id":"97","pokemon_move_method_id":"1","level":"44","pokemon_id":"375"}{"order":"","version_group_id":"8","move_id":"104","pokemon_move_method_id":"4","level":"0","pokemon_id":"375"}{"order":"","version_group_id":"8","move_id":"113","pokemon_move_method_id":"4","level":"0","pokemon_id":"375"}{"order":"","version_group_id":"8","move_id":"115","pokemon_move_method_id":"4","level":"0","pokemon_id":"375"}{"order":"","version_group_id":"8","move_id":"148","pokemon_move_method_id":"4","level":"0","pokemon_id":"375"}{"order":"","version_group_id":"8","move_id":"153","pokemon_move_method_id":"4","level":"0","pokemon_id":"375"}{"order":"","version_group_id":"8","move_id":"156","pokemon_move_method_id":"4","level":"0","pokemon_id":"375"}{"order":"","version_group_id":"8","move_id":"157","pokemon_move_method_id":"4","level":"0","pokemon_id":"375"}{"order":"","version_group_id":"8","move_id":"164","pokemon_move_method_id":"4","level":"0","pokemon_id":"375"}{"order":"","version_group_id":"8","move_id":"182","pokemon_move_method_id":"4","level":"0","pokemon_id":"375"}{"order":"","version_group_id":"8","move_id":"184","pokemon_move_method_id":"1","level":"24","pokemon_id":"375"}{"order":"","version_group_id":"8","move_id":"188","pokemon_move_method_id":"4","level":"0","pokemon_id":"375"}{"order":"","version_group_id":"8","move_id":"201","pokemon_move_method_id":"4","level":"0","pokemon_id":"375"}{"order":"","version_group_id":"8","move_id":"203","pokemon_move_method_id":"4","level":"0","pokemon_id":"375"}{"order":"","version_group_id":"8","move_id":"207","pokemon_move_method_id":"4","level":"0","pokemon_id":"375"}{"order":"","version_group_id":"8","move_id":"214","pokemon_move_method_id":"4","level":"0","pokemon_id":"375"}{"order":"","version_group_id":"8","move_id":"216","pokemon_move_method_id":"4","level":"0","pokemon_id":"375"}{"order":"","version_group_id":"8","move_id":"218","pokemon_move_method_id":"4","level":"0","pokemon_id":"375"}{"order":"","version_group_id":"8","move_id":"228","pokemon_move_method_id":"1","level":"28","pokemon_id":"375"}{"order":"3","version_group_id":"8","move_id":"232","pokemon_move_method_id":"1","level":"1","pokemon_id":"375"}{"order":"1","version_group_id":"8","move_id":"232","pokemon_move_method_id":"1","level":"20","pokemon_id":"375"}{"order":"","version_group_id":"8","move_id":"237","pokemon_move_method_id":"4","level":"0","pokemon_id":"375"}{"order":"","version_group_id":"8","move_id":"240","pokemon_move_method_id":"4","level":"0","pokemon_id":"375"}{"order":"","version_group_id":"8","move_id":"241","pokemon_move_method_id":"4","level":"0","pokemon_id":"375"}{"order":"","version_group_id":"8","move_id":"244","pokemon_move_method_id":"4","level":"0","pokemon_id":"375"}{"order":"","version_group_id":"8","move_id":"247","pokemon_move_method_id":"4","level":"0","pokemon_id":"375"}{"order":"","version_group_id":"8","move_id":"249","pokemon_move_method_id":"4","level":"0","pokemon_id":"375"}{"order":"","version_group_id":"8","move_id":"263","pokemon_move_method_id":"4","level":"0","pokemon_id":"375"}{"order":"","version_group_id":"8","move_id":"280","pokemon_move_method_id":"4","level":"0","pokemon_id":"375"}{"order":"","version_group_id":"8","move_id":"290","pokemon_move_method_id":"4","level":"0","pokemon_id":"375"}{"order":"","version_group_id":"8","move_id":"309","pokemon_move_method_id":"1","level":"48","pokemon_id":"375"}{"order":"","version_group_id":"8","move_id":"317","pokemon_move_method_id":"4","level":"0","pokemon_id":"375"}{"order":"","version_group_id":"8","move_id":"332","pokemon_move_method_id":"4","level":"0","pokemon_id":"375"}{"order":"","version_group_id":"8","move_id":"334","pokemon_move_method_id":"1","level":"40","pokemon_id":"375"}{"order":"","version_group_id":"8","move_id":"360","pokemon_move_method_id":"4","level":"0","pokemon_id":"375"}{"order":"","version_group_id":"8","move_id":"363","pokemon_move_method_id":"4","level":"0","pokemon_id":"375"}{"order":"1","version_group_id":"8","move_id":"393","pokemon_move_method_id":"1","level":"1","pokemon_id":"375"}{"order":"","version_group_id":"8","move_id":"397","pokemon_move_method_id":"4","level":"0","pokemon_id":"375"}{"order":"","version_group_id":"8","move_id":"418","pokemon_move_method_id":"1","level":"32","pokemon_id":"375"}{"order":"","version_group_id":"8","move_id":"428","pokemon_move_method_id":"1","level":"52","pokemon_id":"375"}{"order":"","version_group_id":"8","move_id":"430","pokemon_move_method_id":"4","level":"0","pokemon_id":"375"}{"order":"","version_group_id":"8","move_id":"446","pokemon_move_method_id":"4","level":"0","pokemon_id":"375"}{"order":"","version_group_id":"8","move_id":"447","pokemon_move_method_id":"4","level":"0","pokemon_id":"375"}{"order":"","version_group_id":"9","move_id":"8","pokemon_move_method_id":"3","level":"0","pokemon_id":"375"}{"order":"","version_group_id":"9","move_id":"9","pokemon_move_method_id":"3","level":"0","pokemon_id":"375"}{"order":"","version_group_id":"9","move_id":"15","pokemon_move_method_id":"4","level":"0","pokemon_id":"375"}{"order":"2","version_group_id":"9","move_id":"36","pokemon_move_method_id":"1","level":"1","pokemon_id":"375"}{"order":"","version_group_id":"9","move_id":"63","pokemon_move_method_id":"1","level":"56","pokemon_id":"375"}{"order":"","version_group_id":"9","move_id":"63","pokemon_move_method_id":"4","level":"0","pokemon_id":"375"}{"order":"","version_group_id":"9","move_id":"70","pokemon_move_method_id":"4","level":"0","pokemon_id":"375"}{"order":"","version_group_id":"9","move_id":"89","pokemon_move_method_id":"4","level":"0","pokemon_id":"375"}{"order":"","version_group_id":"9","move_id":"92","pokemon_move_method_id":"4","level":"0","pokemon_id":"375"}{"order":"4","version_group_id":"9","move_id":"93","pokemon_move_method_id":"1","level":"1","pokemon_id":"375"}{"order":"2","version_group_id":"9","move_id":"93","pokemon_move_method_id":"1","level":"20","pokemon_id":"375"}{"order":"","version_group_id":"9","move_id":"94","pokemon_move_method_id":"1","level":"36","pokemon_id":"375"}{"order":"","version_group_id":"9","move_id":"94","pokemon_move_method_id":"4","level":"0","pokemon_id":"375"}{"order":"","version_group_id":"9","move_id":"97","pokemon_move_method_id":"1","level":"44","pokemon_id":"375"}{"order":"","version_group_id":"9","move_id":"104","pokemon_move_method_id":"4","level":"0","pokemon_id":"375"}{"order":"","version_group_id":"9","move_id":"113","pokemon_move_method_id":"4","level":"0","pokemon_id":"375"}{"order":"","version_group_id":"9","move_id":"115","pokemon_move_method_id":"4","level":"0","pokemon_id":"375"}{"order":"","version_group_id":"9","move_id":"129","pokemon_move_method_id":"3","level":"0","pokemon_id":"375"}{"order":"","version_group_id":"9","move_id":"148","pokemon_move_method_id":"4","level":"0","pokemon_id":"375"}{"order":"","version_group_id":"9","move_id":"153","pokemon_move_method_id":"4","level":"0","pokemon_id":"375"}{"order":"","version_group_id":"9","move_id":"156","pokemon_move_method_id":"4","level":"0","pokemon_id":"375"}{"order":"","version_group_id":"9","move_id":"157","pokemon_move_method_id":"4","level":"0","pokemon_id":"375"}{"order":"","version_group_id":"9","move_id":"164","pokemon_move_method_id":"4","level":"0","pokemon_id":"375"}{"order":"","version_group_id":"9","move_id":"173","pokemon_move_method_id":"3","level":"0","pokemon_id":"375"}{"order":"","version_group_id":"9","move_id":"182","pokemon_move_method_id":"4","level":"0","pokemon_id":"375"}{"order":"","version_group_id":"9","move_id":"184","pokemon_move_method_id":"1","level":"24","pokemon_id":"375"}{"order":"","version_group_id":"9","move_id":"188","pokemon_move_method_id":"4","level":"0","pokemon_id":"375"}{"order":"","version_group_id":"9","move_id":"189","pokemon_move_method_id":"3","level":"0","pokemon_id":"375"}{"order":"","version_group_id":"9","move_id":"196","pokemon_move_method_id":"3","level":"0","pokemon_id":"375"}{"order":"","version_group_id":"9","move_id":"201","pokemon_move_method_id":"4","level":"0","pokemon_id":"375"}{"order":"","version_group_id":"9","move_id":"203","pokemon_move_method_id":"4","level":"0","pokemon_id":"375"}{"order":"","version_group_id":"9","move_id":"205","pokemon_move_method_id":"3","level":"0","pokemon_id":"375"}{"order":"","version_group_id":"9","move_id":"207","pokemon_move_method_id":"4","level":"0","pokemon_id":"375"}{"order":"","version_group_id":"9","move_id":"210","pokemon_move_method_id":"3","level":"0","pokemon_id":"375"}{"order":"","version_group_id":"9","move_id":"214","pokemon_move_method_id":"4","level":"0","pokemon_id":"375"}{"order":"","version_group_id":"9","move_id":"216","pokemon_move_method_id":"4","level":"0","pokemon_id":"375"}{"order":"","version_group_id":"9","move_id":"218","pokemon_move_method_id":"4","level":"0","pokemon_id":"375"}{"order":"","version_group_id":"9","move_id":"228","pokemon_move_method_id":"1","level":"28","pokemon_id":"375"}{"order":"3","version_group_id":"9","move_id":"232","pokemon_move_method_id":"1","level":"1","pokemon_id":"375"}{"order":"1","version_group_id":"9","move_id":"232","pokemon_move_method_id":"1","level":"20","pokemon_id":"375"}{"order":"","version_group_id":"9","move_id":"237","pokemon_move_method_id":"4","level":"0","pokemon_id":"375"}{"order":"","version_group_id":"9","move_id":"240","pokemon_move_method_id":"4","level":"0","pokemon_id":"375"}{"order":"","version_group_id":"9","move_id":"241","pokemon_move_method_id":"4","level":"0","pokemon_id":"375"}{"order":"","version_group_id":"9","move_id":"244","pokemon_move_method_id":"4","level":"0","pokemon_id":"375"}{"order":"","version_group_id":"9","move_id":"247","pokemon_move_method_id":"4","level":"0","pokemon_id":"375"}{"order":"","version_group_id":"9","move_id":"249","pokemon_move_method_id":"4","level":"0","pokemon_id":"375"}{"order":"","version_group_id":"9","move_id":"263","pokemon_move_method_id":"4","level":"0","pokemon_id":"375"}{"order":"","version_group_id":"9","move_id":"271","pokemon_move_method_id":"3","level":"0","pokemon_id":"375"}{"order":"","version_group_id":"9","move_id":"280","pokemon_move_method_id":"4","level":"0","pokemon_id":"375"}{"order":"","version_group_id":"9","move_id":"290","pokemon_move_method_id":"4","level":"0","pokemon_id":"375"}{"order":"","version_group_id":"9","move_id":"309","pokemon_move_method_id":"1","level":"48","pokemon_id":"375"}{"order":"","version_group_id":"9","move_id":"317","pokemon_move_method_id":"4","level":"0","pokemon_id":"375"}{"order":"","version_group_id":"9","move_id":"324","pokemon_move_method_id":"3","level":"0","pokemon_id":"375"}{"order":"","version_group_id":"9","move_id":"332","pokemon_move_method_id":"4","level":"0","pokemon_id":"375"}{"order":"","version_group_id":"9","move_id":"334","pokemon_move_method_id":"1","level":"40","pokemon_id":"375"}{"order":"","version_group_id":"9","move_id":"334","pokemon_move_method_id":"3","level":"0","pokemon_id":"375"}{"order":"","version_group_id":"9","move_id":"360","pokemon_move_method_id":"4","level":"0","pokemon_id":"375"}{"order":"","version_group_id":"9","move_id":"363","pokemon_move_method_id":"4","level":"0","pokemon_id":"375"}{"order":"1","version_group_id":"9","move_id":"393","pokemon_move_method_id":"1","level":"1","pokemon_id":"375"}{"order":"","version_group_id":"9","move_id":"393","pokemon_move_method_id":"3","level":"0","pokemon_id":"375"}{"order":"","version_group_id":"9","move_id":"397","pokemon_move_method_id":"4","level":"0","pokemon_id":"375"}{"order":"","version_group_id":"9","move_id":"418","pokemon_move_method_id":"1","level":"32","pokemon_id":"375"}{"order":"","version_group_id":"9","move_id":"428","pokemon_move_method_id":"1","level":"52","pokemon_id":"375"}{"order":"","version_group_id":"9","move_id":"428","pokemon_move_method_id":"3","level":"0","pokemon_id":"375"}{"order":"","version_group_id":"9","move_id":"430","pokemon_move_method_id":"4","level":"0","pokemon_id":"375"}{"order":"","version_group_id":"9","move_id":"442","pokemon_move_method_id":"3","level":"0","pokemon_id":"375"}{"order":"","version_group_id":"9","move_id":"446","pokemon_move_method_id":"4","level":"0","pokemon_id":"375"}{"order":"","version_group_id":"9","move_id":"447","pokemon_move_method_id":"4","level":"0","pokemon_id":"375"}{"order":"","version_group_id":"10","move_id":"8","pokemon_move_method_id":"3","level":"0","pokemon_id":"375"}{"order":"","version_group_id":"10","move_id":"9","pokemon_move_method_id":"3","level":"0","pokemon_id":"375"}{"order":"","version_group_id":"10","move_id":"15","pokemon_move_method_id":"4","level":"0","pokemon_id":"375"}{"order":"","version_group_id":"10","move_id":"29","pokemon_move_method_id":"3","level":"0","pokemon_id":"375"}{"order":"2","version_group_id":"10","move_id":"36","pokemon_move_method_id":"1","level":"1","pokemon_id":"375"}{"order":"","version_group_id":"10","move_id":"63","pokemon_move_method_id":"1","level":"56","pokemon_id":"375"}{"order":"","version_group_id":"10","move_id":"63","pokemon_move_method_id":"4","level":"0","pokemon_id":"375"}{"order":"","version_group_id":"10","move_id":"70","pokemon_move_method_id":"4","level":"0","pokemon_id":"375"}{"order":"","version_group_id":"10","move_id":"89","pokemon_move_method_id":"4","level":"0","pokemon_id":"375"}{"order":"","version_group_id":"10","move_id":"92","pokemon_move_method_id":"4","level":"0","pokemon_id":"375"}{"order":"4","version_group_id":"10","move_id":"93","pokemon_move_method_id":"1","level":"1","pokemon_id":"375"}{"order":"2","version_group_id":"10","move_id":"93","pokemon_move_method_id":"1","level":"20","pokemon_id":"375"}{"order":"","version_group_id":"10","move_id":"94","pokemon_move_method_id":"1","level":"36","pokemon_id":"375"}{"order":"","version_group_id":"10","move_id":"94","pokemon_move_method_id":"4","level":"0","pokemon_id":"375"}{"order":"","version_group_id":"10","move_id":"97","pokemon_move_method_id":"1","level":"44","pokemon_id":"375"}{"order":"","version_group_id":"10","move_id":"104","pokemon_move_method_id":"4","level":"0","pokemon_id":"375"}{"order":"","version_group_id":"10","move_id":"113","pokemon_move_method_id":"4","level":"0","pokemon_id":"375"}{"order":"","version_group_id":"10","move_id":"115","pokemon_move_method_id":"4","level":"0","pokemon_id":"375"}{"order":"","version_group_id":"10","move_id":"129","pokemon_move_method_id":"3","level":"0","pokemon_id":"375"}{"order":"","version_group_id":"10","move_id":"148","pokemon_move_method_id":"4","level":"0","pokemon_id":"375"}{"order":"","version_group_id":"10","move_id":"153","pokemon_move_method_id":"4","level":"0","pokemon_id":"375"}{"order":"","version_group_id":"10","move_id":"156","pokemon_move_method_id":"4","level":"0","pokemon_id":"375"}{"order":"","version_group_id":"10","move_id":"157","pokemon_move_method_id":"4","level":"0","pokemon_id":"375"}{"order":"","version_group_id":"10","move_id":"164","pokemon_move_method_id":"4","level":"0","pokemon_id":"375"}{"order":"","version_group_id":"10","move_id":"173","pokemon_move_method_id":"3","level":"0","pokemon_id":"375"}{"order":"","version_group_id":"10","move_id":"182","pokemon_move_method_id":"4","level":"0","pokemon_id":"375"}{"order":"","version_group_id":"10","move_id":"184","pokemon_move_method_id":"1","level":"24","pokemon_id":"375"}{"order":"","version_group_id":"10","move_id":"188","pokemon_move_method_id":"4","level":"0","pokemon_id":"375"}{"order":"","version_group_id":"10","move_id":"189","pokemon_move_method_id":"3","level":"0","pokemon_id":"375"}{"order":"","version_group_id":"10","move_id":"196","pokemon_move_method_id":"3","level":"0","pokemon_id":"375"}{"order":"","version_group_id":"10","move_id":"201","pokemon_move_method_id":"4","level":"0","pokemon_id":"375"}{"order":"","version_group_id":"10","move_id":"203","pokemon_move_method_id":"4","level":"0","pokemon_id":"375"}{"order":"","version_group_id":"10","move_id":"205","pokemon_move_method_id":"3","level":"0","pokemon_id":"375"}{"order":"","version_group_id":"10","move_id":"207","pokemon_move_method_id":"4","level":"0","pokemon_id":"375"}{"order":"","version_group_id":"10","move_id":"210","pokemon_move_method_id":"3","level":"0","pokemon_id":"375"}{"order":"","version_group_id":"10","move_id":"214","pokemon_move_method_id":"4","level":"0","pokemon_id":"375"}{"order":"","version_group_id":"10","move_id":"216","pokemon_move_method_id":"4","level":"0","pokemon_id":"375"}{"order":"","version_group_id":"10","move_id":"218","pokemon_move_method_id":"4","level":"0","pokemon_id":"375"}{"order":"","version_group_id":"10","move_id":"228","pokemon_move_method_id":"1","level":"28","pokemon_id":"375"}{"order":"3","version_group_id":"10","move_id":"232","pokemon_move_method_id":"1","level":"1","pokemon_id":"375"}{"order":"1","version_group_id":"10","move_id":"232","pokemon_move_method_id":"1","level":"20","pokemon_id":"375"}{"order":"","version_group_id":"10","move_id":"237","pokemon_move_method_id":"4","level":"0","pokemon_id":"375"}{"order":"","version_group_id":"10","move_id":"240","pokemon_move_method_id":"4","level":"0","pokemon_id":"375"}{"order":"","version_group_id":"10","move_id":"241","pokemon_move_method_id":"4","level":"0","pokemon_id":"375"}{"order":"","version_group_id":"10","move_id":"244","pokemon_move_method_id":"4","level":"0","pokemon_id":"375"}{"order":"","version_group_id":"10","move_id":"247","pokemon_move_method_id":"4","level":"0","pokemon_id":"375"}{"order":"","version_group_id":"10","move_id":"249","pokemon_move_method_id":"4","level":"0","pokemon_id":"375"}{"order":"","version_group_id":"10","move_id":"263","pokemon_move_method_id":"4","level":"0","pokemon_id":"375"}{"order":"","version_group_id":"10","move_id":"271","pokemon_move_method_id":"3","level":"0","pokemon_id":"375"}{"order":"","version_group_id":"10","move_id":"280","pokemon_move_method_id":"4","level":"0","pokemon_id":"375"}{"order":"","version_group_id":"10","move_id":"290","pokemon_move_method_id":"4","level":"0","pokemon_id":"375"}{"order":"","version_group_id":"10","move_id":"309","pokemon_move_method_id":"1","level":"48","pokemon_id":"375"}{"order":"","version_group_id":"10","move_id":"317","pokemon_move_method_id":"4","level":"0","pokemon_id":"375"}{"order":"","version_group_id":"10","move_id":"324","pokemon_move_method_id":"3","level":"0","pokemon_id":"375"}{"order":"","version_group_id":"10","move_id":"332","pokemon_move_method_id":"4","level":"0","pokemon_id":"375"}{"order":"","version_group_id":"10","move_id":"334","pokemon_move_method_id":"1","level":"40","pokemon_id":"375"}{"order":"","version_group_id":"10","move_id":"334","pokemon_move_method_id":"3","level":"0","pokemon_id":"375"}{"order":"","version_group_id":"10","move_id":"356","pokemon_move_method_id":"3","level":"0","pokemon_id":"375"}{"order":"","version_group_id":"10","move_id":"360","pokemon_move_method_id":"4","level":"0","pokemon_id":"375"}{"order":"","version_group_id":"10","move_id":"363","pokemon_move_method_id":"4","level":"0","pokemon_id":"375"}{"order":"1","version_group_id":"10","move_id":"393","pokemon_move_method_id":"1","level":"1","pokemon_id":"375"}{"order":"","version_group_id":"10","move_id":"393","pokemon_move_method_id":"3","level":"0","pokemon_id":"375"}{"order":"","version_group_id":"10","move_id":"397","pokemon_move_method_id":"4","level":"0","pokemon_id":"375"}{"order":"","version_group_id":"10","move_id":"418","pokemon_move_method_id":"1","level":"32","pokemon_id":"375"}{"order":"","version_group_id":"10","move_id":"428","pokemon_move_method_id":"1","level":"52","pokemon_id":"375"}{"order":"","version_group_id":"10","move_id":"428","pokemon_move_method_id":"3","level":"0","pokemon_id":"375"}{"order":"","version_group_id":"10","move_id":"430","pokemon_move_method_id":"4","level":"0","pokemon_id":"375"}{"order":"","version_group_id":"10","move_id":"442","pokemon_move_method_id":"3","level":"0","pokemon_id":"375"}{"order":"","version_group_id":"10","move_id":"446","pokemon_move_method_id":"4","level":"0","pokemon_id":"375"}{"order":"","version_group_id":"10","move_id":"447","pokemon_move_method_id":"4","level":"0","pokemon_id":"375"}{"order":"","version_group_id":"11","move_id":"15","pokemon_move_method_id":"4","level":"0","pokemon_id":"375"}{"order":"2","version_group_id":"11","move_id":"36","pokemon_move_method_id":"1","level":"1","pokemon_id":"375"}{"order":"","version_group_id":"11","move_id":"63","pokemon_move_method_id":"1","level":"56","pokemon_id":"375"}{"order":"","version_group_id":"11","move_id":"63","pokemon_move_method_id":"4","level":"0","pokemon_id":"375"}{"order":"","version_group_id":"11","move_id":"70","pokemon_move_method_id":"4","level":"0","pokemon_id":"375"}{"order":"","version_group_id":"11","move_id":"89","pokemon_move_method_id":"4","level":"0","pokemon_id":"375"}{"order":"","version_group_id":"11","move_id":"92","pokemon_move_method_id":"4","level":"0","pokemon_id":"375"}{"order":"4","version_group_id":"11","move_id":"93","pokemon_move_method_id":"1","level":"1","pokemon_id":"375"}{"order":"2","version_group_id":"11","move_id":"93","pokemon_move_method_id":"1","level":"20","pokemon_id":"375"}{"order":"","version_group_id":"11","move_id":"94","pokemon_move_method_id":"1","level":"36","pokemon_id":"375"}{"order":"","version_group_id":"11","move_id":"94","pokemon_move_method_id":"4","level":"0","pokemon_id":"375"}{"order":"","version_group_id":"11","move_id":"97","pokemon_move_method_id":"1","level":"44","pokemon_id":"375"}{"order":"","version_group_id":"11","move_id":"104","pokemon_move_method_id":"4","level":"0","pokemon_id":"375"}{"order":"","version_group_id":"11","move_id":"113","pokemon_move_method_id":"4","level":"0","pokemon_id":"375"}{"order":"","version_group_id":"11","move_id":"115","pokemon_move_method_id":"4","level":"0","pokemon_id":"375"}{"order":"","version_group_id":"11","move_id":"148","pokemon_move_method_id":"4","level":"0","pokemon_id":"375"}{"order":"","version_group_id":"11","move_id":"153","pokemon_move_method_id":"4","level":"0","pokemon_id":"375"}{"order":"","version_group_id":"11","move_id":"156","pokemon_move_method_id":"4","level":"0","pokemon_id":"375"}{"order":"","version_group_id":"11","move_id":"157","pokemon_move_method_id":"4","level":"0","pokemon_id":"375"}{"order":"","version_group_id":"11","move_id":"164","pokemon_move_method_id":"4","level":"0","pokemon_id":"375"}{"order":"","version_group_id":"11","move_id":"182","pokemon_move_method_id":"4","level":"0","pokemon_id":"375"}{"order":"","version_group_id":"11","move_id":"184","pokemon_move_method_id":"1","level":"24","pokemon_id":"375"}{"order":"","version_group_id":"11","move_id":"188","pokemon_move_method_id":"4","level":"0","pokemon_id":"375"}{"order":"","version_group_id":"11","move_id":"201","pokemon_move_method_id":"4","level":"0","pokemon_id":"375"}{"order":"","version_group_id":"11","move_id":"207","pokemon_move_method_id":"4","level":"0","pokemon_id":"375"}{"order":"","version_group_id":"11","move_id":"216","pokemon_move_method_id":"4","level":"0","pokemon_id":"375"}{"order":"","version_group_id":"11","move_id":"218","pokemon_move_method_id":"4","level":"0","pokemon_id":"375"}{"order":"","version_group_id":"11","move_id":"228","pokemon_move_method_id":"1","level":"28","pokemon_id":"375"}{"order":"3","version_group_id":"11","move_id":"232","pokemon_move_method_id":"1","level":"1","pokemon_id":"375"}{"order":"1","version_group_id":"11","move_id":"232","pokemon_move_method_id":"1","level":"20","pokemon_id":"375"}{"order":"","version_group_id":"11","move_id":"237","pokemon_move_method_id":"4","level":"0","pokemon_id":"375"}{"order":"","version_group_id":"11","move_id":"240","pokemon_move_method_id":"4","level":"0","pokemon_id":"375"}{"order":"","version_group_id":"11","move_id":"241","pokemon_move_method_id":"4","level":"0","pokemon_id":"375"}{"order":"","version_group_id":"11","move_id":"244","pokemon_move_method_id":"4","level":"0","pokemon_id":"375"}{"order":"","version_group_id":"11","move_id":"247","pokemon_move_method_id":"4","level":"0","pokemon_id":"375"}{"order":"","version_group_id":"11","move_id":"249","pokemon_move_method_id":"4","level":"0","pokemon_id":"375"}{"order":"","version_group_id":"11","move_id":"263","pokemon_move_method_id":"4","level":"0","pokemon_id":"375"}{"order":"","version_group_id":"11","move_id":"280","pokemon_move_method_id":"4","level":"0","pokemon_id":"375"}{"order":"","version_group_id":"11","move_id":"309","pokemon_move_method_id":"1","level":"48","pokemon_id":"375"}{"order":"","version_group_id":"11","move_id":"317","pokemon_move_method_id":"4","level":"0","pokemon_id":"375"}{"order":"","version_group_id":"11","move_id":"332","pokemon_move_method_id":"4","level":"0","pokemon_id":"375"}{"order":"","version_group_id":"11","move_id":"334","pokemon_move_method_id":"1","level":"40","pokemon_id":"375"}{"order":"","version_group_id":"11","move_id":"360","pokemon_move_method_id":"4","level":"0","pokemon_id":"375"}{"order":"1","version_group_id":"11","move_id":"393","pokemon_move_method_id":"1","level":"1","pokemon_id":"375"}{"order":"","version_group_id":"11","move_id":"397","pokemon_move_method_id":"4","level":"0","pokemon_id":"375"}{"order":"","version_group_id":"11","move_id":"418","pokemon_move_method_id":"1","level":"32","pokemon_id":"375"}{"order":"","version_group_id":"11","move_id":"428","pokemon_move_method_id":"1","level":"52","pokemon_id":"375"}{"order":"","version_group_id":"11","move_id":"430","pokemon_move_method_id":"4","level":"0","pokemon_id":"375"}{"order":"","version_group_id":"11","move_id":"447","pokemon_move_method_id":"4","level":"0","pokemon_id":"375"}{"order":"","version_group_id":"11","move_id":"468","pokemon_move_method_id":"4","level":"0","pokemon_id":"375"}{"order":"","version_group_id":"11","move_id":"473","pokemon_move_method_id":"4","level":"0","pokemon_id":"375"}{"order":"","version_group_id":"11","move_id":"477","pokemon_move_method_id":"4","level":"0","pokemon_id":"375"}{"order":"","version_group_id":"11","move_id":"496","pokemon_move_method_id":"4","level":"0","pokemon_id":"375"}{"order":"","version_group_id":"11","move_id":"523","pokemon_move_method_id":"4","level":"0","pokemon_id":"375"}{"order":"","version_group_id":"12","move_id":"15","pokemon_move_method_id":"4","level":"0","pokemon_id":"375"}{"order":"","version_group_id":"12","move_id":"36","pokemon_move_method_id":"1","level":"1","pokemon_id":"375"}{"order":"","version_group_id":"12","move_id":"63","pokemon_move_method_id":"1","level":"62","pokemon_id":"375"}{"order":"","version_group_id":"12","move_id":"63","pokemon_move_method_id":"4","level":"0","pokemon_id":"375"}{"order":"","version_group_id":"12","move_id":"70","pokemon_move_method_id":"4","level":"0","pokemon_id":"375"}{"order":"","version_group_id":"12","move_id":"89","pokemon_move_method_id":"4","level":"0","pokemon_id":"375"}{"order":"","version_group_id":"12","move_id":"92","pokemon_move_method_id":"4","level":"0","pokemon_id":"375"}{"order":"1","version_group_id":"12","move_id":"93","pokemon_move_method_id":"1","level":"20","pokemon_id":"375"}{"order":"","version_group_id":"12","move_id":"94","pokemon_move_method_id":"1","level":"38","pokemon_id":"375"}{"order":"","version_group_id":"12","move_id":"94","pokemon_move_method_id":"4","level":"0","pokemon_id":"375"}{"order":"","version_group_id":"12","move_id":"97","pokemon_move_method_id":"1","level":"56","pokemon_id":"375"}{"order":"","version_group_id":"12","move_id":"104","pokemon_move_method_id":"4","level":"0","pokemon_id":"375"}{"order":"","version_group_id":"12","move_id":"113","pokemon_move_method_id":"4","level":"0","pokemon_id":"375"}{"order":"","version_group_id":"12","move_id":"115","pokemon_move_method_id":"4","level":"0","pokemon_id":"375"}{"order":"","version_group_id":"12","move_id":"148","pokemon_move_method_id":"4","level":"0","pokemon_id":"375"}{"order":"","version_group_id":"12","move_id":"156","pokemon_move_method_id":"4","level":"0","pokemon_id":"375"}{"order":"","version_group_id":"12","move_id":"182","pokemon_move_method_id":"4","level":"0","pokemon_id":"375"}{"order":"","version_group_id":"12","move_id":"184","pokemon_move_method_id":"1","level":"26","pokemon_id":"375"}{"order":"","version_group_id":"12","move_id":"188","pokemon_move_method_id":"4","level":"0","pokemon_id":"375"}{"order":"","version_group_id":"12","move_id":"201","pokemon_move_method_id":"4","level":"0","pokemon_id":"375"}{"order":"","version_group_id":"12","move_id":"216","pokemon_move_method_id":"4","level":"0","pokemon_id":"375"}{"order":"","version_group_id":"12","move_id":"218","pokemon_move_method_id":"4","level":"0","pokemon_id":"375"}{"order":"","version_group_id":"12","move_id":"228","pokemon_move_method_id":"1","level":"32","pokemon_id":"375"}{"order":"2","version_group_id":"12","move_id":"232","pokemon_move_method_id":"1","level":"20","pokemon_id":"375"}{"order":"","version_group_id":"12","move_id":"237","pokemon_move_method_id":"4","level":"0","pokemon_id":"375"}{"order":"","version_group_id":"12","move_id":"240","pokemon_move_method_id":"4","level":"0","pokemon_id":"375"}{"order":"","version_group_id":"12","move_id":"241","pokemon_move_method_id":"4","level":"0","pokemon_id":"375"}{"order":"","version_group_id":"12","move_id":"247","pokemon_move_method_id":"4","level":"0","pokemon_id":"375"}{"order":"","version_group_id":"12","move_id":"249","pokemon_move_method_id":"4","level":"0","pokemon_id":"375"}{"order":"","version_group_id":"12","move_id":"263","pokemon_move_method_id":"4","level":"0","pokemon_id":"375"}{"order":"","version_group_id":"12","move_id":"280","pokemon_move_method_id":"4","level":"0","pokemon_id":"375"}{"order":"","version_group_id":"12","move_id":"290","pokemon_move_method_id":"4","level":"0","pokemon_id":"375"}{"order":"","version_group_id":"12","move_id":"309","pokemon_move_method_id":"1","level":"50","pokemon_id":"375"}{"order":"","version_group_id":"12","move_id":"317","pokemon_move_method_id":"4","level":"0","pokemon_id":"375"}{"order":"","version_group_id":"12","move_id":"332","pokemon_move_method_id":"4","level":"0","pokemon_id":"375"}{"order":"","version_group_id":"12","move_id":"334","pokemon_move_method_id":"1","level":"44","pokemon_id":"375"}{"order":"","version_group_id":"13","move_id":"15","pokemon_move_method_id":"4","level":"0","pokemon_id":"375"}{"order":"","version_group_id":"13","move_id":"34","pokemon_move_method_id":"3","level":"0","pokemon_id":"375"}{"order":"","version_group_id":"13","move_id":"36","pokemon_move_method_id":"1","level":"1","pokemon_id":"375"}{"order":"","version_group_id":"13","move_id":"38","pokemon_move_method_id":"3","level":"0","pokemon_id":"375"}{"order":"","version_group_id":"13","move_id":"63","pokemon_move_method_id":"1","level":"62","pokemon_id":"375"}{"order":"","version_group_id":"13","move_id":"63","pokemon_move_method_id":"4","level":"0","pokemon_id":"375"}{"order":"","version_group_id":"13","move_id":"70","pokemon_move_method_id":"4","level":"0","pokemon_id":"375"}{"order":"","version_group_id":"13","move_id":"89","pokemon_move_method_id":"4","level":"0","pokemon_id":"375"}{"order":"","version_group_id":"13","move_id":"92","pokemon_move_method_id":"4","level":"0","pokemon_id":"375"}{"order":"1","version_group_id":"13","move_id":"93","pokemon_move_method_id":"1","level":"20","pokemon_id":"375"}{"order":"","version_group_id":"13","move_id":"94","pokemon_move_method_id":"1","level":"38","pokemon_id":"375"}{"order":"","version_group_id":"13","move_id":"94","pokemon_move_method_id":"4","level":"0","pokemon_id":"375"}{"order":"","version_group_id":"13","move_id":"97","pokemon_move_method_id":"1","level":"56","pokemon_id":"375"}{"order":"","version_group_id":"13","move_id":"102","pokemon_move_method_id":"3","level":"0","pokemon_id":"375"}{"order":"","version_group_id":"13","move_id":"104","pokemon_move_method_id":"4","level":"0","pokemon_id":"375"}{"order":"","version_group_id":"13","move_id":"113","pokemon_move_method_id":"4","level":"0","pokemon_id":"375"}{"order":"","version_group_id":"13","move_id":"115","pokemon_move_method_id":"4","level":"0","pokemon_id":"375"}{"order":"","version_group_id":"13","move_id":"120","pokemon_move_method_id":"3","level":"0","pokemon_id":"375"}{"order":"","version_group_id":"13","move_id":"148","pokemon_move_method_id":"4","level":"0","pokemon_id":"375"}{"order":"","version_group_id":"13","move_id":"156","pokemon_move_method_id":"4","level":"0","pokemon_id":"375"}{"order":"","version_group_id":"13","move_id":"164","pokemon_move_method_id":"3","level":"0","pokemon_id":"375"}{"order":"","version_group_id":"13","move_id":"182","pokemon_move_method_id":"4","level":"0","pokemon_id":"375"}{"order":"","version_group_id":"13","move_id":"184","pokemon_move_method_id":"1","level":"26","pokemon_id":"375"}{"order":"","version_group_id":"13","move_id":"188","pokemon_move_method_id":"4","level":"0","pokemon_id":"375"}{"order":"","version_group_id":"13","move_id":"196","pokemon_move_method_id":"3","level":"0","pokemon_id":"375"}{"order":"","version_group_id":"13","move_id":"201","pokemon_move_method_id":"4","level":"0","pokemon_id":"375"}{"order":"","version_group_id":"13","move_id":"207","pokemon_move_method_id":"3","level":"0","pokemon_id":"375"}{"order":"","version_group_id":"13","move_id":"216","pokemon_move_method_id":"4","level":"0","pokemon_id":"375"}{"order":"","version_group_id":"13","move_id":"218","pokemon_move_method_id":"4","level":"0","pokemon_id":"375"}{"order":"","version_group_id":"13","move_id":"228","pokemon_move_method_id":"1","level":"32","pokemon_id":"375"}{"order":"2","version_group_id":"13","move_id":"232","pokemon_move_method_id":"1","level":"20","pokemon_id":"375"}{"order":"","version_group_id":"13","move_id":"237","pokemon_move_method_id":"4","level":"0","pokemon_id":"375"}{"order":"","version_group_id":"13","move_id":"240","pokemon_move_method_id":"4","level":"0","pokemon_id":"375"}{"order":"","version_group_id":"13","move_id":"241","pokemon_move_method_id":"4","level":"0","pokemon_id":"375"}{"order":"","version_group_id":"13","move_id":"247","pokemon_move_method_id":"4","level":"0","pokemon_id":"375"}{"order":"","version_group_id":"13","move_id":"249","pokemon_move_method_id":"4","level":"0","pokemon_id":"375"}{"order":"","version_group_id":"13","move_id":"263","pokemon_move_method_id":"4","level":"0","pokemon_id":"375"}{"order":"","version_group_id":"13","move_id":"280","pokemon_move_method_id":"4","level":"0","pokemon_id":"375"}{"order":"","version_group_id":"13","move_id":"290","pokemon_move_method_id":"4","level":"0","pokemon_id":"375"}{"order":"","version_group_id":"13","move_id":"309","pokemon_move_method_id":"1","level":"50","pokemon_id":"375"}{"order":"","version_group_id":"13","move_id":"317","pokemon_move_method_id":"4","level":"0","pokemon_id":"375"}{"order":"","version_group_id":"13","move_id":"332","pokemon_move_method_id":"4","level":"0","pokemon_id":"375"}{"order":"","version_group_id":"13","move_id":"334","pokemon_move_method_id":"1","level":"44","pokemon_id":"375"}{"order":"","version_group_id":"14","move_id":"8","pokemon_move_method_id":"3","level":"0","pokemon_id":"375"}{"order":"","version_group_id":"14","move_id":"9","pokemon_move_method_id":"3","level":"0","pokemon_id":"375"}{"order":"","version_group_id":"14","move_id":"15","pokemon_move_method_id":"4","level":"0","pokemon_id":"375"}{"order":"2","version_group_id":"14","move_id":"36","pokemon_move_method_id":"1","level":"1","pokemon_id":"375"}{"order":"","version_group_id":"14","move_id":"63","pokemon_move_method_id":"1","level":"50","pokemon_id":"375"}{"order":"","version_group_id":"14","move_id":"63","pokemon_move_method_id":"4","level":"0","pokemon_id":"375"}{"order":"","version_group_id":"14","move_id":"70","pokemon_move_method_id":"4","level":"0","pokemon_id":"375"}{"order":"","version_group_id":"14","move_id":"89","pokemon_move_method_id":"4","level":"0","pokemon_id":"375"}{"order":"","version_group_id":"14","move_id":"92","pokemon_move_method_id":"4","level":"0","pokemon_id":"375"}{"order":"4","version_group_id":"14","move_id":"93","pokemon_move_method_id":"1","level":"1","pokemon_id":"375"}{"order":"1","version_group_id":"14","move_id":"93","pokemon_move_method_id":"1","level":"20","pokemon_id":"375"}{"order":"","version_group_id":"14","move_id":"94","pokemon_move_method_id":"1","level":"41","pokemon_id":"375"}{"order":"","version_group_id":"14","move_id":"94","pokemon_move_method_id":"4","level":"0","pokemon_id":"375"}{"order":"","version_group_id":"14","move_id":"97","pokemon_move_method_id":"1","level":"38","pokemon_id":"375"}{"order":"","version_group_id":"14","move_id":"104","pokemon_move_method_id":"4","level":"0","pokemon_id":"375"}{"order":"","version_group_id":"14","move_id":"113","pokemon_move_method_id":"4","level":"0","pokemon_id":"375"}{"order":"","version_group_id":"14","move_id":"115","pokemon_move_method_id":"4","level":"0","pokemon_id":"375"}{"order":"","version_group_id":"14","move_id":"148","pokemon_move_method_id":"4","level":"0","pokemon_id":"375"}{"order":"","version_group_id":"14","move_id":"153","pokemon_move_method_id":"4","level":"0","pokemon_id":"375"}{"order":"","version_group_id":"14","move_id":"156","pokemon_move_method_id":"4","level":"0","pokemon_id":"375"}{"order":"","version_group_id":"14","move_id":"157","pokemon_move_method_id":"4","level":"0","pokemon_id":"375"}{"order":"","version_group_id":"14","move_id":"164","pokemon_move_method_id":"4","level":"0","pokemon_id":"375"}{"order":"","version_group_id":"14","move_id":"173","pokemon_move_method_id":"3","level":"0","pokemon_id":"375"}{"order":"","version_group_id":"14","move_id":"182","pokemon_move_method_id":"4","level":"0","pokemon_id":"375"}{"order":"","version_group_id":"14","move_id":"184","pokemon_move_method_id":"1","level":"35","pokemon_id":"375"}{"order":"","version_group_id":"14","move_id":"188","pokemon_move_method_id":"4","level":"0","pokemon_id":"375"}{"order":"","version_group_id":"14","move_id":"196","pokemon_move_method_id":"3","level":"0","pokemon_id":"375"}{"order":"","version_group_id":"14","move_id":"201","pokemon_move_method_id":"4","level":"0","pokemon_id":"375"}{"order":"","version_group_id":"14","move_id":"207","pokemon_move_method_id":"4","level":"0","pokemon_id":"375"}{"order":"","version_group_id":"14","move_id":"214","pokemon_move_method_id":"3","level":"0","pokemon_id":"375"}{"order":"","version_group_id":"14","move_id":"216","pokemon_move_method_id":"4","level":"0","pokemon_id":"375"}{"order":"","version_group_id":"14","move_id":"218","pokemon_move_method_id":"4","level":"0","pokemon_id":"375"}{"order":"","version_group_id":"14","move_id":"228","pokemon_move_method_id":"1","level":"23","pokemon_id":"375"}{"order":"3","version_group_id":"14","move_id":"232","pokemon_move_method_id":"1","level":"1","pokemon_id":"375"}{"order":"2","version_group_id":"14","move_id":"232","pokemon_move_method_id":"1","level":"20","pokemon_id":"375"}{"order":"","version_group_id":"14","move_id":"237","pokemon_move_method_id":"4","level":"0","pokemon_id":"375"}{"order":"","version_group_id":"14","move_id":"240","pokemon_move_method_id":"4","level":"0","pokemon_id":"375"}{"order":"","version_group_id":"14","move_id":"241","pokemon_move_method_id":"4","level":"0","pokemon_id":"375"}{"order":"","version_group_id":"14","move_id":"244","pokemon_move_method_id":"4","level":"0","pokemon_id":"375"}{"order":"","version_group_id":"14","move_id":"247","pokemon_move_method_id":"4","level":"0","pokemon_id":"375"}{"order":"","version_group_id":"14","move_id":"249","pokemon_move_method_id":"4","level":"0","pokemon_id":"375"}{"order":"","version_group_id":"14","move_id":"263","pokemon_move_method_id":"4","level":"0","pokemon_id":"375"}{"order":"","version_group_id":"14","move_id":"271","pokemon_move_method_id":"3","level":"0","pokemon_id":"375"}{"order":"","version_group_id":"14","move_id":"280","pokemon_move_method_id":"4","level":"0","pokemon_id":"375"}{"order":"","version_group_id":"14","move_id":"309","pokemon_move_method_id":"1","level":"44","pokemon_id":"375"}{"order":"","version_group_id":"14","move_id":"317","pokemon_move_method_id":"4","level":"0","pokemon_id":"375"}{"order":"","version_group_id":"14","move_id":"324","pokemon_move_method_id":"3","level":"0","pokemon_id":"375"}{"order":"","version_group_id":"14","move_id":"332","pokemon_move_method_id":"4","level":"0","pokemon_id":"375"}{"order":"","version_group_id":"14","move_id":"334","pokemon_move_method_id":"1","level":"47","pokemon_id":"375"}{"order":"","version_group_id":"14","move_id":"334","pokemon_move_method_id":"3","level":"0","pokemon_id":"375"}{"order":"","version_group_id":"14","move_id":"356","pokemon_move_method_id":"3","level":"0","pokemon_id":"375"}{"order":"","version_group_id":"14","move_id":"357","pokemon_move_method_id":"1","level":"26","pokemon_id":"375"}{"order":"","version_group_id":"14","move_id":"360","pokemon_move_method_id":"4","level":"0","pokemon_id":"375"}{"order":"1","version_group_id":"14","move_id":"393","pokemon_move_method_id":"1","level":"1","pokemon_id":"375"}{"order":"","version_group_id":"14","move_id":"393","pokemon_move_method_id":"3","level":"0","pokemon_id":"375"}{"order":"","version_group_id":"14","move_id":"397","pokemon_move_method_id":"4","level":"0","pokemon_id":"375"}{"order":"","version_group_id":"14","move_id":"418","pokemon_move_method_id":"1","level":"32","pokemon_id":"375"}{"order":"","version_group_id":"14","move_id":"428","pokemon_move_method_id":"1","level":"29","pokemon_id":"375"}{"order":"","version_group_id":"14","move_id":"428","pokemon_move_method_id":"3","level":"0","pokemon_id":"375"}{"order":"","version_group_id":"14","move_id":"430","pokemon_move_method_id":"4","level":"0","pokemon_id":"375"}{"order":"","version_group_id":"14","move_id":"442","pokemon_move_method_id":"3","level":"0","pokemon_id":"375"}{"order":"","version_group_id":"14","move_id":"446","pokemon_move_method_id":"3","level":"0","pokemon_id":"375"}{"order":"","version_group_id":"14","move_id":"447","pokemon_move_method_id":"4","level":"0","pokemon_id":"375"}{"order":"","version_group_id":"14","move_id":"468","pokemon_move_method_id":"4","level":"0","pokemon_id":"375"}{"order":"","version_group_id":"14","move_id":"473","pokemon_move_method_id":"4","level":"0","pokemon_id":"375"}{"order":"","version_group_id":"14","move_id":"477","pokemon_move_method_id":"4","level":"0","pokemon_id":"375"}{"order":"","version_group_id":"14","move_id":"496","pokemon_move_method_id":"4","level":"0","pokemon_id":"375"}{"order":"","version_group_id":"14","move_id":"523","pokemon_move_method_id":"4","level":"0","pokemon_id":"375"}{"order":"","version_group_id":"15","move_id":"15","pokemon_move_method_id":"4","level":"0","pokemon_id":"375"}{"order":"2","version_group_id":"15","move_id":"36","pokemon_move_method_id":"1","level":"1","pokemon_id":"375"}{"order":"","version_group_id":"15","move_id":"63","pokemon_move_method_id":"1","level":"50","pokemon_id":"375"}{"order":"","version_group_id":"15","move_id":"63","pokemon_move_method_id":"4","level":"0","pokemon_id":"375"}{"order":"","version_group_id":"15","move_id":"70","pokemon_move_method_id":"4","level":"0","pokemon_id":"375"}{"order":"","version_group_id":"15","move_id":"89","pokemon_move_method_id":"4","level":"0","pokemon_id":"375"}{"order":"","version_group_id":"15","move_id":"92","pokemon_move_method_id":"4","level":"0","pokemon_id":"375"}{"order":"4","version_group_id":"15","move_id":"93","pokemon_move_method_id":"1","level":"1","pokemon_id":"375"}{"order":"1","version_group_id":"15","move_id":"93","pokemon_move_method_id":"1","level":"20","pokemon_id":"375"}{"order":"","version_group_id":"15","move_id":"94","pokemon_move_method_id":"1","level":"41","pokemon_id":"375"}{"order":"","version_group_id":"15","move_id":"94","pokemon_move_method_id":"4","level":"0","pokemon_id":"375"}{"order":"","version_group_id":"15","move_id":"97","pokemon_move_method_id":"1","level":"38","pokemon_id":"375"}{"order":"","version_group_id":"15","move_id":"104","pokemon_move_method_id":"4","level":"0","pokemon_id":"375"}{"order":"","version_group_id":"15","move_id":"113","pokemon_move_method_id":"4","level":"0","pokemon_id":"375"}{"order":"","version_group_id":"15","move_id":"115","pokemon_move_method_id":"4","level":"0","pokemon_id":"375"}{"order":"","version_group_id":"15","move_id":"148","pokemon_move_method_id":"4","level":"0","pokemon_id":"375"}{"order":"","version_group_id":"15","move_id":"153","pokemon_move_method_id":"4","level":"0","pokemon_id":"375"}{"order":"","version_group_id":"15","move_id":"156","pokemon_move_method_id":"4","level":"0","pokemon_id":"375"}{"order":"","version_group_id":"15","move_id":"157","pokemon_move_method_id":"4","level":"0","pokemon_id":"375"}{"order":"","version_group_id":"15","move_id":"164","pokemon_move_method_id":"4","level":"0","pokemon_id":"375"}{"order":"","version_group_id":"15","move_id":"182","pokemon_move_method_id":"4","level":"0","pokemon_id":"375"}{"order":"","version_group_id":"15","move_id":"184","pokemon_move_method_id":"1","level":"35","pokemon_id":"375"}{"order":"","version_group_id":"15","move_id":"188","pokemon_move_method_id":"4","level":"0","pokemon_id":"375"}{"order":"","version_group_id":"15","move_id":"201","pokemon_move_method_id":"4","level":"0","pokemon_id":"375"}{"order":"","version_group_id":"15","move_id":"207","pokemon_move_method_id":"4","level":"0","pokemon_id":"375"}{"order":"","version_group_id":"15","move_id":"214","pokemon_move_method_id":"4","level":"0","pokemon_id":"375"}{"order":"","version_group_id":"15","move_id":"216","pokemon_move_method_id":"4","level":"0","pokemon_id":"375"}{"order":"","version_group_id":"15","move_id":"218","pokemon_move_method_id":"4","level":"0","pokemon_id":"375"}{"order":"","version_group_id":"15","move_id":"228","pokemon_move_method_id":"1","level":"23","pokemon_id":"375"}{"order":"3","version_group_id":"15","move_id":"232","pokemon_move_method_id":"1","level":"1","pokemon_id":"375"}{"order":"2","version_group_id":"15","move_id":"232","pokemon_move_method_id":"1","level":"20","pokemon_id":"375"}{"order":"","version_group_id":"15","move_id":"237","pokemon_move_method_id":"4","level":"0","pokemon_id":"375"}{"order":"","version_group_id":"15","move_id":"240","pokemon_move_method_id":"4","level":"0","pokemon_id":"375"}{"order":"","version_group_id":"15","move_id":"241","pokemon_move_method_id":"4","level":"0","pokemon_id":"375"}{"order":"","version_group_id":"15","move_id":"244","pokemon_move_method_id":"4","level":"0","pokemon_id":"375"}{"order":"","version_group_id":"15","move_id":"247","pokemon_move_method_id":"4","level":"0","pokemon_id":"375"}{"order":"","version_group_id":"15","move_id":"249","pokemon_move_method_id":"4","level":"0","pokemon_id":"375"}{"order":"","version_group_id":"15","move_id":"263","pokemon_move_method_id":"4","level":"0","pokemon_id":"375"}{"order":"","version_group_id":"15","move_id":"280","pokemon_move_method_id":"4","level":"0","pokemon_id":"375"}{"order":"","version_group_id":"15","move_id":"309","pokemon_move_method_id":"1","level":"44","pokemon_id":"375"}{"order":"","version_group_id":"15","move_id":"317","pokemon_move_method_id":"4","level":"0","pokemon_id":"375"}{"order":"","version_group_id":"15","move_id":"332","pokemon_move_method_id":"4","level":"0","pokemon_id":"375"}{"order":"","version_group_id":"15","move_id":"334","pokemon_move_method_id":"1","level":"47","pokemon_id":"375"}{"order":"","version_group_id":"15","move_id":"357","pokemon_move_method_id":"1","level":"26","pokemon_id":"375"}{"order":"","version_group_id":"15","move_id":"360","pokemon_move_method_id":"4","level":"0","pokemon_id":"375"}{"order":"1","version_group_id":"15","move_id":"393","pokemon_move_method_id":"1","level":"1","pokemon_id":"375"}{"order":"","version_group_id":"15","move_id":"397","pokemon_move_method_id":"4","level":"0","pokemon_id":"375"}{"order":"","version_group_id":"15","move_id":"418","pokemon_move_method_id":"1","level":"32","pokemon_id":"375"}{"order":"","version_group_id":"15","move_id":"428","pokemon_move_method_id":"1","level":"29","pokemon_id":"375"}{"order":"","version_group_id":"15","move_id":"430","pokemon_move_method_id":"4","level":"0","pokemon_id":"375"}{"order":"","version_group_id":"15","move_id":"447","pokemon_move_method_id":"4","level":"0","pokemon_id":"375"}{"order":"","version_group_id":"15","move_id":"468","pokemon_move_method_id":"4","level":"0","pokemon_id":"375"}{"order":"","version_group_id":"15","move_id":"473","pokemon_move_method_id":"4","level":"0","pokemon_id":"375"}{"order":"","version_group_id":"15","move_id":"496","pokemon_move_method_id":"4","level":"0","pokemon_id":"375"}{"order":"","version_group_id":"15","move_id":"523","pokemon_move_method_id":"4","level":"0","pokemon_id":"375"}{"order":"","version_group_id":"15","move_id":"590","pokemon_move_method_id":"4","level":"0","pokemon_id":"375"}{"order":"","version_group_id":"15","move_id":"612","pokemon_move_method_id":"4","level":"0","pokemon_id":"375"}