{"order":"1","version_group_id":"5","move_id":"43","pokemon_move_method_id":"1","level":"1","pokemon_id":"319"}{"order":"2","version_group_id":"5","move_id":"44","pokemon_move_method_id":"1","level":"1","pokemon_id":"319"}{"order":"","version_group_id":"5","move_id":"46","pokemon_move_method_id":"4","level":"0","pokemon_id":"319"}{"order":"","version_group_id":"5","move_id":"57","pokemon_move_method_id":"4","level":"0","pokemon_id":"319"}{"order":"","version_group_id":"5","move_id":"58","pokemon_move_method_id":"4","level":"0","pokemon_id":"319"}{"order":"","version_group_id":"5","move_id":"59","pokemon_move_method_id":"4","level":"0","pokemon_id":"319"}{"order":"","version_group_id":"5","move_id":"63","pokemon_move_method_id":"4","level":"0","pokemon_id":"319"}{"order":"","version_group_id":"5","move_id":"70","pokemon_move_method_id":"4","level":"0","pokemon_id":"319"}{"order":"","version_group_id":"5","move_id":"89","pokemon_move_method_id":"4","level":"0","pokemon_id":"319"}{"order":"","version_group_id":"5","move_id":"92","pokemon_move_method_id":"4","level":"0","pokemon_id":"319"}{"order":"","version_group_id":"5","move_id":"97","pokemon_move_method_id":"1","level":"53","pokemon_id":"319"}{"order":"3","version_group_id":"5","move_id":"99","pokemon_move_method_id":"1","level":"1","pokemon_id":"319"}{"order":"","version_group_id":"5","move_id":"99","pokemon_move_method_id":"1","level":"7","pokemon_id":"319"}{"order":"","version_group_id":"5","move_id":"103","pokemon_move_method_id":"1","level":"28","pokemon_id":"319"}{"order":"","version_group_id":"5","move_id":"104","pokemon_move_method_id":"4","level":"0","pokemon_id":"319"}{"order":"4","version_group_id":"5","move_id":"116","pokemon_move_method_id":"1","level":"1","pokemon_id":"319"}{"order":"","version_group_id":"5","move_id":"116","pokemon_move_method_id":"1","level":"13","pokemon_id":"319"}{"order":"","version_group_id":"5","move_id":"127","pokemon_move_method_id":"4","level":"0","pokemon_id":"319"}{"order":"","version_group_id":"5","move_id":"130","pokemon_move_method_id":"1","level":"48","pokemon_id":"319"}{"order":"","version_group_id":"5","move_id":"156","pokemon_move_method_id":"4","level":"0","pokemon_id":"319"}{"order":"","version_group_id":"5","move_id":"163","pokemon_move_method_id":"1","level":"33","pokemon_id":"319"}{"order":"","version_group_id":"5","move_id":"168","pokemon_move_method_id":"4","level":"0","pokemon_id":"319"}{"order":"","version_group_id":"5","move_id":"182","pokemon_move_method_id":"4","level":"0","pokemon_id":"319"}{"order":"","version_group_id":"5","move_id":"184","pokemon_move_method_id":"1","level":"16","pokemon_id":"319"}{"order":"","version_group_id":"5","move_id":"207","pokemon_move_method_id":"1","level":"43","pokemon_id":"319"}{"order":"","version_group_id":"5","move_id":"213","pokemon_move_method_id":"4","level":"0","pokemon_id":"319"}{"order":"","version_group_id":"5","move_id":"216","pokemon_move_method_id":"4","level":"0","pokemon_id":"319"}{"order":"","version_group_id":"5","move_id":"218","pokemon_move_method_id":"4","level":"0","pokemon_id":"319"}{"order":"","version_group_id":"5","move_id":"237","pokemon_move_method_id":"4","level":"0","pokemon_id":"319"}{"order":"","version_group_id":"5","move_id":"240","pokemon_move_method_id":"4","level":"0","pokemon_id":"319"}{"order":"","version_group_id":"5","move_id":"242","pokemon_move_method_id":"1","level":"22","pokemon_id":"319"}{"order":"","version_group_id":"5","move_id":"249","pokemon_move_method_id":"4","level":"0","pokemon_id":"319"}{"order":"","version_group_id":"5","move_id":"258","pokemon_move_method_id":"4","level":"0","pokemon_id":"319"}{"order":"","version_group_id":"5","move_id":"259","pokemon_move_method_id":"4","level":"0","pokemon_id":"319"}{"order":"","version_group_id":"5","move_id":"263","pokemon_move_method_id":"4","level":"0","pokemon_id":"319"}{"order":"","version_group_id":"5","move_id":"269","pokemon_move_method_id":"1","level":"38","pokemon_id":"319"}{"order":"","version_group_id":"5","move_id":"269","pokemon_move_method_id":"4","level":"0","pokemon_id":"319"}{"order":"","version_group_id":"5","move_id":"290","pokemon_move_method_id":"4","level":"0","pokemon_id":"319"}{"order":"","version_group_id":"5","move_id":"291","pokemon_move_method_id":"4","level":"0","pokemon_id":"319"}{"order":"","version_group_id":"5","move_id":"317","pokemon_move_method_id":"4","level":"0","pokemon_id":"319"}{"order":"","version_group_id":"5","move_id":"352","pokemon_move_method_id":"4","level":"0","pokemon_id":"319"}{"order":"","version_group_id":"6","move_id":"38","pokemon_move_method_id":"3","level":"0","pokemon_id":"319"}{"order":"1","version_group_id":"6","move_id":"43","pokemon_move_method_id":"1","level":"1","pokemon_id":"319"}{"order":"2","version_group_id":"6","move_id":"44","pokemon_move_method_id":"1","level":"1","pokemon_id":"319"}{"order":"","version_group_id":"6","move_id":"46","pokemon_move_method_id":"4","level":"0","pokemon_id":"319"}{"order":"","version_group_id":"6","move_id":"57","pokemon_move_method_id":"4","level":"0","pokemon_id":"319"}{"order":"","version_group_id":"6","move_id":"58","pokemon_move_method_id":"4","level":"0","pokemon_id":"319"}{"order":"","version_group_id":"6","move_id":"59","pokemon_move_method_id":"4","level":"0","pokemon_id":"319"}{"order":"","version_group_id":"6","move_id":"63","pokemon_move_method_id":"4","level":"0","pokemon_id":"319"}{"order":"","version_group_id":"6","move_id":"70","pokemon_move_method_id":"4","level":"0","pokemon_id":"319"}{"order":"","version_group_id":"6","move_id":"89","pokemon_move_method_id":"4","level":"0","pokemon_id":"319"}{"order":"","version_group_id":"6","move_id":"92","pokemon_move_method_id":"4","level":"0","pokemon_id":"319"}{"order":"","version_group_id":"6","move_id":"97","pokemon_move_method_id":"1","level":"53","pokemon_id":"319"}{"order":"3","version_group_id":"6","move_id":"99","pokemon_move_method_id":"1","level":"1","pokemon_id":"319"}{"order":"","version_group_id":"6","move_id":"99","pokemon_move_method_id":"1","level":"7","pokemon_id":"319"}{"order":"","version_group_id":"6","move_id":"102","pokemon_move_method_id":"3","level":"0","pokemon_id":"319"}{"order":"","version_group_id":"6","move_id":"103","pokemon_move_method_id":"1","level":"28","pokemon_id":"319"}{"order":"","version_group_id":"6","move_id":"104","pokemon_move_method_id":"4","level":"0","pokemon_id":"319"}{"order":"4","version_group_id":"6","move_id":"116","pokemon_move_method_id":"1","level":"1","pokemon_id":"319"}{"order":"","version_group_id":"6","move_id":"116","pokemon_move_method_id":"1","level":"13","pokemon_id":"319"}{"order":"","version_group_id":"6","move_id":"127","pokemon_move_method_id":"4","level":"0","pokemon_id":"319"}{"order":"","version_group_id":"6","move_id":"129","pokemon_move_method_id":"3","level":"0","pokemon_id":"319"}{"order":"","version_group_id":"6","move_id":"130","pokemon_move_method_id":"1","level":"48","pokemon_id":"319"}{"order":"","version_group_id":"6","move_id":"156","pokemon_move_method_id":"4","level":"0","pokemon_id":"319"}{"order":"","version_group_id":"6","move_id":"163","pokemon_move_method_id":"1","level":"33","pokemon_id":"319"}{"order":"","version_group_id":"6","move_id":"164","pokemon_move_method_id":"3","level":"0","pokemon_id":"319"}{"order":"","version_group_id":"6","move_id":"168","pokemon_move_method_id":"4","level":"0","pokemon_id":"319"}{"order":"","version_group_id":"6","move_id":"173","pokemon_move_method_id":"3","level":"0","pokemon_id":"319"}{"order":"","version_group_id":"6","move_id":"182","pokemon_move_method_id":"4","level":"0","pokemon_id":"319"}{"order":"","version_group_id":"6","move_id":"184","pokemon_move_method_id":"1","level":"16","pokemon_id":"319"}{"order":"","version_group_id":"6","move_id":"189","pokemon_move_method_id":"3","level":"0","pokemon_id":"319"}{"order":"","version_group_id":"6","move_id":"196","pokemon_move_method_id":"3","level":"0","pokemon_id":"319"}{"order":"","version_group_id":"6","move_id":"203","pokemon_move_method_id":"3","level":"0","pokemon_id":"319"}{"order":"","version_group_id":"6","move_id":"207","pokemon_move_method_id":"1","level":"43","pokemon_id":"319"}{"order":"","version_group_id":"6","move_id":"207","pokemon_move_method_id":"3","level":"0","pokemon_id":"319"}{"order":"","version_group_id":"6","move_id":"210","pokemon_move_method_id":"3","level":"0","pokemon_id":"319"}{"order":"","version_group_id":"6","move_id":"213","pokemon_move_method_id":"4","level":"0","pokemon_id":"319"}{"order":"","version_group_id":"6","move_id":"214","pokemon_move_method_id":"3","level":"0","pokemon_id":"319"}{"order":"","version_group_id":"6","move_id":"216","pokemon_move_method_id":"4","level":"0","pokemon_id":"319"}{"order":"","version_group_id":"6","move_id":"218","pokemon_move_method_id":"4","level":"0","pokemon_id":"319"}{"order":"","version_group_id":"6","move_id":"237","pokemon_move_method_id":"4","level":"0","pokemon_id":"319"}{"order":"","version_group_id":"6","move_id":"240","pokemon_move_method_id":"4","level":"0","pokemon_id":"319"}{"order":"","version_group_id":"6","move_id":"242","pokemon_move_method_id":"1","level":"22","pokemon_id":"319"}{"order":"","version_group_id":"6","move_id":"249","pokemon_move_method_id":"4","level":"0","pokemon_id":"319"}{"order":"","version_group_id":"6","move_id":"258","pokemon_move_method_id":"4","level":"0","pokemon_id":"319"}{"order":"","version_group_id":"6","move_id":"259","pokemon_move_method_id":"4","level":"0","pokemon_id":"319"}{"order":"","version_group_id":"6","move_id":"263","pokemon_move_method_id":"4","level":"0","pokemon_id":"319"}{"order":"","version_group_id":"6","move_id":"269","pokemon_move_method_id":"1","level":"38","pokemon_id":"319"}{"order":"","version_group_id":"6","move_id":"269","pokemon_move_method_id":"4","level":"0","pokemon_id":"319"}{"order":"","version_group_id":"6","move_id":"290","pokemon_move_method_id":"4","level":"0","pokemon_id":"319"}{"order":"","version_group_id":"6","move_id":"291","pokemon_move_method_id":"4","level":"0","pokemon_id":"319"}{"order":"","version_group_id":"6","move_id":"317","pokemon_move_method_id":"4","level":"0","pokemon_id":"319"}{"order":"","version_group_id":"6","move_id":"352","pokemon_move_method_id":"4","level":"0","pokemon_id":"319"}{"order":"","version_group_id":"7","move_id":"38","pokemon_move_method_id":"3","level":"0","pokemon_id":"319"}{"order":"1","version_group_id":"7","move_id":"43","pokemon_move_method_id":"1","level":"1","pokemon_id":"319"}{"order":"2","version_group_id":"7","move_id":"44","pokemon_move_method_id":"1","level":"1","pokemon_id":"319"}{"order":"","version_group_id":"7","move_id":"46","pokemon_move_method_id":"4","level":"0","pokemon_id":"319"}{"order":"","version_group_id":"7","move_id":"57","pokemon_move_method_id":"4","level":"0","pokemon_id":"319"}{"order":"","version_group_id":"7","move_id":"58","pokemon_move_method_id":"4","level":"0","pokemon_id":"319"}{"order":"","version_group_id":"7","move_id":"59","pokemon_move_method_id":"4","level":"0","pokemon_id":"319"}{"order":"","version_group_id":"7","move_id":"63","pokemon_move_method_id":"4","level":"0","pokemon_id":"319"}{"order":"","version_group_id":"7","move_id":"70","pokemon_move_method_id":"4","level":"0","pokemon_id":"319"}{"order":"","version_group_id":"7","move_id":"89","pokemon_move_method_id":"4","level":"0","pokemon_id":"319"}{"order":"","version_group_id":"7","move_id":"92","pokemon_move_method_id":"4","level":"0","pokemon_id":"319"}{"order":"","version_group_id":"7","move_id":"97","pokemon_move_method_id":"1","level":"53","pokemon_id":"319"}{"order":"3","version_group_id":"7","move_id":"99","pokemon_move_method_id":"1","level":"1","pokemon_id":"319"}{"order":"","version_group_id":"7","move_id":"99","pokemon_move_method_id":"1","level":"7","pokemon_id":"319"}{"order":"","version_group_id":"7","move_id":"102","pokemon_move_method_id":"3","level":"0","pokemon_id":"319"}{"order":"","version_group_id":"7","move_id":"103","pokemon_move_method_id":"1","level":"28","pokemon_id":"319"}{"order":"","version_group_id":"7","move_id":"104","pokemon_move_method_id":"4","level":"0","pokemon_id":"319"}{"order":"4","version_group_id":"7","move_id":"116","pokemon_move_method_id":"1","level":"1","pokemon_id":"319"}{"order":"","version_group_id":"7","move_id":"116","pokemon_move_method_id":"1","level":"13","pokemon_id":"319"}{"order":"","version_group_id":"7","move_id":"127","pokemon_move_method_id":"4","level":"0","pokemon_id":"319"}{"order":"","version_group_id":"7","move_id":"130","pokemon_move_method_id":"1","level":"48","pokemon_id":"319"}{"order":"","version_group_id":"7","move_id":"156","pokemon_move_method_id":"4","level":"0","pokemon_id":"319"}{"order":"","version_group_id":"7","move_id":"163","pokemon_move_method_id":"1","level":"33","pokemon_id":"319"}{"order":"","version_group_id":"7","move_id":"164","pokemon_move_method_id":"3","level":"0","pokemon_id":"319"}{"order":"","version_group_id":"7","move_id":"168","pokemon_move_method_id":"4","level":"0","pokemon_id":"319"}{"order":"","version_group_id":"7","move_id":"182","pokemon_move_method_id":"4","level":"0","pokemon_id":"319"}{"order":"","version_group_id":"7","move_id":"184","pokemon_move_method_id":"1","level":"16","pokemon_id":"319"}{"order":"","version_group_id":"7","move_id":"207","pokemon_move_method_id":"1","level":"43","pokemon_id":"319"}{"order":"","version_group_id":"7","move_id":"213","pokemon_move_method_id":"4","level":"0","pokemon_id":"319"}{"order":"","version_group_id":"7","move_id":"216","pokemon_move_method_id":"4","level":"0","pokemon_id":"319"}{"order":"","version_group_id":"7","move_id":"218","pokemon_move_method_id":"4","level":"0","pokemon_id":"319"}{"order":"","version_group_id":"7","move_id":"237","pokemon_move_method_id":"4","level":"0","pokemon_id":"319"}{"order":"","version_group_id":"7","move_id":"240","pokemon_move_method_id":"4","level":"0","pokemon_id":"319"}{"order":"","version_group_id":"7","move_id":"242","pokemon_move_method_id":"1","level":"22","pokemon_id":"319"}{"order":"","version_group_id":"7","move_id":"249","pokemon_move_method_id":"4","level":"0","pokemon_id":"319"}{"order":"","version_group_id":"7","move_id":"258","pokemon_move_method_id":"4","level":"0","pokemon_id":"319"}{"order":"","version_group_id":"7","move_id":"259","pokemon_move_method_id":"4","level":"0","pokemon_id":"319"}{"order":"","version_group_id":"7","move_id":"263","pokemon_move_method_id":"4","level":"0","pokemon_id":"319"}{"order":"","version_group_id":"7","move_id":"269","pokemon_move_method_id":"1","level":"38","pokemon_id":"319"}{"order":"","version_group_id":"7","move_id":"269","pokemon_move_method_id":"4","level":"0","pokemon_id":"319"}{"order":"","version_group_id":"7","move_id":"290","pokemon_move_method_id":"4","level":"0","pokemon_id":"319"}{"order":"","version_group_id":"7","move_id":"291","pokemon_move_method_id":"4","level":"0","pokemon_id":"319"}{"order":"","version_group_id":"7","move_id":"317","pokemon_move_method_id":"4","level":"0","pokemon_id":"319"}{"order":"","version_group_id":"7","move_id":"352","pokemon_move_method_id":"4","level":"0","pokemon_id":"319"}{"order":"1","version_group_id":"8","move_id":"43","pokemon_move_method_id":"1","level":"1","pokemon_id":"319"}{"order":"2","version_group_id":"8","move_id":"44","pokemon_move_method_id":"1","level":"1","pokemon_id":"319"}{"order":"","version_group_id":"8","move_id":"46","pokemon_move_method_id":"4","level":"0","pokemon_id":"319"}{"order":"","version_group_id":"8","move_id":"57","pokemon_move_method_id":"4","level":"0","pokemon_id":"319"}{"order":"","version_group_id":"8","move_id":"58","pokemon_move_method_id":"4","level":"0","pokemon_id":"319"}{"order":"","version_group_id":"8","move_id":"59","pokemon_move_method_id":"4","level":"0","pokemon_id":"319"}{"order":"","version_group_id":"8","move_id":"63","pokemon_move_method_id":"4","level":"0","pokemon_id":"319"}{"order":"","version_group_id":"8","move_id":"70","pokemon_move_method_id":"4","level":"0","pokemon_id":"319"}{"order":"","version_group_id":"8","move_id":"89","pokemon_move_method_id":"4","level":"0","pokemon_id":"319"}{"order":"","version_group_id":"8","move_id":"92","pokemon_move_method_id":"4","level":"0","pokemon_id":"319"}{"order":"","version_group_id":"8","move_id":"97","pokemon_move_method_id":"1","level":"45","pokemon_id":"319"}{"order":"3","version_group_id":"8","move_id":"99","pokemon_move_method_id":"1","level":"1","pokemon_id":"319"}{"order":"","version_group_id":"8","move_id":"99","pokemon_move_method_id":"1","level":"6","pokemon_id":"319"}{"order":"","version_group_id":"8","move_id":"103","pokemon_move_method_id":"1","level":"18","pokemon_id":"319"}{"order":"","version_group_id":"8","move_id":"104","pokemon_move_method_id":"4","level":"0","pokemon_id":"319"}{"order":"4","version_group_id":"8","move_id":"116","pokemon_move_method_id":"1","level":"1","pokemon_id":"319"}{"order":"","version_group_id":"8","move_id":"116","pokemon_move_method_id":"1","level":"8","pokemon_id":"319"}{"order":"","version_group_id":"8","move_id":"127","pokemon_move_method_id":"4","level":"0","pokemon_id":"319"}{"order":"","version_group_id":"8","move_id":"130","pokemon_move_method_id":"1","level":"50","pokemon_id":"319"}{"order":"","version_group_id":"8","move_id":"156","pokemon_move_method_id":"4","level":"0","pokemon_id":"319"}{"order":"","version_group_id":"8","move_id":"163","pokemon_move_method_id":"1","level":"30","pokemon_id":"319"}{"order":"","version_group_id":"8","move_id":"164","pokemon_move_method_id":"4","level":"0","pokemon_id":"319"}{"order":"","version_group_id":"8","move_id":"168","pokemon_move_method_id":"4","level":"0","pokemon_id":"319"}{"order":"","version_group_id":"8","move_id":"182","pokemon_move_method_id":"4","level":"0","pokemon_id":"319"}{"order":"","version_group_id":"8","move_id":"184","pokemon_move_method_id":"1","level":"11","pokemon_id":"319"}{"order":"","version_group_id":"8","move_id":"203","pokemon_move_method_id":"4","level":"0","pokemon_id":"319"}{"order":"","version_group_id":"8","move_id":"207","pokemon_move_method_id":"1","level":"21","pokemon_id":"319"}{"order":"","version_group_id":"8","move_id":"207","pokemon_move_method_id":"4","level":"0","pokemon_id":"319"}{"order":"","version_group_id":"8","move_id":"213","pokemon_move_method_id":"4","level":"0","pokemon_id":"319"}{"order":"","version_group_id":"8","move_id":"214","pokemon_move_method_id":"4","level":"0","pokemon_id":"319"}{"order":"","version_group_id":"8","move_id":"216","pokemon_move_method_id":"4","level":"0","pokemon_id":"319"}{"order":"","version_group_id":"8","move_id":"218","pokemon_move_method_id":"4","level":"0","pokemon_id":"319"}{"order":"","version_group_id":"8","move_id":"237","pokemon_move_method_id":"4","level":"0","pokemon_id":"319"}{"order":"","version_group_id":"8","move_id":"240","pokemon_move_method_id":"4","level":"0","pokemon_id":"319"}{"order":"","version_group_id":"8","move_id":"242","pokemon_move_method_id":"1","level":"28","pokemon_id":"319"}{"order":"","version_group_id":"8","move_id":"249","pokemon_move_method_id":"4","level":"0","pokemon_id":"319"}{"order":"","version_group_id":"8","move_id":"258","pokemon_move_method_id":"4","level":"0","pokemon_id":"319"}{"order":"","version_group_id":"8","move_id":"259","pokemon_move_method_id":"4","level":"0","pokemon_id":"319"}{"order":"","version_group_id":"8","move_id":"263","pokemon_move_method_id":"4","level":"0","pokemon_id":"319"}{"order":"","version_group_id":"8","move_id":"269","pokemon_move_method_id":"1","level":"40","pokemon_id":"319"}{"order":"","version_group_id":"8","move_id":"269","pokemon_move_method_id":"4","level":"0","pokemon_id":"319"}{"order":"","version_group_id":"8","move_id":"290","pokemon_move_method_id":"4","level":"0","pokemon_id":"319"}{"order":"","version_group_id":"8","move_id":"317","pokemon_move_method_id":"4","level":"0","pokemon_id":"319"}{"order":"","version_group_id":"8","move_id":"352","pokemon_move_method_id":"4","level":"0","pokemon_id":"319"}{"order":"","version_group_id":"8","move_id":"362","pokemon_move_method_id":"4","level":"0","pokemon_id":"319"}{"order":"","version_group_id":"8","move_id":"363","pokemon_move_method_id":"4","level":"0","pokemon_id":"319"}{"order":"","version_group_id":"8","move_id":"371","pokemon_move_method_id":"4","level":"0","pokemon_id":"319"}{"order":"","version_group_id":"8","move_id":"372","pokemon_move_method_id":"1","level":"26","pokemon_id":"319"}{"order":"","version_group_id":"8","move_id":"398","pokemon_move_method_id":"4","level":"0","pokemon_id":"319"}{"order":"","version_group_id":"8","move_id":"399","pokemon_move_method_id":"4","level":"0","pokemon_id":"319"}{"order":"","version_group_id":"8","move_id":"400","pokemon_move_method_id":"1","level":"56","pokemon_id":"319"}{"order":"","version_group_id":"8","move_id":"416","pokemon_move_method_id":"4","level":"0","pokemon_id":"319"}{"order":"","version_group_id":"8","move_id":"419","pokemon_move_method_id":"4","level":"0","pokemon_id":"319"}{"order":"","version_group_id":"8","move_id":"423","pokemon_move_method_id":"1","level":"16","pokemon_id":"319"}{"order":"","version_group_id":"8","move_id":"445","pokemon_move_method_id":"4","level":"0","pokemon_id":"319"}{"order":"","version_group_id":"8","move_id":"453","pokemon_move_method_id":"1","level":"34","pokemon_id":"319"}{"order":"2","version_group_id":"9","move_id":"43","pokemon_move_method_id":"1","level":"1","pokemon_id":"319"}{"order":"3","version_group_id":"9","move_id":"44","pokemon_move_method_id":"1","level":"1","pokemon_id":"319"}{"order":"","version_group_id":"9","move_id":"46","pokemon_move_method_id":"4","level":"0","pokemon_id":"319"}{"order":"","version_group_id":"9","move_id":"57","pokemon_move_method_id":"4","level":"0","pokemon_id":"319"}{"order":"","version_group_id":"9","move_id":"58","pokemon_move_method_id":"4","level":"0","pokemon_id":"319"}{"order":"","version_group_id":"9","move_id":"59","pokemon_move_method_id":"4","level":"0","pokemon_id":"319"}{"order":"","version_group_id":"9","move_id":"63","pokemon_move_method_id":"4","level":"0","pokemon_id":"319"}{"order":"","version_group_id":"9","move_id":"70","pokemon_move_method_id":"4","level":"0","pokemon_id":"319"}{"order":"","version_group_id":"9","move_id":"89","pokemon_move_method_id":"4","level":"0","pokemon_id":"319"}{"order":"","version_group_id":"9","move_id":"92","pokemon_move_method_id":"4","level":"0","pokemon_id":"319"}{"order":"","version_group_id":"9","move_id":"97","pokemon_move_method_id":"1","level":"45","pokemon_id":"319"}{"order":"4","version_group_id":"9","move_id":"99","pokemon_move_method_id":"1","level":"1","pokemon_id":"319"}{"order":"","version_group_id":"9","move_id":"99","pokemon_move_method_id":"1","level":"6","pokemon_id":"319"}{"order":"","version_group_id":"9","move_id":"103","pokemon_move_method_id":"1","level":"18","pokemon_id":"319"}{"order":"","version_group_id":"9","move_id":"104","pokemon_move_method_id":"4","level":"0","pokemon_id":"319"}{"order":"5","version_group_id":"9","move_id":"116","pokemon_move_method_id":"1","level":"1","pokemon_id":"319"}{"order":"","version_group_id":"9","move_id":"116","pokemon_move_method_id":"1","level":"8","pokemon_id":"319"}{"order":"","version_group_id":"9","move_id":"127","pokemon_move_method_id":"4","level":"0","pokemon_id":"319"}{"order":"","version_group_id":"9","move_id":"129","pokemon_move_method_id":"3","level":"0","pokemon_id":"319"}{"order":"","version_group_id":"9","move_id":"130","pokemon_move_method_id":"1","level":"50","pokemon_id":"319"}{"order":"","version_group_id":"9","move_id":"156","pokemon_move_method_id":"4","level":"0","pokemon_id":"319"}{"order":"","version_group_id":"9","move_id":"163","pokemon_move_method_id":"1","level":"30","pokemon_id":"319"}{"order":"","version_group_id":"9","move_id":"164","pokemon_move_method_id":"4","level":"0","pokemon_id":"319"}{"order":"","version_group_id":"9","move_id":"168","pokemon_move_method_id":"4","level":"0","pokemon_id":"319"}{"order":"","version_group_id":"9","move_id":"173","pokemon_move_method_id":"3","level":"0","pokemon_id":"319"}{"order":"","version_group_id":"9","move_id":"180","pokemon_move_method_id":"3","level":"0","pokemon_id":"319"}{"order":"","version_group_id":"9","move_id":"182","pokemon_move_method_id":"4","level":"0","pokemon_id":"319"}{"order":"","version_group_id":"9","move_id":"184","pokemon_move_method_id":"1","level":"11","pokemon_id":"319"}{"order":"","version_group_id":"9","move_id":"189","pokemon_move_method_id":"3","level":"0","pokemon_id":"319"}{"order":"","version_group_id":"9","move_id":"196","pokemon_move_method_id":"3","level":"0","pokemon_id":"319"}{"order":"","version_group_id":"9","move_id":"203","pokemon_move_method_id":"4","level":"0","pokemon_id":"319"}{"order":"","version_group_id":"9","move_id":"207","pokemon_move_method_id":"1","level":"21","pokemon_id":"319"}{"order":"","version_group_id":"9","move_id":"207","pokemon_move_method_id":"4","level":"0","pokemon_id":"319"}{"order":"","version_group_id":"9","move_id":"210","pokemon_move_method_id":"3","level":"0","pokemon_id":"319"}{"order":"","version_group_id":"9","move_id":"213","pokemon_move_method_id":"4","level":"0","pokemon_id":"319"}{"order":"","version_group_id":"9","move_id":"214","pokemon_move_method_id":"4","level":"0","pokemon_id":"319"}{"order":"","version_group_id":"9","move_id":"216","pokemon_move_method_id":"4","level":"0","pokemon_id":"319"}{"order":"","version_group_id":"9","move_id":"218","pokemon_move_method_id":"4","level":"0","pokemon_id":"319"}{"order":"","version_group_id":"9","move_id":"237","pokemon_move_method_id":"4","level":"0","pokemon_id":"319"}{"order":"","version_group_id":"9","move_id":"240","pokemon_move_method_id":"4","level":"0","pokemon_id":"319"}{"order":"","version_group_id":"9","move_id":"242","pokemon_move_method_id":"1","level":"28","pokemon_id":"319"}{"order":"","version_group_id":"9","move_id":"246","pokemon_move_method_id":"3","level":"0","pokemon_id":"319"}{"order":"","version_group_id":"9","move_id":"249","pokemon_move_method_id":"4","level":"0","pokemon_id":"319"}{"order":"","version_group_id":"9","move_id":"253","pokemon_move_method_id":"3","level":"0","pokemon_id":"319"}{"order":"","version_group_id":"9","move_id":"258","pokemon_move_method_id":"4","level":"0","pokemon_id":"319"}{"order":"","version_group_id":"9","move_id":"259","pokemon_move_method_id":"4","level":"0","pokemon_id":"319"}{"order":"","version_group_id":"9","move_id":"263","pokemon_move_method_id":"4","level":"0","pokemon_id":"319"}{"order":"","version_group_id":"9","move_id":"269","pokemon_move_method_id":"1","level":"40","pokemon_id":"319"}{"order":"","version_group_id":"9","move_id":"269","pokemon_move_method_id":"4","level":"0","pokemon_id":"319"}{"order":"","version_group_id":"9","move_id":"290","pokemon_move_method_id":"4","level":"0","pokemon_id":"319"}{"order":"","version_group_id":"9","move_id":"291","pokemon_move_method_id":"3","level":"0","pokemon_id":"319"}{"order":"","version_group_id":"9","move_id":"317","pokemon_move_method_id":"4","level":"0","pokemon_id":"319"}{"order":"","version_group_id":"9","move_id":"340","pokemon_move_method_id":"3","level":"0","pokemon_id":"319"}{"order":"","version_group_id":"9","move_id":"352","pokemon_move_method_id":"4","level":"0","pokemon_id":"319"}{"order":"","version_group_id":"9","move_id":"362","pokemon_move_method_id":"4","level":"0","pokemon_id":"319"}{"order":"","version_group_id":"9","move_id":"363","pokemon_move_method_id":"4","level":"0","pokemon_id":"319"}{"order":"1","version_group_id":"9","move_id":"364","pokemon_move_method_id":"1","level":"1","pokemon_id":"319"}{"order":"","version_group_id":"9","move_id":"371","pokemon_move_method_id":"4","level":"0","pokemon_id":"319"}{"order":"","version_group_id":"9","move_id":"372","pokemon_move_method_id":"1","level":"26","pokemon_id":"319"}{"order":"","version_group_id":"9","move_id":"398","pokemon_move_method_id":"4","level":"0","pokemon_id":"319"}{"order":"","version_group_id":"9","move_id":"399","pokemon_move_method_id":"4","level":"0","pokemon_id":"319"}{"order":"","version_group_id":"9","move_id":"400","pokemon_move_method_id":"1","level":"56","pokemon_id":"319"}{"order":"","version_group_id":"9","move_id":"416","pokemon_move_method_id":"4","level":"0","pokemon_id":"319"}{"order":"","version_group_id":"9","move_id":"419","pokemon_move_method_id":"4","level":"0","pokemon_id":"319"}{"order":"","version_group_id":"9","move_id":"423","pokemon_move_method_id":"1","level":"16","pokemon_id":"319"}{"order":"","version_group_id":"9","move_id":"428","pokemon_move_method_id":"3","level":"0","pokemon_id":"319"}{"order":"","version_group_id":"9","move_id":"445","pokemon_move_method_id":"4","level":"0","pokemon_id":"319"}{"order":"","version_group_id":"9","move_id":"453","pokemon_move_method_id":"1","level":"34","pokemon_id":"319"}{"order":"2","version_group_id":"10","move_id":"43","pokemon_move_method_id":"1","level":"1","pokemon_id":"319"}{"order":"3","version_group_id":"10","move_id":"44","pokemon_move_method_id":"1","level":"1","pokemon_id":"319"}{"order":"","version_group_id":"10","move_id":"46","pokemon_move_method_id":"4","level":"0","pokemon_id":"319"}{"order":"","version_group_id":"10","move_id":"57","pokemon_move_method_id":"4","level":"0","pokemon_id":"319"}{"order":"","version_group_id":"10","move_id":"58","pokemon_move_method_id":"4","level":"0","pokemon_id":"319"}{"order":"","version_group_id":"10","move_id":"59","pokemon_move_method_id":"4","level":"0","pokemon_id":"319"}{"order":"","version_group_id":"10","move_id":"63","pokemon_move_method_id":"4","level":"0","pokemon_id":"319"}{"order":"","version_group_id":"10","move_id":"70","pokemon_move_method_id":"4","level":"0","pokemon_id":"319"}{"order":"","version_group_id":"10","move_id":"89","pokemon_move_method_id":"4","level":"0","pokemon_id":"319"}{"order":"","version_group_id":"10","move_id":"92","pokemon_move_method_id":"4","level":"0","pokemon_id":"319"}{"order":"","version_group_id":"10","move_id":"97","pokemon_move_method_id":"1","level":"45","pokemon_id":"319"}{"order":"4","version_group_id":"10","move_id":"99","pokemon_move_method_id":"1","level":"1","pokemon_id":"319"}{"order":"","version_group_id":"10","move_id":"99","pokemon_move_method_id":"1","level":"6","pokemon_id":"319"}{"order":"","version_group_id":"10","move_id":"103","pokemon_move_method_id":"1","level":"18","pokemon_id":"319"}{"order":"","version_group_id":"10","move_id":"104","pokemon_move_method_id":"4","level":"0","pokemon_id":"319"}{"order":"5","version_group_id":"10","move_id":"116","pokemon_move_method_id":"1","level":"1","pokemon_id":"319"}{"order":"","version_group_id":"10","move_id":"116","pokemon_move_method_id":"1","level":"8","pokemon_id":"319"}{"order":"","version_group_id":"10","move_id":"127","pokemon_move_method_id":"4","level":"0","pokemon_id":"319"}{"order":"","version_group_id":"10","move_id":"129","pokemon_move_method_id":"3","level":"0","pokemon_id":"319"}{"order":"","version_group_id":"10","move_id":"130","pokemon_move_method_id":"1","level":"50","pokemon_id":"319"}{"order":"","version_group_id":"10","move_id":"156","pokemon_move_method_id":"4","level":"0","pokemon_id":"319"}{"order":"","version_group_id":"10","move_id":"162","pokemon_move_method_id":"3","level":"0","pokemon_id":"319"}{"order":"","version_group_id":"10","move_id":"163","pokemon_move_method_id":"1","level":"30","pokemon_id":"319"}{"order":"","version_group_id":"10","move_id":"164","pokemon_move_method_id":"4","level":"0","pokemon_id":"319"}{"order":"","version_group_id":"10","move_id":"168","pokemon_move_method_id":"4","level":"0","pokemon_id":"319"}{"order":"","version_group_id":"10","move_id":"173","pokemon_move_method_id":"3","level":"0","pokemon_id":"319"}{"order":"","version_group_id":"10","move_id":"180","pokemon_move_method_id":"3","level":"0","pokemon_id":"319"}{"order":"","version_group_id":"10","move_id":"182","pokemon_move_method_id":"4","level":"0","pokemon_id":"319"}{"order":"","version_group_id":"10","move_id":"184","pokemon_move_method_id":"1","level":"11","pokemon_id":"319"}{"order":"","version_group_id":"10","move_id":"189","pokemon_move_method_id":"3","level":"0","pokemon_id":"319"}{"order":"","version_group_id":"10","move_id":"196","pokemon_move_method_id":"3","level":"0","pokemon_id":"319"}{"order":"","version_group_id":"10","move_id":"203","pokemon_move_method_id":"4","level":"0","pokemon_id":"319"}{"order":"","version_group_id":"10","move_id":"207","pokemon_move_method_id":"1","level":"21","pokemon_id":"319"}{"order":"","version_group_id":"10","move_id":"207","pokemon_move_method_id":"4","level":"0","pokemon_id":"319"}{"order":"","version_group_id":"10","move_id":"210","pokemon_move_method_id":"3","level":"0","pokemon_id":"319"}{"order":"","version_group_id":"10","move_id":"213","pokemon_move_method_id":"4","level":"0","pokemon_id":"319"}{"order":"","version_group_id":"10","move_id":"214","pokemon_move_method_id":"4","level":"0","pokemon_id":"319"}{"order":"","version_group_id":"10","move_id":"216","pokemon_move_method_id":"4","level":"0","pokemon_id":"319"}{"order":"","version_group_id":"10","move_id":"218","pokemon_move_method_id":"4","level":"0","pokemon_id":"319"}{"order":"","version_group_id":"10","move_id":"237","pokemon_move_method_id":"4","level":"0","pokemon_id":"319"}{"order":"","version_group_id":"10","move_id":"240","pokemon_move_method_id":"4","level":"0","pokemon_id":"319"}{"order":"","version_group_id":"10","move_id":"242","pokemon_move_method_id":"1","level":"28","pokemon_id":"319"}{"order":"","version_group_id":"10","move_id":"246","pokemon_move_method_id":"3","level":"0","pokemon_id":"319"}{"order":"","version_group_id":"10","move_id":"249","pokemon_move_method_id":"4","level":"0","pokemon_id":"319"}{"order":"","version_group_id":"10","move_id":"250","pokemon_move_method_id":"4","level":"0","pokemon_id":"319"}{"order":"","version_group_id":"10","move_id":"253","pokemon_move_method_id":"3","level":"0","pokemon_id":"319"}{"order":"","version_group_id":"10","move_id":"258","pokemon_move_method_id":"4","level":"0","pokemon_id":"319"}{"order":"","version_group_id":"10","move_id":"259","pokemon_move_method_id":"4","level":"0","pokemon_id":"319"}{"order":"","version_group_id":"10","move_id":"263","pokemon_move_method_id":"4","level":"0","pokemon_id":"319"}{"order":"","version_group_id":"10","move_id":"269","pokemon_move_method_id":"1","level":"40","pokemon_id":"319"}{"order":"","version_group_id":"10","move_id":"269","pokemon_move_method_id":"4","level":"0","pokemon_id":"319"}{"order":"","version_group_id":"10","move_id":"290","pokemon_move_method_id":"4","level":"0","pokemon_id":"319"}{"order":"","version_group_id":"10","move_id":"291","pokemon_move_method_id":"3","level":"0","pokemon_id":"319"}{"order":"","version_group_id":"10","move_id":"317","pokemon_move_method_id":"4","level":"0","pokemon_id":"319"}{"order":"","version_group_id":"10","move_id":"340","pokemon_move_method_id":"3","level":"0","pokemon_id":"319"}{"order":"","version_group_id":"10","move_id":"352","pokemon_move_method_id":"4","level":"0","pokemon_id":"319"}{"order":"","version_group_id":"10","move_id":"362","pokemon_move_method_id":"4","level":"0","pokemon_id":"319"}{"order":"","version_group_id":"10","move_id":"363","pokemon_move_method_id":"4","level":"0","pokemon_id":"319"}{"order":"1","version_group_id":"10","move_id":"364","pokemon_move_method_id":"1","level":"1","pokemon_id":"319"}{"order":"","version_group_id":"10","move_id":"371","pokemon_move_method_id":"4","level":"0","pokemon_id":"319"}{"order":"","version_group_id":"10","move_id":"372","pokemon_move_method_id":"1","level":"26","pokemon_id":"319"}{"order":"","version_group_id":"10","move_id":"398","pokemon_move_method_id":"4","level":"0","pokemon_id":"319"}{"order":"","version_group_id":"10","move_id":"399","pokemon_move_method_id":"4","level":"0","pokemon_id":"319"}{"order":"","version_group_id":"10","move_id":"400","pokemon_move_method_id":"1","level":"56","pokemon_id":"319"}{"order":"","version_group_id":"10","move_id":"416","pokemon_move_method_id":"4","level":"0","pokemon_id":"319"}{"order":"","version_group_id":"10","move_id":"419","pokemon_move_method_id":"4","level":"0","pokemon_id":"319"}{"order":"","version_group_id":"10","move_id":"423","pokemon_move_method_id":"1","level":"16","pokemon_id":"319"}{"order":"","version_group_id":"10","move_id":"428","pokemon_move_method_id":"3","level":"0","pokemon_id":"319"}{"order":"","version_group_id":"10","move_id":"445","pokemon_move_method_id":"4","level":"0","pokemon_id":"319"}{"order":"","version_group_id":"10","move_id":"453","pokemon_move_method_id":"1","level":"34","pokemon_id":"319"}{"order":"2","version_group_id":"11","move_id":"43","pokemon_move_method_id":"1","level":"1","pokemon_id":"319"}{"order":"3","version_group_id":"11","move_id":"44","pokemon_move_method_id":"1","level":"1","pokemon_id":"319"}{"order":"","version_group_id":"11","move_id":"46","pokemon_move_method_id":"4","level":"0","pokemon_id":"319"}{"order":"","version_group_id":"11","move_id":"57","pokemon_move_method_id":"4","level":"0","pokemon_id":"319"}{"order":"","version_group_id":"11","move_id":"58","pokemon_move_method_id":"4","level":"0","pokemon_id":"319"}{"order":"","version_group_id":"11","move_id":"59","pokemon_move_method_id":"4","level":"0","pokemon_id":"319"}{"order":"","version_group_id":"11","move_id":"63","pokemon_move_method_id":"4","level":"0","pokemon_id":"319"}{"order":"","version_group_id":"11","move_id":"70","pokemon_move_method_id":"4","level":"0","pokemon_id":"319"}{"order":"","version_group_id":"11","move_id":"89","pokemon_move_method_id":"4","level":"0","pokemon_id":"319"}{"order":"","version_group_id":"11","move_id":"92","pokemon_move_method_id":"4","level":"0","pokemon_id":"319"}{"order":"","version_group_id":"11","move_id":"97","pokemon_move_method_id":"1","level":"45","pokemon_id":"319"}{"order":"4","version_group_id":"11","move_id":"99","pokemon_move_method_id":"1","level":"1","pokemon_id":"319"}{"order":"","version_group_id":"11","move_id":"99","pokemon_move_method_id":"1","level":"6","pokemon_id":"319"}{"order":"","version_group_id":"11","move_id":"103","pokemon_move_method_id":"1","level":"18","pokemon_id":"319"}{"order":"","version_group_id":"11","move_id":"104","pokemon_move_method_id":"4","level":"0","pokemon_id":"319"}{"order":"5","version_group_id":"11","move_id":"116","pokemon_move_method_id":"1","level":"1","pokemon_id":"319"}{"order":"","version_group_id":"11","move_id":"116","pokemon_move_method_id":"1","level":"8","pokemon_id":"319"}{"order":"","version_group_id":"11","move_id":"127","pokemon_move_method_id":"4","level":"0","pokemon_id":"319"}{"order":"","version_group_id":"11","move_id":"130","pokemon_move_method_id":"1","level":"50","pokemon_id":"319"}{"order":"","version_group_id":"11","move_id":"156","pokemon_move_method_id":"4","level":"0","pokemon_id":"319"}{"order":"","version_group_id":"11","move_id":"163","pokemon_move_method_id":"1","level":"30","pokemon_id":"319"}{"order":"","version_group_id":"11","move_id":"164","pokemon_move_method_id":"4","level":"0","pokemon_id":"319"}{"order":"","version_group_id":"11","move_id":"168","pokemon_move_method_id":"4","level":"0","pokemon_id":"319"}{"order":"","version_group_id":"11","move_id":"182","pokemon_move_method_id":"4","level":"0","pokemon_id":"319"}{"order":"","version_group_id":"11","move_id":"184","pokemon_move_method_id":"1","level":"11","pokemon_id":"319"}{"order":"","version_group_id":"11","move_id":"207","pokemon_move_method_id":"1","level":"21","pokemon_id":"319"}{"order":"","version_group_id":"11","move_id":"207","pokemon_move_method_id":"4","level":"0","pokemon_id":"319"}{"order":"","version_group_id":"11","move_id":"213","pokemon_move_method_id":"4","level":"0","pokemon_id":"319"}{"order":"","version_group_id":"11","move_id":"216","pokemon_move_method_id":"4","level":"0","pokemon_id":"319"}{"order":"","version_group_id":"11","move_id":"218","pokemon_move_method_id":"4","level":"0","pokemon_id":"319"}{"order":"","version_group_id":"11","move_id":"237","pokemon_move_method_id":"4","level":"0","pokemon_id":"319"}{"order":"","version_group_id":"11","move_id":"240","pokemon_move_method_id":"4","level":"0","pokemon_id":"319"}{"order":"","version_group_id":"11","move_id":"242","pokemon_move_method_id":"1","level":"28","pokemon_id":"319"}{"order":"","version_group_id":"11","move_id":"249","pokemon_move_method_id":"4","level":"0","pokemon_id":"319"}{"order":"","version_group_id":"11","move_id":"258","pokemon_move_method_id":"4","level":"0","pokemon_id":"319"}{"order":"","version_group_id":"11","move_id":"259","pokemon_move_method_id":"4","level":"0","pokemon_id":"319"}{"order":"","version_group_id":"11","move_id":"263","pokemon_move_method_id":"4","level":"0","pokemon_id":"319"}{"order":"","version_group_id":"11","move_id":"269","pokemon_move_method_id":"1","level":"40","pokemon_id":"319"}{"order":"","version_group_id":"11","move_id":"269","pokemon_move_method_id":"4","level":"0","pokemon_id":"319"}{"order":"","version_group_id":"11","move_id":"291","pokemon_move_method_id":"4","level":"0","pokemon_id":"319"}{"order":"","version_group_id":"11","move_id":"317","pokemon_move_method_id":"4","level":"0","pokemon_id":"319"}{"order":"1","version_group_id":"11","move_id":"364","pokemon_move_method_id":"1","level":"1","pokemon_id":"319"}{"order":"","version_group_id":"11","move_id":"371","pokemon_move_method_id":"4","level":"0","pokemon_id":"319"}{"order":"","version_group_id":"11","move_id":"372","pokemon_move_method_id":"1","level":"26","pokemon_id":"319"}{"order":"","version_group_id":"11","move_id":"398","pokemon_move_method_id":"4","level":"0","pokemon_id":"319"}{"order":"","version_group_id":"11","move_id":"400","pokemon_move_method_id":"1","level":"56","pokemon_id":"319"}{"order":"","version_group_id":"11","move_id":"416","pokemon_move_method_id":"4","level":"0","pokemon_id":"319"}{"order":"","version_group_id":"11","move_id":"423","pokemon_move_method_id":"1","level":"16","pokemon_id":"319"}{"order":"","version_group_id":"11","move_id":"453","pokemon_move_method_id":"1","level":"34","pokemon_id":"319"}{"order":"","version_group_id":"11","move_id":"496","pokemon_move_method_id":"4","level":"0","pokemon_id":"319"}{"order":"","version_group_id":"11","move_id":"503","pokemon_move_method_id":"4","level":"0","pokemon_id":"319"}{"order":"","version_group_id":"11","move_id":"514","pokemon_move_method_id":"4","level":"0","pokemon_id":"319"}{"order":"","version_group_id":"11","move_id":"523","pokemon_move_method_id":"4","level":"0","pokemon_id":"319"}{"order":"","version_group_id":"11","move_id":"555","pokemon_move_method_id":"4","level":"0","pokemon_id":"319"}{"order":"1","version_group_id":"12","move_id":"43","pokemon_move_method_id":"1","level":"1","pokemon_id":"319"}{"order":"2","version_group_id":"12","move_id":"44","pokemon_move_method_id":"1","level":"1","pokemon_id":"319"}{"order":"","version_group_id":"12","move_id":"46","pokemon_move_method_id":"4","level":"0","pokemon_id":"319"}{"order":"","version_group_id":"12","move_id":"57","pokemon_move_method_id":"4","level":"0","pokemon_id":"319"}{"order":"","version_group_id":"12","move_id":"58","pokemon_move_method_id":"4","level":"0","pokemon_id":"319"}{"order":"","version_group_id":"12","move_id":"59","pokemon_move_method_id":"4","level":"0","pokemon_id":"319"}{"order":"","version_group_id":"12","move_id":"63","pokemon_move_method_id":"4","level":"0","pokemon_id":"319"}{"order":"","version_group_id":"12","move_id":"70","pokemon_move_method_id":"4","level":"0","pokemon_id":"319"}{"order":"","version_group_id":"12","move_id":"89","pokemon_move_method_id":"4","level":"0","pokemon_id":"319"}{"order":"","version_group_id":"12","move_id":"92","pokemon_move_method_id":"4","level":"0","pokemon_id":"319"}{"order":"","version_group_id":"12","move_id":"97","pokemon_move_method_id":"1","level":"53","pokemon_id":"319"}{"order":"3","version_group_id":"12","move_id":"99","pokemon_move_method_id":"1","level":"1","pokemon_id":"319"}{"order":"","version_group_id":"12","move_id":"99","pokemon_move_method_id":"1","level":"7","pokemon_id":"319"}{"order":"","version_group_id":"12","move_id":"103","pokemon_move_method_id":"1","level":"28","pokemon_id":"319"}{"order":"","version_group_id":"12","move_id":"104","pokemon_move_method_id":"4","level":"0","pokemon_id":"319"}{"order":"4","version_group_id":"12","move_id":"116","pokemon_move_method_id":"1","level":"1","pokemon_id":"319"}{"order":"","version_group_id":"12","move_id":"116","pokemon_move_method_id":"1","level":"13","pokemon_id":"319"}{"order":"","version_group_id":"12","move_id":"127","pokemon_move_method_id":"4","level":"0","pokemon_id":"319"}{"order":"","version_group_id":"12","move_id":"130","pokemon_move_method_id":"1","level":"48","pokemon_id":"319"}{"order":"","version_group_id":"12","move_id":"156","pokemon_move_method_id":"4","level":"0","pokemon_id":"319"}{"order":"","version_group_id":"12","move_id":"163","pokemon_move_method_id":"1","level":"33","pokemon_id":"319"}{"order":"","version_group_id":"12","move_id":"168","pokemon_move_method_id":"4","level":"0","pokemon_id":"319"}{"order":"","version_group_id":"12","move_id":"182","pokemon_move_method_id":"4","level":"0","pokemon_id":"319"}{"order":"","version_group_id":"12","move_id":"184","pokemon_move_method_id":"1","level":"16","pokemon_id":"319"}{"order":"","version_group_id":"12","move_id":"207","pokemon_move_method_id":"1","level":"43","pokemon_id":"319"}{"order":"","version_group_id":"12","move_id":"213","pokemon_move_method_id":"4","level":"0","pokemon_id":"319"}{"order":"","version_group_id":"12","move_id":"216","pokemon_move_method_id":"4","level":"0","pokemon_id":"319"}{"order":"","version_group_id":"12","move_id":"218","pokemon_move_method_id":"4","level":"0","pokemon_id":"319"}{"order":"","version_group_id":"12","move_id":"237","pokemon_move_method_id":"4","level":"0","pokemon_id":"319"}{"order":"","version_group_id":"12","move_id":"240","pokemon_move_method_id":"4","level":"0","pokemon_id":"319"}{"order":"","version_group_id":"12","move_id":"242","pokemon_move_method_id":"1","level":"22","pokemon_id":"319"}{"order":"","version_group_id":"12","move_id":"249","pokemon_move_method_id":"4","level":"0","pokemon_id":"319"}{"order":"","version_group_id":"12","move_id":"258","pokemon_move_method_id":"4","level":"0","pokemon_id":"319"}{"order":"","version_group_id":"12","move_id":"259","pokemon_move_method_id":"4","level":"0","pokemon_id":"319"}{"order":"","version_group_id":"12","move_id":"263","pokemon_move_method_id":"4","level":"0","pokemon_id":"319"}{"order":"","version_group_id":"12","move_id":"269","pokemon_move_method_id":"1","level":"38","pokemon_id":"319"}{"order":"","version_group_id":"12","move_id":"269","pokemon_move_method_id":"4","level":"0","pokemon_id":"319"}{"order":"","version_group_id":"12","move_id":"290","pokemon_move_method_id":"4","level":"0","pokemon_id":"319"}{"order":"","version_group_id":"12","move_id":"291","pokemon_move_method_id":"4","level":"0","pokemon_id":"319"}{"order":"","version_group_id":"12","move_id":"317","pokemon_move_method_id":"4","level":"0","pokemon_id":"319"}{"order":"","version_group_id":"12","move_id":"352","pokemon_move_method_id":"4","level":"0","pokemon_id":"319"}{"order":"","version_group_id":"13","move_id":"38","pokemon_move_method_id":"3","level":"0","pokemon_id":"319"}{"order":"1","version_group_id":"13","move_id":"43","pokemon_move_method_id":"1","level":"1","pokemon_id":"319"}{"order":"2","version_group_id":"13","move_id":"44","pokemon_move_method_id":"1","level":"1","pokemon_id":"319"}{"order":"","version_group_id":"13","move_id":"46","pokemon_move_method_id":"4","level":"0","pokemon_id":"319"}{"order":"","version_group_id":"13","move_id":"57","pokemon_move_method_id":"4","level":"0","pokemon_id":"319"}{"order":"","version_group_id":"13","move_id":"58","pokemon_move_method_id":"4","level":"0","pokemon_id":"319"}{"order":"","version_group_id":"13","move_id":"59","pokemon_move_method_id":"4","level":"0","pokemon_id":"319"}{"order":"","version_group_id":"13","move_id":"63","pokemon_move_method_id":"4","level":"0","pokemon_id":"319"}{"order":"","version_group_id":"13","move_id":"70","pokemon_move_method_id":"4","level":"0","pokemon_id":"319"}{"order":"","version_group_id":"13","move_id":"89","pokemon_move_method_id":"4","level":"0","pokemon_id":"319"}{"order":"","version_group_id":"13","move_id":"92","pokemon_move_method_id":"4","level":"0","pokemon_id":"319"}{"order":"","version_group_id":"13","move_id":"97","pokemon_move_method_id":"1","level":"53","pokemon_id":"319"}{"order":"3","version_group_id":"13","move_id":"99","pokemon_move_method_id":"1","level":"1","pokemon_id":"319"}{"order":"","version_group_id":"13","move_id":"99","pokemon_move_method_id":"1","level":"7","pokemon_id":"319"}{"order":"","version_group_id":"13","move_id":"102","pokemon_move_method_id":"3","level":"0","pokemon_id":"319"}{"order":"","version_group_id":"13","move_id":"103","pokemon_move_method_id":"1","level":"28","pokemon_id":"319"}{"order":"","version_group_id":"13","move_id":"104","pokemon_move_method_id":"4","level":"0","pokemon_id":"319"}{"order":"4","version_group_id":"13","move_id":"116","pokemon_move_method_id":"1","level":"1","pokemon_id":"319"}{"order":"","version_group_id":"13","move_id":"116","pokemon_move_method_id":"1","level":"13","pokemon_id":"319"}{"order":"","version_group_id":"13","move_id":"127","pokemon_move_method_id":"4","level":"0","pokemon_id":"319"}{"order":"","version_group_id":"13","move_id":"130","pokemon_move_method_id":"1","level":"48","pokemon_id":"319"}{"order":"","version_group_id":"13","move_id":"156","pokemon_move_method_id":"4","level":"0","pokemon_id":"319"}{"order":"","version_group_id":"13","move_id":"163","pokemon_move_method_id":"1","level":"33","pokemon_id":"319"}{"order":"","version_group_id":"13","move_id":"164","pokemon_move_method_id":"3","level":"0","pokemon_id":"319"}{"order":"","version_group_id":"13","move_id":"168","pokemon_move_method_id":"4","level":"0","pokemon_id":"319"}{"order":"","version_group_id":"13","move_id":"182","pokemon_move_method_id":"4","level":"0","pokemon_id":"319"}{"order":"","version_group_id":"13","move_id":"184","pokemon_move_method_id":"1","level":"16","pokemon_id":"319"}{"order":"","version_group_id":"13","move_id":"196","pokemon_move_method_id":"3","level":"0","pokemon_id":"319"}{"order":"","version_group_id":"13","move_id":"207","pokemon_move_method_id":"1","level":"43","pokemon_id":"319"}{"order":"","version_group_id":"13","move_id":"207","pokemon_move_method_id":"3","level":"0","pokemon_id":"319"}{"order":"","version_group_id":"13","move_id":"213","pokemon_move_method_id":"4","level":"0","pokemon_id":"319"}{"order":"","version_group_id":"13","move_id":"216","pokemon_move_method_id":"4","level":"0","pokemon_id":"319"}{"order":"","version_group_id":"13","move_id":"218","pokemon_move_method_id":"4","level":"0","pokemon_id":"319"}{"order":"","version_group_id":"13","move_id":"237","pokemon_move_method_id":"4","level":"0","pokemon_id":"319"}{"order":"","version_group_id":"13","move_id":"240","pokemon_move_method_id":"4","level":"0","pokemon_id":"319"}{"order":"","version_group_id":"13","move_id":"242","pokemon_move_method_id":"1","level":"22","pokemon_id":"319"}{"order":"","version_group_id":"13","move_id":"249","pokemon_move_method_id":"4","level":"0","pokemon_id":"319"}{"order":"","version_group_id":"13","move_id":"258","pokemon_move_method_id":"4","level":"0","pokemon_id":"319"}{"order":"","version_group_id":"13","move_id":"259","pokemon_move_method_id":"4","level":"0","pokemon_id":"319"}{"order":"","version_group_id":"13","move_id":"263","pokemon_move_method_id":"4","level":"0","pokemon_id":"319"}{"order":"","version_group_id":"13","move_id":"269","pokemon_move_method_id":"1","level":"38","pokemon_id":"319"}{"order":"","version_group_id":"13","move_id":"269","pokemon_move_method_id":"4","level":"0","pokemon_id":"319"}{"order":"","version_group_id":"13","move_id":"290","pokemon_move_method_id":"4","level":"0","pokemon_id":"319"}{"order":"","version_group_id":"13","move_id":"291","pokemon_move_method_id":"4","level":"0","pokemon_id":"319"}{"order":"","version_group_id":"13","move_id":"317","pokemon_move_method_id":"4","level":"0","pokemon_id":"319"}{"order":"","version_group_id":"13","move_id":"352","pokemon_move_method_id":"4","level":"0","pokemon_id":"319"}{"order":"2","version_group_id":"14","move_id":"43","pokemon_move_method_id":"1","level":"1","pokemon_id":"319"}{"order":"3","version_group_id":"14","move_id":"44","pokemon_move_method_id":"1","level":"1","pokemon_id":"319"}{"order":"","version_group_id":"14","move_id":"46","pokemon_move_method_id":"4","level":"0","pokemon_id":"319"}{"order":"","version_group_id":"14","move_id":"57","pokemon_move_method_id":"4","level":"0","pokemon_id":"319"}{"order":"","version_group_id":"14","move_id":"58","pokemon_move_method_id":"4","level":"0","pokemon_id":"319"}{"order":"","version_group_id":"14","move_id":"59","pokemon_move_method_id":"4","level":"0","pokemon_id":"319"}{"order":"","version_group_id":"14","move_id":"63","pokemon_move_method_id":"4","level":"0","pokemon_id":"319"}{"order":"","version_group_id":"14","move_id":"70","pokemon_move_method_id":"4","level":"0","pokemon_id":"319"}{"order":"","version_group_id":"14","move_id":"89","pokemon_move_method_id":"4","level":"0","pokemon_id":"319"}{"order":"","version_group_id":"14","move_id":"92","pokemon_move_method_id":"4","level":"0","pokemon_id":"319"}{"order":"","version_group_id":"14","move_id":"97","pokemon_move_method_id":"1","level":"45","pokemon_id":"319"}{"order":"4","version_group_id":"14","move_id":"99","pokemon_move_method_id":"1","level":"1","pokemon_id":"319"}{"order":"","version_group_id":"14","move_id":"99","pokemon_move_method_id":"1","level":"6","pokemon_id":"319"}{"order":"","version_group_id":"14","move_id":"103","pokemon_move_method_id":"1","level":"18","pokemon_id":"319"}{"order":"","version_group_id":"14","move_id":"104","pokemon_move_method_id":"4","level":"0","pokemon_id":"319"}{"order":"5","version_group_id":"14","move_id":"116","pokemon_move_method_id":"1","level":"1","pokemon_id":"319"}{"order":"","version_group_id":"14","move_id":"116","pokemon_move_method_id":"1","level":"8","pokemon_id":"319"}{"order":"","version_group_id":"14","move_id":"127","pokemon_move_method_id":"4","level":"0","pokemon_id":"319"}{"order":"","version_group_id":"14","move_id":"130","pokemon_move_method_id":"1","level":"50","pokemon_id":"319"}{"order":"","version_group_id":"14","move_id":"156","pokemon_move_method_id":"4","level":"0","pokemon_id":"319"}{"order":"","version_group_id":"14","move_id":"162","pokemon_move_method_id":"3","level":"0","pokemon_id":"319"}{"order":"","version_group_id":"14","move_id":"163","pokemon_move_method_id":"1","level":"30","pokemon_id":"319"}{"order":"","version_group_id":"14","move_id":"164","pokemon_move_method_id":"4","level":"0","pokemon_id":"319"}{"order":"","version_group_id":"14","move_id":"168","pokemon_move_method_id":"4","level":"0","pokemon_id":"319"}{"order":"","version_group_id":"14","move_id":"173","pokemon_move_method_id":"3","level":"0","pokemon_id":"319"}{"order":"","version_group_id":"14","move_id":"180","pokemon_move_method_id":"3","level":"0","pokemon_id":"319"}{"order":"","version_group_id":"14","move_id":"182","pokemon_move_method_id":"4","level":"0","pokemon_id":"319"}{"order":"","version_group_id":"14","move_id":"184","pokemon_move_method_id":"1","level":"11","pokemon_id":"319"}{"order":"","version_group_id":"14","move_id":"196","pokemon_move_method_id":"3","level":"0","pokemon_id":"319"}{"order":"","version_group_id":"14","move_id":"207","pokemon_move_method_id":"1","level":"21","pokemon_id":"319"}{"order":"","version_group_id":"14","move_id":"207","pokemon_move_method_id":"4","level":"0","pokemon_id":"319"}{"order":"","version_group_id":"14","move_id":"213","pokemon_move_method_id":"4","level":"0","pokemon_id":"319"}{"order":"","version_group_id":"14","move_id":"214","pokemon_move_method_id":"3","level":"0","pokemon_id":"319"}{"order":"","version_group_id":"14","move_id":"216","pokemon_move_method_id":"4","level":"0","pokemon_id":"319"}{"order":"","version_group_id":"14","move_id":"218","pokemon_move_method_id":"4","level":"0","pokemon_id":"319"}{"order":"","version_group_id":"14","move_id":"237","pokemon_move_method_id":"4","level":"0","pokemon_id":"319"}{"order":"","version_group_id":"14","move_id":"240","pokemon_move_method_id":"4","level":"0","pokemon_id":"319"}{"order":"","version_group_id":"14","move_id":"242","pokemon_move_method_id":"1","level":"28","pokemon_id":"319"}{"order":"","version_group_id":"14","move_id":"249","pokemon_move_method_id":"4","level":"0","pokemon_id":"319"}{"order":"","version_group_id":"14","move_id":"253","pokemon_move_method_id":"3","level":"0","pokemon_id":"319"}{"order":"","version_group_id":"14","move_id":"258","pokemon_move_method_id":"4","level":"0","pokemon_id":"319"}{"order":"","version_group_id":"14","move_id":"259","pokemon_move_method_id":"4","level":"0","pokemon_id":"319"}{"order":"","version_group_id":"14","move_id":"263","pokemon_move_method_id":"4","level":"0","pokemon_id":"319"}{"order":"","version_group_id":"14","move_id":"269","pokemon_move_method_id":"1","level":"40","pokemon_id":"319"}{"order":"","version_group_id":"14","move_id":"269","pokemon_move_method_id":"4","level":"0","pokemon_id":"319"}{"order":"","version_group_id":"14","move_id":"291","pokemon_move_method_id":"4","level":"0","pokemon_id":"319"}{"order":"","version_group_id":"14","move_id":"317","pokemon_move_method_id":"4","level":"0","pokemon_id":"319"}{"order":"","version_group_id":"14","move_id":"340","pokemon_move_method_id":"3","level":"0","pokemon_id":"319"}{"order":"1","version_group_id":"14","move_id":"364","pokemon_move_method_id":"1","level":"1","pokemon_id":"319"}{"order":"","version_group_id":"14","move_id":"371","pokemon_move_method_id":"4","level":"0","pokemon_id":"319"}{"order":"","version_group_id":"14","move_id":"372","pokemon_move_method_id":"1","level":"26","pokemon_id":"319"}{"order":"","version_group_id":"14","move_id":"398","pokemon_move_method_id":"4","level":"0","pokemon_id":"319"}{"order":"","version_group_id":"14","move_id":"399","pokemon_move_method_id":"3","level":"0","pokemon_id":"319"}{"order":"","version_group_id":"14","move_id":"400","pokemon_move_method_id":"1","level":"56","pokemon_id":"319"}{"order":"","version_group_id":"14","move_id":"416","pokemon_move_method_id":"4","level":"0","pokemon_id":"319"}{"order":"","version_group_id":"14","move_id":"423","pokemon_move_method_id":"1","level":"16","pokemon_id":"319"}{"order":"","version_group_id":"14","move_id":"428","pokemon_move_method_id":"3","level":"0","pokemon_id":"319"}{"order":"","version_group_id":"14","move_id":"453","pokemon_move_method_id":"1","level":"34","pokemon_id":"319"}{"order":"","version_group_id":"14","move_id":"496","pokemon_move_method_id":"4","level":"0","pokemon_id":"319"}{"order":"","version_group_id":"14","move_id":"503","pokemon_move_method_id":"4","level":"0","pokemon_id":"319"}{"order":"","version_group_id":"14","move_id":"514","pokemon_move_method_id":"4","level":"0","pokemon_id":"319"}{"order":"","version_group_id":"14","move_id":"523","pokemon_move_method_id":"4","level":"0","pokemon_id":"319"}{"order":"","version_group_id":"14","move_id":"555","pokemon_move_method_id":"4","level":"0","pokemon_id":"319"}{"order":"3","version_group_id":"15","move_id":"43","pokemon_move_method_id":"1","level":"1","pokemon_id":"319"}{"order":"4","version_group_id":"15","move_id":"44","pokemon_move_method_id":"1","level":"1","pokemon_id":"319"}{"order":"","version_group_id":"15","move_id":"46","pokemon_move_method_id":"4","level":"0","pokemon_id":"319"}{"order":"","version_group_id":"15","move_id":"57","pokemon_move_method_id":"4","level":"0","pokemon_id":"319"}{"order":"","version_group_id":"15","move_id":"58","pokemon_move_method_id":"4","level":"0","pokemon_id":"319"}{"order":"","version_group_id":"15","move_id":"59","pokemon_move_method_id":"4","level":"0","pokemon_id":"319"}{"order":"","version_group_id":"15","move_id":"63","pokemon_move_method_id":"4","level":"0","pokemon_id":"319"}{"order":"","version_group_id":"15","move_id":"70","pokemon_move_method_id":"4","level":"0","pokemon_id":"319"}{"order":"","version_group_id":"15","move_id":"89","pokemon_move_method_id":"4","level":"0","pokemon_id":"319"}{"order":"","version_group_id":"15","move_id":"92","pokemon_move_method_id":"4","level":"0","pokemon_id":"319"}{"order":"","version_group_id":"15","move_id":"97","pokemon_move_method_id":"1","level":"45","pokemon_id":"319"}{"order":"5","version_group_id":"15","move_id":"99","pokemon_move_method_id":"1","level":"1","pokemon_id":"319"}{"order":"","version_group_id":"15","move_id":"99","pokemon_move_method_id":"1","level":"6","pokemon_id":"319"}{"order":"","version_group_id":"15","move_id":"103","pokemon_move_method_id":"1","level":"18","pokemon_id":"319"}{"order":"","version_group_id":"15","move_id":"104","pokemon_move_method_id":"4","level":"0","pokemon_id":"319"}{"order":"6","version_group_id":"15","move_id":"116","pokemon_move_method_id":"1","level":"1","pokemon_id":"319"}{"order":"","version_group_id":"15","move_id":"116","pokemon_move_method_id":"1","level":"8","pokemon_id":"319"}{"order":"","version_group_id":"15","move_id":"127","pokemon_move_method_id":"4","level":"0","pokemon_id":"319"}{"order":"","version_group_id":"15","move_id":"130","pokemon_move_method_id":"1","level":"50","pokemon_id":"319"}{"order":"","version_group_id":"15","move_id":"156","pokemon_move_method_id":"4","level":"0","pokemon_id":"319"}{"order":"","version_group_id":"15","move_id":"163","pokemon_move_method_id":"1","level":"30","pokemon_id":"319"}{"order":"","version_group_id":"15","move_id":"164","pokemon_move_method_id":"4","level":"0","pokemon_id":"319"}{"order":"","version_group_id":"15","move_id":"168","pokemon_move_method_id":"4","level":"0","pokemon_id":"319"}{"order":"","version_group_id":"15","move_id":"182","pokemon_move_method_id":"4","level":"0","pokemon_id":"319"}{"order":"","version_group_id":"15","move_id":"184","pokemon_move_method_id":"1","level":"11","pokemon_id":"319"}{"order":"","version_group_id":"15","move_id":"207","pokemon_move_method_id":"1","level":"21","pokemon_id":"319"}{"order":"","version_group_id":"15","move_id":"207","pokemon_move_method_id":"4","level":"0","pokemon_id":"319"}{"order":"","version_group_id":"15","move_id":"213","pokemon_move_method_id":"4","level":"0","pokemon_id":"319"}{"order":"","version_group_id":"15","move_id":"214","pokemon_move_method_id":"4","level":"0","pokemon_id":"319"}{"order":"","version_group_id":"15","move_id":"216","pokemon_move_method_id":"4","level":"0","pokemon_id":"319"}{"order":"","version_group_id":"15","move_id":"218","pokemon_move_method_id":"4","level":"0","pokemon_id":"319"}{"order":"","version_group_id":"15","move_id":"237","pokemon_move_method_id":"4","level":"0","pokemon_id":"319"}{"order":"","version_group_id":"15","move_id":"240","pokemon_move_method_id":"4","level":"0","pokemon_id":"319"}{"order":"","version_group_id":"15","move_id":"242","pokemon_move_method_id":"1","level":"28","pokemon_id":"319"}{"order":"","version_group_id":"15","move_id":"249","pokemon_move_method_id":"4","level":"0","pokemon_id":"319"}{"order":"","version_group_id":"15","move_id":"258","pokemon_move_method_id":"4","level":"0","pokemon_id":"319"}{"order":"","version_group_id":"15","move_id":"259","pokemon_move_method_id":"4","level":"0","pokemon_id":"319"}{"order":"","version_group_id":"15","move_id":"263","pokemon_move_method_id":"4","level":"0","pokemon_id":"319"}{"order":"","version_group_id":"15","move_id":"269","pokemon_move_method_id":"1","level":"40","pokemon_id":"319"}{"order":"","version_group_id":"15","move_id":"269","pokemon_move_method_id":"4","level":"0","pokemon_id":"319"}{"order":"","version_group_id":"15","move_id":"317","pokemon_move_method_id":"4","level":"0","pokemon_id":"319"}{"order":"2","version_group_id":"15","move_id":"364","pokemon_move_method_id":"1","level":"1","pokemon_id":"319"}{"order":"","version_group_id":"15","move_id":"371","pokemon_move_method_id":"4","level":"0","pokemon_id":"319"}{"order":"","version_group_id":"15","move_id":"372","pokemon_move_method_id":"1","level":"26","pokemon_id":"319"}{"order":"","version_group_id":"15","move_id":"398","pokemon_move_method_id":"4","level":"0","pokemon_id":"319"}{"order":"","version_group_id":"15","move_id":"399","pokemon_move_method_id":"4","level":"0","pokemon_id":"319"}{"order":"1","version_group_id":"15","move_id":"400","pokemon_move_method_id":"1","level":"1","pokemon_id":"319"}{"order":"","version_group_id":"15","move_id":"400","pokemon_move_method_id":"1","level":"56","pokemon_id":"319"}{"order":"","version_group_id":"15","move_id":"416","pokemon_move_method_id":"4","level":"0","pokemon_id":"319"}{"order":"","version_group_id":"15","move_id":"423","pokemon_move_method_id":"1","level":"16","pokemon_id":"319"}{"order":"","version_group_id":"15","move_id":"453","pokemon_move_method_id":"1","level":"34","pokemon_id":"319"}{"order":"","version_group_id":"15","move_id":"496","pokemon_move_method_id":"4","level":"0","pokemon_id":"319"}{"order":"","version_group_id":"15","move_id":"503","pokemon_move_method_id":"4","level":"0","pokemon_id":"319"}{"order":"","version_group_id":"15","move_id":"514","pokemon_move_method_id":"4","level":"0","pokemon_id":"319"}{"order":"","version_group_id":"15","move_id":"523","pokemon_move_method_id":"4","level":"0","pokemon_id":"319"}{"order":"","version_group_id":"15","move_id":"555","pokemon_move_method_id":"4","level":"0","pokemon_id":"319"}{"order":"","version_group_id":"15","move_id":"590","pokemon_move_method_id":"4","level":"0","pokemon_id":"319"}