{"order":"","version_group_id":"15","move_id":"14","pokemon_move_method_id":"4","level":"0","pokemon_id":"10033"}{"order":"","version_group_id":"15","move_id":"15","pokemon_move_method_id":"4","level":"0","pokemon_id":"10033"}{"order":"4","version_group_id":"15","move_id":"22","pokemon_move_method_id":"1","level":"1","pokemon_id":"10033"}{"order":"","version_group_id":"15","move_id":"22","pokemon_move_method_id":"1","level":"9","pokemon_id":"10033"}{"order":"1","version_group_id":"15","move_id":"33","pokemon_move_method_id":"1","level":"1","pokemon_id":"10033"}{"order":"","version_group_id":"15","move_id":"36","pokemon_move_method_id":"1","level":"15","pokemon_id":"10033"}{"order":"","version_group_id":"15","move_id":"38","pokemon_move_method_id":"1","level":"31","pokemon_id":"10033"}{"order":"2","version_group_id":"15","move_id":"45","pokemon_move_method_id":"1","level":"1","pokemon_id":"10033"}{"order":"","version_group_id":"15","move_id":"45","pokemon_move_method_id":"1","level":"3","pokemon_id":"10033"}{"order":"","version_group_id":"15","move_id":"46","pokemon_move_method_id":"4","level":"0","pokemon_id":"10033"}{"order":"","version_group_id":"15","move_id":"63","pokemon_move_method_id":"4","level":"0","pokemon_id":"10033"}{"order":"","version_group_id":"15","move_id":"70","pokemon_move_method_id":"4","level":"0","pokemon_id":"10033"}{"order":"3","version_group_id":"15","move_id":"73","pokemon_move_method_id":"1","level":"1","pokemon_id":"10033"}{"order":"","version_group_id":"15","move_id":"73","pokemon_move_method_id":"1","level":"7","pokemon_id":"10033"}{"order":"","version_group_id":"15","move_id":"74","pokemon_move_method_id":"1","level":"28","pokemon_id":"10033"}{"order":"","version_group_id":"15","move_id":"75","pokemon_move_method_id":"1","level":"20","pokemon_id":"10033"}{"order":"","version_group_id":"15","move_id":"76","pokemon_move_method_id":"1","level":"53","pokemon_id":"10033"}{"order":"","version_group_id":"15","move_id":"76","pokemon_move_method_id":"4","level":"0","pokemon_id":"10033"}{"order":"1","version_group_id":"15","move_id":"77","pokemon_move_method_id":"1","level":"13","pokemon_id":"10033"}{"order":"2","version_group_id":"15","move_id":"79","pokemon_move_method_id":"1","level":"13","pokemon_id":"10033"}{"order":"","version_group_id":"15","move_id":"80","pokemon_move_method_id":"1","level":"32","pokemon_id":"10033"}{"order":"","version_group_id":"15","move_id":"89","pokemon_move_method_id":"4","level":"0","pokemon_id":"10033"}{"order":"","version_group_id":"15","move_id":"92","pokemon_move_method_id":"4","level":"0","pokemon_id":"10033"}{"order":"","version_group_id":"15","move_id":"104","pokemon_move_method_id":"4","level":"0","pokemon_id":"10033"}{"order":"","version_group_id":"15","move_id":"113","pokemon_move_method_id":"4","level":"0","pokemon_id":"10033"}{"order":"","version_group_id":"15","move_id":"148","pokemon_move_method_id":"4","level":"0","pokemon_id":"10033"}{"order":"","version_group_id":"15","move_id":"156","pokemon_move_method_id":"4","level":"0","pokemon_id":"10033"}{"order":"","version_group_id":"15","move_id":"164","pokemon_move_method_id":"4","level":"0","pokemon_id":"10033"}{"order":"","version_group_id":"15","move_id":"182","pokemon_move_method_id":"4","level":"0","pokemon_id":"10033"}{"order":"","version_group_id":"15","move_id":"188","pokemon_move_method_id":"4","level":"0","pokemon_id":"10033"}{"order":"","version_group_id":"15","move_id":"207","pokemon_move_method_id":"4","level":"0","pokemon_id":"10033"}{"order":"","version_group_id":"15","move_id":"213","pokemon_move_method_id":"4","level":"0","pokemon_id":"10033"}{"order":"","version_group_id":"15","move_id":"214","pokemon_move_method_id":"4","level":"0","pokemon_id":"10033"}{"order":"","version_group_id":"15","move_id":"216","pokemon_move_method_id":"4","level":"0","pokemon_id":"10033"}{"order":"","version_group_id":"15","move_id":"218","pokemon_move_method_id":"4","level":"0","pokemon_id":"10033"}{"order":"","version_group_id":"15","move_id":"219","pokemon_move_method_id":"4","level":"0","pokemon_id":"10033"}{"order":"","version_group_id":"15","move_id":"230","pokemon_move_method_id":"1","level":"23","pokemon_id":"10033"}{"order":"","version_group_id":"15","move_id":"235","pokemon_move_method_id":"1","level":"45","pokemon_id":"10033"}{"order":"","version_group_id":"15","move_id":"237","pokemon_move_method_id":"4","level":"0","pokemon_id":"10033"}{"order":"","version_group_id":"15","move_id":"241","pokemon_move_method_id":"4","level":"0","pokemon_id":"10033"}{"order":"","version_group_id":"15","move_id":"249","pokemon_move_method_id":"4","level":"0","pokemon_id":"10033"}{"order":"","version_group_id":"15","move_id":"263","pokemon_move_method_id":"4","level":"0","pokemon_id":"10033"}{"order":"","version_group_id":"15","move_id":"267","pokemon_move_method_id":"4","level":"0","pokemon_id":"10033"}{"order":"","version_group_id":"15","move_id":"338","pokemon_move_method_id":"3","level":"0","pokemon_id":"10033"}{"order":"","version_group_id":"15","move_id":"388","pokemon_move_method_id":"1","level":"39","pokemon_id":"10033"}{"order":"","version_group_id":"15","move_id":"412","pokemon_move_method_id":"4","level":"0","pokemon_id":"10033"}{"order":"","version_group_id":"15","move_id":"416","pokemon_move_method_id":"4","level":"0","pokemon_id":"10033"}{"order":"","version_group_id":"15","move_id":"447","pokemon_move_method_id":"4","level":"0","pokemon_id":"10033"}{"order":"","version_group_id":"15","move_id":"474","pokemon_move_method_id":"4","level":"0","pokemon_id":"10033"}{"order":"","version_group_id":"15","move_id":"496","pokemon_move_method_id":"4","level":"0","pokemon_id":"10033"}{"order":"","version_group_id":"15","move_id":"497","pokemon_move_method_id":"4","level":"0","pokemon_id":"10033"}{"order":"","version_group_id":"15","move_id":"520","pokemon_move_method_id":"3","level":"0","pokemon_id":"10033"}{"order":"","version_group_id":"15","move_id":"523","pokemon_move_method_id":"4","level":"0","pokemon_id":"10033"}{"order":"","version_group_id":"15","move_id":"572","pokemon_move_method_id":"1","level":"50","pokemon_id":"10033"}{"order":"","version_group_id":"15","move_id":"590","pokemon_move_method_id":"4","level":"0","pokemon_id":"10033"}