{"order":"5","version_group_id":"15","move_id":"7","pokemon_move_method_id":"1","level":"1","pokemon_id":"10045"}{"order":"","version_group_id":"15","move_id":"9","pokemon_move_method_id":"1","level":"30","pokemon_id":"10045"}{"order":"6","version_group_id":"15","move_id":"33","pokemon_move_method_id":"1","level":"1","pokemon_id":"10045"}{"order":"","version_group_id":"15","move_id":"36","pokemon_move_method_id":"1","level":"20","pokemon_id":"10045"}{"order":"7","version_group_id":"15","move_id":"45","pokemon_move_method_id":"1","level":"1","pokemon_id":"10045"}{"order":"","version_group_id":"15","move_id":"63","pokemon_move_method_id":"4","level":"0","pokemon_id":"10045"}{"order":"","version_group_id":"15","move_id":"70","pokemon_move_method_id":"4","level":"0","pokemon_id":"10045"}{"order":"","version_group_id":"15","move_id":"84","pokemon_move_method_id":"1","level":"8","pokemon_id":"10045"}{"order":"","version_group_id":"15","move_id":"85","pokemon_move_method_id":"4","level":"0","pokemon_id":"10045"}{"order":"","version_group_id":"15","move_id":"86","pokemon_move_method_id":"1","level":"4","pokemon_id":"10045"}{"order":"","version_group_id":"15","move_id":"86","pokemon_move_method_id":"4","level":"0","pokemon_id":"10045"}{"order":"","version_group_id":"15","move_id":"87","pokemon_move_method_id":"1","level":"62","pokemon_id":"10045"}{"order":"","version_group_id":"15","move_id":"87","pokemon_move_method_id":"4","level":"0","pokemon_id":"10045"}{"order":"","version_group_id":"15","move_id":"92","pokemon_move_method_id":"4","level":"0","pokemon_id":"10045"}{"order":"","version_group_id":"15","move_id":"104","pokemon_move_method_id":"4","level":"0","pokemon_id":"10045"}{"order":"","version_group_id":"15","move_id":"109","pokemon_move_method_id":"1","level":"29","pokemon_id":"10045"}{"order":"","version_group_id":"15","move_id":"113","pokemon_move_method_id":"1","level":"57","pokemon_id":"10045"}{"order":"","version_group_id":"15","move_id":"113","pokemon_move_method_id":"4","level":"0","pokemon_id":"10045"}{"order":"","version_group_id":"15","move_id":"148","pokemon_move_method_id":"4","level":"0","pokemon_id":"10045"}{"order":"","version_group_id":"15","move_id":"156","pokemon_move_method_id":"4","level":"0","pokemon_id":"10045"}{"order":"","version_group_id":"15","move_id":"164","pokemon_move_method_id":"4","level":"0","pokemon_id":"10045"}{"order":"","version_group_id":"15","move_id":"178","pokemon_move_method_id":"1","level":"11","pokemon_id":"10045"}{"order":"","version_group_id":"15","move_id":"182","pokemon_move_method_id":"4","level":"0","pokemon_id":"10045"}{"order":"1","version_group_id":"15","move_id":"192","pokemon_move_method_id":"1","level":"1","pokemon_id":"10045"}{"order":"","version_group_id":"15","move_id":"207","pokemon_move_method_id":"4","level":"0","pokemon_id":"10045"}{"order":"","version_group_id":"15","move_id":"213","pokemon_move_method_id":"4","level":"0","pokemon_id":"10045"}{"order":"","version_group_id":"15","move_id":"214","pokemon_move_method_id":"4","level":"0","pokemon_id":"10045"}{"order":"","version_group_id":"15","move_id":"216","pokemon_move_method_id":"4","level":"0","pokemon_id":"10045"}{"order":"","version_group_id":"15","move_id":"218","pokemon_move_method_id":"4","level":"0","pokemon_id":"10045"}{"order":"","version_group_id":"15","move_id":"219","pokemon_move_method_id":"4","level":"0","pokemon_id":"10045"}{"order":"","version_group_id":"15","move_id":"237","pokemon_move_method_id":"4","level":"0","pokemon_id":"10045"}{"order":"","version_group_id":"15","move_id":"240","pokemon_move_method_id":"4","level":"0","pokemon_id":"10045"}{"order":"","version_group_id":"15","move_id":"249","pokemon_move_method_id":"4","level":"0","pokemon_id":"10045"}{"order":"","version_group_id":"15","move_id":"263","pokemon_move_method_id":"4","level":"0","pokemon_id":"10045"}{"order":"","version_group_id":"15","move_id":"268","pokemon_move_method_id":"1","level":"16","pokemon_id":"10045"}{"order":"","version_group_id":"15","move_id":"280","pokemon_move_method_id":"4","level":"0","pokemon_id":"10045"}{"order":"","version_group_id":"15","move_id":"324","pokemon_move_method_id":"1","level":"51","pokemon_id":"10045"}{"order":"","version_group_id":"15","move_id":"374","pokemon_move_method_id":"4","level":"0","pokemon_id":"10045"}{"order":"4","version_group_id":"15","move_id":"406","pokemon_move_method_id":"1","level":"1","pokemon_id":"10045"}{"order":"","version_group_id":"15","move_id":"406","pokemon_move_method_id":"1","level":"65","pokemon_id":"10045"}{"order":"","version_group_id":"15","move_id":"408","pokemon_move_method_id":"1","level":"35","pokemon_id":"10045"}{"order":"","version_group_id":"15","move_id":"411","pokemon_move_method_id":"4","level":"0","pokemon_id":"10045"}{"order":"","version_group_id":"15","move_id":"416","pokemon_move_method_id":"4","level":"0","pokemon_id":"10045"}{"order":"","version_group_id":"15","move_id":"435","pokemon_move_method_id":"1","level":"40","pokemon_id":"10045"}{"order":"","version_group_id":"15","move_id":"451","pokemon_move_method_id":"4","level":"0","pokemon_id":"10045"}{"order":"","version_group_id":"15","move_id":"486","pokemon_move_method_id":"1","level":"25","pokemon_id":"10045"}{"order":"","version_group_id":"15","move_id":"496","pokemon_move_method_id":"4","level":"0","pokemon_id":"10045"}{"order":"","version_group_id":"15","move_id":"497","pokemon_move_method_id":"4","level":"0","pokemon_id":"10045"}{"order":"","version_group_id":"15","move_id":"521","pokemon_move_method_id":"4","level":"0","pokemon_id":"10045"}{"order":"","version_group_id":"15","move_id":"523","pokemon_move_method_id":"4","level":"0","pokemon_id":"10045"}{"order":"","version_group_id":"15","move_id":"528","pokemon_move_method_id":"4","level":"0","pokemon_id":"10045"}{"order":"","version_group_id":"15","move_id":"538","pokemon_move_method_id":"1","level":"46","pokemon_id":"10045"}{"order":"3","version_group_id":"15","move_id":"569","pokemon_move_method_id":"1","level":"1","pokemon_id":"10045"}{"order":"","version_group_id":"15","move_id":"590","pokemon_move_method_id":"4","level":"0","pokemon_id":"10045"}{"order":"2","version_group_id":"15","move_id":"602","pokemon_move_method_id":"1","level":"1","pokemon_id":"10045"}{"order":"","version_group_id":"15","move_id":"612","pokemon_move_method_id":"4","level":"0","pokemon_id":"10045"}