{"order":"","version_group_id":"8","move_id":"21","pokemon_move_method_id":"1","level":"38","pokemon_id":"438"}{"order":"","version_group_id":"8","move_id":"29","pokemon_move_method_id":"2","level":"0","pokemon_id":"438"}{"order":"","version_group_id":"8","move_id":"38","pokemon_move_method_id":"1","level":"46","pokemon_id":"438"}{"order":"","version_group_id":"8","move_id":"67","pokemon_move_method_id":"1","level":"9","pokemon_id":"438"}{"order":"","version_group_id":"8","move_id":"88","pokemon_move_method_id":"1","level":"14","pokemon_id":"438"}{"order":"","version_group_id":"8","move_id":"91","pokemon_move_method_id":"4","level":"0","pokemon_id":"438"}{"order":"","version_group_id":"8","move_id":"92","pokemon_move_method_id":"4","level":"0","pokemon_id":"438"}{"order":"","version_group_id":"8","move_id":"102","pokemon_move_method_id":"1","level":"17","pokemon_id":"438"}{"order":"","version_group_id":"8","move_id":"104","pokemon_move_method_id":"4","level":"0","pokemon_id":"438"}{"order":"","version_group_id":"8","move_id":"106","pokemon_move_method_id":"2","level":"0","pokemon_id":"438"}{"order":"","version_group_id":"8","move_id":"111","pokemon_move_method_id":"2","level":"0","pokemon_id":"438"}{"order":"","version_group_id":"8","move_id":"120","pokemon_move_method_id":"2","level":"0","pokemon_id":"438"}{"order":"","version_group_id":"8","move_id":"153","pokemon_move_method_id":"4","level":"0","pokemon_id":"438"}{"order":"","version_group_id":"8","move_id":"156","pokemon_move_method_id":"4","level":"0","pokemon_id":"438"}{"order":"","version_group_id":"8","move_id":"157","pokemon_move_method_id":"1","level":"33","pokemon_id":"438"}{"order":"","version_group_id":"8","move_id":"157","pokemon_move_method_id":"4","level":"0","pokemon_id":"438"}{"order":"","version_group_id":"8","move_id":"164","pokemon_move_method_id":"4","level":"0","pokemon_id":"438"}{"order":"","version_group_id":"8","move_id":"168","pokemon_move_method_id":"4","level":"0","pokemon_id":"438"}{"order":"","version_group_id":"8","move_id":"175","pokemon_move_method_id":"1","level":"6","pokemon_id":"438"}{"order":"","version_group_id":"8","move_id":"182","pokemon_move_method_id":"4","level":"0","pokemon_id":"438"}{"order":"","version_group_id":"8","move_id":"185","pokemon_move_method_id":"1","level":"25","pokemon_id":"438"}{"order":"","version_group_id":"8","move_id":"201","pokemon_move_method_id":"4","level":"0","pokemon_id":"438"}{"order":"","version_group_id":"8","move_id":"203","pokemon_move_method_id":"4","level":"0","pokemon_id":"438"}{"order":"","version_group_id":"8","move_id":"205","pokemon_move_method_id":"2","level":"0","pokemon_id":"438"}{"order":"","version_group_id":"8","move_id":"207","pokemon_move_method_id":"4","level":"0","pokemon_id":"438"}{"order":"","version_group_id":"8","move_id":"213","pokemon_move_method_id":"4","level":"0","pokemon_id":"438"}{"order":"","version_group_id":"8","move_id":"214","pokemon_move_method_id":"4","level":"0","pokemon_id":"438"}{"order":"","version_group_id":"8","move_id":"216","pokemon_move_method_id":"4","level":"0","pokemon_id":"438"}{"order":"","version_group_id":"8","move_id":"218","pokemon_move_method_id":"4","level":"0","pokemon_id":"438"}{"order":"","version_group_id":"8","move_id":"237","pokemon_move_method_id":"4","level":"0","pokemon_id":"438"}{"order":"","version_group_id":"8","move_id":"241","pokemon_move_method_id":"4","level":"0","pokemon_id":"438"}{"order":"","version_group_id":"8","move_id":"244","pokemon_move_method_id":"4","level":"0","pokemon_id":"438"}{"order":"","version_group_id":"8","move_id":"263","pokemon_move_method_id":"4","level":"0","pokemon_id":"438"}{"order":"","version_group_id":"8","move_id":"280","pokemon_move_method_id":"4","level":"0","pokemon_id":"438"}{"order":"","version_group_id":"8","move_id":"290","pokemon_move_method_id":"4","level":"0","pokemon_id":"438"}{"order":"1","version_group_id":"8","move_id":"313","pokemon_move_method_id":"1","level":"1","pokemon_id":"438"}{"order":"","version_group_id":"8","move_id":"317","pokemon_move_method_id":"1","level":"30","pokemon_id":"438"}{"order":"","version_group_id":"8","move_id":"317","pokemon_move_method_id":"4","level":"0","pokemon_id":"438"}{"order":"","version_group_id":"8","move_id":"328","pokemon_move_method_id":"2","level":"0","pokemon_id":"438"}{"order":"","version_group_id":"8","move_id":"335","pokemon_move_method_id":"1","level":"22","pokemon_id":"438"}{"order":"","version_group_id":"8","move_id":"347","pokemon_move_method_id":"4","level":"0","pokemon_id":"438"}{"order":"","version_group_id":"8","move_id":"363","pokemon_move_method_id":"4","level":"0","pokemon_id":"438"}{"order":"2","version_group_id":"8","move_id":"383","pokemon_move_method_id":"1","level":"1","pokemon_id":"438"}{"order":"","version_group_id":"8","move_id":"389","pokemon_move_method_id":"1","level":"41","pokemon_id":"438"}{"order":"","version_group_id":"8","move_id":"397","pokemon_move_method_id":"4","level":"0","pokemon_id":"438"}{"order":"","version_group_id":"8","move_id":"445","pokemon_move_method_id":"4","level":"0","pokemon_id":"438"}{"order":"","version_group_id":"8","move_id":"446","pokemon_move_method_id":"4","level":"0","pokemon_id":"438"}{"order":"","version_group_id":"9","move_id":"21","pokemon_move_method_id":"1","level":"38","pokemon_id":"438"}{"order":"","version_group_id":"9","move_id":"29","pokemon_move_method_id":"2","level":"0","pokemon_id":"438"}{"order":"","version_group_id":"9","move_id":"38","pokemon_move_method_id":"1","level":"46","pokemon_id":"438"}{"order":"","version_group_id":"9","move_id":"67","pokemon_move_method_id":"1","level":"9","pokemon_id":"438"}{"order":"","version_group_id":"9","move_id":"88","pokemon_move_method_id":"1","level":"14","pokemon_id":"438"}{"order":"","version_group_id":"9","move_id":"91","pokemon_move_method_id":"4","level":"0","pokemon_id":"438"}{"order":"","version_group_id":"9","move_id":"92","pokemon_move_method_id":"4","level":"0","pokemon_id":"438"}{"order":"","version_group_id":"9","move_id":"102","pokemon_move_method_id":"1","level":"17","pokemon_id":"438"}{"order":"","version_group_id":"9","move_id":"104","pokemon_move_method_id":"4","level":"0","pokemon_id":"438"}{"order":"","version_group_id":"9","move_id":"106","pokemon_move_method_id":"2","level":"0","pokemon_id":"438"}{"order":"","version_group_id":"9","move_id":"111","pokemon_move_method_id":"2","level":"0","pokemon_id":"438"}{"order":"","version_group_id":"9","move_id":"120","pokemon_move_method_id":"2","level":"0","pokemon_id":"438"}{"order":"","version_group_id":"9","move_id":"153","pokemon_move_method_id":"4","level":"0","pokemon_id":"438"}{"order":"","version_group_id":"9","move_id":"156","pokemon_move_method_id":"4","level":"0","pokemon_id":"438"}{"order":"","version_group_id":"9","move_id":"157","pokemon_move_method_id":"1","level":"33","pokemon_id":"438"}{"order":"","version_group_id":"9","move_id":"157","pokemon_move_method_id":"4","level":"0","pokemon_id":"438"}{"order":"","version_group_id":"9","move_id":"164","pokemon_move_method_id":"4","level":"0","pokemon_id":"438"}{"order":"","version_group_id":"9","move_id":"168","pokemon_move_method_id":"4","level":"0","pokemon_id":"438"}{"order":"","version_group_id":"9","move_id":"173","pokemon_move_method_id":"3","level":"0","pokemon_id":"438"}{"order":"","version_group_id":"9","move_id":"175","pokemon_move_method_id":"1","level":"6","pokemon_id":"438"}{"order":"","version_group_id":"9","move_id":"182","pokemon_move_method_id":"4","level":"0","pokemon_id":"438"}{"order":"","version_group_id":"9","move_id":"185","pokemon_move_method_id":"1","level":"25","pokemon_id":"438"}{"order":"","version_group_id":"9","move_id":"201","pokemon_move_method_id":"4","level":"0","pokemon_id":"438"}{"order":"","version_group_id":"9","move_id":"203","pokemon_move_method_id":"4","level":"0","pokemon_id":"438"}{"order":"","version_group_id":"9","move_id":"205","pokemon_move_method_id":"2","level":"0","pokemon_id":"438"}{"order":"","version_group_id":"9","move_id":"205","pokemon_move_method_id":"3","level":"0","pokemon_id":"438"}{"order":"","version_group_id":"9","move_id":"207","pokemon_move_method_id":"4","level":"0","pokemon_id":"438"}{"order":"","version_group_id":"9","move_id":"213","pokemon_move_method_id":"4","level":"0","pokemon_id":"438"}{"order":"","version_group_id":"9","move_id":"214","pokemon_move_method_id":"4","level":"0","pokemon_id":"438"}{"order":"","version_group_id":"9","move_id":"216","pokemon_move_method_id":"4","level":"0","pokemon_id":"438"}{"order":"","version_group_id":"9","move_id":"218","pokemon_move_method_id":"4","level":"0","pokemon_id":"438"}{"order":"","version_group_id":"9","move_id":"237","pokemon_move_method_id":"4","level":"0","pokemon_id":"438"}{"order":"","version_group_id":"9","move_id":"241","pokemon_move_method_id":"4","level":"0","pokemon_id":"438"}{"order":"","version_group_id":"9","move_id":"244","pokemon_move_method_id":"4","level":"0","pokemon_id":"438"}{"order":"","version_group_id":"9","move_id":"253","pokemon_move_method_id":"3","level":"0","pokemon_id":"438"}{"order":"","version_group_id":"9","move_id":"263","pokemon_move_method_id":"4","level":"0","pokemon_id":"438"}{"order":"","version_group_id":"9","move_id":"270","pokemon_move_method_id":"3","level":"0","pokemon_id":"438"}{"order":"","version_group_id":"9","move_id":"280","pokemon_move_method_id":"4","level":"0","pokemon_id":"438"}{"order":"","version_group_id":"9","move_id":"290","pokemon_move_method_id":"4","level":"0","pokemon_id":"438"}{"order":"1","version_group_id":"9","move_id":"313","pokemon_move_method_id":"1","level":"1","pokemon_id":"438"}{"order":"","version_group_id":"9","move_id":"317","pokemon_move_method_id":"1","level":"30","pokemon_id":"438"}{"order":"","version_group_id":"9","move_id":"317","pokemon_move_method_id":"4","level":"0","pokemon_id":"438"}{"order":"","version_group_id":"9","move_id":"328","pokemon_move_method_id":"2","level":"0","pokemon_id":"438"}{"order":"","version_group_id":"9","move_id":"335","pokemon_move_method_id":"1","level":"22","pokemon_id":"438"}{"order":"","version_group_id":"9","move_id":"347","pokemon_move_method_id":"4","level":"0","pokemon_id":"438"}{"order":"","version_group_id":"9","move_id":"363","pokemon_move_method_id":"4","level":"0","pokemon_id":"438"}{"order":"2","version_group_id":"9","move_id":"383","pokemon_move_method_id":"1","level":"1","pokemon_id":"438"}{"order":"","version_group_id":"9","move_id":"389","pokemon_move_method_id":"1","level":"41","pokemon_id":"438"}{"order":"","version_group_id":"9","move_id":"389","pokemon_move_method_id":"3","level":"0","pokemon_id":"438"}{"order":"","version_group_id":"9","move_id":"397","pokemon_move_method_id":"4","level":"0","pokemon_id":"438"}{"order":"","version_group_id":"9","move_id":"414","pokemon_move_method_id":"3","level":"0","pokemon_id":"438"}{"order":"","version_group_id":"9","move_id":"445","pokemon_move_method_id":"4","level":"0","pokemon_id":"438"}{"order":"","version_group_id":"9","move_id":"446","pokemon_move_method_id":"4","level":"0","pokemon_id":"438"}{"order":"","version_group_id":"10","move_id":"21","pokemon_move_method_id":"1","level":"38","pokemon_id":"438"}{"order":"","version_group_id":"10","move_id":"29","pokemon_move_method_id":"2","level":"0","pokemon_id":"438"}{"order":"","version_group_id":"10","move_id":"29","pokemon_move_method_id":"3","level":"0","pokemon_id":"438"}{"order":"","version_group_id":"10","move_id":"38","pokemon_move_method_id":"1","level":"46","pokemon_id":"438"}{"order":"","version_group_id":"10","move_id":"67","pokemon_move_method_id":"1","level":"9","pokemon_id":"438"}{"order":"","version_group_id":"10","move_id":"67","pokemon_move_method_id":"3","level":"0","pokemon_id":"438"}{"order":"","version_group_id":"10","move_id":"88","pokemon_move_method_id":"1","level":"14","pokemon_id":"438"}{"order":"","version_group_id":"10","move_id":"91","pokemon_move_method_id":"4","level":"0","pokemon_id":"438"}{"order":"","version_group_id":"10","move_id":"92","pokemon_move_method_id":"4","level":"0","pokemon_id":"438"}{"order":"","version_group_id":"10","move_id":"102","pokemon_move_method_id":"1","level":"17","pokemon_id":"438"}{"order":"","version_group_id":"10","move_id":"104","pokemon_move_method_id":"4","level":"0","pokemon_id":"438"}{"order":"","version_group_id":"10","move_id":"106","pokemon_move_method_id":"2","level":"0","pokemon_id":"438"}{"order":"","version_group_id":"10","move_id":"111","pokemon_move_method_id":"2","level":"0","pokemon_id":"438"}{"order":"","version_group_id":"10","move_id":"120","pokemon_move_method_id":"2","level":"0","pokemon_id":"438"}{"order":"","version_group_id":"10","move_id":"153","pokemon_move_method_id":"4","level":"0","pokemon_id":"438"}{"order":"","version_group_id":"10","move_id":"156","pokemon_move_method_id":"4","level":"0","pokemon_id":"438"}{"order":"","version_group_id":"10","move_id":"157","pokemon_move_method_id":"1","level":"33","pokemon_id":"438"}{"order":"","version_group_id":"10","move_id":"157","pokemon_move_method_id":"4","level":"0","pokemon_id":"438"}{"order":"","version_group_id":"10","move_id":"164","pokemon_move_method_id":"4","level":"0","pokemon_id":"438"}{"order":"","version_group_id":"10","move_id":"168","pokemon_move_method_id":"4","level":"0","pokemon_id":"438"}{"order":"","version_group_id":"10","move_id":"173","pokemon_move_method_id":"3","level":"0","pokemon_id":"438"}{"order":"","version_group_id":"10","move_id":"175","pokemon_move_method_id":"1","level":"6","pokemon_id":"438"}{"order":"","version_group_id":"10","move_id":"182","pokemon_move_method_id":"4","level":"0","pokemon_id":"438"}{"order":"","version_group_id":"10","move_id":"185","pokemon_move_method_id":"1","level":"25","pokemon_id":"438"}{"order":"","version_group_id":"10","move_id":"201","pokemon_move_method_id":"4","level":"0","pokemon_id":"438"}{"order":"","version_group_id":"10","move_id":"203","pokemon_move_method_id":"4","level":"0","pokemon_id":"438"}{"order":"","version_group_id":"10","move_id":"205","pokemon_move_method_id":"2","level":"0","pokemon_id":"438"}{"order":"","version_group_id":"10","move_id":"205","pokemon_move_method_id":"3","level":"0","pokemon_id":"438"}{"order":"","version_group_id":"10","move_id":"207","pokemon_move_method_id":"4","level":"0","pokemon_id":"438"}{"order":"","version_group_id":"10","move_id":"213","pokemon_move_method_id":"4","level":"0","pokemon_id":"438"}{"order":"","version_group_id":"10","move_id":"214","pokemon_move_method_id":"4","level":"0","pokemon_id":"438"}{"order":"","version_group_id":"10","move_id":"216","pokemon_move_method_id":"4","level":"0","pokemon_id":"438"}{"order":"","version_group_id":"10","move_id":"218","pokemon_move_method_id":"4","level":"0","pokemon_id":"438"}{"order":"","version_group_id":"10","move_id":"237","pokemon_move_method_id":"4","level":"0","pokemon_id":"438"}{"order":"","version_group_id":"10","move_id":"241","pokemon_move_method_id":"4","level":"0","pokemon_id":"438"}{"order":"","version_group_id":"10","move_id":"244","pokemon_move_method_id":"4","level":"0","pokemon_id":"438"}{"order":"","version_group_id":"10","move_id":"253","pokemon_move_method_id":"3","level":"0","pokemon_id":"438"}{"order":"","version_group_id":"10","move_id":"263","pokemon_move_method_id":"4","level":"0","pokemon_id":"438"}{"order":"","version_group_id":"10","move_id":"270","pokemon_move_method_id":"3","level":"0","pokemon_id":"438"}{"order":"","version_group_id":"10","move_id":"272","pokemon_move_method_id":"3","level":"0","pokemon_id":"438"}{"order":"","version_group_id":"10","move_id":"280","pokemon_move_method_id":"4","level":"0","pokemon_id":"438"}{"order":"","version_group_id":"10","move_id":"290","pokemon_move_method_id":"4","level":"0","pokemon_id":"438"}{"order":"1","version_group_id":"10","move_id":"313","pokemon_move_method_id":"1","level":"1","pokemon_id":"438"}{"order":"","version_group_id":"10","move_id":"317","pokemon_move_method_id":"1","level":"30","pokemon_id":"438"}{"order":"","version_group_id":"10","move_id":"317","pokemon_move_method_id":"4","level":"0","pokemon_id":"438"}{"order":"","version_group_id":"10","move_id":"328","pokemon_move_method_id":"2","level":"0","pokemon_id":"438"}{"order":"","version_group_id":"10","move_id":"335","pokemon_move_method_id":"1","level":"22","pokemon_id":"438"}{"order":"","version_group_id":"10","move_id":"335","pokemon_move_method_id":"3","level":"0","pokemon_id":"438"}{"order":"","version_group_id":"10","move_id":"347","pokemon_move_method_id":"4","level":"0","pokemon_id":"438"}{"order":"","version_group_id":"10","move_id":"363","pokemon_move_method_id":"4","level":"0","pokemon_id":"438"}{"order":"2","version_group_id":"10","move_id":"383","pokemon_move_method_id":"1","level":"1","pokemon_id":"438"}{"order":"","version_group_id":"10","move_id":"389","pokemon_move_method_id":"1","level":"41","pokemon_id":"438"}{"order":"","version_group_id":"10","move_id":"389","pokemon_move_method_id":"3","level":"0","pokemon_id":"438"}{"order":"","version_group_id":"10","move_id":"397","pokemon_move_method_id":"4","level":"0","pokemon_id":"438"}{"order":"","version_group_id":"10","move_id":"414","pokemon_move_method_id":"3","level":"0","pokemon_id":"438"}{"order":"","version_group_id":"10","move_id":"445","pokemon_move_method_id":"4","level":"0","pokemon_id":"438"}{"order":"","version_group_id":"10","move_id":"446","pokemon_move_method_id":"4","level":"0","pokemon_id":"438"}{"order":"","version_group_id":"11","move_id":"21","pokemon_move_method_id":"1","level":"38","pokemon_id":"438"}{"order":"","version_group_id":"11","move_id":"29","pokemon_move_method_id":"2","level":"0","pokemon_id":"438"}{"order":"","version_group_id":"11","move_id":"38","pokemon_move_method_id":"1","level":"46","pokemon_id":"438"}{"order":"","version_group_id":"11","move_id":"67","pokemon_move_method_id":"1","level":"9","pokemon_id":"438"}{"order":"","version_group_id":"11","move_id":"88","pokemon_move_method_id":"1","level":"14","pokemon_id":"438"}{"order":"","version_group_id":"11","move_id":"91","pokemon_move_method_id":"4","level":"0","pokemon_id":"438"}{"order":"","version_group_id":"11","move_id":"92","pokemon_move_method_id":"4","level":"0","pokemon_id":"438"}{"order":"","version_group_id":"11","move_id":"102","pokemon_move_method_id":"1","level":"17","pokemon_id":"438"}{"order":"","version_group_id":"11","move_id":"104","pokemon_move_method_id":"4","level":"0","pokemon_id":"438"}{"order":"","version_group_id":"11","move_id":"106","pokemon_move_method_id":"2","level":"0","pokemon_id":"438"}{"order":"","version_group_id":"11","move_id":"111","pokemon_move_method_id":"2","level":"0","pokemon_id":"438"}{"order":"","version_group_id":"11","move_id":"120","pokemon_move_method_id":"2","level":"0","pokemon_id":"438"}{"order":"","version_group_id":"11","move_id":"153","pokemon_move_method_id":"4","level":"0","pokemon_id":"438"}{"order":"","version_group_id":"11","move_id":"156","pokemon_move_method_id":"4","level":"0","pokemon_id":"438"}{"order":"","version_group_id":"11","move_id":"157","pokemon_move_method_id":"1","level":"33","pokemon_id":"438"}{"order":"","version_group_id":"11","move_id":"157","pokemon_move_method_id":"4","level":"0","pokemon_id":"438"}{"order":"","version_group_id":"11","move_id":"164","pokemon_move_method_id":"4","level":"0","pokemon_id":"438"}{"order":"","version_group_id":"11","move_id":"168","pokemon_move_method_id":"4","level":"0","pokemon_id":"438"}{"order":"","version_group_id":"11","move_id":"174","pokemon_move_method_id":"2","level":"0","pokemon_id":"438"}{"order":"","version_group_id":"11","move_id":"175","pokemon_move_method_id":"1","level":"6","pokemon_id":"438"}{"order":"","version_group_id":"11","move_id":"182","pokemon_move_method_id":"4","level":"0","pokemon_id":"438"}{"order":"","version_group_id":"11","move_id":"185","pokemon_move_method_id":"1","level":"25","pokemon_id":"438"}{"order":"","version_group_id":"11","move_id":"201","pokemon_move_method_id":"4","level":"0","pokemon_id":"438"}{"order":"","version_group_id":"11","move_id":"203","pokemon_move_method_id":"2","level":"0","pokemon_id":"438"}{"order":"","version_group_id":"11","move_id":"205","pokemon_move_method_id":"2","level":"0","pokemon_id":"438"}{"order":"","version_group_id":"11","move_id":"207","pokemon_move_method_id":"4","level":"0","pokemon_id":"438"}{"order":"","version_group_id":"11","move_id":"213","pokemon_move_method_id":"4","level":"0","pokemon_id":"438"}{"order":"","version_group_id":"11","move_id":"216","pokemon_move_method_id":"4","level":"0","pokemon_id":"438"}{"order":"","version_group_id":"11","move_id":"218","pokemon_move_method_id":"4","level":"0","pokemon_id":"438"}{"order":"","version_group_id":"11","move_id":"237","pokemon_move_method_id":"4","level":"0","pokemon_id":"438"}{"order":"","version_group_id":"11","move_id":"241","pokemon_move_method_id":"4","level":"0","pokemon_id":"438"}{"order":"","version_group_id":"11","move_id":"244","pokemon_move_method_id":"4","level":"0","pokemon_id":"438"}{"order":"","version_group_id":"11","move_id":"263","pokemon_move_method_id":"4","level":"0","pokemon_id":"438"}{"order":"","version_group_id":"11","move_id":"280","pokemon_move_method_id":"4","level":"0","pokemon_id":"438"}{"order":"1","version_group_id":"11","move_id":"313","pokemon_move_method_id":"1","level":"1","pokemon_id":"438"}{"order":"","version_group_id":"11","move_id":"317","pokemon_move_method_id":"1","level":"30","pokemon_id":"438"}{"order":"","version_group_id":"11","move_id":"317","pokemon_move_method_id":"4","level":"0","pokemon_id":"438"}{"order":"","version_group_id":"11","move_id":"328","pokemon_move_method_id":"2","level":"0","pokemon_id":"438"}{"order":"","version_group_id":"11","move_id":"335","pokemon_move_method_id":"1","level":"22","pokemon_id":"438"}{"order":"","version_group_id":"11","move_id":"347","pokemon_move_method_id":"4","level":"0","pokemon_id":"438"}{"order":"2","version_group_id":"11","move_id":"383","pokemon_move_method_id":"1","level":"1","pokemon_id":"438"}{"order":"","version_group_id":"11","move_id":"389","pokemon_move_method_id":"1","level":"41","pokemon_id":"438"}{"order":"","version_group_id":"11","move_id":"397","pokemon_move_method_id":"4","level":"0","pokemon_id":"438"}{"order":"","version_group_id":"11","move_id":"446","pokemon_move_method_id":"2","level":"0","pokemon_id":"438"}{"order":"","version_group_id":"11","move_id":"479","pokemon_move_method_id":"4","level":"0","pokemon_id":"438"}{"order":"","version_group_id":"11","move_id":"496","pokemon_move_method_id":"4","level":"0","pokemon_id":"438"}{"order":"","version_group_id":"14","move_id":"21","pokemon_move_method_id":"1","level":"15","pokemon_id":"438"}{"order":"","version_group_id":"14","move_id":"29","pokemon_move_method_id":"2","level":"0","pokemon_id":"438"}{"order":"","version_group_id":"14","move_id":"38","pokemon_move_method_id":"1","level":"40","pokemon_id":"438"}{"order":"","version_group_id":"14","move_id":"67","pokemon_move_method_id":"1","level":"8","pokemon_id":"438"}{"order":"","version_group_id":"14","move_id":"67","pokemon_move_method_id":"3","level":"0","pokemon_id":"438"}{"order":"","version_group_id":"14","move_id":"88","pokemon_move_method_id":"1","level":"12","pokemon_id":"438"}{"order":"","version_group_id":"14","move_id":"91","pokemon_move_method_id":"4","level":"0","pokemon_id":"438"}{"order":"","version_group_id":"14","move_id":"92","pokemon_move_method_id":"4","level":"0","pokemon_id":"438"}{"order":"","version_group_id":"14","move_id":"102","pokemon_move_method_id":"1","level":"33","pokemon_id":"438"}{"order":"","version_group_id":"14","move_id":"104","pokemon_move_method_id":"4","level":"0","pokemon_id":"438"}{"order":"","version_group_id":"14","move_id":"106","pokemon_move_method_id":"2","level":"0","pokemon_id":"438"}{"order":"","version_group_id":"14","move_id":"111","pokemon_move_method_id":"2","level":"0","pokemon_id":"438"}{"order":"","version_group_id":"14","move_id":"120","pokemon_move_method_id":"2","level":"0","pokemon_id":"438"}{"order":"","version_group_id":"14","move_id":"153","pokemon_move_method_id":"4","level":"0","pokemon_id":"438"}{"order":"","version_group_id":"14","move_id":"156","pokemon_move_method_id":"4","level":"0","pokemon_id":"438"}{"order":"","version_group_id":"14","move_id":"157","pokemon_move_method_id":"1","level":"29","pokemon_id":"438"}{"order":"","version_group_id":"14","move_id":"157","pokemon_move_method_id":"4","level":"0","pokemon_id":"438"}{"order":"","version_group_id":"14","move_id":"164","pokemon_move_method_id":"4","level":"0","pokemon_id":"438"}{"order":"","version_group_id":"14","move_id":"168","pokemon_move_method_id":"4","level":"0","pokemon_id":"438"}{"order":"","version_group_id":"14","move_id":"173","pokemon_move_method_id":"3","level":"0","pokemon_id":"438"}{"order":"","version_group_id":"14","move_id":"174","pokemon_move_method_id":"2","level":"0","pokemon_id":"438"}{"order":"","version_group_id":"14","move_id":"175","pokemon_move_method_id":"1","level":"5","pokemon_id":"438"}{"order":"","version_group_id":"14","move_id":"182","pokemon_move_method_id":"4","level":"0","pokemon_id":"438"}{"order":"","version_group_id":"14","move_id":"185","pokemon_move_method_id":"1","level":"19","pokemon_id":"438"}{"order":"","version_group_id":"14","move_id":"201","pokemon_move_method_id":"4","level":"0","pokemon_id":"438"}{"order":"","version_group_id":"14","move_id":"203","pokemon_move_method_id":"2","level":"0","pokemon_id":"438"}{"order":"","version_group_id":"14","move_id":"205","pokemon_move_method_id":"2","level":"0","pokemon_id":"438"}{"order":"","version_group_id":"14","move_id":"207","pokemon_move_method_id":"4","level":"0","pokemon_id":"438"}{"order":"","version_group_id":"14","move_id":"213","pokemon_move_method_id":"4","level":"0","pokemon_id":"438"}{"order":"","version_group_id":"14","move_id":"214","pokemon_move_method_id":"3","level":"0","pokemon_id":"438"}{"order":"","version_group_id":"14","move_id":"216","pokemon_move_method_id":"4","level":"0","pokemon_id":"438"}{"order":"","version_group_id":"14","move_id":"218","pokemon_move_method_id":"4","level":"0","pokemon_id":"438"}{"order":"","version_group_id":"14","move_id":"237","pokemon_move_method_id":"4","level":"0","pokemon_id":"438"}{"order":"","version_group_id":"14","move_id":"241","pokemon_move_method_id":"4","level":"0","pokemon_id":"438"}{"order":"","version_group_id":"14","move_id":"244","pokemon_move_method_id":"4","level":"0","pokemon_id":"438"}{"order":"","version_group_id":"14","move_id":"253","pokemon_move_method_id":"3","level":"0","pokemon_id":"438"}{"order":"","version_group_id":"14","move_id":"263","pokemon_move_method_id":"4","level":"0","pokemon_id":"438"}{"order":"","version_group_id":"14","move_id":"270","pokemon_move_method_id":"3","level":"0","pokemon_id":"438"}{"order":"","version_group_id":"14","move_id":"272","pokemon_move_method_id":"3","level":"0","pokemon_id":"438"}{"order":"","version_group_id":"14","move_id":"280","pokemon_move_method_id":"4","level":"0","pokemon_id":"438"}{"order":"1","version_group_id":"14","move_id":"313","pokemon_move_method_id":"1","level":"1","pokemon_id":"438"}{"order":"","version_group_id":"14","move_id":"317","pokemon_move_method_id":"1","level":"22","pokemon_id":"438"}{"order":"","version_group_id":"14","move_id":"317","pokemon_move_method_id":"4","level":"0","pokemon_id":"438"}{"order":"","version_group_id":"14","move_id":"328","pokemon_move_method_id":"2","level":"0","pokemon_id":"438"}{"order":"","version_group_id":"14","move_id":"335","pokemon_move_method_id":"1","level":"26","pokemon_id":"438"}{"order":"","version_group_id":"14","move_id":"335","pokemon_move_method_id":"3","level":"0","pokemon_id":"438"}{"order":"","version_group_id":"14","move_id":"343","pokemon_move_method_id":"3","level":"0","pokemon_id":"438"}{"order":"","version_group_id":"14","move_id":"347","pokemon_move_method_id":"4","level":"0","pokemon_id":"438"}{"order":"2","version_group_id":"14","move_id":"383","pokemon_move_method_id":"1","level":"1","pokemon_id":"438"}{"order":"","version_group_id":"14","move_id":"389","pokemon_move_method_id":"1","level":"36","pokemon_id":"438"}{"order":"","version_group_id":"14","move_id":"397","pokemon_move_method_id":"4","level":"0","pokemon_id":"438"}{"order":"","version_group_id":"14","move_id":"414","pokemon_move_method_id":"3","level":"0","pokemon_id":"438"}{"order":"","version_group_id":"14","move_id":"446","pokemon_move_method_id":"2","level":"0","pokemon_id":"438"}{"order":"","version_group_id":"14","move_id":"446","pokemon_move_method_id":"3","level":"0","pokemon_id":"438"}{"order":"","version_group_id":"14","move_id":"479","pokemon_move_method_id":"4","level":"0","pokemon_id":"438"}{"order":"","version_group_id":"14","move_id":"492","pokemon_move_method_id":"3","level":"0","pokemon_id":"438"}{"order":"","version_group_id":"14","move_id":"495","pokemon_move_method_id":"3","level":"0","pokemon_id":"438"}{"order":"","version_group_id":"14","move_id":"496","pokemon_move_method_id":"4","level":"0","pokemon_id":"438"}{"order":"","version_group_id":"15","move_id":"29","pokemon_move_method_id":"2","level":"0","pokemon_id":"438"}{"order":"","version_group_id":"15","move_id":"38","pokemon_move_method_id":"1","level":"40","pokemon_id":"438"}{"order":"","version_group_id":"15","move_id":"67","pokemon_move_method_id":"1","level":"8","pokemon_id":"438"}{"order":"","version_group_id":"15","move_id":"68","pokemon_move_method_id":"1","level":"33","pokemon_id":"438"}{"order":"","version_group_id":"15","move_id":"88","pokemon_move_method_id":"1","level":"12","pokemon_id":"438"}{"order":"","version_group_id":"15","move_id":"91","pokemon_move_method_id":"4","level":"0","pokemon_id":"438"}{"order":"","version_group_id":"15","move_id":"92","pokemon_move_method_id":"4","level":"0","pokemon_id":"438"}{"order":"","version_group_id":"15","move_id":"102","pokemon_move_method_id":"1","level":"15","pokemon_id":"438"}{"order":"","version_group_id":"15","move_id":"104","pokemon_move_method_id":"4","level":"0","pokemon_id":"438"}{"order":"","version_group_id":"15","move_id":"106","pokemon_move_method_id":"2","level":"0","pokemon_id":"438"}{"order":"","version_group_id":"15","move_id":"111","pokemon_move_method_id":"2","level":"0","pokemon_id":"438"}{"order":"","version_group_id":"15","move_id":"120","pokemon_move_method_id":"2","level":"0","pokemon_id":"438"}{"order":"","version_group_id":"15","move_id":"153","pokemon_move_method_id":"4","level":"0","pokemon_id":"438"}{"order":"","version_group_id":"15","move_id":"156","pokemon_move_method_id":"4","level":"0","pokemon_id":"438"}{"order":"","version_group_id":"15","move_id":"157","pokemon_move_method_id":"1","level":"29","pokemon_id":"438"}{"order":"","version_group_id":"15","move_id":"157","pokemon_move_method_id":"4","level":"0","pokemon_id":"438"}{"order":"","version_group_id":"15","move_id":"164","pokemon_move_method_id":"4","level":"0","pokemon_id":"438"}{"order":"","version_group_id":"15","move_id":"168","pokemon_move_method_id":"4","level":"0","pokemon_id":"438"}{"order":"","version_group_id":"15","move_id":"174","pokemon_move_method_id":"2","level":"0","pokemon_id":"438"}{"order":"","version_group_id":"15","move_id":"175","pokemon_move_method_id":"1","level":"5","pokemon_id":"438"}{"order":"","version_group_id":"15","move_id":"182","pokemon_move_method_id":"4","level":"0","pokemon_id":"438"}{"order":"","version_group_id":"15","move_id":"185","pokemon_move_method_id":"1","level":"19","pokemon_id":"438"}{"order":"","version_group_id":"15","move_id":"201","pokemon_move_method_id":"4","level":"0","pokemon_id":"438"}{"order":"","version_group_id":"15","move_id":"203","pokemon_move_method_id":"2","level":"0","pokemon_id":"438"}{"order":"","version_group_id":"15","move_id":"205","pokemon_move_method_id":"2","level":"0","pokemon_id":"438"}{"order":"","version_group_id":"15","move_id":"207","pokemon_move_method_id":"4","level":"0","pokemon_id":"438"}{"order":"","version_group_id":"15","move_id":"213","pokemon_move_method_id":"4","level":"0","pokemon_id":"438"}{"order":"","version_group_id":"15","move_id":"214","pokemon_move_method_id":"4","level":"0","pokemon_id":"438"}{"order":"","version_group_id":"15","move_id":"216","pokemon_move_method_id":"4","level":"0","pokemon_id":"438"}{"order":"","version_group_id":"15","move_id":"218","pokemon_move_method_id":"4","level":"0","pokemon_id":"438"}{"order":"","version_group_id":"15","move_id":"237","pokemon_move_method_id":"4","level":"0","pokemon_id":"438"}{"order":"","version_group_id":"15","move_id":"241","pokemon_move_method_id":"4","level":"0","pokemon_id":"438"}{"order":"","version_group_id":"15","move_id":"244","pokemon_move_method_id":"4","level":"0","pokemon_id":"438"}{"order":"","version_group_id":"15","move_id":"263","pokemon_move_method_id":"4","level":"0","pokemon_id":"438"}{"order":"","version_group_id":"15","move_id":"267","pokemon_move_method_id":"4","level":"0","pokemon_id":"438"}{"order":"","version_group_id":"15","move_id":"280","pokemon_move_method_id":"4","level":"0","pokemon_id":"438"}{"order":"1","version_group_id":"15","move_id":"313","pokemon_move_method_id":"1","level":"1","pokemon_id":"438"}{"order":"","version_group_id":"15","move_id":"317","pokemon_move_method_id":"1","level":"22","pokemon_id":"438"}{"order":"","version_group_id":"15","move_id":"317","pokemon_move_method_id":"4","level":"0","pokemon_id":"438"}{"order":"","version_group_id":"15","move_id":"328","pokemon_move_method_id":"2","level":"0","pokemon_id":"438"}{"order":"","version_group_id":"15","move_id":"335","pokemon_move_method_id":"1","level":"26","pokemon_id":"438"}{"order":"","version_group_id":"15","move_id":"347","pokemon_move_method_id":"4","level":"0","pokemon_id":"438"}{"order":"2","version_group_id":"15","move_id":"383","pokemon_move_method_id":"1","level":"1","pokemon_id":"438"}{"order":"","version_group_id":"15","move_id":"389","pokemon_move_method_id":"1","level":"36","pokemon_id":"438"}{"order":"","version_group_id":"15","move_id":"397","pokemon_move_method_id":"4","level":"0","pokemon_id":"438"}{"order":"","version_group_id":"15","move_id":"446","pokemon_move_method_id":"2","level":"0","pokemon_id":"438"}{"order":"","version_group_id":"15","move_id":"479","pokemon_move_method_id":"4","level":"0","pokemon_id":"438"}{"order":"","version_group_id":"15","move_id":"496","pokemon_move_method_id":"4","level":"0","pokemon_id":"438"}{"order":"","version_group_id":"15","move_id":"590","pokemon_move_method_id":"4","level":"0","pokemon_id":"438"}