{"order":"","version_group_id":"1","move_id":"5","pokemon_move_method_id":"4","level":"0","pokemon_id":"26"}{"order":"","version_group_id":"1","move_id":"6","pokemon_move_method_id":"4","level":"0","pokemon_id":"26"}{"order":"","version_group_id":"1","move_id":"25","pokemon_move_method_id":"4","level":"0","pokemon_id":"26"}{"order":"","version_group_id":"1","move_id":"34","pokemon_move_method_id":"4","level":"0","pokemon_id":"26"}{"order":"","version_group_id":"1","move_id":"36","pokemon_move_method_id":"4","level":"0","pokemon_id":"26"}{"order":"","version_group_id":"1","move_id":"38","pokemon_move_method_id":"4","level":"0","pokemon_id":"26"}{"order":"2","version_group_id":"1","move_id":"45","pokemon_move_method_id":"1","level":"1","pokemon_id":"26"}{"order":"","version_group_id":"1","move_id":"63","pokemon_move_method_id":"4","level":"0","pokemon_id":"26"}{"order":"","version_group_id":"1","move_id":"66","pokemon_move_method_id":"4","level":"0","pokemon_id":"26"}{"order":"","version_group_id":"1","move_id":"69","pokemon_move_method_id":"4","level":"0","pokemon_id":"26"}{"order":"1","version_group_id":"1","move_id":"84","pokemon_move_method_id":"1","level":"1","pokemon_id":"26"}{"order":"","version_group_id":"1","move_id":"85","pokemon_move_method_id":"4","level":"0","pokemon_id":"26"}{"order":"3","version_group_id":"1","move_id":"86","pokemon_move_method_id":"1","level":"1","pokemon_id":"26"}{"order":"","version_group_id":"1","move_id":"86","pokemon_move_method_id":"4","level":"0","pokemon_id":"26"}{"order":"","version_group_id":"1","move_id":"87","pokemon_move_method_id":"4","level":"0","pokemon_id":"26"}{"order":"","version_group_id":"1","move_id":"92","pokemon_move_method_id":"4","level":"0","pokemon_id":"26"}{"order":"","version_group_id":"1","move_id":"99","pokemon_move_method_id":"4","level":"0","pokemon_id":"26"}{"order":"","version_group_id":"1","move_id":"102","pokemon_move_method_id":"4","level":"0","pokemon_id":"26"}{"order":"","version_group_id":"1","move_id":"104","pokemon_move_method_id":"4","level":"0","pokemon_id":"26"}{"order":"","version_group_id":"1","move_id":"115","pokemon_move_method_id":"4","level":"0","pokemon_id":"26"}{"order":"","version_group_id":"1","move_id":"117","pokemon_move_method_id":"4","level":"0","pokemon_id":"26"}{"order":"","version_group_id":"1","move_id":"129","pokemon_move_method_id":"4","level":"0","pokemon_id":"26"}{"order":"","version_group_id":"1","move_id":"130","pokemon_move_method_id":"4","level":"0","pokemon_id":"26"}{"order":"","version_group_id":"1","move_id":"148","pokemon_move_method_id":"4","level":"0","pokemon_id":"26"}{"order":"","version_group_id":"1","move_id":"156","pokemon_move_method_id":"4","level":"0","pokemon_id":"26"}{"order":"","version_group_id":"1","move_id":"164","pokemon_move_method_id":"4","level":"0","pokemon_id":"26"}{"order":"","version_group_id":"2","move_id":"5","pokemon_move_method_id":"4","level":"0","pokemon_id":"26"}{"order":"","version_group_id":"2","move_id":"6","pokemon_move_method_id":"4","level":"0","pokemon_id":"26"}{"order":"","version_group_id":"2","move_id":"25","pokemon_move_method_id":"4","level":"0","pokemon_id":"26"}{"order":"","version_group_id":"2","move_id":"34","pokemon_move_method_id":"4","level":"0","pokemon_id":"26"}{"order":"","version_group_id":"2","move_id":"36","pokemon_move_method_id":"4","level":"0","pokemon_id":"26"}{"order":"","version_group_id":"2","move_id":"38","pokemon_move_method_id":"4","level":"0","pokemon_id":"26"}{"order":"2","version_group_id":"2","move_id":"45","pokemon_move_method_id":"1","level":"1","pokemon_id":"26"}{"order":"","version_group_id":"2","move_id":"63","pokemon_move_method_id":"4","level":"0","pokemon_id":"26"}{"order":"","version_group_id":"2","move_id":"66","pokemon_move_method_id":"4","level":"0","pokemon_id":"26"}{"order":"","version_group_id":"2","move_id":"69","pokemon_move_method_id":"4","level":"0","pokemon_id":"26"}{"order":"1","version_group_id":"2","move_id":"84","pokemon_move_method_id":"1","level":"1","pokemon_id":"26"}{"order":"","version_group_id":"2","move_id":"85","pokemon_move_method_id":"4","level":"0","pokemon_id":"26"}{"order":"3","version_group_id":"2","move_id":"86","pokemon_move_method_id":"1","level":"1","pokemon_id":"26"}{"order":"","version_group_id":"2","move_id":"86","pokemon_move_method_id":"4","level":"0","pokemon_id":"26"}{"order":"","version_group_id":"2","move_id":"87","pokemon_move_method_id":"4","level":"0","pokemon_id":"26"}{"order":"","version_group_id":"2","move_id":"92","pokemon_move_method_id":"4","level":"0","pokemon_id":"26"}{"order":"","version_group_id":"2","move_id":"99","pokemon_move_method_id":"4","level":"0","pokemon_id":"26"}{"order":"","version_group_id":"2","move_id":"102","pokemon_move_method_id":"4","level":"0","pokemon_id":"26"}{"order":"","version_group_id":"2","move_id":"104","pokemon_move_method_id":"4","level":"0","pokemon_id":"26"}{"order":"","version_group_id":"2","move_id":"115","pokemon_move_method_id":"4","level":"0","pokemon_id":"26"}{"order":"","version_group_id":"2","move_id":"117","pokemon_move_method_id":"4","level":"0","pokemon_id":"26"}{"order":"","version_group_id":"2","move_id":"129","pokemon_move_method_id":"4","level":"0","pokemon_id":"26"}{"order":"","version_group_id":"2","move_id":"130","pokemon_move_method_id":"4","level":"0","pokemon_id":"26"}{"order":"","version_group_id":"2","move_id":"148","pokemon_move_method_id":"4","level":"0","pokemon_id":"26"}{"order":"","version_group_id":"2","move_id":"156","pokemon_move_method_id":"4","level":"0","pokemon_id":"26"}{"order":"","version_group_id":"2","move_id":"164","pokemon_move_method_id":"4","level":"0","pokemon_id":"26"}{"order":"","version_group_id":"3","move_id":"9","pokemon_move_method_id":"4","level":"0","pokemon_id":"26"}{"order":"","version_group_id":"3","move_id":"29","pokemon_move_method_id":"4","level":"0","pokemon_id":"26"}{"order":"2","version_group_id":"3","move_id":"39","pokemon_move_method_id":"1","level":"1","pokemon_id":"26"}{"order":"","version_group_id":"3","move_id":"63","pokemon_move_method_id":"4","level":"0","pokemon_id":"26"}{"order":"","version_group_id":"3","move_id":"70","pokemon_move_method_id":"4","level":"0","pokemon_id":"26"}{"order":"1","version_group_id":"3","move_id":"84","pokemon_move_method_id":"1","level":"1","pokemon_id":"26"}{"order":"4","version_group_id":"3","move_id":"85","pokemon_move_method_id":"1","level":"1","pokemon_id":"26"}{"order":"","version_group_id":"3","move_id":"87","pokemon_move_method_id":"4","level":"0","pokemon_id":"26"}{"order":"","version_group_id":"3","move_id":"92","pokemon_move_method_id":"4","level":"0","pokemon_id":"26"}{"order":"3","version_group_id":"3","move_id":"98","pokemon_move_method_id":"1","level":"1","pokemon_id":"26"}{"order":"","version_group_id":"3","move_id":"104","pokemon_move_method_id":"4","level":"0","pokemon_id":"26"}{"order":"","version_group_id":"3","move_id":"111","pokemon_move_method_id":"4","level":"0","pokemon_id":"26"}{"order":"","version_group_id":"3","move_id":"129","pokemon_move_method_id":"4","level":"0","pokemon_id":"26"}{"order":"","version_group_id":"3","move_id":"148","pokemon_move_method_id":"4","level":"0","pokemon_id":"26"}{"order":"","version_group_id":"3","move_id":"156","pokemon_move_method_id":"4","level":"0","pokemon_id":"26"}{"order":"","version_group_id":"3","move_id":"168","pokemon_move_method_id":"4","level":"0","pokemon_id":"26"}{"order":"","version_group_id":"3","move_id":"173","pokemon_move_method_id":"4","level":"0","pokemon_id":"26"}{"order":"","version_group_id":"3","move_id":"174","pokemon_move_method_id":"4","level":"0","pokemon_id":"26"}{"order":"","version_group_id":"3","move_id":"182","pokemon_move_method_id":"4","level":"0","pokemon_id":"26"}{"order":"","version_group_id":"3","move_id":"189","pokemon_move_method_id":"4","level":"0","pokemon_id":"26"}{"order":"","version_group_id":"3","move_id":"192","pokemon_move_method_id":"4","level":"0","pokemon_id":"26"}{"order":"","version_group_id":"3","move_id":"197","pokemon_move_method_id":"4","level":"0","pokemon_id":"26"}{"order":"","version_group_id":"3","move_id":"203","pokemon_move_method_id":"4","level":"0","pokemon_id":"26"}{"order":"","version_group_id":"3","move_id":"205","pokemon_move_method_id":"4","level":"0","pokemon_id":"26"}{"order":"","version_group_id":"3","move_id":"207","pokemon_move_method_id":"4","level":"0","pokemon_id":"26"}{"order":"","version_group_id":"3","move_id":"213","pokemon_move_method_id":"4","level":"0","pokemon_id":"26"}{"order":"","version_group_id":"3","move_id":"214","pokemon_move_method_id":"4","level":"0","pokemon_id":"26"}{"order":"","version_group_id":"3","move_id":"216","pokemon_move_method_id":"4","level":"0","pokemon_id":"26"}{"order":"","version_group_id":"3","move_id":"218","pokemon_move_method_id":"4","level":"0","pokemon_id":"26"}{"order":"","version_group_id":"3","move_id":"223","pokemon_move_method_id":"4","level":"0","pokemon_id":"26"}{"order":"","version_group_id":"3","move_id":"231","pokemon_move_method_id":"4","level":"0","pokemon_id":"26"}{"order":"","version_group_id":"3","move_id":"237","pokemon_move_method_id":"4","level":"0","pokemon_id":"26"}{"order":"","version_group_id":"3","move_id":"240","pokemon_move_method_id":"4","level":"0","pokemon_id":"26"}{"order":"","version_group_id":"4","move_id":"9","pokemon_move_method_id":"4","level":"0","pokemon_id":"26"}{"order":"","version_group_id":"4","move_id":"29","pokemon_move_method_id":"4","level":"0","pokemon_id":"26"}{"order":"2","version_group_id":"4","move_id":"39","pokemon_move_method_id":"1","level":"1","pokemon_id":"26"}{"order":"","version_group_id":"4","move_id":"63","pokemon_move_method_id":"4","level":"0","pokemon_id":"26"}{"order":"","version_group_id":"4","move_id":"70","pokemon_move_method_id":"4","level":"0","pokemon_id":"26"}{"order":"1","version_group_id":"4","move_id":"84","pokemon_move_method_id":"1","level":"1","pokemon_id":"26"}{"order":"4","version_group_id":"4","move_id":"85","pokemon_move_method_id":"1","level":"1","pokemon_id":"26"}{"order":"","version_group_id":"4","move_id":"85","pokemon_move_method_id":"3","level":"0","pokemon_id":"26"}{"order":"","version_group_id":"4","move_id":"87","pokemon_move_method_id":"4","level":"0","pokemon_id":"26"}{"order":"","version_group_id":"4","move_id":"92","pokemon_move_method_id":"4","level":"0","pokemon_id":"26"}{"order":"3","version_group_id":"4","move_id":"98","pokemon_move_method_id":"1","level":"1","pokemon_id":"26"}{"order":"","version_group_id":"4","move_id":"104","pokemon_move_method_id":"4","level":"0","pokemon_id":"26"}{"order":"","version_group_id":"4","move_id":"111","pokemon_move_method_id":"4","level":"0","pokemon_id":"26"}{"order":"","version_group_id":"4","move_id":"129","pokemon_move_method_id":"4","level":"0","pokemon_id":"26"}{"order":"","version_group_id":"4","move_id":"148","pokemon_move_method_id":"4","level":"0","pokemon_id":"26"}{"order":"","version_group_id":"4","move_id":"156","pokemon_move_method_id":"4","level":"0","pokemon_id":"26"}{"order":"","version_group_id":"4","move_id":"168","pokemon_move_method_id":"4","level":"0","pokemon_id":"26"}{"order":"","version_group_id":"4","move_id":"173","pokemon_move_method_id":"4","level":"0","pokemon_id":"26"}{"order":"","version_group_id":"4","move_id":"174","pokemon_move_method_id":"4","level":"0","pokemon_id":"26"}{"order":"","version_group_id":"4","move_id":"182","pokemon_move_method_id":"4","level":"0","pokemon_id":"26"}{"order":"","version_group_id":"4","move_id":"189","pokemon_move_method_id":"4","level":"0","pokemon_id":"26"}{"order":"","version_group_id":"4","move_id":"192","pokemon_move_method_id":"4","level":"0","pokemon_id":"26"}{"order":"","version_group_id":"4","move_id":"197","pokemon_move_method_id":"4","level":"0","pokemon_id":"26"}{"order":"","version_group_id":"4","move_id":"203","pokemon_move_method_id":"4","level":"0","pokemon_id":"26"}{"order":"","version_group_id":"4","move_id":"205","pokemon_move_method_id":"4","level":"0","pokemon_id":"26"}{"order":"","version_group_id":"4","move_id":"207","pokemon_move_method_id":"4","level":"0","pokemon_id":"26"}{"order":"","version_group_id":"4","move_id":"213","pokemon_move_method_id":"4","level":"0","pokemon_id":"26"}{"order":"","version_group_id":"4","move_id":"214","pokemon_move_method_id":"4","level":"0","pokemon_id":"26"}{"order":"","version_group_id":"4","move_id":"216","pokemon_move_method_id":"4","level":"0","pokemon_id":"26"}{"order":"","version_group_id":"4","move_id":"218","pokemon_move_method_id":"4","level":"0","pokemon_id":"26"}{"order":"","version_group_id":"4","move_id":"223","pokemon_move_method_id":"4","level":"0","pokemon_id":"26"}{"order":"","version_group_id":"4","move_id":"231","pokemon_move_method_id":"4","level":"0","pokemon_id":"26"}{"order":"","version_group_id":"4","move_id":"237","pokemon_move_method_id":"4","level":"0","pokemon_id":"26"}{"order":"","version_group_id":"4","move_id":"240","pokemon_move_method_id":"4","level":"0","pokemon_id":"26"}{"order":"2","version_group_id":"5","move_id":"39","pokemon_move_method_id":"1","level":"1","pokemon_id":"26"}{"order":"","version_group_id":"5","move_id":"63","pokemon_move_method_id":"4","level":"0","pokemon_id":"26"}{"order":"","version_group_id":"5","move_id":"70","pokemon_move_method_id":"4","level":"0","pokemon_id":"26"}{"order":"1","version_group_id":"5","move_id":"84","pokemon_move_method_id":"1","level":"1","pokemon_id":"26"}{"order":"4","version_group_id":"5","move_id":"85","pokemon_move_method_id":"1","level":"1","pokemon_id":"26"}{"order":"","version_group_id":"5","move_id":"85","pokemon_move_method_id":"4","level":"0","pokemon_id":"26"}{"order":"","version_group_id":"5","move_id":"87","pokemon_move_method_id":"4","level":"0","pokemon_id":"26"}{"order":"","version_group_id":"5","move_id":"91","pokemon_move_method_id":"4","level":"0","pokemon_id":"26"}{"order":"","version_group_id":"5","move_id":"92","pokemon_move_method_id":"4","level":"0","pokemon_id":"26"}{"order":"3","version_group_id":"5","move_id":"98","pokemon_move_method_id":"1","level":"1","pokemon_id":"26"}{"order":"","version_group_id":"5","move_id":"104","pokemon_move_method_id":"4","level":"0","pokemon_id":"26"}{"order":"","version_group_id":"5","move_id":"113","pokemon_move_method_id":"4","level":"0","pokemon_id":"26"}{"order":"","version_group_id":"5","move_id":"148","pokemon_move_method_id":"4","level":"0","pokemon_id":"26"}{"order":"","version_group_id":"5","move_id":"156","pokemon_move_method_id":"4","level":"0","pokemon_id":"26"}{"order":"","version_group_id":"5","move_id":"168","pokemon_move_method_id":"4","level":"0","pokemon_id":"26"}{"order":"","version_group_id":"5","move_id":"182","pokemon_move_method_id":"4","level":"0","pokemon_id":"26"}{"order":"","version_group_id":"5","move_id":"213","pokemon_move_method_id":"4","level":"0","pokemon_id":"26"}{"order":"","version_group_id":"5","move_id":"216","pokemon_move_method_id":"4","level":"0","pokemon_id":"26"}{"order":"","version_group_id":"5","move_id":"218","pokemon_move_method_id":"4","level":"0","pokemon_id":"26"}{"order":"","version_group_id":"5","move_id":"231","pokemon_move_method_id":"4","level":"0","pokemon_id":"26"}{"order":"","version_group_id":"5","move_id":"237","pokemon_move_method_id":"4","level":"0","pokemon_id":"26"}{"order":"","version_group_id":"5","move_id":"240","pokemon_move_method_id":"4","level":"0","pokemon_id":"26"}{"order":"","version_group_id":"5","move_id":"249","pokemon_move_method_id":"4","level":"0","pokemon_id":"26"}{"order":"","version_group_id":"5","move_id":"263","pokemon_move_method_id":"4","level":"0","pokemon_id":"26"}{"order":"","version_group_id":"5","move_id":"264","pokemon_move_method_id":"4","level":"0","pokemon_id":"26"}{"order":"","version_group_id":"5","move_id":"280","pokemon_move_method_id":"4","level":"0","pokemon_id":"26"}{"order":"","version_group_id":"5","move_id":"290","pokemon_move_method_id":"4","level":"0","pokemon_id":"26"}{"order":"","version_group_id":"5","move_id":"351","pokemon_move_method_id":"4","level":"0","pokemon_id":"26"}{"order":"","version_group_id":"6","move_id":"5","pokemon_move_method_id":"3","level":"0","pokemon_id":"26"}{"order":"","version_group_id":"6","move_id":"9","pokemon_move_method_id":"3","level":"0","pokemon_id":"26"}{"order":"","version_group_id":"6","move_id":"25","pokemon_move_method_id":"3","level":"0","pokemon_id":"26"}{"order":"","version_group_id":"6","move_id":"34","pokemon_move_method_id":"3","level":"0","pokemon_id":"26"}{"order":"","version_group_id":"6","move_id":"38","pokemon_move_method_id":"3","level":"0","pokemon_id":"26"}{"order":"2","version_group_id":"6","move_id":"39","pokemon_move_method_id":"1","level":"1","pokemon_id":"26"}{"order":"","version_group_id":"6","move_id":"63","pokemon_move_method_id":"4","level":"0","pokemon_id":"26"}{"order":"","version_group_id":"6","move_id":"68","pokemon_move_method_id":"3","level":"0","pokemon_id":"26"}{"order":"","version_group_id":"6","move_id":"69","pokemon_move_method_id":"3","level":"0","pokemon_id":"26"}{"order":"","version_group_id":"6","move_id":"70","pokemon_move_method_id":"4","level":"0","pokemon_id":"26"}{"order":"1","version_group_id":"6","move_id":"84","pokemon_move_method_id":"1","level":"1","pokemon_id":"26"}{"order":"4","version_group_id":"6","move_id":"85","pokemon_move_method_id":"1","level":"1","pokemon_id":"26"}{"order":"","version_group_id":"6","move_id":"85","pokemon_move_method_id":"4","level":"0","pokemon_id":"26"}{"order":"","version_group_id":"6","move_id":"86","pokemon_move_method_id":"3","level":"0","pokemon_id":"26"}{"order":"","version_group_id":"6","move_id":"87","pokemon_move_method_id":"4","level":"0","pokemon_id":"26"}{"order":"","version_group_id":"6","move_id":"91","pokemon_move_method_id":"4","level":"0","pokemon_id":"26"}{"order":"","version_group_id":"6","move_id":"92","pokemon_move_method_id":"4","level":"0","pokemon_id":"26"}{"order":"3","version_group_id":"6","move_id":"98","pokemon_move_method_id":"1","level":"1","pokemon_id":"26"}{"order":"","version_group_id":"6","move_id":"102","pokemon_move_method_id":"3","level":"0","pokemon_id":"26"}{"order":"","version_group_id":"6","move_id":"104","pokemon_move_method_id":"4","level":"0","pokemon_id":"26"}{"order":"","version_group_id":"6","move_id":"111","pokemon_move_method_id":"3","level":"0","pokemon_id":"26"}{"order":"","version_group_id":"6","move_id":"113","pokemon_move_method_id":"4","level":"0","pokemon_id":"26"}{"order":"","version_group_id":"6","move_id":"129","pokemon_move_method_id":"3","level":"0","pokemon_id":"26"}{"order":"","version_group_id":"6","move_id":"148","pokemon_move_method_id":"4","level":"0","pokemon_id":"26"}{"order":"","version_group_id":"6","move_id":"156","pokemon_move_method_id":"4","level":"0","pokemon_id":"26"}{"order":"","version_group_id":"6","move_id":"164","pokemon_move_method_id":"3","level":"0","pokemon_id":"26"}{"order":"","version_group_id":"6","move_id":"168","pokemon_move_method_id":"4","level":"0","pokemon_id":"26"}{"order":"","version_group_id":"6","move_id":"173","pokemon_move_method_id":"3","level":"0","pokemon_id":"26"}{"order":"","version_group_id":"6","move_id":"182","pokemon_move_method_id":"4","level":"0","pokemon_id":"26"}{"order":"","version_group_id":"6","move_id":"189","pokemon_move_method_id":"3","level":"0","pokemon_id":"26"}{"order":"","version_group_id":"6","move_id":"203","pokemon_move_method_id":"3","level":"0","pokemon_id":"26"}{"order":"","version_group_id":"6","move_id":"205","pokemon_move_method_id":"3","level":"0","pokemon_id":"26"}{"order":"","version_group_id":"6","move_id":"207","pokemon_move_method_id":"3","level":"0","pokemon_id":"26"}{"order":"","version_group_id":"6","move_id":"213","pokemon_move_method_id":"4","level":"0","pokemon_id":"26"}{"order":"","version_group_id":"6","move_id":"214","pokemon_move_method_id":"3","level":"0","pokemon_id":"26"}{"order":"","version_group_id":"6","move_id":"216","pokemon_move_method_id":"4","level":"0","pokemon_id":"26"}{"order":"","version_group_id":"6","move_id":"218","pokemon_move_method_id":"4","level":"0","pokemon_id":"26"}{"order":"","version_group_id":"6","move_id":"223","pokemon_move_method_id":"3","level":"0","pokemon_id":"26"}{"order":"","version_group_id":"6","move_id":"231","pokemon_move_method_id":"4","level":"0","pokemon_id":"26"}{"order":"","version_group_id":"6","move_id":"237","pokemon_move_method_id":"4","level":"0","pokemon_id":"26"}{"order":"","version_group_id":"6","move_id":"240","pokemon_move_method_id":"4","level":"0","pokemon_id":"26"}{"order":"","version_group_id":"6","move_id":"249","pokemon_move_method_id":"4","level":"0","pokemon_id":"26"}{"order":"","version_group_id":"6","move_id":"263","pokemon_move_method_id":"4","level":"0","pokemon_id":"26"}{"order":"","version_group_id":"6","move_id":"264","pokemon_move_method_id":"4","level":"0","pokemon_id":"26"}{"order":"","version_group_id":"6","move_id":"280","pokemon_move_method_id":"4","level":"0","pokemon_id":"26"}{"order":"","version_group_id":"6","move_id":"290","pokemon_move_method_id":"4","level":"0","pokemon_id":"26"}{"order":"","version_group_id":"6","move_id":"351","pokemon_move_method_id":"4","level":"0","pokemon_id":"26"}{"order":"","version_group_id":"7","move_id":"5","pokemon_move_method_id":"3","level":"0","pokemon_id":"26"}{"order":"","version_group_id":"7","move_id":"25","pokemon_move_method_id":"3","level":"0","pokemon_id":"26"}{"order":"","version_group_id":"7","move_id":"34","pokemon_move_method_id":"3","level":"0","pokemon_id":"26"}{"order":"","version_group_id":"7","move_id":"38","pokemon_move_method_id":"3","level":"0","pokemon_id":"26"}{"order":"2","version_group_id":"7","move_id":"39","pokemon_move_method_id":"1","level":"1","pokemon_id":"26"}{"order":"","version_group_id":"7","move_id":"63","pokemon_move_method_id":"4","level":"0","pokemon_id":"26"}{"order":"","version_group_id":"7","move_id":"68","pokemon_move_method_id":"3","level":"0","pokemon_id":"26"}{"order":"","version_group_id":"7","move_id":"69","pokemon_move_method_id":"3","level":"0","pokemon_id":"26"}{"order":"","version_group_id":"7","move_id":"70","pokemon_move_method_id":"4","level":"0","pokemon_id":"26"}{"order":"1","version_group_id":"7","move_id":"84","pokemon_move_method_id":"1","level":"1","pokemon_id":"26"}{"order":"4","version_group_id":"7","move_id":"85","pokemon_move_method_id":"1","level":"1","pokemon_id":"26"}{"order":"","version_group_id":"7","move_id":"85","pokemon_move_method_id":"4","level":"0","pokemon_id":"26"}{"order":"","version_group_id":"7","move_id":"86","pokemon_move_method_id":"3","level":"0","pokemon_id":"26"}{"order":"","version_group_id":"7","move_id":"87","pokemon_move_method_id":"4","level":"0","pokemon_id":"26"}{"order":"","version_group_id":"7","move_id":"91","pokemon_move_method_id":"4","level":"0","pokemon_id":"26"}{"order":"","version_group_id":"7","move_id":"92","pokemon_move_method_id":"4","level":"0","pokemon_id":"26"}{"order":"3","version_group_id":"7","move_id":"98","pokemon_move_method_id":"1","level":"1","pokemon_id":"26"}{"order":"","version_group_id":"7","move_id":"102","pokemon_move_method_id":"3","level":"0","pokemon_id":"26"}{"order":"","version_group_id":"7","move_id":"104","pokemon_move_method_id":"4","level":"0","pokemon_id":"26"}{"order":"","version_group_id":"7","move_id":"113","pokemon_move_method_id":"4","level":"0","pokemon_id":"26"}{"order":"","version_group_id":"7","move_id":"148","pokemon_move_method_id":"4","level":"0","pokemon_id":"26"}{"order":"","version_group_id":"7","move_id":"156","pokemon_move_method_id":"4","level":"0","pokemon_id":"26"}{"order":"","version_group_id":"7","move_id":"164","pokemon_move_method_id":"3","level":"0","pokemon_id":"26"}{"order":"","version_group_id":"7","move_id":"168","pokemon_move_method_id":"4","level":"0","pokemon_id":"26"}{"order":"","version_group_id":"7","move_id":"182","pokemon_move_method_id":"4","level":"0","pokemon_id":"26"}{"order":"","version_group_id":"7","move_id":"213","pokemon_move_method_id":"4","level":"0","pokemon_id":"26"}{"order":"","version_group_id":"7","move_id":"216","pokemon_move_method_id":"4","level":"0","pokemon_id":"26"}{"order":"","version_group_id":"7","move_id":"218","pokemon_move_method_id":"4","level":"0","pokemon_id":"26"}{"order":"","version_group_id":"7","move_id":"231","pokemon_move_method_id":"4","level":"0","pokemon_id":"26"}{"order":"","version_group_id":"7","move_id":"237","pokemon_move_method_id":"4","level":"0","pokemon_id":"26"}{"order":"","version_group_id":"7","move_id":"240","pokemon_move_method_id":"4","level":"0","pokemon_id":"26"}{"order":"","version_group_id":"7","move_id":"249","pokemon_move_method_id":"4","level":"0","pokemon_id":"26"}{"order":"","version_group_id":"7","move_id":"263","pokemon_move_method_id":"4","level":"0","pokemon_id":"26"}{"order":"","version_group_id":"7","move_id":"264","pokemon_move_method_id":"4","level":"0","pokemon_id":"26"}{"order":"","version_group_id":"7","move_id":"280","pokemon_move_method_id":"4","level":"0","pokemon_id":"26"}{"order":"","version_group_id":"7","move_id":"290","pokemon_move_method_id":"4","level":"0","pokemon_id":"26"}{"order":"","version_group_id":"7","move_id":"351","pokemon_move_method_id":"4","level":"0","pokemon_id":"26"}{"order":"2","version_group_id":"8","move_id":"39","pokemon_move_method_id":"1","level":"1","pokemon_id":"26"}{"order":"","version_group_id":"8","move_id":"63","pokemon_move_method_id":"4","level":"0","pokemon_id":"26"}{"order":"","version_group_id":"8","move_id":"70","pokemon_move_method_id":"4","level":"0","pokemon_id":"26"}{"order":"1","version_group_id":"8","move_id":"84","pokemon_move_method_id":"1","level":"1","pokemon_id":"26"}{"order":"4","version_group_id":"8","move_id":"85","pokemon_move_method_id":"1","level":"1","pokemon_id":"26"}{"order":"","version_group_id":"8","move_id":"85","pokemon_move_method_id":"4","level":"0","pokemon_id":"26"}{"order":"","version_group_id":"8","move_id":"86","pokemon_move_method_id":"4","level":"0","pokemon_id":"26"}{"order":"","version_group_id":"8","move_id":"87","pokemon_move_method_id":"4","level":"0","pokemon_id":"26"}{"order":"","version_group_id":"8","move_id":"91","pokemon_move_method_id":"4","level":"0","pokemon_id":"26"}{"order":"","version_group_id":"8","move_id":"92","pokemon_move_method_id":"4","level":"0","pokemon_id":"26"}{"order":"3","version_group_id":"8","move_id":"98","pokemon_move_method_id":"1","level":"1","pokemon_id":"26"}{"order":"","version_group_id":"8","move_id":"104","pokemon_move_method_id":"4","level":"0","pokemon_id":"26"}{"order":"","version_group_id":"8","move_id":"113","pokemon_move_method_id":"4","level":"0","pokemon_id":"26"}{"order":"","version_group_id":"8","move_id":"148","pokemon_move_method_id":"4","level":"0","pokemon_id":"26"}{"order":"","version_group_id":"8","move_id":"156","pokemon_move_method_id":"4","level":"0","pokemon_id":"26"}{"order":"","version_group_id":"8","move_id":"164","pokemon_move_method_id":"4","level":"0","pokemon_id":"26"}{"order":"","version_group_id":"8","move_id":"168","pokemon_move_method_id":"4","level":"0","pokemon_id":"26"}{"order":"","version_group_id":"8","move_id":"182","pokemon_move_method_id":"4","level":"0","pokemon_id":"26"}{"order":"","version_group_id":"8","move_id":"203","pokemon_move_method_id":"4","level":"0","pokemon_id":"26"}{"order":"","version_group_id":"8","move_id":"207","pokemon_move_method_id":"4","level":"0","pokemon_id":"26"}{"order":"","version_group_id":"8","move_id":"213","pokemon_move_method_id":"4","level":"0","pokemon_id":"26"}{"order":"","version_group_id":"8","move_id":"214","pokemon_move_method_id":"4","level":"0","pokemon_id":"26"}{"order":"","version_group_id":"8","move_id":"216","pokemon_move_method_id":"4","level":"0","pokemon_id":"26"}{"order":"","version_group_id":"8","move_id":"218","pokemon_move_method_id":"4","level":"0","pokemon_id":"26"}{"order":"","version_group_id":"8","move_id":"231","pokemon_move_method_id":"4","level":"0","pokemon_id":"26"}{"order":"","version_group_id":"8","move_id":"237","pokemon_move_method_id":"4","level":"0","pokemon_id":"26"}{"order":"","version_group_id":"8","move_id":"240","pokemon_move_method_id":"4","level":"0","pokemon_id":"26"}{"order":"","version_group_id":"8","move_id":"249","pokemon_move_method_id":"4","level":"0","pokemon_id":"26"}{"order":"","version_group_id":"8","move_id":"263","pokemon_move_method_id":"4","level":"0","pokemon_id":"26"}{"order":"","version_group_id":"8","move_id":"264","pokemon_move_method_id":"4","level":"0","pokemon_id":"26"}{"order":"","version_group_id":"8","move_id":"280","pokemon_move_method_id":"4","level":"0","pokemon_id":"26"}{"order":"","version_group_id":"8","move_id":"290","pokemon_move_method_id":"4","level":"0","pokemon_id":"26"}{"order":"","version_group_id":"8","move_id":"351","pokemon_move_method_id":"4","level":"0","pokemon_id":"26"}{"order":"","version_group_id":"8","move_id":"363","pokemon_move_method_id":"4","level":"0","pokemon_id":"26"}{"order":"","version_group_id":"8","move_id":"374","pokemon_move_method_id":"4","level":"0","pokemon_id":"26"}{"order":"","version_group_id":"8","move_id":"411","pokemon_move_method_id":"4","level":"0","pokemon_id":"26"}{"order":"","version_group_id":"8","move_id":"416","pokemon_move_method_id":"4","level":"0","pokemon_id":"26"}{"order":"","version_group_id":"8","move_id":"445","pokemon_move_method_id":"4","level":"0","pokemon_id":"26"}{"order":"","version_group_id":"8","move_id":"447","pokemon_move_method_id":"4","level":"0","pokemon_id":"26"}{"order":"","version_group_id":"8","move_id":"451","pokemon_move_method_id":"4","level":"0","pokemon_id":"26"}{"order":"","version_group_id":"9","move_id":"9","pokemon_move_method_id":"3","level":"0","pokemon_id":"26"}{"order":"2","version_group_id":"9","move_id":"39","pokemon_move_method_id":"1","level":"1","pokemon_id":"26"}{"order":"","version_group_id":"9","move_id":"63","pokemon_move_method_id":"4","level":"0","pokemon_id":"26"}{"order":"","version_group_id":"9","move_id":"70","pokemon_move_method_id":"4","level":"0","pokemon_id":"26"}{"order":"1","version_group_id":"9","move_id":"84","pokemon_move_method_id":"1","level":"1","pokemon_id":"26"}{"order":"4","version_group_id":"9","move_id":"85","pokemon_move_method_id":"1","level":"1","pokemon_id":"26"}{"order":"","version_group_id":"9","move_id":"85","pokemon_move_method_id":"4","level":"0","pokemon_id":"26"}{"order":"","version_group_id":"9","move_id":"86","pokemon_move_method_id":"4","level":"0","pokemon_id":"26"}{"order":"","version_group_id":"9","move_id":"87","pokemon_move_method_id":"4","level":"0","pokemon_id":"26"}{"order":"","version_group_id":"9","move_id":"91","pokemon_move_method_id":"4","level":"0","pokemon_id":"26"}{"order":"","version_group_id":"9","move_id":"92","pokemon_move_method_id":"4","level":"0","pokemon_id":"26"}{"order":"3","version_group_id":"9","move_id":"98","pokemon_move_method_id":"1","level":"1","pokemon_id":"26"}{"order":"","version_group_id":"9","move_id":"104","pokemon_move_method_id":"4","level":"0","pokemon_id":"26"}{"order":"","version_group_id":"9","move_id":"113","pokemon_move_method_id":"4","level":"0","pokemon_id":"26"}{"order":"","version_group_id":"9","move_id":"129","pokemon_move_method_id":"3","level":"0","pokemon_id":"26"}{"order":"","version_group_id":"9","move_id":"148","pokemon_move_method_id":"4","level":"0","pokemon_id":"26"}{"order":"","version_group_id":"9","move_id":"156","pokemon_move_method_id":"4","level":"0","pokemon_id":"26"}{"order":"","version_group_id":"9","move_id":"164","pokemon_move_method_id":"4","level":"0","pokemon_id":"26"}{"order":"","version_group_id":"9","move_id":"168","pokemon_move_method_id":"4","level":"0","pokemon_id":"26"}{"order":"","version_group_id":"9","move_id":"173","pokemon_move_method_id":"3","level":"0","pokemon_id":"26"}{"order":"","version_group_id":"9","move_id":"182","pokemon_move_method_id":"4","level":"0","pokemon_id":"26"}{"order":"","version_group_id":"9","move_id":"189","pokemon_move_method_id":"3","level":"0","pokemon_id":"26"}{"order":"","version_group_id":"9","move_id":"203","pokemon_move_method_id":"4","level":"0","pokemon_id":"26"}{"order":"","version_group_id":"9","move_id":"205","pokemon_move_method_id":"3","level":"0","pokemon_id":"26"}{"order":"","version_group_id":"9","move_id":"207","pokemon_move_method_id":"4","level":"0","pokemon_id":"26"}{"order":"","version_group_id":"9","move_id":"213","pokemon_move_method_id":"4","level":"0","pokemon_id":"26"}{"order":"","version_group_id":"9","move_id":"214","pokemon_move_method_id":"4","level":"0","pokemon_id":"26"}{"order":"","version_group_id":"9","move_id":"216","pokemon_move_method_id":"4","level":"0","pokemon_id":"26"}{"order":"","version_group_id":"9","move_id":"218","pokemon_move_method_id":"4","level":"0","pokemon_id":"26"}{"order":"","version_group_id":"9","move_id":"231","pokemon_move_method_id":"4","level":"0","pokemon_id":"26"}{"order":"","version_group_id":"9","move_id":"237","pokemon_move_method_id":"4","level":"0","pokemon_id":"26"}{"order":"","version_group_id":"9","move_id":"240","pokemon_move_method_id":"4","level":"0","pokemon_id":"26"}{"order":"","version_group_id":"9","move_id":"249","pokemon_move_method_id":"4","level":"0","pokemon_id":"26"}{"order":"","version_group_id":"9","move_id":"263","pokemon_move_method_id":"4","level":"0","pokemon_id":"26"}{"order":"","version_group_id":"9","move_id":"264","pokemon_move_method_id":"4","level":"0","pokemon_id":"26"}{"order":"","version_group_id":"9","move_id":"270","pokemon_move_method_id":"3","level":"0","pokemon_id":"26"}{"order":"","version_group_id":"9","move_id":"280","pokemon_move_method_id":"4","level":"0","pokemon_id":"26"}{"order":"","version_group_id":"9","move_id":"282","pokemon_move_method_id":"3","level":"0","pokemon_id":"26"}{"order":"","version_group_id":"9","move_id":"290","pokemon_move_method_id":"4","level":"0","pokemon_id":"26"}{"order":"","version_group_id":"9","move_id":"324","pokemon_move_method_id":"3","level":"0","pokemon_id":"26"}{"order":"","version_group_id":"9","move_id":"351","pokemon_move_method_id":"4","level":"0","pokemon_id":"26"}{"order":"","version_group_id":"9","move_id":"363","pokemon_move_method_id":"4","level":"0","pokemon_id":"26"}{"order":"","version_group_id":"9","move_id":"374","pokemon_move_method_id":"4","level":"0","pokemon_id":"26"}{"order":"","version_group_id":"9","move_id":"393","pokemon_move_method_id":"3","level":"0","pokemon_id":"26"}{"order":"","version_group_id":"9","move_id":"411","pokemon_move_method_id":"4","level":"0","pokemon_id":"26"}{"order":"","version_group_id":"9","move_id":"416","pokemon_move_method_id":"4","level":"0","pokemon_id":"26"}{"order":"","version_group_id":"9","move_id":"445","pokemon_move_method_id":"4","level":"0","pokemon_id":"26"}{"order":"","version_group_id":"9","move_id":"447","pokemon_move_method_id":"4","level":"0","pokemon_id":"26"}{"order":"","version_group_id":"9","move_id":"451","pokemon_move_method_id":"4","level":"0","pokemon_id":"26"}{"order":"","version_group_id":"10","move_id":"9","pokemon_move_method_id":"3","level":"0","pokemon_id":"26"}{"order":"","version_group_id":"10","move_id":"29","pokemon_move_method_id":"3","level":"0","pokemon_id":"26"}{"order":"2","version_group_id":"10","move_id":"39","pokemon_move_method_id":"1","level":"1","pokemon_id":"26"}{"order":"","version_group_id":"10","move_id":"63","pokemon_move_method_id":"4","level":"0","pokemon_id":"26"}{"order":"","version_group_id":"10","move_id":"70","pokemon_move_method_id":"4","level":"0","pokemon_id":"26"}{"order":"1","version_group_id":"10","move_id":"84","pokemon_move_method_id":"1","level":"1","pokemon_id":"26"}{"order":"4","version_group_id":"10","move_id":"85","pokemon_move_method_id":"1","level":"1","pokemon_id":"26"}{"order":"","version_group_id":"10","move_id":"85","pokemon_move_method_id":"4","level":"0","pokemon_id":"26"}{"order":"","version_group_id":"10","move_id":"86","pokemon_move_method_id":"4","level":"0","pokemon_id":"26"}{"order":"","version_group_id":"10","move_id":"87","pokemon_move_method_id":"4","level":"0","pokemon_id":"26"}{"order":"","version_group_id":"10","move_id":"91","pokemon_move_method_id":"4","level":"0","pokemon_id":"26"}{"order":"","version_group_id":"10","move_id":"92","pokemon_move_method_id":"4","level":"0","pokemon_id":"26"}{"order":"3","version_group_id":"10","move_id":"98","pokemon_move_method_id":"1","level":"1","pokemon_id":"26"}{"order":"","version_group_id":"10","move_id":"104","pokemon_move_method_id":"4","level":"0","pokemon_id":"26"}{"order":"","version_group_id":"10","move_id":"113","pokemon_move_method_id":"4","level":"0","pokemon_id":"26"}{"order":"","version_group_id":"10","move_id":"129","pokemon_move_method_id":"3","level":"0","pokemon_id":"26"}{"order":"","version_group_id":"10","move_id":"148","pokemon_move_method_id":"4","level":"0","pokemon_id":"26"}{"order":"","version_group_id":"10","move_id":"156","pokemon_move_method_id":"4","level":"0","pokemon_id":"26"}{"order":"","version_group_id":"10","move_id":"164","pokemon_move_method_id":"4","level":"0","pokemon_id":"26"}{"order":"","version_group_id":"10","move_id":"168","pokemon_move_method_id":"4","level":"0","pokemon_id":"26"}{"order":"","version_group_id":"10","move_id":"173","pokemon_move_method_id":"3","level":"0","pokemon_id":"26"}{"order":"","version_group_id":"10","move_id":"182","pokemon_move_method_id":"4","level":"0","pokemon_id":"26"}{"order":"","version_group_id":"10","move_id":"189","pokemon_move_method_id":"3","level":"0","pokemon_id":"26"}{"order":"","version_group_id":"10","move_id":"203","pokemon_move_method_id":"4","level":"0","pokemon_id":"26"}{"order":"","version_group_id":"10","move_id":"205","pokemon_move_method_id":"3","level":"0","pokemon_id":"26"}{"order":"","version_group_id":"10","move_id":"207","pokemon_move_method_id":"4","level":"0","pokemon_id":"26"}{"order":"","version_group_id":"10","move_id":"213","pokemon_move_method_id":"4","level":"0","pokemon_id":"26"}{"order":"","version_group_id":"10","move_id":"214","pokemon_move_method_id":"4","level":"0","pokemon_id":"26"}{"order":"","version_group_id":"10","move_id":"216","pokemon_move_method_id":"4","level":"0","pokemon_id":"26"}{"order":"","version_group_id":"10","move_id":"218","pokemon_move_method_id":"4","level":"0","pokemon_id":"26"}{"order":"","version_group_id":"10","move_id":"231","pokemon_move_method_id":"4","level":"0","pokemon_id":"26"}{"order":"","version_group_id":"10","move_id":"237","pokemon_move_method_id":"4","level":"0","pokemon_id":"26"}{"order":"","version_group_id":"10","move_id":"240","pokemon_move_method_id":"4","level":"0","pokemon_id":"26"}{"order":"","version_group_id":"10","move_id":"249","pokemon_move_method_id":"4","level":"0","pokemon_id":"26"}{"order":"","version_group_id":"10","move_id":"263","pokemon_move_method_id":"4","level":"0","pokemon_id":"26"}{"order":"","version_group_id":"10","move_id":"264","pokemon_move_method_id":"4","level":"0","pokemon_id":"26"}{"order":"","version_group_id":"10","move_id":"270","pokemon_move_method_id":"3","level":"0","pokemon_id":"26"}{"order":"","version_group_id":"10","move_id":"280","pokemon_move_method_id":"4","level":"0","pokemon_id":"26"}{"order":"","version_group_id":"10","move_id":"282","pokemon_move_method_id":"3","level":"0","pokemon_id":"26"}{"order":"","version_group_id":"10","move_id":"290","pokemon_move_method_id":"4","level":"0","pokemon_id":"26"}{"order":"","version_group_id":"10","move_id":"324","pokemon_move_method_id":"3","level":"0","pokemon_id":"26"}{"order":"","version_group_id":"10","move_id":"351","pokemon_move_method_id":"4","level":"0","pokemon_id":"26"}{"order":"","version_group_id":"10","move_id":"363","pokemon_move_method_id":"4","level":"0","pokemon_id":"26"}{"order":"","version_group_id":"10","move_id":"374","pokemon_move_method_id":"4","level":"0","pokemon_id":"26"}{"order":"","version_group_id":"10","move_id":"393","pokemon_move_method_id":"3","level":"0","pokemon_id":"26"}{"order":"","version_group_id":"10","move_id":"411","pokemon_move_method_id":"4","level":"0","pokemon_id":"26"}{"order":"","version_group_id":"10","move_id":"416","pokemon_move_method_id":"4","level":"0","pokemon_id":"26"}{"order":"","version_group_id":"10","move_id":"445","pokemon_move_method_id":"4","level":"0","pokemon_id":"26"}{"order":"","version_group_id":"10","move_id":"447","pokemon_move_method_id":"4","level":"0","pokemon_id":"26"}{"order":"","version_group_id":"10","move_id":"451","pokemon_move_method_id":"4","level":"0","pokemon_id":"26"}{"order":"2","version_group_id":"11","move_id":"39","pokemon_move_method_id":"1","level":"1","pokemon_id":"26"}{"order":"","version_group_id":"11","move_id":"63","pokemon_move_method_id":"4","level":"0","pokemon_id":"26"}{"order":"","version_group_id":"11","move_id":"70","pokemon_move_method_id":"4","level":"0","pokemon_id":"26"}{"order":"1","version_group_id":"11","move_id":"84","pokemon_move_method_id":"1","level":"1","pokemon_id":"26"}{"order":"4","version_group_id":"11","move_id":"85","pokemon_move_method_id":"1","level":"1","pokemon_id":"26"}{"order":"","version_group_id":"11","move_id":"85","pokemon_move_method_id":"4","level":"0","pokemon_id":"26"}{"order":"","version_group_id":"11","move_id":"86","pokemon_move_method_id":"4","level":"0","pokemon_id":"26"}{"order":"","version_group_id":"11","move_id":"87","pokemon_move_method_id":"4","level":"0","pokemon_id":"26"}{"order":"","version_group_id":"11","move_id":"91","pokemon_move_method_id":"4","level":"0","pokemon_id":"26"}{"order":"","version_group_id":"11","move_id":"92","pokemon_move_method_id":"4","level":"0","pokemon_id":"26"}{"order":"3","version_group_id":"11","move_id":"98","pokemon_move_method_id":"1","level":"1","pokemon_id":"26"}{"order":"","version_group_id":"11","move_id":"104","pokemon_move_method_id":"4","level":"0","pokemon_id":"26"}{"order":"","version_group_id":"11","move_id":"113","pokemon_move_method_id":"4","level":"0","pokemon_id":"26"}{"order":"","version_group_id":"11","move_id":"148","pokemon_move_method_id":"4","level":"0","pokemon_id":"26"}{"order":"","version_group_id":"11","move_id":"156","pokemon_move_method_id":"4","level":"0","pokemon_id":"26"}{"order":"","version_group_id":"11","move_id":"164","pokemon_move_method_id":"4","level":"0","pokemon_id":"26"}{"order":"","version_group_id":"11","move_id":"168","pokemon_move_method_id":"4","level":"0","pokemon_id":"26"}{"order":"","version_group_id":"11","move_id":"182","pokemon_move_method_id":"4","level":"0","pokemon_id":"26"}{"order":"","version_group_id":"11","move_id":"207","pokemon_move_method_id":"4","level":"0","pokemon_id":"26"}{"order":"","version_group_id":"11","move_id":"213","pokemon_move_method_id":"4","level":"0","pokemon_id":"26"}{"order":"","version_group_id":"11","move_id":"216","pokemon_move_method_id":"4","level":"0","pokemon_id":"26"}{"order":"","version_group_id":"11","move_id":"218","pokemon_move_method_id":"4","level":"0","pokemon_id":"26"}{"order":"","version_group_id":"11","move_id":"237","pokemon_move_method_id":"4","level":"0","pokemon_id":"26"}{"order":"","version_group_id":"11","move_id":"240","pokemon_move_method_id":"4","level":"0","pokemon_id":"26"}{"order":"","version_group_id":"11","move_id":"249","pokemon_move_method_id":"4","level":"0","pokemon_id":"26"}{"order":"","version_group_id":"11","move_id":"263","pokemon_move_method_id":"4","level":"0","pokemon_id":"26"}{"order":"","version_group_id":"11","move_id":"280","pokemon_move_method_id":"4","level":"0","pokemon_id":"26"}{"order":"","version_group_id":"11","move_id":"374","pokemon_move_method_id":"4","level":"0","pokemon_id":"26"}{"order":"","version_group_id":"11","move_id":"411","pokemon_move_method_id":"4","level":"0","pokemon_id":"26"}{"order":"","version_group_id":"11","move_id":"416","pokemon_move_method_id":"4","level":"0","pokemon_id":"26"}{"order":"","version_group_id":"11","move_id":"447","pokemon_move_method_id":"4","level":"0","pokemon_id":"26"}{"order":"","version_group_id":"11","move_id":"451","pokemon_move_method_id":"4","level":"0","pokemon_id":"26"}{"order":"","version_group_id":"11","move_id":"496","pokemon_move_method_id":"4","level":"0","pokemon_id":"26"}{"order":"","version_group_id":"11","move_id":"497","pokemon_move_method_id":"4","level":"0","pokemon_id":"26"}{"order":"","version_group_id":"11","move_id":"521","pokemon_move_method_id":"4","level":"0","pokemon_id":"26"}{"order":"","version_group_id":"11","move_id":"528","pokemon_move_method_id":"4","level":"0","pokemon_id":"26"}{"order":"2","version_group_id":"12","move_id":"39","pokemon_move_method_id":"1","level":"1","pokemon_id":"26"}{"order":"","version_group_id":"12","move_id":"63","pokemon_move_method_id":"4","level":"0","pokemon_id":"26"}{"order":"","version_group_id":"12","move_id":"70","pokemon_move_method_id":"4","level":"0","pokemon_id":"26"}{"order":"1","version_group_id":"12","move_id":"84","pokemon_move_method_id":"1","level":"1","pokemon_id":"26"}{"order":"4","version_group_id":"12","move_id":"85","pokemon_move_method_id":"1","level":"1","pokemon_id":"26"}{"order":"","version_group_id":"12","move_id":"85","pokemon_move_method_id":"4","level":"0","pokemon_id":"26"}{"order":"","version_group_id":"12","move_id":"87","pokemon_move_method_id":"4","level":"0","pokemon_id":"26"}{"order":"","version_group_id":"12","move_id":"91","pokemon_move_method_id":"4","level":"0","pokemon_id":"26"}{"order":"","version_group_id":"12","move_id":"92","pokemon_move_method_id":"4","level":"0","pokemon_id":"26"}{"order":"3","version_group_id":"12","move_id":"98","pokemon_move_method_id":"1","level":"1","pokemon_id":"26"}{"order":"","version_group_id":"12","move_id":"104","pokemon_move_method_id":"4","level":"0","pokemon_id":"26"}{"order":"","version_group_id":"12","move_id":"113","pokemon_move_method_id":"4","level":"0","pokemon_id":"26"}{"order":"","version_group_id":"12","move_id":"148","pokemon_move_method_id":"4","level":"0","pokemon_id":"26"}{"order":"","version_group_id":"12","move_id":"156","pokemon_move_method_id":"4","level":"0","pokemon_id":"26"}{"order":"","version_group_id":"12","move_id":"168","pokemon_move_method_id":"4","level":"0","pokemon_id":"26"}{"order":"","version_group_id":"12","move_id":"182","pokemon_move_method_id":"4","level":"0","pokemon_id":"26"}{"order":"","version_group_id":"12","move_id":"213","pokemon_move_method_id":"4","level":"0","pokemon_id":"26"}{"order":"","version_group_id":"12","move_id":"216","pokemon_move_method_id":"4","level":"0","pokemon_id":"26"}{"order":"","version_group_id":"12","move_id":"218","pokemon_move_method_id":"4","level":"0","pokemon_id":"26"}{"order":"","version_group_id":"12","move_id":"231","pokemon_move_method_id":"4","level":"0","pokemon_id":"26"}{"order":"","version_group_id":"12","move_id":"237","pokemon_move_method_id":"4","level":"0","pokemon_id":"26"}{"order":"","version_group_id":"12","move_id":"240","pokemon_move_method_id":"4","level":"0","pokemon_id":"26"}{"order":"","version_group_id":"12","move_id":"249","pokemon_move_method_id":"4","level":"0","pokemon_id":"26"}{"order":"","version_group_id":"12","move_id":"263","pokemon_move_method_id":"4","level":"0","pokemon_id":"26"}{"order":"","version_group_id":"12","move_id":"264","pokemon_move_method_id":"4","level":"0","pokemon_id":"26"}{"order":"","version_group_id":"12","move_id":"280","pokemon_move_method_id":"4","level":"0","pokemon_id":"26"}{"order":"","version_group_id":"12","move_id":"290","pokemon_move_method_id":"4","level":"0","pokemon_id":"26"}{"order":"","version_group_id":"12","move_id":"351","pokemon_move_method_id":"4","level":"0","pokemon_id":"26"}{"order":"","version_group_id":"13","move_id":"34","pokemon_move_method_id":"3","level":"0","pokemon_id":"26"}{"order":"","version_group_id":"13","move_id":"38","pokemon_move_method_id":"3","level":"0","pokemon_id":"26"}{"order":"2","version_group_id":"13","move_id":"39","pokemon_move_method_id":"1","level":"1","pokemon_id":"26"}{"order":"","version_group_id":"13","move_id":"63","pokemon_move_method_id":"4","level":"0","pokemon_id":"26"}{"order":"","version_group_id":"13","move_id":"69","pokemon_move_method_id":"3","level":"0","pokemon_id":"26"}{"order":"","version_group_id":"13","move_id":"70","pokemon_move_method_id":"4","level":"0","pokemon_id":"26"}{"order":"1","version_group_id":"13","move_id":"84","pokemon_move_method_id":"1","level":"1","pokemon_id":"26"}{"order":"4","version_group_id":"13","move_id":"85","pokemon_move_method_id":"1","level":"1","pokemon_id":"26"}{"order":"","version_group_id":"13","move_id":"85","pokemon_move_method_id":"4","level":"0","pokemon_id":"26"}{"order":"","version_group_id":"13","move_id":"86","pokemon_move_method_id":"3","level":"0","pokemon_id":"26"}{"order":"","version_group_id":"13","move_id":"87","pokemon_move_method_id":"4","level":"0","pokemon_id":"26"}{"order":"","version_group_id":"13","move_id":"91","pokemon_move_method_id":"4","level":"0","pokemon_id":"26"}{"order":"","version_group_id":"13","move_id":"92","pokemon_move_method_id":"4","level":"0","pokemon_id":"26"}{"order":"3","version_group_id":"13","move_id":"98","pokemon_move_method_id":"1","level":"1","pokemon_id":"26"}{"order":"","version_group_id":"13","move_id":"102","pokemon_move_method_id":"3","level":"0","pokemon_id":"26"}{"order":"","version_group_id":"13","move_id":"104","pokemon_move_method_id":"4","level":"0","pokemon_id":"26"}{"order":"","version_group_id":"13","move_id":"113","pokemon_move_method_id":"4","level":"0","pokemon_id":"26"}{"order":"","version_group_id":"13","move_id":"148","pokemon_move_method_id":"4","level":"0","pokemon_id":"26"}{"order":"","version_group_id":"13","move_id":"156","pokemon_move_method_id":"4","level":"0","pokemon_id":"26"}{"order":"","version_group_id":"13","move_id":"164","pokemon_move_method_id":"3","level":"0","pokemon_id":"26"}{"order":"","version_group_id":"13","move_id":"168","pokemon_move_method_id":"4","level":"0","pokemon_id":"26"}{"order":"","version_group_id":"13","move_id":"182","pokemon_move_method_id":"4","level":"0","pokemon_id":"26"}{"order":"","version_group_id":"13","move_id":"207","pokemon_move_method_id":"3","level":"0","pokemon_id":"26"}{"order":"","version_group_id":"13","move_id":"213","pokemon_move_method_id":"4","level":"0","pokemon_id":"26"}{"order":"","version_group_id":"13","move_id":"216","pokemon_move_method_id":"4","level":"0","pokemon_id":"26"}{"order":"","version_group_id":"13","move_id":"218","pokemon_move_method_id":"4","level":"0","pokemon_id":"26"}{"order":"","version_group_id":"13","move_id":"231","pokemon_move_method_id":"4","level":"0","pokemon_id":"26"}{"order":"","version_group_id":"13","move_id":"237","pokemon_move_method_id":"4","level":"0","pokemon_id":"26"}{"order":"","version_group_id":"13","move_id":"240","pokemon_move_method_id":"4","level":"0","pokemon_id":"26"}{"order":"","version_group_id":"13","move_id":"249","pokemon_move_method_id":"4","level":"0","pokemon_id":"26"}{"order":"","version_group_id":"13","move_id":"263","pokemon_move_method_id":"4","level":"0","pokemon_id":"26"}{"order":"","version_group_id":"13","move_id":"264","pokemon_move_method_id":"4","level":"0","pokemon_id":"26"}{"order":"","version_group_id":"13","move_id":"280","pokemon_move_method_id":"4","level":"0","pokemon_id":"26"}{"order":"","version_group_id":"13","move_id":"290","pokemon_move_method_id":"4","level":"0","pokemon_id":"26"}{"order":"","version_group_id":"13","move_id":"351","pokemon_move_method_id":"4","level":"0","pokemon_id":"26"}{"order":"","version_group_id":"14","move_id":"9","pokemon_move_method_id":"3","level":"0","pokemon_id":"26"}{"order":"2","version_group_id":"14","move_id":"39","pokemon_move_method_id":"1","level":"1","pokemon_id":"26"}{"order":"","version_group_id":"14","move_id":"63","pokemon_move_method_id":"4","level":"0","pokemon_id":"26"}{"order":"","version_group_id":"14","move_id":"70","pokemon_move_method_id":"4","level":"0","pokemon_id":"26"}{"order":"1","version_group_id":"14","move_id":"84","pokemon_move_method_id":"1","level":"1","pokemon_id":"26"}{"order":"4","version_group_id":"14","move_id":"85","pokemon_move_method_id":"1","level":"1","pokemon_id":"26"}{"order":"","version_group_id":"14","move_id":"85","pokemon_move_method_id":"4","level":"0","pokemon_id":"26"}{"order":"","version_group_id":"14","move_id":"86","pokemon_move_method_id":"4","level":"0","pokemon_id":"26"}{"order":"","version_group_id":"14","move_id":"87","pokemon_move_method_id":"4","level":"0","pokemon_id":"26"}{"order":"","version_group_id":"14","move_id":"91","pokemon_move_method_id":"4","level":"0","pokemon_id":"26"}{"order":"","version_group_id":"14","move_id":"92","pokemon_move_method_id":"4","level":"0","pokemon_id":"26"}{"order":"3","version_group_id":"14","move_id":"98","pokemon_move_method_id":"1","level":"1","pokemon_id":"26"}{"order":"","version_group_id":"14","move_id":"104","pokemon_move_method_id":"4","level":"0","pokemon_id":"26"}{"order":"","version_group_id":"14","move_id":"113","pokemon_move_method_id":"4","level":"0","pokemon_id":"26"}{"order":"","version_group_id":"14","move_id":"148","pokemon_move_method_id":"4","level":"0","pokemon_id":"26"}{"order":"","version_group_id":"14","move_id":"156","pokemon_move_method_id":"4","level":"0","pokemon_id":"26"}{"order":"","version_group_id":"14","move_id":"164","pokemon_move_method_id":"4","level":"0","pokemon_id":"26"}{"order":"","version_group_id":"14","move_id":"168","pokemon_move_method_id":"4","level":"0","pokemon_id":"26"}{"order":"","version_group_id":"14","move_id":"173","pokemon_move_method_id":"3","level":"0","pokemon_id":"26"}{"order":"","version_group_id":"14","move_id":"182","pokemon_move_method_id":"4","level":"0","pokemon_id":"26"}{"order":"","version_group_id":"14","move_id":"207","pokemon_move_method_id":"4","level":"0","pokemon_id":"26"}{"order":"","version_group_id":"14","move_id":"213","pokemon_move_method_id":"4","level":"0","pokemon_id":"26"}{"order":"","version_group_id":"14","move_id":"214","pokemon_move_method_id":"3","level":"0","pokemon_id":"26"}{"order":"","version_group_id":"14","move_id":"216","pokemon_move_method_id":"4","level":"0","pokemon_id":"26"}{"order":"","version_group_id":"14","move_id":"218","pokemon_move_method_id":"4","level":"0","pokemon_id":"26"}{"order":"","version_group_id":"14","move_id":"231","pokemon_move_method_id":"3","level":"0","pokemon_id":"26"}{"order":"","version_group_id":"14","move_id":"237","pokemon_move_method_id":"4","level":"0","pokemon_id":"26"}{"order":"","version_group_id":"14","move_id":"240","pokemon_move_method_id":"4","level":"0","pokemon_id":"26"}{"order":"","version_group_id":"14","move_id":"249","pokemon_move_method_id":"4","level":"0","pokemon_id":"26"}{"order":"","version_group_id":"14","move_id":"263","pokemon_move_method_id":"4","level":"0","pokemon_id":"26"}{"order":"","version_group_id":"14","move_id":"270","pokemon_move_method_id":"3","level":"0","pokemon_id":"26"}{"order":"","version_group_id":"14","move_id":"280","pokemon_move_method_id":"4","level":"0","pokemon_id":"26"}{"order":"","version_group_id":"14","move_id":"282","pokemon_move_method_id":"3","level":"0","pokemon_id":"26"}{"order":"","version_group_id":"14","move_id":"324","pokemon_move_method_id":"3","level":"0","pokemon_id":"26"}{"order":"","version_group_id":"14","move_id":"343","pokemon_move_method_id":"3","level":"0","pokemon_id":"26"}{"order":"","version_group_id":"14","move_id":"374","pokemon_move_method_id":"4","level":"0","pokemon_id":"26"}{"order":"","version_group_id":"14","move_id":"393","pokemon_move_method_id":"3","level":"0","pokemon_id":"26"}{"order":"","version_group_id":"14","move_id":"411","pokemon_move_method_id":"4","level":"0","pokemon_id":"26"}{"order":"","version_group_id":"14","move_id":"416","pokemon_move_method_id":"4","level":"0","pokemon_id":"26"}{"order":"","version_group_id":"14","move_id":"447","pokemon_move_method_id":"4","level":"0","pokemon_id":"26"}{"order":"","version_group_id":"14","move_id":"451","pokemon_move_method_id":"4","level":"0","pokemon_id":"26"}{"order":"","version_group_id":"14","move_id":"496","pokemon_move_method_id":"4","level":"0","pokemon_id":"26"}{"order":"","version_group_id":"14","move_id":"497","pokemon_move_method_id":"4","level":"0","pokemon_id":"26"}{"order":"","version_group_id":"14","move_id":"521","pokemon_move_method_id":"4","level":"0","pokemon_id":"26"}{"order":"","version_group_id":"14","move_id":"528","pokemon_move_method_id":"4","level":"0","pokemon_id":"26"}{"order":"2","version_group_id":"15","move_id":"39","pokemon_move_method_id":"1","level":"1","pokemon_id":"26"}{"order":"","version_group_id":"15","move_id":"63","pokemon_move_method_id":"4","level":"0","pokemon_id":"26"}{"order":"","version_group_id":"15","move_id":"70","pokemon_move_method_id":"4","level":"0","pokemon_id":"26"}{"order":"1","version_group_id":"15","move_id":"84","pokemon_move_method_id":"1","level":"1","pokemon_id":"26"}{"order":"4","version_group_id":"15","move_id":"85","pokemon_move_method_id":"1","level":"1","pokemon_id":"26"}{"order":"","version_group_id":"15","move_id":"85","pokemon_move_method_id":"4","level":"0","pokemon_id":"26"}{"order":"","version_group_id":"15","move_id":"86","pokemon_move_method_id":"4","level":"0","pokemon_id":"26"}{"order":"","version_group_id":"15","move_id":"87","pokemon_move_method_id":"4","level":"0","pokemon_id":"26"}{"order":"","version_group_id":"15","move_id":"91","pokemon_move_method_id":"4","level":"0","pokemon_id":"26"}{"order":"","version_group_id":"15","move_id":"92","pokemon_move_method_id":"4","level":"0","pokemon_id":"26"}{"order":"3","version_group_id":"15","move_id":"98","pokemon_move_method_id":"1","level":"1","pokemon_id":"26"}{"order":"","version_group_id":"15","move_id":"104","pokemon_move_method_id":"4","level":"0","pokemon_id":"26"}{"order":"","version_group_id":"15","move_id":"113","pokemon_move_method_id":"4","level":"0","pokemon_id":"26"}{"order":"","version_group_id":"15","move_id":"148","pokemon_move_method_id":"4","level":"0","pokemon_id":"26"}{"order":"","version_group_id":"15","move_id":"156","pokemon_move_method_id":"4","level":"0","pokemon_id":"26"}{"order":"","version_group_id":"15","move_id":"164","pokemon_move_method_id":"4","level":"0","pokemon_id":"26"}{"order":"","version_group_id":"15","move_id":"168","pokemon_move_method_id":"4","level":"0","pokemon_id":"26"}{"order":"","version_group_id":"15","move_id":"182","pokemon_move_method_id":"4","level":"0","pokemon_id":"26"}{"order":"","version_group_id":"15","move_id":"207","pokemon_move_method_id":"4","level":"0","pokemon_id":"26"}{"order":"","version_group_id":"15","move_id":"213","pokemon_move_method_id":"4","level":"0","pokemon_id":"26"}{"order":"","version_group_id":"15","move_id":"214","pokemon_move_method_id":"4","level":"0","pokemon_id":"26"}{"order":"","version_group_id":"15","move_id":"216","pokemon_move_method_id":"4","level":"0","pokemon_id":"26"}{"order":"","version_group_id":"15","move_id":"218","pokemon_move_method_id":"4","level":"0","pokemon_id":"26"}{"order":"","version_group_id":"15","move_id":"237","pokemon_move_method_id":"4","level":"0","pokemon_id":"26"}{"order":"","version_group_id":"15","move_id":"240","pokemon_move_method_id":"4","level":"0","pokemon_id":"26"}{"order":"","version_group_id":"15","move_id":"249","pokemon_move_method_id":"4","level":"0","pokemon_id":"26"}{"order":"","version_group_id":"15","move_id":"263","pokemon_move_method_id":"4","level":"0","pokemon_id":"26"}{"order":"","version_group_id":"15","move_id":"280","pokemon_move_method_id":"4","level":"0","pokemon_id":"26"}{"order":"","version_group_id":"15","move_id":"374","pokemon_move_method_id":"4","level":"0","pokemon_id":"26"}{"order":"","version_group_id":"15","move_id":"411","pokemon_move_method_id":"4","level":"0","pokemon_id":"26"}{"order":"","version_group_id":"15","move_id":"416","pokemon_move_method_id":"4","level":"0","pokemon_id":"26"}{"order":"","version_group_id":"15","move_id":"447","pokemon_move_method_id":"4","level":"0","pokemon_id":"26"}{"order":"","version_group_id":"15","move_id":"451","pokemon_move_method_id":"4","level":"0","pokemon_id":"26"}{"order":"","version_group_id":"15","move_id":"496","pokemon_move_method_id":"4","level":"0","pokemon_id":"26"}{"order":"","version_group_id":"15","move_id":"497","pokemon_move_method_id":"4","level":"0","pokemon_id":"26"}{"order":"","version_group_id":"15","move_id":"521","pokemon_move_method_id":"4","level":"0","pokemon_id":"26"}{"order":"","version_group_id":"15","move_id":"528","pokemon_move_method_id":"4","level":"0","pokemon_id":"26"}{"order":"","version_group_id":"15","move_id":"590","pokemon_move_method_id":"4","level":"0","pokemon_id":"26"}