{"order":"3","version_group_id":"1","move_id":"30","pokemon_move_method_id":"1","level":"1","pokemon_id":"139"}{"order":"","version_group_id":"1","move_id":"30","pokemon_move_method_id":"1","level":"34","pokemon_id":"139"}{"order":"","version_group_id":"1","move_id":"32","pokemon_move_method_id":"4","level":"0","pokemon_id":"139"}{"order":"","version_group_id":"1","move_id":"34","pokemon_move_method_id":"4","level":"0","pokemon_id":"139"}{"order":"","version_group_id":"1","move_id":"36","pokemon_move_method_id":"4","level":"0","pokemon_id":"139"}{"order":"","version_group_id":"1","move_id":"38","pokemon_move_method_id":"4","level":"0","pokemon_id":"139"}{"order":"","version_group_id":"1","move_id":"43","pokemon_move_method_id":"1","level":"39","pokemon_id":"139"}{"order":"1","version_group_id":"1","move_id":"55","pokemon_move_method_id":"1","level":"1","pokemon_id":"139"}{"order":"","version_group_id":"1","move_id":"55","pokemon_move_method_id":"4","level":"0","pokemon_id":"139"}{"order":"","version_group_id":"1","move_id":"56","pokemon_move_method_id":"1","level":"49","pokemon_id":"139"}{"order":"","version_group_id":"1","move_id":"57","pokemon_move_method_id":"4","level":"0","pokemon_id":"139"}{"order":"","version_group_id":"1","move_id":"58","pokemon_move_method_id":"4","level":"0","pokemon_id":"139"}{"order":"","version_group_id":"1","move_id":"59","pokemon_move_method_id":"4","level":"0","pokemon_id":"139"}{"order":"","version_group_id":"1","move_id":"61","pokemon_move_method_id":"4","level":"0","pokemon_id":"139"}{"order":"","version_group_id":"1","move_id":"63","pokemon_move_method_id":"4","level":"0","pokemon_id":"139"}{"order":"","version_group_id":"1","move_id":"66","pokemon_move_method_id":"4","level":"0","pokemon_id":"139"}{"order":"","version_group_id":"1","move_id":"69","pokemon_move_method_id":"4","level":"0","pokemon_id":"139"}{"order":"","version_group_id":"1","move_id":"92","pokemon_move_method_id":"4","level":"0","pokemon_id":"139"}{"order":"","version_group_id":"1","move_id":"99","pokemon_move_method_id":"4","level":"0","pokemon_id":"139"}{"order":"","version_group_id":"1","move_id":"102","pokemon_move_method_id":"4","level":"0","pokemon_id":"139"}{"order":"","version_group_id":"1","move_id":"104","pokemon_move_method_id":"4","level":"0","pokemon_id":"139"}{"order":"2","version_group_id":"1","move_id":"110","pokemon_move_method_id":"1","level":"1","pokemon_id":"139"}{"order":"","version_group_id":"1","move_id":"115","pokemon_move_method_id":"4","level":"0","pokemon_id":"139"}{"order":"","version_group_id":"1","move_id":"117","pokemon_move_method_id":"4","level":"0","pokemon_id":"139"}{"order":"","version_group_id":"1","move_id":"130","pokemon_move_method_id":"4","level":"0","pokemon_id":"139"}{"order":"","version_group_id":"1","move_id":"131","pokemon_move_method_id":"1","level":"44","pokemon_id":"139"}{"order":"","version_group_id":"1","move_id":"156","pokemon_move_method_id":"4","level":"0","pokemon_id":"139"}{"order":"","version_group_id":"1","move_id":"164","pokemon_move_method_id":"4","level":"0","pokemon_id":"139"}{"order":"3","version_group_id":"2","move_id":"30","pokemon_move_method_id":"1","level":"1","pokemon_id":"139"}{"order":"","version_group_id":"2","move_id":"30","pokemon_move_method_id":"1","level":"34","pokemon_id":"139"}{"order":"","version_group_id":"2","move_id":"32","pokemon_move_method_id":"4","level":"0","pokemon_id":"139"}{"order":"","version_group_id":"2","move_id":"34","pokemon_move_method_id":"4","level":"0","pokemon_id":"139"}{"order":"","version_group_id":"2","move_id":"36","pokemon_move_method_id":"4","level":"0","pokemon_id":"139"}{"order":"","version_group_id":"2","move_id":"38","pokemon_move_method_id":"4","level":"0","pokemon_id":"139"}{"order":"","version_group_id":"2","move_id":"43","pokemon_move_method_id":"1","level":"39","pokemon_id":"139"}{"order":"1","version_group_id":"2","move_id":"55","pokemon_move_method_id":"1","level":"1","pokemon_id":"139"}{"order":"","version_group_id":"2","move_id":"55","pokemon_move_method_id":"4","level":"0","pokemon_id":"139"}{"order":"","version_group_id":"2","move_id":"56","pokemon_move_method_id":"1","level":"49","pokemon_id":"139"}{"order":"","version_group_id":"2","move_id":"57","pokemon_move_method_id":"4","level":"0","pokemon_id":"139"}{"order":"","version_group_id":"2","move_id":"58","pokemon_move_method_id":"4","level":"0","pokemon_id":"139"}{"order":"","version_group_id":"2","move_id":"59","pokemon_move_method_id":"4","level":"0","pokemon_id":"139"}{"order":"","version_group_id":"2","move_id":"61","pokemon_move_method_id":"4","level":"0","pokemon_id":"139"}{"order":"","version_group_id":"2","move_id":"63","pokemon_move_method_id":"4","level":"0","pokemon_id":"139"}{"order":"","version_group_id":"2","move_id":"66","pokemon_move_method_id":"4","level":"0","pokemon_id":"139"}{"order":"","version_group_id":"2","move_id":"69","pokemon_move_method_id":"4","level":"0","pokemon_id":"139"}{"order":"","version_group_id":"2","move_id":"92","pokemon_move_method_id":"4","level":"0","pokemon_id":"139"}{"order":"","version_group_id":"2","move_id":"99","pokemon_move_method_id":"4","level":"0","pokemon_id":"139"}{"order":"","version_group_id":"2","move_id":"102","pokemon_move_method_id":"4","level":"0","pokemon_id":"139"}{"order":"","version_group_id":"2","move_id":"104","pokemon_move_method_id":"4","level":"0","pokemon_id":"139"}{"order":"2","version_group_id":"2","move_id":"110","pokemon_move_method_id":"1","level":"1","pokemon_id":"139"}{"order":"","version_group_id":"2","move_id":"115","pokemon_move_method_id":"4","level":"0","pokemon_id":"139"}{"order":"","version_group_id":"2","move_id":"117","pokemon_move_method_id":"4","level":"0","pokemon_id":"139"}{"order":"","version_group_id":"2","move_id":"130","pokemon_move_method_id":"4","level":"0","pokemon_id":"139"}{"order":"","version_group_id":"2","move_id":"131","pokemon_move_method_id":"1","level":"44","pokemon_id":"139"}{"order":"","version_group_id":"2","move_id":"156","pokemon_move_method_id":"4","level":"0","pokemon_id":"139"}{"order":"","version_group_id":"2","move_id":"164","pokemon_move_method_id":"4","level":"0","pokemon_id":"139"}{"order":"","version_group_id":"3","move_id":"29","pokemon_move_method_id":"4","level":"0","pokemon_id":"139"}{"order":"","version_group_id":"3","move_id":"43","pokemon_move_method_id":"1","level":"31","pokemon_id":"139"}{"order":"3","version_group_id":"3","move_id":"44","pokemon_move_method_id":"1","level":"1","pokemon_id":"139"}{"order":"","version_group_id":"3","move_id":"44","pokemon_move_method_id":"1","level":"13","pokemon_id":"139"}{"order":"","version_group_id":"3","move_id":"55","pokemon_move_method_id":"1","level":"19","pokemon_id":"139"}{"order":"","version_group_id":"3","move_id":"56","pokemon_move_method_id":"1","level":"65","pokemon_id":"139"}{"order":"","version_group_id":"3","move_id":"57","pokemon_move_method_id":"4","level":"0","pokemon_id":"139"}{"order":"","version_group_id":"3","move_id":"59","pokemon_move_method_id":"4","level":"0","pokemon_id":"139"}{"order":"","version_group_id":"3","move_id":"63","pokemon_move_method_id":"4","level":"0","pokemon_id":"139"}{"order":"","version_group_id":"3","move_id":"92","pokemon_move_method_id":"4","level":"0","pokemon_id":"139"}{"order":"","version_group_id":"3","move_id":"104","pokemon_move_method_id":"4","level":"0","pokemon_id":"139"}{"order":"2","version_group_id":"3","move_id":"110","pokemon_move_method_id":"1","level":"1","pokemon_id":"139"}{"order":"","version_group_id":"3","move_id":"131","pokemon_move_method_id":"1","level":"40","pokemon_id":"139"}{"order":"1","version_group_id":"3","move_id":"132","pokemon_move_method_id":"1","level":"1","pokemon_id":"139"}{"order":"","version_group_id":"3","move_id":"156","pokemon_move_method_id":"4","level":"0","pokemon_id":"139"}{"order":"","version_group_id":"3","move_id":"168","pokemon_move_method_id":"4","level":"0","pokemon_id":"139"}{"order":"","version_group_id":"3","move_id":"173","pokemon_move_method_id":"4","level":"0","pokemon_id":"139"}{"order":"","version_group_id":"3","move_id":"174","pokemon_move_method_id":"4","level":"0","pokemon_id":"139"}{"order":"","version_group_id":"3","move_id":"182","pokemon_move_method_id":"1","level":"37","pokemon_id":"139"}{"order":"","version_group_id":"3","move_id":"182","pokemon_move_method_id":"4","level":"0","pokemon_id":"139"}{"order":"","version_group_id":"3","move_id":"196","pokemon_move_method_id":"4","level":"0","pokemon_id":"139"}{"order":"","version_group_id":"3","move_id":"201","pokemon_move_method_id":"4","level":"0","pokemon_id":"139"}{"order":"","version_group_id":"3","move_id":"203","pokemon_move_method_id":"4","level":"0","pokemon_id":"139"}{"order":"","version_group_id":"3","move_id":"205","pokemon_move_method_id":"4","level":"0","pokemon_id":"139"}{"order":"","version_group_id":"3","move_id":"207","pokemon_move_method_id":"4","level":"0","pokemon_id":"139"}{"order":"","version_group_id":"3","move_id":"213","pokemon_move_method_id":"4","level":"0","pokemon_id":"139"}{"order":"","version_group_id":"3","move_id":"214","pokemon_move_method_id":"4","level":"0","pokemon_id":"139"}{"order":"","version_group_id":"3","move_id":"216","pokemon_move_method_id":"4","level":"0","pokemon_id":"139"}{"order":"","version_group_id":"3","move_id":"218","pokemon_move_method_id":"4","level":"0","pokemon_id":"139"}{"order":"","version_group_id":"3","move_id":"237","pokemon_move_method_id":"4","level":"0","pokemon_id":"139"}{"order":"","version_group_id":"3","move_id":"240","pokemon_move_method_id":"4","level":"0","pokemon_id":"139"}{"order":"","version_group_id":"3","move_id":"246","pokemon_move_method_id":"1","level":"54","pokemon_id":"139"}{"order":"","version_group_id":"3","move_id":"249","pokemon_move_method_id":"4","level":"0","pokemon_id":"139"}{"order":"","version_group_id":"3","move_id":"250","pokemon_move_method_id":"4","level":"0","pokemon_id":"139"}{"order":"","version_group_id":"4","move_id":"29","pokemon_move_method_id":"4","level":"0","pokemon_id":"139"}{"order":"","version_group_id":"4","move_id":"43","pokemon_move_method_id":"1","level":"31","pokemon_id":"139"}{"order":"3","version_group_id":"4","move_id":"44","pokemon_move_method_id":"1","level":"1","pokemon_id":"139"}{"order":"","version_group_id":"4","move_id":"44","pokemon_move_method_id":"1","level":"13","pokemon_id":"139"}{"order":"","version_group_id":"4","move_id":"55","pokemon_move_method_id":"1","level":"19","pokemon_id":"139"}{"order":"","version_group_id":"4","move_id":"56","pokemon_move_method_id":"1","level":"65","pokemon_id":"139"}{"order":"","version_group_id":"4","move_id":"57","pokemon_move_method_id":"4","level":"0","pokemon_id":"139"}{"order":"","version_group_id":"4","move_id":"58","pokemon_move_method_id":"3","level":"0","pokemon_id":"139"}{"order":"","version_group_id":"4","move_id":"59","pokemon_move_method_id":"4","level":"0","pokemon_id":"139"}{"order":"","version_group_id":"4","move_id":"63","pokemon_move_method_id":"4","level":"0","pokemon_id":"139"}{"order":"","version_group_id":"4","move_id":"92","pokemon_move_method_id":"4","level":"0","pokemon_id":"139"}{"order":"","version_group_id":"4","move_id":"104","pokemon_move_method_id":"4","level":"0","pokemon_id":"139"}{"order":"2","version_group_id":"4","move_id":"110","pokemon_move_method_id":"1","level":"1","pokemon_id":"139"}{"order":"","version_group_id":"4","move_id":"131","pokemon_move_method_id":"1","level":"40","pokemon_id":"139"}{"order":"1","version_group_id":"4","move_id":"132","pokemon_move_method_id":"1","level":"1","pokemon_id":"139"}{"order":"","version_group_id":"4","move_id":"156","pokemon_move_method_id":"4","level":"0","pokemon_id":"139"}{"order":"","version_group_id":"4","move_id":"168","pokemon_move_method_id":"4","level":"0","pokemon_id":"139"}{"order":"","version_group_id":"4","move_id":"173","pokemon_move_method_id":"4","level":"0","pokemon_id":"139"}{"order":"","version_group_id":"4","move_id":"174","pokemon_move_method_id":"4","level":"0","pokemon_id":"139"}{"order":"","version_group_id":"4","move_id":"182","pokemon_move_method_id":"1","level":"37","pokemon_id":"139"}{"order":"","version_group_id":"4","move_id":"182","pokemon_move_method_id":"4","level":"0","pokemon_id":"139"}{"order":"","version_group_id":"4","move_id":"196","pokemon_move_method_id":"4","level":"0","pokemon_id":"139"}{"order":"","version_group_id":"4","move_id":"201","pokemon_move_method_id":"4","level":"0","pokemon_id":"139"}{"order":"","version_group_id":"4","move_id":"203","pokemon_move_method_id":"4","level":"0","pokemon_id":"139"}{"order":"","version_group_id":"4","move_id":"205","pokemon_move_method_id":"4","level":"0","pokemon_id":"139"}{"order":"","version_group_id":"4","move_id":"207","pokemon_move_method_id":"4","level":"0","pokemon_id":"139"}{"order":"","version_group_id":"4","move_id":"213","pokemon_move_method_id":"4","level":"0","pokemon_id":"139"}{"order":"","version_group_id":"4","move_id":"214","pokemon_move_method_id":"4","level":"0","pokemon_id":"139"}{"order":"","version_group_id":"4","move_id":"216","pokemon_move_method_id":"4","level":"0","pokemon_id":"139"}{"order":"","version_group_id":"4","move_id":"218","pokemon_move_method_id":"4","level":"0","pokemon_id":"139"}{"order":"","version_group_id":"4","move_id":"237","pokemon_move_method_id":"4","level":"0","pokemon_id":"139"}{"order":"","version_group_id":"4","move_id":"240","pokemon_move_method_id":"4","level":"0","pokemon_id":"139"}{"order":"","version_group_id":"4","move_id":"246","pokemon_move_method_id":"1","level":"54","pokemon_id":"139"}{"order":"","version_group_id":"4","move_id":"249","pokemon_move_method_id":"4","level":"0","pokemon_id":"139"}{"order":"","version_group_id":"4","move_id":"250","pokemon_move_method_id":"4","level":"0","pokemon_id":"139"}{"order":"","version_group_id":"5","move_id":"43","pokemon_move_method_id":"1","level":"31","pokemon_id":"139"}{"order":"3","version_group_id":"5","move_id":"44","pokemon_move_method_id":"1","level":"1","pokemon_id":"139"}{"order":"","version_group_id":"5","move_id":"44","pokemon_move_method_id":"1","level":"13","pokemon_id":"139"}{"order":"","version_group_id":"5","move_id":"55","pokemon_move_method_id":"1","level":"19","pokemon_id":"139"}{"order":"","version_group_id":"5","move_id":"56","pokemon_move_method_id":"1","level":"65","pokemon_id":"139"}{"order":"","version_group_id":"5","move_id":"57","pokemon_move_method_id":"4","level":"0","pokemon_id":"139"}{"order":"","version_group_id":"5","move_id":"58","pokemon_move_method_id":"4","level":"0","pokemon_id":"139"}{"order":"","version_group_id":"5","move_id":"59","pokemon_move_method_id":"4","level":"0","pokemon_id":"139"}{"order":"","version_group_id":"5","move_id":"63","pokemon_move_method_id":"4","level":"0","pokemon_id":"139"}{"order":"","version_group_id":"5","move_id":"92","pokemon_move_method_id":"4","level":"0","pokemon_id":"139"}{"order":"","version_group_id":"5","move_id":"104","pokemon_move_method_id":"4","level":"0","pokemon_id":"139"}{"order":"2","version_group_id":"5","move_id":"110","pokemon_move_method_id":"1","level":"1","pokemon_id":"139"}{"order":"","version_group_id":"5","move_id":"127","pokemon_move_method_id":"4","level":"0","pokemon_id":"139"}{"order":"","version_group_id":"5","move_id":"131","pokemon_move_method_id":"1","level":"40","pokemon_id":"139"}{"order":"1","version_group_id":"5","move_id":"132","pokemon_move_method_id":"1","level":"1","pokemon_id":"139"}{"order":"","version_group_id":"5","move_id":"156","pokemon_move_method_id":"4","level":"0","pokemon_id":"139"}{"order":"","version_group_id":"5","move_id":"168","pokemon_move_method_id":"4","level":"0","pokemon_id":"139"}{"order":"","version_group_id":"5","move_id":"182","pokemon_move_method_id":"1","level":"37","pokemon_id":"139"}{"order":"","version_group_id":"5","move_id":"182","pokemon_move_method_id":"4","level":"0","pokemon_id":"139"}{"order":"","version_group_id":"5","move_id":"201","pokemon_move_method_id":"4","level":"0","pokemon_id":"139"}{"order":"","version_group_id":"5","move_id":"213","pokemon_move_method_id":"4","level":"0","pokemon_id":"139"}{"order":"","version_group_id":"5","move_id":"216","pokemon_move_method_id":"4","level":"0","pokemon_id":"139"}{"order":"","version_group_id":"5","move_id":"218","pokemon_move_method_id":"4","level":"0","pokemon_id":"139"}{"order":"","version_group_id":"5","move_id":"237","pokemon_move_method_id":"4","level":"0","pokemon_id":"139"}{"order":"","version_group_id":"5","move_id":"240","pokemon_move_method_id":"4","level":"0","pokemon_id":"139"}{"order":"","version_group_id":"5","move_id":"246","pokemon_move_method_id":"1","level":"55","pokemon_id":"139"}{"order":"","version_group_id":"5","move_id":"249","pokemon_move_method_id":"4","level":"0","pokemon_id":"139"}{"order":"","version_group_id":"5","move_id":"258","pokemon_move_method_id":"4","level":"0","pokemon_id":"139"}{"order":"","version_group_id":"5","move_id":"263","pokemon_move_method_id":"4","level":"0","pokemon_id":"139"}{"order":"","version_group_id":"5","move_id":"290","pokemon_move_method_id":"4","level":"0","pokemon_id":"139"}{"order":"","version_group_id":"5","move_id":"291","pokemon_move_method_id":"4","level":"0","pokemon_id":"139"}{"order":"","version_group_id":"5","move_id":"317","pokemon_move_method_id":"4","level":"0","pokemon_id":"139"}{"order":"","version_group_id":"5","move_id":"321","pokemon_move_method_id":"1","level":"46","pokemon_id":"139"}{"order":"","version_group_id":"5","move_id":"341","pokemon_move_method_id":"1","level":"25","pokemon_id":"139"}{"order":"","version_group_id":"5","move_id":"352","pokemon_move_method_id":"4","level":"0","pokemon_id":"139"}{"order":"","version_group_id":"6","move_id":"34","pokemon_move_method_id":"3","level":"0","pokemon_id":"139"}{"order":"","version_group_id":"6","move_id":"38","pokemon_move_method_id":"3","level":"0","pokemon_id":"139"}{"order":"","version_group_id":"6","move_id":"43","pokemon_move_method_id":"1","level":"31","pokemon_id":"139"}{"order":"3","version_group_id":"6","move_id":"44","pokemon_move_method_id":"1","level":"1","pokemon_id":"139"}{"order":"","version_group_id":"6","move_id":"44","pokemon_move_method_id":"1","level":"13","pokemon_id":"139"}{"order":"","version_group_id":"6","move_id":"55","pokemon_move_method_id":"1","level":"19","pokemon_id":"139"}{"order":"","version_group_id":"6","move_id":"56","pokemon_move_method_id":"1","level":"65","pokemon_id":"139"}{"order":"","version_group_id":"6","move_id":"57","pokemon_move_method_id":"4","level":"0","pokemon_id":"139"}{"order":"","version_group_id":"6","move_id":"58","pokemon_move_method_id":"4","level":"0","pokemon_id":"139"}{"order":"","version_group_id":"6","move_id":"59","pokemon_move_method_id":"4","level":"0","pokemon_id":"139"}{"order":"","version_group_id":"6","move_id":"63","pokemon_move_method_id":"4","level":"0","pokemon_id":"139"}{"order":"","version_group_id":"6","move_id":"69","pokemon_move_method_id":"3","level":"0","pokemon_id":"139"}{"order":"","version_group_id":"6","move_id":"92","pokemon_move_method_id":"4","level":"0","pokemon_id":"139"}{"order":"","version_group_id":"6","move_id":"102","pokemon_move_method_id":"3","level":"0","pokemon_id":"139"}{"order":"","version_group_id":"6","move_id":"104","pokemon_move_method_id":"4","level":"0","pokemon_id":"139"}{"order":"2","version_group_id":"6","move_id":"110","pokemon_move_method_id":"1","level":"1","pokemon_id":"139"}{"order":"","version_group_id":"6","move_id":"127","pokemon_move_method_id":"4","level":"0","pokemon_id":"139"}{"order":"","version_group_id":"6","move_id":"131","pokemon_move_method_id":"1","level":"40","pokemon_id":"139"}{"order":"1","version_group_id":"6","move_id":"132","pokemon_move_method_id":"1","level":"1","pokemon_id":"139"}{"order":"","version_group_id":"6","move_id":"156","pokemon_move_method_id":"4","level":"0","pokemon_id":"139"}{"order":"","version_group_id":"6","move_id":"157","pokemon_move_method_id":"3","level":"0","pokemon_id":"139"}{"order":"","version_group_id":"6","move_id":"164","pokemon_move_method_id":"3","level":"0","pokemon_id":"139"}{"order":"","version_group_id":"6","move_id":"168","pokemon_move_method_id":"4","level":"0","pokemon_id":"139"}{"order":"","version_group_id":"6","move_id":"173","pokemon_move_method_id":"3","level":"0","pokemon_id":"139"}{"order":"","version_group_id":"6","move_id":"182","pokemon_move_method_id":"1","level":"37","pokemon_id":"139"}{"order":"","version_group_id":"6","move_id":"182","pokemon_move_method_id":"4","level":"0","pokemon_id":"139"}{"order":"","version_group_id":"6","move_id":"196","pokemon_move_method_id":"3","level":"0","pokemon_id":"139"}{"order":"","version_group_id":"6","move_id":"201","pokemon_move_method_id":"4","level":"0","pokemon_id":"139"}{"order":"","version_group_id":"6","move_id":"203","pokemon_move_method_id":"3","level":"0","pokemon_id":"139"}{"order":"","version_group_id":"6","move_id":"205","pokemon_move_method_id":"3","level":"0","pokemon_id":"139"}{"order":"","version_group_id":"6","move_id":"207","pokemon_move_method_id":"3","level":"0","pokemon_id":"139"}{"order":"","version_group_id":"6","move_id":"213","pokemon_move_method_id":"4","level":"0","pokemon_id":"139"}{"order":"","version_group_id":"6","move_id":"214","pokemon_move_method_id":"3","level":"0","pokemon_id":"139"}{"order":"","version_group_id":"6","move_id":"216","pokemon_move_method_id":"4","level":"0","pokemon_id":"139"}{"order":"","version_group_id":"6","move_id":"218","pokemon_move_method_id":"4","level":"0","pokemon_id":"139"}{"order":"","version_group_id":"6","move_id":"237","pokemon_move_method_id":"4","level":"0","pokemon_id":"139"}{"order":"","version_group_id":"6","move_id":"240","pokemon_move_method_id":"4","level":"0","pokemon_id":"139"}{"order":"","version_group_id":"6","move_id":"246","pokemon_move_method_id":"1","level":"55","pokemon_id":"139"}{"order":"","version_group_id":"6","move_id":"249","pokemon_move_method_id":"4","level":"0","pokemon_id":"139"}{"order":"","version_group_id":"6","move_id":"258","pokemon_move_method_id":"4","level":"0","pokemon_id":"139"}{"order":"","version_group_id":"6","move_id":"263","pokemon_move_method_id":"4","level":"0","pokemon_id":"139"}{"order":"","version_group_id":"6","move_id":"290","pokemon_move_method_id":"4","level":"0","pokemon_id":"139"}{"order":"","version_group_id":"6","move_id":"291","pokemon_move_method_id":"4","level":"0","pokemon_id":"139"}{"order":"","version_group_id":"6","move_id":"317","pokemon_move_method_id":"4","level":"0","pokemon_id":"139"}{"order":"","version_group_id":"6","move_id":"321","pokemon_move_method_id":"1","level":"46","pokemon_id":"139"}{"order":"","version_group_id":"6","move_id":"341","pokemon_move_method_id":"1","level":"25","pokemon_id":"139"}{"order":"","version_group_id":"6","move_id":"352","pokemon_move_method_id":"4","level":"0","pokemon_id":"139"}{"order":"","version_group_id":"7","move_id":"34","pokemon_move_method_id":"3","level":"0","pokemon_id":"139"}{"order":"","version_group_id":"7","move_id":"38","pokemon_move_method_id":"3","level":"0","pokemon_id":"139"}{"order":"","version_group_id":"7","move_id":"43","pokemon_move_method_id":"1","level":"31","pokemon_id":"139"}{"order":"3","version_group_id":"7","move_id":"44","pokemon_move_method_id":"1","level":"1","pokemon_id":"139"}{"order":"","version_group_id":"7","move_id":"44","pokemon_move_method_id":"1","level":"13","pokemon_id":"139"}{"order":"4","version_group_id":"7","move_id":"55","pokemon_move_method_id":"1","level":"1","pokemon_id":"139"}{"order":"","version_group_id":"7","move_id":"55","pokemon_move_method_id":"1","level":"19","pokemon_id":"139"}{"order":"","version_group_id":"7","move_id":"56","pokemon_move_method_id":"1","level":"65","pokemon_id":"139"}{"order":"","version_group_id":"7","move_id":"57","pokemon_move_method_id":"4","level":"0","pokemon_id":"139"}{"order":"","version_group_id":"7","move_id":"58","pokemon_move_method_id":"4","level":"0","pokemon_id":"139"}{"order":"","version_group_id":"7","move_id":"59","pokemon_move_method_id":"4","level":"0","pokemon_id":"139"}{"order":"","version_group_id":"7","move_id":"63","pokemon_move_method_id":"4","level":"0","pokemon_id":"139"}{"order":"","version_group_id":"7","move_id":"69","pokemon_move_method_id":"3","level":"0","pokemon_id":"139"}{"order":"","version_group_id":"7","move_id":"92","pokemon_move_method_id":"4","level":"0","pokemon_id":"139"}{"order":"","version_group_id":"7","move_id":"102","pokemon_move_method_id":"3","level":"0","pokemon_id":"139"}{"order":"","version_group_id":"7","move_id":"104","pokemon_move_method_id":"4","level":"0","pokemon_id":"139"}{"order":"2","version_group_id":"7","move_id":"110","pokemon_move_method_id":"1","level":"1","pokemon_id":"139"}{"order":"","version_group_id":"7","move_id":"127","pokemon_move_method_id":"4","level":"0","pokemon_id":"139"}{"order":"","version_group_id":"7","move_id":"131","pokemon_move_method_id":"1","level":"40","pokemon_id":"139"}{"order":"1","version_group_id":"7","move_id":"132","pokemon_move_method_id":"1","level":"1","pokemon_id":"139"}{"order":"","version_group_id":"7","move_id":"156","pokemon_move_method_id":"4","level":"0","pokemon_id":"139"}{"order":"","version_group_id":"7","move_id":"157","pokemon_move_method_id":"3","level":"0","pokemon_id":"139"}{"order":"","version_group_id":"7","move_id":"164","pokemon_move_method_id":"3","level":"0","pokemon_id":"139"}{"order":"","version_group_id":"7","move_id":"168","pokemon_move_method_id":"4","level":"0","pokemon_id":"139"}{"order":"","version_group_id":"7","move_id":"182","pokemon_move_method_id":"1","level":"37","pokemon_id":"139"}{"order":"","version_group_id":"7","move_id":"182","pokemon_move_method_id":"4","level":"0","pokemon_id":"139"}{"order":"","version_group_id":"7","move_id":"201","pokemon_move_method_id":"4","level":"0","pokemon_id":"139"}{"order":"","version_group_id":"7","move_id":"213","pokemon_move_method_id":"4","level":"0","pokemon_id":"139"}{"order":"","version_group_id":"7","move_id":"216","pokemon_move_method_id":"4","level":"0","pokemon_id":"139"}{"order":"","version_group_id":"7","move_id":"218","pokemon_move_method_id":"4","level":"0","pokemon_id":"139"}{"order":"","version_group_id":"7","move_id":"237","pokemon_move_method_id":"4","level":"0","pokemon_id":"139"}{"order":"","version_group_id":"7","move_id":"240","pokemon_move_method_id":"4","level":"0","pokemon_id":"139"}{"order":"","version_group_id":"7","move_id":"246","pokemon_move_method_id":"1","level":"55","pokemon_id":"139"}{"order":"","version_group_id":"7","move_id":"249","pokemon_move_method_id":"4","level":"0","pokemon_id":"139"}{"order":"","version_group_id":"7","move_id":"258","pokemon_move_method_id":"4","level":"0","pokemon_id":"139"}{"order":"","version_group_id":"7","move_id":"263","pokemon_move_method_id":"4","level":"0","pokemon_id":"139"}{"order":"","version_group_id":"7","move_id":"290","pokemon_move_method_id":"4","level":"0","pokemon_id":"139"}{"order":"","version_group_id":"7","move_id":"291","pokemon_move_method_id":"4","level":"0","pokemon_id":"139"}{"order":"","version_group_id":"7","move_id":"317","pokemon_move_method_id":"4","level":"0","pokemon_id":"139"}{"order":"","version_group_id":"7","move_id":"321","pokemon_move_method_id":"1","level":"46","pokemon_id":"139"}{"order":"","version_group_id":"7","move_id":"341","pokemon_move_method_id":"1","level":"25","pokemon_id":"139"}{"order":"","version_group_id":"7","move_id":"352","pokemon_move_method_id":"4","level":"0","pokemon_id":"139"}{"order":"","version_group_id":"8","move_id":"43","pokemon_move_method_id":"1","level":"19","pokemon_id":"139"}{"order":"3","version_group_id":"8","move_id":"44","pokemon_move_method_id":"1","level":"1","pokemon_id":"139"}{"order":"","version_group_id":"8","move_id":"44","pokemon_move_method_id":"1","level":"7","pokemon_id":"139"}{"order":"","version_group_id":"8","move_id":"55","pokemon_move_method_id":"1","level":"10","pokemon_id":"139"}{"order":"","version_group_id":"8","move_id":"56","pokemon_move_method_id":"1","level":"67","pokemon_id":"139"}{"order":"","version_group_id":"8","move_id":"57","pokemon_move_method_id":"4","level":"0","pokemon_id":"139"}{"order":"","version_group_id":"8","move_id":"58","pokemon_move_method_id":"4","level":"0","pokemon_id":"139"}{"order":"","version_group_id":"8","move_id":"59","pokemon_move_method_id":"4","level":"0","pokemon_id":"139"}{"order":"","version_group_id":"8","move_id":"63","pokemon_move_method_id":"4","level":"0","pokemon_id":"139"}{"order":"","version_group_id":"8","move_id":"92","pokemon_move_method_id":"4","level":"0","pokemon_id":"139"}{"order":"","version_group_id":"8","move_id":"104","pokemon_move_method_id":"4","level":"0","pokemon_id":"139"}{"order":"2","version_group_id":"8","move_id":"110","pokemon_move_method_id":"1","level":"1","pokemon_id":"139"}{"order":"","version_group_id":"8","move_id":"127","pokemon_move_method_id":"4","level":"0","pokemon_id":"139"}{"order":"","version_group_id":"8","move_id":"131","pokemon_move_method_id":"1","level":"40","pokemon_id":"139"}{"order":"1","version_group_id":"8","move_id":"132","pokemon_move_method_id":"1","level":"1","pokemon_id":"139"}{"order":"","version_group_id":"8","move_id":"156","pokemon_move_method_id":"4","level":"0","pokemon_id":"139"}{"order":"","version_group_id":"8","move_id":"157","pokemon_move_method_id":"4","level":"0","pokemon_id":"139"}{"order":"","version_group_id":"8","move_id":"164","pokemon_move_method_id":"4","level":"0","pokemon_id":"139"}{"order":"","version_group_id":"8","move_id":"168","pokemon_move_method_id":"4","level":"0","pokemon_id":"139"}{"order":"","version_group_id":"8","move_id":"182","pokemon_move_method_id":"1","level":"34","pokemon_id":"139"}{"order":"","version_group_id":"8","move_id":"182","pokemon_move_method_id":"4","level":"0","pokemon_id":"139"}{"order":"","version_group_id":"8","move_id":"201","pokemon_move_method_id":"4","level":"0","pokemon_id":"139"}{"order":"","version_group_id":"8","move_id":"203","pokemon_move_method_id":"4","level":"0","pokemon_id":"139"}{"order":"","version_group_id":"8","move_id":"205","pokemon_move_method_id":"1","level":"16","pokemon_id":"139"}{"order":"","version_group_id":"8","move_id":"207","pokemon_move_method_id":"4","level":"0","pokemon_id":"139"}{"order":"","version_group_id":"8","move_id":"213","pokemon_move_method_id":"4","level":"0","pokemon_id":"139"}{"order":"","version_group_id":"8","move_id":"214","pokemon_move_method_id":"4","level":"0","pokemon_id":"139"}{"order":"","version_group_id":"8","move_id":"216","pokemon_move_method_id":"4","level":"0","pokemon_id":"139"}{"order":"","version_group_id":"8","move_id":"218","pokemon_move_method_id":"4","level":"0","pokemon_id":"139"}{"order":"","version_group_id":"8","move_id":"237","pokemon_move_method_id":"4","level":"0","pokemon_id":"139"}{"order":"","version_group_id":"8","move_id":"240","pokemon_move_method_id":"4","level":"0","pokemon_id":"139"}{"order":"","version_group_id":"8","move_id":"246","pokemon_move_method_id":"1","level":"37","pokemon_id":"139"}{"order":"","version_group_id":"8","move_id":"249","pokemon_move_method_id":"4","level":"0","pokemon_id":"139"}{"order":"","version_group_id":"8","move_id":"258","pokemon_move_method_id":"4","level":"0","pokemon_id":"139"}{"order":"","version_group_id":"8","move_id":"263","pokemon_move_method_id":"4","level":"0","pokemon_id":"139"}{"order":"","version_group_id":"8","move_id":"290","pokemon_move_method_id":"4","level":"0","pokemon_id":"139"}{"order":"","version_group_id":"8","move_id":"317","pokemon_move_method_id":"4","level":"0","pokemon_id":"139"}{"order":"","version_group_id":"8","move_id":"321","pokemon_move_method_id":"1","level":"48","pokemon_id":"139"}{"order":"","version_group_id":"8","move_id":"341","pokemon_move_method_id":"1","level":"25","pokemon_id":"139"}{"order":"","version_group_id":"8","move_id":"350","pokemon_move_method_id":"1","level":"56","pokemon_id":"139"}{"order":"","version_group_id":"8","move_id":"352","pokemon_move_method_id":"4","level":"0","pokemon_id":"139"}{"order":"","version_group_id":"8","move_id":"360","pokemon_move_method_id":"4","level":"0","pokemon_id":"139"}{"order":"","version_group_id":"8","move_id":"362","pokemon_move_method_id":"1","level":"28","pokemon_id":"139"}{"order":"","version_group_id":"8","move_id":"362","pokemon_move_method_id":"4","level":"0","pokemon_id":"139"}{"order":"","version_group_id":"8","move_id":"363","pokemon_move_method_id":"4","level":"0","pokemon_id":"139"}{"order":"","version_group_id":"8","move_id":"397","pokemon_move_method_id":"4","level":"0","pokemon_id":"139"}{"order":"","version_group_id":"8","move_id":"416","pokemon_move_method_id":"4","level":"0","pokemon_id":"139"}{"order":"","version_group_id":"8","move_id":"431","pokemon_move_method_id":"4","level":"0","pokemon_id":"139"}{"order":"","version_group_id":"8","move_id":"444","pokemon_move_method_id":"4","level":"0","pokemon_id":"139"}{"order":"","version_group_id":"8","move_id":"445","pokemon_move_method_id":"4","level":"0","pokemon_id":"139"}{"order":"","version_group_id":"8","move_id":"446","pokemon_move_method_id":"4","level":"0","pokemon_id":"139"}{"order":"","version_group_id":"9","move_id":"43","pokemon_move_method_id":"1","level":"19","pokemon_id":"139"}{"order":"3","version_group_id":"9","move_id":"44","pokemon_move_method_id":"1","level":"1","pokemon_id":"139"}{"order":"","version_group_id":"9","move_id":"44","pokemon_move_method_id":"1","level":"7","pokemon_id":"139"}{"order":"","version_group_id":"9","move_id":"55","pokemon_move_method_id":"1","level":"10","pokemon_id":"139"}{"order":"","version_group_id":"9","move_id":"56","pokemon_move_method_id":"1","level":"67","pokemon_id":"139"}{"order":"","version_group_id":"9","move_id":"57","pokemon_move_method_id":"4","level":"0","pokemon_id":"139"}{"order":"","version_group_id":"9","move_id":"58","pokemon_move_method_id":"4","level":"0","pokemon_id":"139"}{"order":"","version_group_id":"9","move_id":"59","pokemon_move_method_id":"4","level":"0","pokemon_id":"139"}{"order":"","version_group_id":"9","move_id":"63","pokemon_move_method_id":"4","level":"0","pokemon_id":"139"}{"order":"","version_group_id":"9","move_id":"92","pokemon_move_method_id":"4","level":"0","pokemon_id":"139"}{"order":"","version_group_id":"9","move_id":"104","pokemon_move_method_id":"4","level":"0","pokemon_id":"139"}{"order":"2","version_group_id":"9","move_id":"110","pokemon_move_method_id":"1","level":"1","pokemon_id":"139"}{"order":"","version_group_id":"9","move_id":"127","pokemon_move_method_id":"4","level":"0","pokemon_id":"139"}{"order":"","version_group_id":"9","move_id":"131","pokemon_move_method_id":"1","level":"40","pokemon_id":"139"}{"order":"1","version_group_id":"9","move_id":"132","pokemon_move_method_id":"1","level":"1","pokemon_id":"139"}{"order":"","version_group_id":"9","move_id":"156","pokemon_move_method_id":"4","level":"0","pokemon_id":"139"}{"order":"","version_group_id":"9","move_id":"157","pokemon_move_method_id":"4","level":"0","pokemon_id":"139"}{"order":"","version_group_id":"9","move_id":"164","pokemon_move_method_id":"4","level":"0","pokemon_id":"139"}{"order":"","version_group_id":"9","move_id":"168","pokemon_move_method_id":"4","level":"0","pokemon_id":"139"}{"order":"","version_group_id":"9","move_id":"173","pokemon_move_method_id":"3","level":"0","pokemon_id":"139"}{"order":"","version_group_id":"9","move_id":"182","pokemon_move_method_id":"1","level":"34","pokemon_id":"139"}{"order":"","version_group_id":"9","move_id":"182","pokemon_move_method_id":"4","level":"0","pokemon_id":"139"}{"order":"","version_group_id":"9","move_id":"196","pokemon_move_method_id":"3","level":"0","pokemon_id":"139"}{"order":"","version_group_id":"9","move_id":"201","pokemon_move_method_id":"4","level":"0","pokemon_id":"139"}{"order":"","version_group_id":"9","move_id":"203","pokemon_move_method_id":"4","level":"0","pokemon_id":"139"}{"order":"","version_group_id":"9","move_id":"205","pokemon_move_method_id":"1","level":"16","pokemon_id":"139"}{"order":"","version_group_id":"9","move_id":"205","pokemon_move_method_id":"3","level":"0","pokemon_id":"139"}{"order":"","version_group_id":"9","move_id":"207","pokemon_move_method_id":"4","level":"0","pokemon_id":"139"}{"order":"","version_group_id":"9","move_id":"213","pokemon_move_method_id":"4","level":"0","pokemon_id":"139"}{"order":"","version_group_id":"9","move_id":"214","pokemon_move_method_id":"4","level":"0","pokemon_id":"139"}{"order":"","version_group_id":"9","move_id":"216","pokemon_move_method_id":"4","level":"0","pokemon_id":"139"}{"order":"","version_group_id":"9","move_id":"218","pokemon_move_method_id":"4","level":"0","pokemon_id":"139"}{"order":"","version_group_id":"9","move_id":"237","pokemon_move_method_id":"4","level":"0","pokemon_id":"139"}{"order":"","version_group_id":"9","move_id":"240","pokemon_move_method_id":"4","level":"0","pokemon_id":"139"}{"order":"","version_group_id":"9","move_id":"246","pokemon_move_method_id":"1","level":"37","pokemon_id":"139"}{"order":"","version_group_id":"9","move_id":"246","pokemon_move_method_id":"3","level":"0","pokemon_id":"139"}{"order":"","version_group_id":"9","move_id":"249","pokemon_move_method_id":"4","level":"0","pokemon_id":"139"}{"order":"","version_group_id":"9","move_id":"258","pokemon_move_method_id":"4","level":"0","pokemon_id":"139"}{"order":"","version_group_id":"9","move_id":"263","pokemon_move_method_id":"4","level":"0","pokemon_id":"139"}{"order":"","version_group_id":"9","move_id":"282","pokemon_move_method_id":"3","level":"0","pokemon_id":"139"}{"order":"","version_group_id":"9","move_id":"290","pokemon_move_method_id":"4","level":"0","pokemon_id":"139"}{"order":"","version_group_id":"9","move_id":"291","pokemon_move_method_id":"3","level":"0","pokemon_id":"139"}{"order":"","version_group_id":"9","move_id":"317","pokemon_move_method_id":"4","level":"0","pokemon_id":"139"}{"order":"","version_group_id":"9","move_id":"321","pokemon_move_method_id":"1","level":"48","pokemon_id":"139"}{"order":"","version_group_id":"9","move_id":"334","pokemon_move_method_id":"3","level":"0","pokemon_id":"139"}{"order":"","version_group_id":"9","move_id":"341","pokemon_move_method_id":"1","level":"25","pokemon_id":"139"}{"order":"","version_group_id":"9","move_id":"350","pokemon_move_method_id":"1","level":"56","pokemon_id":"139"}{"order":"","version_group_id":"9","move_id":"352","pokemon_move_method_id":"4","level":"0","pokemon_id":"139"}{"order":"","version_group_id":"9","move_id":"360","pokemon_move_method_id":"4","level":"0","pokemon_id":"139"}{"order":"","version_group_id":"9","move_id":"362","pokemon_move_method_id":"1","level":"28","pokemon_id":"139"}{"order":"","version_group_id":"9","move_id":"362","pokemon_move_method_id":"4","level":"0","pokemon_id":"139"}{"order":"","version_group_id":"9","move_id":"363","pokemon_move_method_id":"4","level":"0","pokemon_id":"139"}{"order":"","version_group_id":"9","move_id":"397","pokemon_move_method_id":"4","level":"0","pokemon_id":"139"}{"order":"","version_group_id":"9","move_id":"414","pokemon_move_method_id":"3","level":"0","pokemon_id":"139"}{"order":"","version_group_id":"9","move_id":"416","pokemon_move_method_id":"4","level":"0","pokemon_id":"139"}{"order":"","version_group_id":"9","move_id":"431","pokemon_move_method_id":"4","level":"0","pokemon_id":"139"}{"order":"","version_group_id":"9","move_id":"444","pokemon_move_method_id":"4","level":"0","pokemon_id":"139"}{"order":"","version_group_id":"9","move_id":"445","pokemon_move_method_id":"4","level":"0","pokemon_id":"139"}{"order":"","version_group_id":"9","move_id":"446","pokemon_move_method_id":"4","level":"0","pokemon_id":"139"}{"order":"","version_group_id":"10","move_id":"29","pokemon_move_method_id":"3","level":"0","pokemon_id":"139"}{"order":"","version_group_id":"10","move_id":"43","pokemon_move_method_id":"1","level":"19","pokemon_id":"139"}{"order":"3","version_group_id":"10","move_id":"44","pokemon_move_method_id":"1","level":"1","pokemon_id":"139"}{"order":"","version_group_id":"10","move_id":"44","pokemon_move_method_id":"1","level":"7","pokemon_id":"139"}{"order":"","version_group_id":"10","move_id":"55","pokemon_move_method_id":"1","level":"10","pokemon_id":"139"}{"order":"","version_group_id":"10","move_id":"56","pokemon_move_method_id":"1","level":"67","pokemon_id":"139"}{"order":"","version_group_id":"10","move_id":"57","pokemon_move_method_id":"4","level":"0","pokemon_id":"139"}{"order":"","version_group_id":"10","move_id":"58","pokemon_move_method_id":"4","level":"0","pokemon_id":"139"}{"order":"","version_group_id":"10","move_id":"59","pokemon_move_method_id":"4","level":"0","pokemon_id":"139"}{"order":"","version_group_id":"10","move_id":"63","pokemon_move_method_id":"4","level":"0","pokemon_id":"139"}{"order":"","version_group_id":"10","move_id":"92","pokemon_move_method_id":"4","level":"0","pokemon_id":"139"}{"order":"","version_group_id":"10","move_id":"104","pokemon_move_method_id":"4","level":"0","pokemon_id":"139"}{"order":"2","version_group_id":"10","move_id":"110","pokemon_move_method_id":"1","level":"1","pokemon_id":"139"}{"order":"","version_group_id":"10","move_id":"127","pokemon_move_method_id":"4","level":"0","pokemon_id":"139"}{"order":"","version_group_id":"10","move_id":"131","pokemon_move_method_id":"1","level":"40","pokemon_id":"139"}{"order":"1","version_group_id":"10","move_id":"132","pokemon_move_method_id":"1","level":"1","pokemon_id":"139"}{"order":"","version_group_id":"10","move_id":"156","pokemon_move_method_id":"4","level":"0","pokemon_id":"139"}{"order":"","version_group_id":"10","move_id":"157","pokemon_move_method_id":"4","level":"0","pokemon_id":"139"}{"order":"","version_group_id":"10","move_id":"164","pokemon_move_method_id":"4","level":"0","pokemon_id":"139"}{"order":"","version_group_id":"10","move_id":"168","pokemon_move_method_id":"4","level":"0","pokemon_id":"139"}{"order":"","version_group_id":"10","move_id":"173","pokemon_move_method_id":"3","level":"0","pokemon_id":"139"}{"order":"","version_group_id":"10","move_id":"182","pokemon_move_method_id":"1","level":"34","pokemon_id":"139"}{"order":"","version_group_id":"10","move_id":"182","pokemon_move_method_id":"4","level":"0","pokemon_id":"139"}{"order":"","version_group_id":"10","move_id":"196","pokemon_move_method_id":"3","level":"0","pokemon_id":"139"}{"order":"","version_group_id":"10","move_id":"201","pokemon_move_method_id":"4","level":"0","pokemon_id":"139"}{"order":"","version_group_id":"10","move_id":"203","pokemon_move_method_id":"4","level":"0","pokemon_id":"139"}{"order":"","version_group_id":"10","move_id":"205","pokemon_move_method_id":"1","level":"16","pokemon_id":"139"}{"order":"","version_group_id":"10","move_id":"205","pokemon_move_method_id":"3","level":"0","pokemon_id":"139"}{"order":"","version_group_id":"10","move_id":"207","pokemon_move_method_id":"4","level":"0","pokemon_id":"139"}{"order":"","version_group_id":"10","move_id":"213","pokemon_move_method_id":"4","level":"0","pokemon_id":"139"}{"order":"","version_group_id":"10","move_id":"214","pokemon_move_method_id":"4","level":"0","pokemon_id":"139"}{"order":"","version_group_id":"10","move_id":"216","pokemon_move_method_id":"4","level":"0","pokemon_id":"139"}{"order":"","version_group_id":"10","move_id":"218","pokemon_move_method_id":"4","level":"0","pokemon_id":"139"}{"order":"","version_group_id":"10","move_id":"237","pokemon_move_method_id":"4","level":"0","pokemon_id":"139"}{"order":"","version_group_id":"10","move_id":"240","pokemon_move_method_id":"4","level":"0","pokemon_id":"139"}{"order":"","version_group_id":"10","move_id":"246","pokemon_move_method_id":"1","level":"37","pokemon_id":"139"}{"order":"","version_group_id":"10","move_id":"246","pokemon_move_method_id":"3","level":"0","pokemon_id":"139"}{"order":"","version_group_id":"10","move_id":"249","pokemon_move_method_id":"4","level":"0","pokemon_id":"139"}{"order":"","version_group_id":"10","move_id":"250","pokemon_move_method_id":"4","level":"0","pokemon_id":"139"}{"order":"","version_group_id":"10","move_id":"258","pokemon_move_method_id":"4","level":"0","pokemon_id":"139"}{"order":"","version_group_id":"10","move_id":"263","pokemon_move_method_id":"4","level":"0","pokemon_id":"139"}{"order":"","version_group_id":"10","move_id":"282","pokemon_move_method_id":"3","level":"0","pokemon_id":"139"}{"order":"","version_group_id":"10","move_id":"290","pokemon_move_method_id":"4","level":"0","pokemon_id":"139"}{"order":"","version_group_id":"10","move_id":"291","pokemon_move_method_id":"3","level":"0","pokemon_id":"139"}{"order":"","version_group_id":"10","move_id":"317","pokemon_move_method_id":"4","level":"0","pokemon_id":"139"}{"order":"","version_group_id":"10","move_id":"321","pokemon_move_method_id":"1","level":"48","pokemon_id":"139"}{"order":"","version_group_id":"10","move_id":"334","pokemon_move_method_id":"3","level":"0","pokemon_id":"139"}{"order":"","version_group_id":"10","move_id":"341","pokemon_move_method_id":"1","level":"25","pokemon_id":"139"}{"order":"","version_group_id":"10","move_id":"350","pokemon_move_method_id":"1","level":"56","pokemon_id":"139"}{"order":"","version_group_id":"10","move_id":"352","pokemon_move_method_id":"4","level":"0","pokemon_id":"139"}{"order":"","version_group_id":"10","move_id":"360","pokemon_move_method_id":"4","level":"0","pokemon_id":"139"}{"order":"","version_group_id":"10","move_id":"362","pokemon_move_method_id":"1","level":"28","pokemon_id":"139"}{"order":"","version_group_id":"10","move_id":"362","pokemon_move_method_id":"4","level":"0","pokemon_id":"139"}{"order":"","version_group_id":"10","move_id":"363","pokemon_move_method_id":"4","level":"0","pokemon_id":"139"}{"order":"","version_group_id":"10","move_id":"397","pokemon_move_method_id":"4","level":"0","pokemon_id":"139"}{"order":"","version_group_id":"10","move_id":"414","pokemon_move_method_id":"3","level":"0","pokemon_id":"139"}{"order":"","version_group_id":"10","move_id":"416","pokemon_move_method_id":"4","level":"0","pokemon_id":"139"}{"order":"","version_group_id":"10","move_id":"431","pokemon_move_method_id":"4","level":"0","pokemon_id":"139"}{"order":"","version_group_id":"10","move_id":"444","pokemon_move_method_id":"4","level":"0","pokemon_id":"139"}{"order":"","version_group_id":"10","move_id":"445","pokemon_move_method_id":"4","level":"0","pokemon_id":"139"}{"order":"","version_group_id":"10","move_id":"446","pokemon_move_method_id":"4","level":"0","pokemon_id":"139"}{"order":"","version_group_id":"11","move_id":"43","pokemon_move_method_id":"1","level":"19","pokemon_id":"139"}{"order":"3","version_group_id":"11","move_id":"44","pokemon_move_method_id":"1","level":"1","pokemon_id":"139"}{"order":"","version_group_id":"11","move_id":"44","pokemon_move_method_id":"1","level":"7","pokemon_id":"139"}{"order":"","version_group_id":"11","move_id":"55","pokemon_move_method_id":"1","level":"10","pokemon_id":"139"}{"order":"","version_group_id":"11","move_id":"56","pokemon_move_method_id":"1","level":"75","pokemon_id":"139"}{"order":"","version_group_id":"11","move_id":"57","pokemon_move_method_id":"4","level":"0","pokemon_id":"139"}{"order":"","version_group_id":"11","move_id":"58","pokemon_move_method_id":"4","level":"0","pokemon_id":"139"}{"order":"","version_group_id":"11","move_id":"59","pokemon_move_method_id":"4","level":"0","pokemon_id":"139"}{"order":"","version_group_id":"11","move_id":"63","pokemon_move_method_id":"4","level":"0","pokemon_id":"139"}{"order":"","version_group_id":"11","move_id":"92","pokemon_move_method_id":"4","level":"0","pokemon_id":"139"}{"order":"","version_group_id":"11","move_id":"104","pokemon_move_method_id":"4","level":"0","pokemon_id":"139"}{"order":"2","version_group_id":"11","move_id":"110","pokemon_move_method_id":"1","level":"1","pokemon_id":"139"}{"order":"","version_group_id":"11","move_id":"127","pokemon_move_method_id":"4","level":"0","pokemon_id":"139"}{"order":"","version_group_id":"11","move_id":"131","pokemon_move_method_id":"1","level":"40","pokemon_id":"139"}{"order":"1","version_group_id":"11","move_id":"132","pokemon_move_method_id":"1","level":"1","pokemon_id":"139"}{"order":"","version_group_id":"11","move_id":"156","pokemon_move_method_id":"4","level":"0","pokemon_id":"139"}{"order":"","version_group_id":"11","move_id":"157","pokemon_move_method_id":"4","level":"0","pokemon_id":"139"}{"order":"","version_group_id":"11","move_id":"164","pokemon_move_method_id":"4","level":"0","pokemon_id":"139"}{"order":"","version_group_id":"11","move_id":"168","pokemon_move_method_id":"4","level":"0","pokemon_id":"139"}{"order":"","version_group_id":"11","move_id":"182","pokemon_move_method_id":"1","level":"34","pokemon_id":"139"}{"order":"","version_group_id":"11","move_id":"182","pokemon_move_method_id":"4","level":"0","pokemon_id":"139"}{"order":"","version_group_id":"11","move_id":"201","pokemon_move_method_id":"4","level":"0","pokemon_id":"139"}{"order":"","version_group_id":"11","move_id":"205","pokemon_move_method_id":"1","level":"16","pokemon_id":"139"}{"order":"","version_group_id":"11","move_id":"207","pokemon_move_method_id":"4","level":"0","pokemon_id":"139"}{"order":"","version_group_id":"11","move_id":"213","pokemon_move_method_id":"4","level":"0","pokemon_id":"139"}{"order":"","version_group_id":"11","move_id":"216","pokemon_move_method_id":"4","level":"0","pokemon_id":"139"}{"order":"","version_group_id":"11","move_id":"218","pokemon_move_method_id":"4","level":"0","pokemon_id":"139"}{"order":"","version_group_id":"11","move_id":"237","pokemon_move_method_id":"4","level":"0","pokemon_id":"139"}{"order":"","version_group_id":"11","move_id":"240","pokemon_move_method_id":"4","level":"0","pokemon_id":"139"}{"order":"","version_group_id":"11","move_id":"246","pokemon_move_method_id":"1","level":"37","pokemon_id":"139"}{"order":"","version_group_id":"11","move_id":"249","pokemon_move_method_id":"4","level":"0","pokemon_id":"139"}{"order":"","version_group_id":"11","move_id":"258","pokemon_move_method_id":"4","level":"0","pokemon_id":"139"}{"order":"","version_group_id":"11","move_id":"263","pokemon_move_method_id":"4","level":"0","pokemon_id":"139"}{"order":"","version_group_id":"11","move_id":"291","pokemon_move_method_id":"4","level":"0","pokemon_id":"139"}{"order":"","version_group_id":"11","move_id":"317","pokemon_move_method_id":"4","level":"0","pokemon_id":"139"}{"order":"","version_group_id":"11","move_id":"321","pokemon_move_method_id":"1","level":"48","pokemon_id":"139"}{"order":"","version_group_id":"11","move_id":"341","pokemon_move_method_id":"1","level":"25","pokemon_id":"139"}{"order":"","version_group_id":"11","move_id":"350","pokemon_move_method_id":"1","level":"56","pokemon_id":"139"}{"order":"","version_group_id":"11","move_id":"360","pokemon_move_method_id":"4","level":"0","pokemon_id":"139"}{"order":"","version_group_id":"11","move_id":"362","pokemon_move_method_id":"1","level":"28","pokemon_id":"139"}{"order":"","version_group_id":"11","move_id":"397","pokemon_move_method_id":"4","level":"0","pokemon_id":"139"}{"order":"","version_group_id":"11","move_id":"416","pokemon_move_method_id":"4","level":"0","pokemon_id":"139"}{"order":"","version_group_id":"11","move_id":"444","pokemon_move_method_id":"4","level":"0","pokemon_id":"139"}{"order":"","version_group_id":"11","move_id":"479","pokemon_move_method_id":"4","level":"0","pokemon_id":"139"}{"order":"","version_group_id":"11","move_id":"496","pokemon_move_method_id":"4","level":"0","pokemon_id":"139"}{"order":"","version_group_id":"11","move_id":"503","pokemon_move_method_id":"4","level":"0","pokemon_id":"139"}{"order":"","version_group_id":"11","move_id":"504","pokemon_move_method_id":"1","level":"67","pokemon_id":"139"}{"order":"","version_group_id":"12","move_id":"43","pokemon_move_method_id":"1","level":"31","pokemon_id":"139"}{"order":"3","version_group_id":"12","move_id":"44","pokemon_move_method_id":"1","level":"1","pokemon_id":"139"}{"order":"","version_group_id":"12","move_id":"44","pokemon_move_method_id":"1","level":"13","pokemon_id":"139"}{"order":"","version_group_id":"12","move_id":"55","pokemon_move_method_id":"1","level":"19","pokemon_id":"139"}{"order":"","version_group_id":"12","move_id":"56","pokemon_move_method_id":"1","level":"65","pokemon_id":"139"}{"order":"","version_group_id":"12","move_id":"57","pokemon_move_method_id":"4","level":"0","pokemon_id":"139"}{"order":"","version_group_id":"12","move_id":"58","pokemon_move_method_id":"4","level":"0","pokemon_id":"139"}{"order":"","version_group_id":"12","move_id":"59","pokemon_move_method_id":"4","level":"0","pokemon_id":"139"}{"order":"","version_group_id":"12","move_id":"63","pokemon_move_method_id":"4","level":"0","pokemon_id":"139"}{"order":"","version_group_id":"12","move_id":"92","pokemon_move_method_id":"4","level":"0","pokemon_id":"139"}{"order":"","version_group_id":"12","move_id":"104","pokemon_move_method_id":"4","level":"0","pokemon_id":"139"}{"order":"2","version_group_id":"12","move_id":"110","pokemon_move_method_id":"1","level":"1","pokemon_id":"139"}{"order":"","version_group_id":"12","move_id":"127","pokemon_move_method_id":"4","level":"0","pokemon_id":"139"}{"order":"","version_group_id":"12","move_id":"131","pokemon_move_method_id":"1","level":"40","pokemon_id":"139"}{"order":"1","version_group_id":"12","move_id":"132","pokemon_move_method_id":"1","level":"1","pokemon_id":"139"}{"order":"","version_group_id":"12","move_id":"156","pokemon_move_method_id":"4","level":"0","pokemon_id":"139"}{"order":"","version_group_id":"12","move_id":"168","pokemon_move_method_id":"4","level":"0","pokemon_id":"139"}{"order":"","version_group_id":"12","move_id":"182","pokemon_move_method_id":"1","level":"37","pokemon_id":"139"}{"order":"","version_group_id":"12","move_id":"182","pokemon_move_method_id":"4","level":"0","pokemon_id":"139"}{"order":"","version_group_id":"12","move_id":"201","pokemon_move_method_id":"4","level":"0","pokemon_id":"139"}{"order":"","version_group_id":"12","move_id":"213","pokemon_move_method_id":"4","level":"0","pokemon_id":"139"}{"order":"","version_group_id":"12","move_id":"216","pokemon_move_method_id":"4","level":"0","pokemon_id":"139"}{"order":"","version_group_id":"12","move_id":"218","pokemon_move_method_id":"4","level":"0","pokemon_id":"139"}{"order":"","version_group_id":"12","move_id":"237","pokemon_move_method_id":"4","level":"0","pokemon_id":"139"}{"order":"","version_group_id":"12","move_id":"240","pokemon_move_method_id":"4","level":"0","pokemon_id":"139"}{"order":"","version_group_id":"12","move_id":"246","pokemon_move_method_id":"1","level":"55","pokemon_id":"139"}{"order":"","version_group_id":"12","move_id":"249","pokemon_move_method_id":"4","level":"0","pokemon_id":"139"}{"order":"","version_group_id":"12","move_id":"258","pokemon_move_method_id":"4","level":"0","pokemon_id":"139"}{"order":"","version_group_id":"12","move_id":"263","pokemon_move_method_id":"4","level":"0","pokemon_id":"139"}{"order":"","version_group_id":"12","move_id":"290","pokemon_move_method_id":"4","level":"0","pokemon_id":"139"}{"order":"","version_group_id":"12","move_id":"291","pokemon_move_method_id":"4","level":"0","pokemon_id":"139"}{"order":"","version_group_id":"12","move_id":"317","pokemon_move_method_id":"4","level":"0","pokemon_id":"139"}{"order":"","version_group_id":"12","move_id":"321","pokemon_move_method_id":"1","level":"46","pokemon_id":"139"}{"order":"","version_group_id":"12","move_id":"341","pokemon_move_method_id":"1","level":"25","pokemon_id":"139"}{"order":"","version_group_id":"12","move_id":"352","pokemon_move_method_id":"4","level":"0","pokemon_id":"139"}{"order":"","version_group_id":"13","move_id":"34","pokemon_move_method_id":"3","level":"0","pokemon_id":"139"}{"order":"","version_group_id":"13","move_id":"38","pokemon_move_method_id":"3","level":"0","pokemon_id":"139"}{"order":"","version_group_id":"13","move_id":"43","pokemon_move_method_id":"1","level":"31","pokemon_id":"139"}{"order":"3","version_group_id":"13","move_id":"44","pokemon_move_method_id":"1","level":"1","pokemon_id":"139"}{"order":"","version_group_id":"13","move_id":"44","pokemon_move_method_id":"1","level":"13","pokemon_id":"139"}{"order":"","version_group_id":"13","move_id":"55","pokemon_move_method_id":"1","level":"19","pokemon_id":"139"}{"order":"","version_group_id":"13","move_id":"56","pokemon_move_method_id":"1","level":"65","pokemon_id":"139"}{"order":"","version_group_id":"13","move_id":"57","pokemon_move_method_id":"4","level":"0","pokemon_id":"139"}{"order":"","version_group_id":"13","move_id":"58","pokemon_move_method_id":"4","level":"0","pokemon_id":"139"}{"order":"","version_group_id":"13","move_id":"59","pokemon_move_method_id":"4","level":"0","pokemon_id":"139"}{"order":"","version_group_id":"13","move_id":"63","pokemon_move_method_id":"4","level":"0","pokemon_id":"139"}{"order":"","version_group_id":"13","move_id":"69","pokemon_move_method_id":"3","level":"0","pokemon_id":"139"}{"order":"","version_group_id":"13","move_id":"92","pokemon_move_method_id":"4","level":"0","pokemon_id":"139"}{"order":"","version_group_id":"13","move_id":"102","pokemon_move_method_id":"3","level":"0","pokemon_id":"139"}{"order":"","version_group_id":"13","move_id":"104","pokemon_move_method_id":"4","level":"0","pokemon_id":"139"}{"order":"2","version_group_id":"13","move_id":"110","pokemon_move_method_id":"1","level":"1","pokemon_id":"139"}{"order":"","version_group_id":"13","move_id":"127","pokemon_move_method_id":"4","level":"0","pokemon_id":"139"}{"order":"","version_group_id":"13","move_id":"131","pokemon_move_method_id":"1","level":"40","pokemon_id":"139"}{"order":"1","version_group_id":"13","move_id":"132","pokemon_move_method_id":"1","level":"1","pokemon_id":"139"}{"order":"","version_group_id":"13","move_id":"156","pokemon_move_method_id":"4","level":"0","pokemon_id":"139"}{"order":"","version_group_id":"13","move_id":"164","pokemon_move_method_id":"3","level":"0","pokemon_id":"139"}{"order":"","version_group_id":"13","move_id":"168","pokemon_move_method_id":"4","level":"0","pokemon_id":"139"}{"order":"","version_group_id":"13","move_id":"182","pokemon_move_method_id":"1","level":"37","pokemon_id":"139"}{"order":"","version_group_id":"13","move_id":"182","pokemon_move_method_id":"4","level":"0","pokemon_id":"139"}{"order":"","version_group_id":"13","move_id":"196","pokemon_move_method_id":"3","level":"0","pokemon_id":"139"}{"order":"","version_group_id":"13","move_id":"201","pokemon_move_method_id":"4","level":"0","pokemon_id":"139"}{"order":"","version_group_id":"13","move_id":"207","pokemon_move_method_id":"3","level":"0","pokemon_id":"139"}{"order":"","version_group_id":"13","move_id":"213","pokemon_move_method_id":"4","level":"0","pokemon_id":"139"}{"order":"","version_group_id":"13","move_id":"216","pokemon_move_method_id":"4","level":"0","pokemon_id":"139"}{"order":"","version_group_id":"13","move_id":"218","pokemon_move_method_id":"4","level":"0","pokemon_id":"139"}{"order":"","version_group_id":"13","move_id":"237","pokemon_move_method_id":"4","level":"0","pokemon_id":"139"}{"order":"","version_group_id":"13","move_id":"240","pokemon_move_method_id":"4","level":"0","pokemon_id":"139"}{"order":"","version_group_id":"13","move_id":"246","pokemon_move_method_id":"1","level":"55","pokemon_id":"139"}{"order":"","version_group_id":"13","move_id":"249","pokemon_move_method_id":"4","level":"0","pokemon_id":"139"}{"order":"","version_group_id":"13","move_id":"258","pokemon_move_method_id":"4","level":"0","pokemon_id":"139"}{"order":"","version_group_id":"13","move_id":"263","pokemon_move_method_id":"4","level":"0","pokemon_id":"139"}{"order":"","version_group_id":"13","move_id":"290","pokemon_move_method_id":"4","level":"0","pokemon_id":"139"}{"order":"","version_group_id":"13","move_id":"291","pokemon_move_method_id":"4","level":"0","pokemon_id":"139"}{"order":"","version_group_id":"13","move_id":"317","pokemon_move_method_id":"4","level":"0","pokemon_id":"139"}{"order":"","version_group_id":"13","move_id":"321","pokemon_move_method_id":"1","level":"46","pokemon_id":"139"}{"order":"","version_group_id":"13","move_id":"341","pokemon_move_method_id":"1","level":"25","pokemon_id":"139"}{"order":"","version_group_id":"13","move_id":"352","pokemon_move_method_id":"4","level":"0","pokemon_id":"139"}{"order":"","version_group_id":"14","move_id":"20","pokemon_move_method_id":"3","level":"0","pokemon_id":"139"}{"order":"","version_group_id":"14","move_id":"43","pokemon_move_method_id":"1","level":"19","pokemon_id":"139"}{"order":"3","version_group_id":"14","move_id":"44","pokemon_move_method_id":"1","level":"1","pokemon_id":"139"}{"order":"","version_group_id":"14","move_id":"44","pokemon_move_method_id":"1","level":"7","pokemon_id":"139"}{"order":"","version_group_id":"14","move_id":"55","pokemon_move_method_id":"1","level":"10","pokemon_id":"139"}{"order":"","version_group_id":"14","move_id":"56","pokemon_move_method_id":"1","level":"75","pokemon_id":"139"}{"order":"","version_group_id":"14","move_id":"57","pokemon_move_method_id":"4","level":"0","pokemon_id":"139"}{"order":"","version_group_id":"14","move_id":"58","pokemon_move_method_id":"4","level":"0","pokemon_id":"139"}{"order":"","version_group_id":"14","move_id":"59","pokemon_move_method_id":"4","level":"0","pokemon_id":"139"}{"order":"","version_group_id":"14","move_id":"63","pokemon_move_method_id":"4","level":"0","pokemon_id":"139"}{"order":"","version_group_id":"14","move_id":"92","pokemon_move_method_id":"4","level":"0","pokemon_id":"139"}{"order":"","version_group_id":"14","move_id":"104","pokemon_move_method_id":"4","level":"0","pokemon_id":"139"}{"order":"2","version_group_id":"14","move_id":"110","pokemon_move_method_id":"1","level":"1","pokemon_id":"139"}{"order":"","version_group_id":"14","move_id":"127","pokemon_move_method_id":"4","level":"0","pokemon_id":"139"}{"order":"","version_group_id":"14","move_id":"131","pokemon_move_method_id":"1","level":"40","pokemon_id":"139"}{"order":"1","version_group_id":"14","move_id":"132","pokemon_move_method_id":"1","level":"1","pokemon_id":"139"}{"order":"","version_group_id":"14","move_id":"156","pokemon_move_method_id":"4","level":"0","pokemon_id":"139"}{"order":"","version_group_id":"14","move_id":"157","pokemon_move_method_id":"4","level":"0","pokemon_id":"139"}{"order":"","version_group_id":"14","move_id":"164","pokemon_move_method_id":"4","level":"0","pokemon_id":"139"}{"order":"","version_group_id":"14","move_id":"168","pokemon_move_method_id":"4","level":"0","pokemon_id":"139"}{"order":"","version_group_id":"14","move_id":"173","pokemon_move_method_id":"3","level":"0","pokemon_id":"139"}{"order":"","version_group_id":"14","move_id":"182","pokemon_move_method_id":"1","level":"34","pokemon_id":"139"}{"order":"","version_group_id":"14","move_id":"182","pokemon_move_method_id":"4","level":"0","pokemon_id":"139"}{"order":"","version_group_id":"14","move_id":"196","pokemon_move_method_id":"3","level":"0","pokemon_id":"139"}{"order":"","version_group_id":"14","move_id":"201","pokemon_move_method_id":"4","level":"0","pokemon_id":"139"}{"order":"","version_group_id":"14","move_id":"205","pokemon_move_method_id":"1","level":"16","pokemon_id":"139"}{"order":"","version_group_id":"14","move_id":"207","pokemon_move_method_id":"4","level":"0","pokemon_id":"139"}{"order":"","version_group_id":"14","move_id":"213","pokemon_move_method_id":"4","level":"0","pokemon_id":"139"}{"order":"","version_group_id":"14","move_id":"214","pokemon_move_method_id":"3","level":"0","pokemon_id":"139"}{"order":"","version_group_id":"14","move_id":"216","pokemon_move_method_id":"4","level":"0","pokemon_id":"139"}{"order":"","version_group_id":"14","move_id":"218","pokemon_move_method_id":"4","level":"0","pokemon_id":"139"}{"order":"","version_group_id":"14","move_id":"237","pokemon_move_method_id":"4","level":"0","pokemon_id":"139"}{"order":"","version_group_id":"14","move_id":"240","pokemon_move_method_id":"4","level":"0","pokemon_id":"139"}{"order":"","version_group_id":"14","move_id":"246","pokemon_move_method_id":"1","level":"37","pokemon_id":"139"}{"order":"","version_group_id":"14","move_id":"249","pokemon_move_method_id":"4","level":"0","pokemon_id":"139"}{"order":"","version_group_id":"14","move_id":"258","pokemon_move_method_id":"4","level":"0","pokemon_id":"139"}{"order":"","version_group_id":"14","move_id":"263","pokemon_move_method_id":"4","level":"0","pokemon_id":"139"}{"order":"","version_group_id":"14","move_id":"282","pokemon_move_method_id":"3","level":"0","pokemon_id":"139"}{"order":"","version_group_id":"14","move_id":"291","pokemon_move_method_id":"4","level":"0","pokemon_id":"139"}{"order":"","version_group_id":"14","move_id":"317","pokemon_move_method_id":"4","level":"0","pokemon_id":"139"}{"order":"","version_group_id":"14","move_id":"321","pokemon_move_method_id":"1","level":"48","pokemon_id":"139"}{"order":"","version_group_id":"14","move_id":"334","pokemon_move_method_id":"3","level":"0","pokemon_id":"139"}{"order":"","version_group_id":"14","move_id":"341","pokemon_move_method_id":"1","level":"25","pokemon_id":"139"}{"order":"","version_group_id":"14","move_id":"350","pokemon_move_method_id":"1","level":"56","pokemon_id":"139"}{"order":"","version_group_id":"14","move_id":"360","pokemon_move_method_id":"4","level":"0","pokemon_id":"139"}{"order":"","version_group_id":"14","move_id":"362","pokemon_move_method_id":"1","level":"28","pokemon_id":"139"}{"order":"","version_group_id":"14","move_id":"397","pokemon_move_method_id":"4","level":"0","pokemon_id":"139"}{"order":"","version_group_id":"14","move_id":"414","pokemon_move_method_id":"3","level":"0","pokemon_id":"139"}{"order":"","version_group_id":"14","move_id":"416","pokemon_move_method_id":"4","level":"0","pokemon_id":"139"}{"order":"","version_group_id":"14","move_id":"444","pokemon_move_method_id":"4","level":"0","pokemon_id":"139"}{"order":"","version_group_id":"14","move_id":"446","pokemon_move_method_id":"3","level":"0","pokemon_id":"139"}{"order":"","version_group_id":"14","move_id":"479","pokemon_move_method_id":"4","level":"0","pokemon_id":"139"}{"order":"","version_group_id":"14","move_id":"496","pokemon_move_method_id":"4","level":"0","pokemon_id":"139"}{"order":"","version_group_id":"14","move_id":"503","pokemon_move_method_id":"4","level":"0","pokemon_id":"139"}{"order":"","version_group_id":"14","move_id":"504","pokemon_move_method_id":"1","level":"67","pokemon_id":"139"}{"order":"","version_group_id":"15","move_id":"43","pokemon_move_method_id":"1","level":"19","pokemon_id":"139"}{"order":"4","version_group_id":"15","move_id":"44","pokemon_move_method_id":"1","level":"1","pokemon_id":"139"}{"order":"","version_group_id":"15","move_id":"44","pokemon_move_method_id":"1","level":"7","pokemon_id":"139"}{"order":"","version_group_id":"15","move_id":"55","pokemon_move_method_id":"1","level":"10","pokemon_id":"139"}{"order":"1","version_group_id":"15","move_id":"56","pokemon_move_method_id":"1","level":"1","pokemon_id":"139"}{"order":"","version_group_id":"15","move_id":"56","pokemon_move_method_id":"1","level":"75","pokemon_id":"139"}{"order":"","version_group_id":"15","move_id":"57","pokemon_move_method_id":"4","level":"0","pokemon_id":"139"}{"order":"","version_group_id":"15","move_id":"58","pokemon_move_method_id":"4","level":"0","pokemon_id":"139"}{"order":"","version_group_id":"15","move_id":"59","pokemon_move_method_id":"4","level":"0","pokemon_id":"139"}{"order":"","version_group_id":"15","move_id":"63","pokemon_move_method_id":"4","level":"0","pokemon_id":"139"}{"order":"","version_group_id":"15","move_id":"92","pokemon_move_method_id":"4","level":"0","pokemon_id":"139"}{"order":"","version_group_id":"15","move_id":"104","pokemon_move_method_id":"4","level":"0","pokemon_id":"139"}{"order":"3","version_group_id":"15","move_id":"110","pokemon_move_method_id":"1","level":"1","pokemon_id":"139"}{"order":"","version_group_id":"15","move_id":"127","pokemon_move_method_id":"4","level":"0","pokemon_id":"139"}{"order":"","version_group_id":"15","move_id":"131","pokemon_move_method_id":"1","level":"40","pokemon_id":"139"}{"order":"2","version_group_id":"15","move_id":"132","pokemon_move_method_id":"1","level":"1","pokemon_id":"139"}{"order":"","version_group_id":"15","move_id":"156","pokemon_move_method_id":"4","level":"0","pokemon_id":"139"}{"order":"","version_group_id":"15","move_id":"157","pokemon_move_method_id":"4","level":"0","pokemon_id":"139"}{"order":"","version_group_id":"15","move_id":"164","pokemon_move_method_id":"4","level":"0","pokemon_id":"139"}{"order":"","version_group_id":"15","move_id":"168","pokemon_move_method_id":"4","level":"0","pokemon_id":"139"}{"order":"","version_group_id":"15","move_id":"182","pokemon_move_method_id":"1","level":"34","pokemon_id":"139"}{"order":"","version_group_id":"15","move_id":"182","pokemon_move_method_id":"4","level":"0","pokemon_id":"139"}{"order":"","version_group_id":"15","move_id":"201","pokemon_move_method_id":"4","level":"0","pokemon_id":"139"}{"order":"","version_group_id":"15","move_id":"205","pokemon_move_method_id":"1","level":"16","pokemon_id":"139"}{"order":"","version_group_id":"15","move_id":"207","pokemon_move_method_id":"4","level":"0","pokemon_id":"139"}{"order":"","version_group_id":"15","move_id":"213","pokemon_move_method_id":"4","level":"0","pokemon_id":"139"}{"order":"","version_group_id":"15","move_id":"214","pokemon_move_method_id":"4","level":"0","pokemon_id":"139"}{"order":"","version_group_id":"15","move_id":"216","pokemon_move_method_id":"4","level":"0","pokemon_id":"139"}{"order":"","version_group_id":"15","move_id":"218","pokemon_move_method_id":"4","level":"0","pokemon_id":"139"}{"order":"","version_group_id":"15","move_id":"237","pokemon_move_method_id":"4","level":"0","pokemon_id":"139"}{"order":"","version_group_id":"15","move_id":"240","pokemon_move_method_id":"4","level":"0","pokemon_id":"139"}{"order":"","version_group_id":"15","move_id":"246","pokemon_move_method_id":"1","level":"37","pokemon_id":"139"}{"order":"","version_group_id":"15","move_id":"249","pokemon_move_method_id":"4","level":"0","pokemon_id":"139"}{"order":"","version_group_id":"15","move_id":"258","pokemon_move_method_id":"4","level":"0","pokemon_id":"139"}{"order":"","version_group_id":"15","move_id":"263","pokemon_move_method_id":"4","level":"0","pokemon_id":"139"}{"order":"","version_group_id":"15","move_id":"317","pokemon_move_method_id":"4","level":"0","pokemon_id":"139"}{"order":"","version_group_id":"15","move_id":"321","pokemon_move_method_id":"1","level":"48","pokemon_id":"139"}{"order":"","version_group_id":"15","move_id":"341","pokemon_move_method_id":"1","level":"25","pokemon_id":"139"}{"order":"","version_group_id":"15","move_id":"350","pokemon_move_method_id":"1","level":"56","pokemon_id":"139"}{"order":"","version_group_id":"15","move_id":"360","pokemon_move_method_id":"4","level":"0","pokemon_id":"139"}{"order":"","version_group_id":"15","move_id":"362","pokemon_move_method_id":"1","level":"28","pokemon_id":"139"}{"order":"","version_group_id":"15","move_id":"397","pokemon_move_method_id":"4","level":"0","pokemon_id":"139"}{"order":"","version_group_id":"15","move_id":"416","pokemon_move_method_id":"4","level":"0","pokemon_id":"139"}{"order":"","version_group_id":"15","move_id":"444","pokemon_move_method_id":"4","level":"0","pokemon_id":"139"}{"order":"","version_group_id":"15","move_id":"479","pokemon_move_method_id":"4","level":"0","pokemon_id":"139"}{"order":"","version_group_id":"15","move_id":"496","pokemon_move_method_id":"4","level":"0","pokemon_id":"139"}{"order":"","version_group_id":"15","move_id":"503","pokemon_move_method_id":"4","level":"0","pokemon_id":"139"}{"order":"","version_group_id":"15","move_id":"504","pokemon_move_method_id":"1","level":"67","pokemon_id":"139"}{"order":"","version_group_id":"15","move_id":"590","pokemon_move_method_id":"4","level":"0","pokemon_id":"139"}