{"order":"4","version_group_id":"15","move_id":"10","pokemon_move_method_id":"1","level":"1","pokemon_id":"10025"}{"order":"","version_group_id":"15","move_id":"15","pokemon_move_method_id":"4","level":"0","pokemon_id":"10025"}{"order":"5","version_group_id":"15","move_id":"43","pokemon_move_method_id":"1","level":"1","pokemon_id":"10025"}{"order":"","version_group_id":"15","move_id":"60","pokemon_move_method_id":"1","level":"17","pokemon_id":"10025"}{"order":"","version_group_id":"15","move_id":"63","pokemon_move_method_id":"4","level":"0","pokemon_id":"10025"}{"order":"","version_group_id":"15","move_id":"85","pokemon_move_method_id":"4","level":"0","pokemon_id":"10025"}{"order":"","version_group_id":"15","move_id":"86","pokemon_move_method_id":"4","level":"0","pokemon_id":"10025"}{"order":"","version_group_id":"15","move_id":"91","pokemon_move_method_id":"4","level":"0","pokemon_id":"10025"}{"order":"","version_group_id":"15","move_id":"92","pokemon_move_method_id":"4","level":"0","pokemon_id":"10025"}{"order":"","version_group_id":"15","move_id":"93","pokemon_move_method_id":"1","level":"9","pokemon_id":"10025"}{"order":"","version_group_id":"15","move_id":"94","pokemon_move_method_id":"1","level":"40","pokemon_id":"10025"}{"order":"","version_group_id":"15","move_id":"94","pokemon_move_method_id":"4","level":"0","pokemon_id":"10025"}{"order":"","version_group_id":"15","move_id":"104","pokemon_move_method_id":"4","level":"0","pokemon_id":"10025"}{"order":"","version_group_id":"15","move_id":"113","pokemon_move_method_id":"1","level":"13","pokemon_id":"10025"}{"order":"","version_group_id":"15","move_id":"113","pokemon_move_method_id":"4","level":"0","pokemon_id":"10025"}{"order":"","version_group_id":"15","move_id":"115","pokemon_move_method_id":"4","level":"0","pokemon_id":"10025"}{"order":"","version_group_id":"15","move_id":"138","pokemon_move_method_id":"4","level":"0","pokemon_id":"10025"}{"order":"","version_group_id":"15","move_id":"148","pokemon_move_method_id":"4","level":"0","pokemon_id":"10025"}{"order":"","version_group_id":"15","move_id":"156","pokemon_move_method_id":"4","level":"0","pokemon_id":"10025"}{"order":"","version_group_id":"15","move_id":"164","pokemon_move_method_id":"4","level":"0","pokemon_id":"10025"}{"order":"","version_group_id":"15","move_id":"182","pokemon_move_method_id":"4","level":"0","pokemon_id":"10025"}{"order":"","version_group_id":"15","move_id":"207","pokemon_move_method_id":"4","level":"0","pokemon_id":"10025"}{"order":"","version_group_id":"15","move_id":"213","pokemon_move_method_id":"4","level":"0","pokemon_id":"10025"}{"order":"","version_group_id":"15","move_id":"214","pokemon_move_method_id":"4","level":"0","pokemon_id":"10025"}{"order":"","version_group_id":"15","move_id":"216","pokemon_move_method_id":"4","level":"0","pokemon_id":"10025"}{"order":"","version_group_id":"15","move_id":"218","pokemon_move_method_id":"4","level":"0","pokemon_id":"10025"}{"order":"","version_group_id":"15","move_id":"219","pokemon_move_method_id":"4","level":"0","pokemon_id":"10025"}{"order":"","version_group_id":"15","move_id":"237","pokemon_move_method_id":"4","level":"0","pokemon_id":"10025"}{"order":"","version_group_id":"15","move_id":"240","pokemon_move_method_id":"4","level":"0","pokemon_id":"10025"}{"order":"","version_group_id":"15","move_id":"241","pokemon_move_method_id":"4","level":"0","pokemon_id":"10025"}{"order":"","version_group_id":"15","move_id":"244","pokemon_move_method_id":"4","level":"0","pokemon_id":"10025"}{"order":"","version_group_id":"15","move_id":"247","pokemon_move_method_id":"1","level":"31","pokemon_id":"10025"}{"order":"","version_group_id":"15","move_id":"247","pokemon_move_method_id":"4","level":"0","pokemon_id":"10025"}{"order":"","version_group_id":"15","move_id":"248","pokemon_move_method_id":"1","level":"50","pokemon_id":"10025"}{"order":"","version_group_id":"15","move_id":"252","pokemon_move_method_id":"1","level":"19","pokemon_id":"10025"}{"order":"","version_group_id":"15","move_id":"259","pokemon_move_method_id":"4","level":"0","pokemon_id":"10025"}{"order":"","version_group_id":"15","move_id":"263","pokemon_move_method_id":"4","level":"0","pokemon_id":"10025"}{"order":"","version_group_id":"15","move_id":"272","pokemon_move_method_id":"1","level":"43","pokemon_id":"10025"}{"order":"","version_group_id":"15","move_id":"324","pokemon_move_method_id":"1","level":"45","pokemon_id":"10025"}{"order":"","version_group_id":"15","move_id":"326","pokemon_move_method_id":"1","level":"35","pokemon_id":"10025"}{"order":"","version_group_id":"15","move_id":"343","pokemon_move_method_id":"1","level":"5","pokemon_id":"10025"}{"order":"3","version_group_id":"15","move_id":"345","pokemon_move_method_id":"1","level":"1","pokemon_id":"10025"}{"order":"","version_group_id":"15","move_id":"347","pokemon_move_method_id":"4","level":"0","pokemon_id":"10025"}{"order":"","version_group_id":"15","move_id":"371","pokemon_move_method_id":"4","level":"0","pokemon_id":"10025"}{"order":"2","version_group_id":"15","move_id":"382","pokemon_move_method_id":"1","level":"1","pokemon_id":"10025"}{"order":"","version_group_id":"15","move_id":"389","pokemon_move_method_id":"1","level":"48","pokemon_id":"10025"}{"order":"","version_group_id":"15","move_id":"399","pokemon_move_method_id":"4","level":"0","pokemon_id":"10025"}{"order":"","version_group_id":"15","move_id":"412","pokemon_move_method_id":"4","level":"0","pokemon_id":"10025"}{"order":"","version_group_id":"15","move_id":"416","pokemon_move_method_id":"4","level":"0","pokemon_id":"10025"}{"order":"","version_group_id":"15","move_id":"433","pokemon_move_method_id":"4","level":"0","pokemon_id":"10025"}{"order":"","version_group_id":"15","move_id":"451","pokemon_move_method_id":"1","level":"28","pokemon_id":"10025"}{"order":"","version_group_id":"15","move_id":"451","pokemon_move_method_id":"4","level":"0","pokemon_id":"10025"}{"order":"","version_group_id":"15","move_id":"473","pokemon_move_method_id":"1","level":"25","pokemon_id":"10025"}{"order":"","version_group_id":"15","move_id":"473","pokemon_move_method_id":"4","level":"0","pokemon_id":"10025"}{"order":"","version_group_id":"15","move_id":"496","pokemon_move_method_id":"4","level":"0","pokemon_id":"10025"}{"order":"","version_group_id":"15","move_id":"497","pokemon_move_method_id":"4","level":"0","pokemon_id":"10025"}{"order":"1","version_group_id":"15","move_id":"500","pokemon_move_method_id":"1","level":"1","pokemon_id":"10025"}{"order":"","version_group_id":"15","move_id":"500","pokemon_move_method_id":"1","level":"53","pokemon_id":"10025"}{"order":"","version_group_id":"15","move_id":"590","pokemon_move_method_id":"4","level":"0","pokemon_id":"10025"}{"order":"","version_group_id":"15","move_id":"612","pokemon_move_method_id":"4","level":"0","pokemon_id":"10025"}