{"order":"1","version_group_id":"1","move_id":"33","pokemon_move_method_id":"1","level":"1","pokemon_id":"90"}{"order":"","version_group_id":"1","move_id":"36","pokemon_move_method_id":"4","level":"0","pokemon_id":"90"}{"order":"","version_group_id":"1","move_id":"38","pokemon_move_method_id":"4","level":"0","pokemon_id":"90"}{"order":"","version_group_id":"1","move_id":"43","pokemon_move_method_id":"1","level":"39","pokemon_id":"90"}{"order":"","version_group_id":"1","move_id":"48","pokemon_move_method_id":"1","level":"18","pokemon_id":"90"}{"order":"","version_group_id":"1","move_id":"55","pokemon_move_method_id":"4","level":"0","pokemon_id":"90"}{"order":"","version_group_id":"1","move_id":"57","pokemon_move_method_id":"4","level":"0","pokemon_id":"90"}{"order":"","version_group_id":"1","move_id":"58","pokemon_move_method_id":"1","level":"50","pokemon_id":"90"}{"order":"","version_group_id":"1","move_id":"58","pokemon_move_method_id":"4","level":"0","pokemon_id":"90"}{"order":"","version_group_id":"1","move_id":"59","pokemon_move_method_id":"4","level":"0","pokemon_id":"90"}{"order":"","version_group_id":"1","move_id":"61","pokemon_move_method_id":"4","level":"0","pokemon_id":"90"}{"order":"","version_group_id":"1","move_id":"62","pokemon_move_method_id":"1","level":"30","pokemon_id":"90"}{"order":"","version_group_id":"1","move_id":"92","pokemon_move_method_id":"4","level":"0","pokemon_id":"90"}{"order":"","version_group_id":"1","move_id":"99","pokemon_move_method_id":"4","level":"0","pokemon_id":"90"}{"order":"","version_group_id":"1","move_id":"100","pokemon_move_method_id":"4","level":"0","pokemon_id":"90"}{"order":"","version_group_id":"1","move_id":"102","pokemon_move_method_id":"4","level":"0","pokemon_id":"90"}{"order":"","version_group_id":"1","move_id":"104","pokemon_move_method_id":"4","level":"0","pokemon_id":"90"}{"order":"2","version_group_id":"1","move_id":"110","pokemon_move_method_id":"1","level":"1","pokemon_id":"90"}{"order":"","version_group_id":"1","move_id":"115","pokemon_move_method_id":"4","level":"0","pokemon_id":"90"}{"order":"","version_group_id":"1","move_id":"117","pokemon_move_method_id":"4","level":"0","pokemon_id":"90"}{"order":"","version_group_id":"1","move_id":"120","pokemon_move_method_id":"4","level":"0","pokemon_id":"90"}{"order":"","version_group_id":"1","move_id":"128","pokemon_move_method_id":"1","level":"23","pokemon_id":"90"}{"order":"","version_group_id":"1","move_id":"129","pokemon_move_method_id":"4","level":"0","pokemon_id":"90"}{"order":"","version_group_id":"1","move_id":"153","pokemon_move_method_id":"4","level":"0","pokemon_id":"90"}{"order":"","version_group_id":"1","move_id":"156","pokemon_move_method_id":"4","level":"0","pokemon_id":"90"}{"order":"","version_group_id":"1","move_id":"161","pokemon_move_method_id":"4","level":"0","pokemon_id":"90"}{"order":"","version_group_id":"1","move_id":"164","pokemon_move_method_id":"4","level":"0","pokemon_id":"90"}{"order":"1","version_group_id":"2","move_id":"33","pokemon_move_method_id":"1","level":"1","pokemon_id":"90"}{"order":"","version_group_id":"2","move_id":"36","pokemon_move_method_id":"4","level":"0","pokemon_id":"90"}{"order":"","version_group_id":"2","move_id":"38","pokemon_move_method_id":"4","level":"0","pokemon_id":"90"}{"order":"","version_group_id":"2","move_id":"43","pokemon_move_method_id":"1","level":"39","pokemon_id":"90"}{"order":"","version_group_id":"2","move_id":"48","pokemon_move_method_id":"1","level":"18","pokemon_id":"90"}{"order":"","version_group_id":"2","move_id":"55","pokemon_move_method_id":"4","level":"0","pokemon_id":"90"}{"order":"","version_group_id":"2","move_id":"57","pokemon_move_method_id":"4","level":"0","pokemon_id":"90"}{"order":"","version_group_id":"2","move_id":"58","pokemon_move_method_id":"1","level":"50","pokemon_id":"90"}{"order":"","version_group_id":"2","move_id":"58","pokemon_move_method_id":"4","level":"0","pokemon_id":"90"}{"order":"","version_group_id":"2","move_id":"59","pokemon_move_method_id":"4","level":"0","pokemon_id":"90"}{"order":"","version_group_id":"2","move_id":"61","pokemon_move_method_id":"4","level":"0","pokemon_id":"90"}{"order":"","version_group_id":"2","move_id":"62","pokemon_move_method_id":"1","level":"30","pokemon_id":"90"}{"order":"","version_group_id":"2","move_id":"92","pokemon_move_method_id":"4","level":"0","pokemon_id":"90"}{"order":"","version_group_id":"2","move_id":"99","pokemon_move_method_id":"4","level":"0","pokemon_id":"90"}{"order":"","version_group_id":"2","move_id":"100","pokemon_move_method_id":"4","level":"0","pokemon_id":"90"}{"order":"","version_group_id":"2","move_id":"102","pokemon_move_method_id":"4","level":"0","pokemon_id":"90"}{"order":"","version_group_id":"2","move_id":"104","pokemon_move_method_id":"4","level":"0","pokemon_id":"90"}{"order":"2","version_group_id":"2","move_id":"110","pokemon_move_method_id":"1","level":"1","pokemon_id":"90"}{"order":"","version_group_id":"2","move_id":"115","pokemon_move_method_id":"4","level":"0","pokemon_id":"90"}{"order":"","version_group_id":"2","move_id":"117","pokemon_move_method_id":"4","level":"0","pokemon_id":"90"}{"order":"","version_group_id":"2","move_id":"120","pokemon_move_method_id":"4","level":"0","pokemon_id":"90"}{"order":"","version_group_id":"2","move_id":"128","pokemon_move_method_id":"1","level":"23","pokemon_id":"90"}{"order":"","version_group_id":"2","move_id":"129","pokemon_move_method_id":"4","level":"0","pokemon_id":"90"}{"order":"","version_group_id":"2","move_id":"153","pokemon_move_method_id":"4","level":"0","pokemon_id":"90"}{"order":"","version_group_id":"2","move_id":"156","pokemon_move_method_id":"4","level":"0","pokemon_id":"90"}{"order":"","version_group_id":"2","move_id":"161","pokemon_move_method_id":"4","level":"0","pokemon_id":"90"}{"order":"","version_group_id":"2","move_id":"164","pokemon_move_method_id":"4","level":"0","pokemon_id":"90"}{"order":"1","version_group_id":"3","move_id":"33","pokemon_move_method_id":"1","level":"1","pokemon_id":"90"}{"order":"","version_group_id":"3","move_id":"36","pokemon_move_method_id":"2","level":"0","pokemon_id":"90"}{"order":"","version_group_id":"3","move_id":"43","pokemon_move_method_id":"1","level":"33","pokemon_id":"90"}{"order":"","version_group_id":"3","move_id":"48","pokemon_move_method_id":"1","level":"9","pokemon_id":"90"}{"order":"","version_group_id":"3","move_id":"57","pokemon_move_method_id":"4","level":"0","pokemon_id":"90"}{"order":"","version_group_id":"3","move_id":"58","pokemon_move_method_id":"1","level":"49","pokemon_id":"90"}{"order":"","version_group_id":"3","move_id":"59","pokemon_move_method_id":"4","level":"0","pokemon_id":"90"}{"order":"","version_group_id":"3","move_id":"61","pokemon_move_method_id":"2","level":"0","pokemon_id":"90"}{"order":"","version_group_id":"3","move_id":"62","pokemon_move_method_id":"1","level":"17","pokemon_id":"90"}{"order":"","version_group_id":"3","move_id":"92","pokemon_move_method_id":"4","level":"0","pokemon_id":"90"}{"order":"","version_group_id":"3","move_id":"103","pokemon_move_method_id":"2","level":"0","pokemon_id":"90"}{"order":"","version_group_id":"3","move_id":"104","pokemon_move_method_id":"4","level":"0","pokemon_id":"90"}{"order":"2","version_group_id":"3","move_id":"110","pokemon_move_method_id":"1","level":"1","pokemon_id":"90"}{"order":"","version_group_id":"3","move_id":"112","pokemon_move_method_id":"2","level":"0","pokemon_id":"90"}{"order":"","version_group_id":"3","move_id":"128","pokemon_move_method_id":"1","level":"41","pokemon_id":"90"}{"order":"","version_group_id":"3","move_id":"129","pokemon_move_method_id":"4","level":"0","pokemon_id":"90"}{"order":"","version_group_id":"3","move_id":"156","pokemon_move_method_id":"4","level":"0","pokemon_id":"90"}{"order":"","version_group_id":"3","move_id":"173","pokemon_move_method_id":"4","level":"0","pokemon_id":"90"}{"order":"","version_group_id":"3","move_id":"174","pokemon_move_method_id":"4","level":"0","pokemon_id":"90"}{"order":"","version_group_id":"3","move_id":"182","pokemon_move_method_id":"1","level":"25","pokemon_id":"90"}{"order":"","version_group_id":"3","move_id":"182","pokemon_move_method_id":"4","level":"0","pokemon_id":"90"}{"order":"","version_group_id":"3","move_id":"196","pokemon_move_method_id":"4","level":"0","pokemon_id":"90"}{"order":"","version_group_id":"3","move_id":"203","pokemon_move_method_id":"4","level":"0","pokemon_id":"90"}{"order":"","version_group_id":"3","move_id":"207","pokemon_move_method_id":"4","level":"0","pokemon_id":"90"}{"order":"","version_group_id":"3","move_id":"213","pokemon_move_method_id":"4","level":"0","pokemon_id":"90"}{"order":"","version_group_id":"3","move_id":"214","pokemon_move_method_id":"4","level":"0","pokemon_id":"90"}{"order":"","version_group_id":"3","move_id":"216","pokemon_move_method_id":"4","level":"0","pokemon_id":"90"}{"order":"","version_group_id":"3","move_id":"218","pokemon_move_method_id":"4","level":"0","pokemon_id":"90"}{"order":"","version_group_id":"3","move_id":"229","pokemon_move_method_id":"2","level":"0","pokemon_id":"90"}{"order":"","version_group_id":"3","move_id":"237","pokemon_move_method_id":"4","level":"0","pokemon_id":"90"}{"order":"","version_group_id":"3","move_id":"240","pokemon_move_method_id":"4","level":"0","pokemon_id":"90"}{"order":"","version_group_id":"3","move_id":"250","pokemon_move_method_id":"4","level":"0","pokemon_id":"90"}{"order":"1","version_group_id":"4","move_id":"33","pokemon_move_method_id":"1","level":"1","pokemon_id":"90"}{"order":"","version_group_id":"4","move_id":"36","pokemon_move_method_id":"2","level":"0","pokemon_id":"90"}{"order":"","version_group_id":"4","move_id":"43","pokemon_move_method_id":"1","level":"33","pokemon_id":"90"}{"order":"","version_group_id":"4","move_id":"48","pokemon_move_method_id":"1","level":"9","pokemon_id":"90"}{"order":"","version_group_id":"4","move_id":"57","pokemon_move_method_id":"4","level":"0","pokemon_id":"90"}{"order":"","version_group_id":"4","move_id":"58","pokemon_move_method_id":"1","level":"49","pokemon_id":"90"}{"order":"","version_group_id":"4","move_id":"58","pokemon_move_method_id":"3","level":"0","pokemon_id":"90"}{"order":"","version_group_id":"4","move_id":"59","pokemon_move_method_id":"4","level":"0","pokemon_id":"90"}{"order":"","version_group_id":"4","move_id":"61","pokemon_move_method_id":"2","level":"0","pokemon_id":"90"}{"order":"","version_group_id":"4","move_id":"62","pokemon_move_method_id":"1","level":"17","pokemon_id":"90"}{"order":"","version_group_id":"4","move_id":"92","pokemon_move_method_id":"4","level":"0","pokemon_id":"90"}{"order":"","version_group_id":"4","move_id":"103","pokemon_move_method_id":"2","level":"0","pokemon_id":"90"}{"order":"","version_group_id":"4","move_id":"104","pokemon_move_method_id":"4","level":"0","pokemon_id":"90"}{"order":"2","version_group_id":"4","move_id":"110","pokemon_move_method_id":"1","level":"1","pokemon_id":"90"}{"order":"","version_group_id":"4","move_id":"112","pokemon_move_method_id":"2","level":"0","pokemon_id":"90"}{"order":"","version_group_id":"4","move_id":"128","pokemon_move_method_id":"1","level":"41","pokemon_id":"90"}{"order":"","version_group_id":"4","move_id":"129","pokemon_move_method_id":"4","level":"0","pokemon_id":"90"}{"order":"","version_group_id":"4","move_id":"156","pokemon_move_method_id":"4","level":"0","pokemon_id":"90"}{"order":"","version_group_id":"4","move_id":"173","pokemon_move_method_id":"4","level":"0","pokemon_id":"90"}{"order":"","version_group_id":"4","move_id":"174","pokemon_move_method_id":"4","level":"0","pokemon_id":"90"}{"order":"","version_group_id":"4","move_id":"182","pokemon_move_method_id":"1","level":"25","pokemon_id":"90"}{"order":"","version_group_id":"4","move_id":"182","pokemon_move_method_id":"4","level":"0","pokemon_id":"90"}{"order":"","version_group_id":"4","move_id":"196","pokemon_move_method_id":"4","level":"0","pokemon_id":"90"}{"order":"","version_group_id":"4","move_id":"203","pokemon_move_method_id":"4","level":"0","pokemon_id":"90"}{"order":"","version_group_id":"4","move_id":"207","pokemon_move_method_id":"4","level":"0","pokemon_id":"90"}{"order":"","version_group_id":"4","move_id":"213","pokemon_move_method_id":"4","level":"0","pokemon_id":"90"}{"order":"","version_group_id":"4","move_id":"214","pokemon_move_method_id":"4","level":"0","pokemon_id":"90"}{"order":"","version_group_id":"4","move_id":"216","pokemon_move_method_id":"4","level":"0","pokemon_id":"90"}{"order":"","version_group_id":"4","move_id":"218","pokemon_move_method_id":"4","level":"0","pokemon_id":"90"}{"order":"","version_group_id":"4","move_id":"229","pokemon_move_method_id":"2","level":"0","pokemon_id":"90"}{"order":"","version_group_id":"4","move_id":"237","pokemon_move_method_id":"4","level":"0","pokemon_id":"90"}{"order":"","version_group_id":"4","move_id":"240","pokemon_move_method_id":"4","level":"0","pokemon_id":"90"}{"order":"","version_group_id":"4","move_id":"250","pokemon_move_method_id":"4","level":"0","pokemon_id":"90"}{"order":"1","version_group_id":"5","move_id":"33","pokemon_move_method_id":"1","level":"1","pokemon_id":"90"}{"order":"","version_group_id":"5","move_id":"36","pokemon_move_method_id":"2","level":"0","pokemon_id":"90"}{"order":"","version_group_id":"5","move_id":"43","pokemon_move_method_id":"1","level":"33","pokemon_id":"90"}{"order":"","version_group_id":"5","move_id":"48","pokemon_move_method_id":"1","level":"9","pokemon_id":"90"}{"order":"","version_group_id":"5","move_id":"57","pokemon_move_method_id":"4","level":"0","pokemon_id":"90"}{"order":"","version_group_id":"5","move_id":"58","pokemon_move_method_id":"1","level":"49","pokemon_id":"90"}{"order":"","version_group_id":"5","move_id":"58","pokemon_move_method_id":"4","level":"0","pokemon_id":"90"}{"order":"","version_group_id":"5","move_id":"59","pokemon_move_method_id":"4","level":"0","pokemon_id":"90"}{"order":"","version_group_id":"5","move_id":"61","pokemon_move_method_id":"2","level":"0","pokemon_id":"90"}{"order":"","version_group_id":"5","move_id":"62","pokemon_move_method_id":"1","level":"17","pokemon_id":"90"}{"order":"","version_group_id":"5","move_id":"92","pokemon_move_method_id":"4","level":"0","pokemon_id":"90"}{"order":"","version_group_id":"5","move_id":"103","pokemon_move_method_id":"2","level":"0","pokemon_id":"90"}{"order":"","version_group_id":"5","move_id":"104","pokemon_move_method_id":"4","level":"0","pokemon_id":"90"}{"order":"2","version_group_id":"5","move_id":"110","pokemon_move_method_id":"1","level":"1","pokemon_id":"90"}{"order":"","version_group_id":"5","move_id":"112","pokemon_move_method_id":"2","level":"0","pokemon_id":"90"}{"order":"","version_group_id":"5","move_id":"128","pokemon_move_method_id":"1","level":"41","pokemon_id":"90"}{"order":"","version_group_id":"5","move_id":"156","pokemon_move_method_id":"4","level":"0","pokemon_id":"90"}{"order":"","version_group_id":"5","move_id":"182","pokemon_move_method_id":"1","level":"25","pokemon_id":"90"}{"order":"","version_group_id":"5","move_id":"182","pokemon_move_method_id":"4","level":"0","pokemon_id":"90"}{"order":"","version_group_id":"5","move_id":"213","pokemon_move_method_id":"4","level":"0","pokemon_id":"90"}{"order":"","version_group_id":"5","move_id":"216","pokemon_move_method_id":"4","level":"0","pokemon_id":"90"}{"order":"","version_group_id":"5","move_id":"218","pokemon_move_method_id":"4","level":"0","pokemon_id":"90"}{"order":"","version_group_id":"5","move_id":"229","pokemon_move_method_id":"2","level":"0","pokemon_id":"90"}{"order":"","version_group_id":"5","move_id":"237","pokemon_move_method_id":"4","level":"0","pokemon_id":"90"}{"order":"","version_group_id":"5","move_id":"240","pokemon_move_method_id":"4","level":"0","pokemon_id":"90"}{"order":"","version_group_id":"5","move_id":"258","pokemon_move_method_id":"4","level":"0","pokemon_id":"90"}{"order":"","version_group_id":"5","move_id":"263","pokemon_move_method_id":"4","level":"0","pokemon_id":"90"}{"order":"","version_group_id":"5","move_id":"290","pokemon_move_method_id":"4","level":"0","pokemon_id":"90"}{"order":"","version_group_id":"5","move_id":"291","pokemon_move_method_id":"4","level":"0","pokemon_id":"90"}{"order":"","version_group_id":"5","move_id":"333","pokemon_move_method_id":"2","level":"0","pokemon_id":"90"}{"order":"","version_group_id":"5","move_id":"352","pokemon_move_method_id":"4","level":"0","pokemon_id":"90"}{"order":"1","version_group_id":"6","move_id":"33","pokemon_move_method_id":"1","level":"1","pokemon_id":"90"}{"order":"","version_group_id":"6","move_id":"36","pokemon_move_method_id":"2","level":"0","pokemon_id":"90"}{"order":"","version_group_id":"6","move_id":"38","pokemon_move_method_id":"3","level":"0","pokemon_id":"90"}{"order":"","version_group_id":"6","move_id":"43","pokemon_move_method_id":"1","level":"33","pokemon_id":"90"}{"order":"","version_group_id":"6","move_id":"48","pokemon_move_method_id":"1","level":"9","pokemon_id":"90"}{"order":"","version_group_id":"6","move_id":"57","pokemon_move_method_id":"4","level":"0","pokemon_id":"90"}{"order":"","version_group_id":"6","move_id":"58","pokemon_move_method_id":"1","level":"49","pokemon_id":"90"}{"order":"","version_group_id":"6","move_id":"58","pokemon_move_method_id":"4","level":"0","pokemon_id":"90"}{"order":"","version_group_id":"6","move_id":"59","pokemon_move_method_id":"4","level":"0","pokemon_id":"90"}{"order":"","version_group_id":"6","move_id":"61","pokemon_move_method_id":"2","level":"0","pokemon_id":"90"}{"order":"","version_group_id":"6","move_id":"62","pokemon_move_method_id":"1","level":"17","pokemon_id":"90"}{"order":"","version_group_id":"6","move_id":"92","pokemon_move_method_id":"4","level":"0","pokemon_id":"90"}{"order":"","version_group_id":"6","move_id":"102","pokemon_move_method_id":"3","level":"0","pokemon_id":"90"}{"order":"","version_group_id":"6","move_id":"103","pokemon_move_method_id":"2","level":"0","pokemon_id":"90"}{"order":"","version_group_id":"6","move_id":"104","pokemon_move_method_id":"4","level":"0","pokemon_id":"90"}{"order":"2","version_group_id":"6","move_id":"110","pokemon_move_method_id":"1","level":"1","pokemon_id":"90"}{"order":"","version_group_id":"6","move_id":"112","pokemon_move_method_id":"2","level":"0","pokemon_id":"90"}{"order":"","version_group_id":"6","move_id":"128","pokemon_move_method_id":"1","level":"41","pokemon_id":"90"}{"order":"","version_group_id":"6","move_id":"129","pokemon_move_method_id":"3","level":"0","pokemon_id":"90"}{"order":"","version_group_id":"6","move_id":"153","pokemon_move_method_id":"3","level":"0","pokemon_id":"90"}{"order":"","version_group_id":"6","move_id":"156","pokemon_move_method_id":"4","level":"0","pokemon_id":"90"}{"order":"","version_group_id":"6","move_id":"164","pokemon_move_method_id":"3","level":"0","pokemon_id":"90"}{"order":"","version_group_id":"6","move_id":"173","pokemon_move_method_id":"3","level":"0","pokemon_id":"90"}{"order":"","version_group_id":"6","move_id":"182","pokemon_move_method_id":"1","level":"25","pokemon_id":"90"}{"order":"","version_group_id":"6","move_id":"182","pokemon_move_method_id":"4","level":"0","pokemon_id":"90"}{"order":"","version_group_id":"6","move_id":"196","pokemon_move_method_id":"3","level":"0","pokemon_id":"90"}{"order":"","version_group_id":"6","move_id":"203","pokemon_move_method_id":"3","level":"0","pokemon_id":"90"}{"order":"","version_group_id":"6","move_id":"207","pokemon_move_method_id":"3","level":"0","pokemon_id":"90"}{"order":"","version_group_id":"6","move_id":"213","pokemon_move_method_id":"4","level":"0","pokemon_id":"90"}{"order":"","version_group_id":"6","move_id":"214","pokemon_move_method_id":"3","level":"0","pokemon_id":"90"}{"order":"","version_group_id":"6","move_id":"216","pokemon_move_method_id":"4","level":"0","pokemon_id":"90"}{"order":"","version_group_id":"6","move_id":"218","pokemon_move_method_id":"4","level":"0","pokemon_id":"90"}{"order":"","version_group_id":"6","move_id":"229","pokemon_move_method_id":"2","level":"0","pokemon_id":"90"}{"order":"","version_group_id":"6","move_id":"237","pokemon_move_method_id":"4","level":"0","pokemon_id":"90"}{"order":"","version_group_id":"6","move_id":"240","pokemon_move_method_id":"4","level":"0","pokemon_id":"90"}{"order":"","version_group_id":"6","move_id":"258","pokemon_move_method_id":"4","level":"0","pokemon_id":"90"}{"order":"","version_group_id":"6","move_id":"263","pokemon_move_method_id":"4","level":"0","pokemon_id":"90"}{"order":"","version_group_id":"6","move_id":"290","pokemon_move_method_id":"4","level":"0","pokemon_id":"90"}{"order":"","version_group_id":"6","move_id":"291","pokemon_move_method_id":"4","level":"0","pokemon_id":"90"}{"order":"","version_group_id":"6","move_id":"333","pokemon_move_method_id":"2","level":"0","pokemon_id":"90"}{"order":"","version_group_id":"6","move_id":"352","pokemon_move_method_id":"4","level":"0","pokemon_id":"90"}{"order":"1","version_group_id":"7","move_id":"33","pokemon_move_method_id":"1","level":"1","pokemon_id":"90"}{"order":"","version_group_id":"7","move_id":"36","pokemon_move_method_id":"2","level":"0","pokemon_id":"90"}{"order":"","version_group_id":"7","move_id":"38","pokemon_move_method_id":"3","level":"0","pokemon_id":"90"}{"order":"","version_group_id":"7","move_id":"43","pokemon_move_method_id":"1","level":"36","pokemon_id":"90"}{"order":"","version_group_id":"7","move_id":"48","pokemon_move_method_id":"1","level":"15","pokemon_id":"90"}{"order":"","version_group_id":"7","move_id":"57","pokemon_move_method_id":"4","level":"0","pokemon_id":"90"}{"order":"","version_group_id":"7","move_id":"58","pokemon_move_method_id":"1","level":"50","pokemon_id":"90"}{"order":"","version_group_id":"7","move_id":"58","pokemon_move_method_id":"4","level":"0","pokemon_id":"90"}{"order":"","version_group_id":"7","move_id":"59","pokemon_move_method_id":"4","level":"0","pokemon_id":"90"}{"order":"","version_group_id":"7","move_id":"61","pokemon_move_method_id":"2","level":"0","pokemon_id":"90"}{"order":"","version_group_id":"7","move_id":"62","pokemon_move_method_id":"1","level":"22","pokemon_id":"90"}{"order":"","version_group_id":"7","move_id":"92","pokemon_move_method_id":"4","level":"0","pokemon_id":"90"}{"order":"","version_group_id":"7","move_id":"102","pokemon_move_method_id":"3","level":"0","pokemon_id":"90"}{"order":"","version_group_id":"7","move_id":"103","pokemon_move_method_id":"2","level":"0","pokemon_id":"90"}{"order":"","version_group_id":"7","move_id":"104","pokemon_move_method_id":"4","level":"0","pokemon_id":"90"}{"order":"2","version_group_id":"7","move_id":"110","pokemon_move_method_id":"1","level":"1","pokemon_id":"90"}{"order":"","version_group_id":"7","move_id":"112","pokemon_move_method_id":"2","level":"0","pokemon_id":"90"}{"order":"","version_group_id":"7","move_id":"128","pokemon_move_method_id":"1","level":"43","pokemon_id":"90"}{"order":"","version_group_id":"7","move_id":"153","pokemon_move_method_id":"3","level":"0","pokemon_id":"90"}{"order":"","version_group_id":"7","move_id":"156","pokemon_move_method_id":"4","level":"0","pokemon_id":"90"}{"order":"","version_group_id":"7","move_id":"164","pokemon_move_method_id":"3","level":"0","pokemon_id":"90"}{"order":"","version_group_id":"7","move_id":"182","pokemon_move_method_id":"1","level":"29","pokemon_id":"90"}{"order":"","version_group_id":"7","move_id":"182","pokemon_move_method_id":"4","level":"0","pokemon_id":"90"}{"order":"","version_group_id":"7","move_id":"213","pokemon_move_method_id":"4","level":"0","pokemon_id":"90"}{"order":"","version_group_id":"7","move_id":"216","pokemon_move_method_id":"4","level":"0","pokemon_id":"90"}{"order":"","version_group_id":"7","move_id":"218","pokemon_move_method_id":"4","level":"0","pokemon_id":"90"}{"order":"","version_group_id":"7","move_id":"229","pokemon_move_method_id":"2","level":"0","pokemon_id":"90"}{"order":"","version_group_id":"7","move_id":"237","pokemon_move_method_id":"4","level":"0","pokemon_id":"90"}{"order":"","version_group_id":"7","move_id":"240","pokemon_move_method_id":"4","level":"0","pokemon_id":"90"}{"order":"","version_group_id":"7","move_id":"258","pokemon_move_method_id":"4","level":"0","pokemon_id":"90"}{"order":"","version_group_id":"7","move_id":"263","pokemon_move_method_id":"4","level":"0","pokemon_id":"90"}{"order":"","version_group_id":"7","move_id":"290","pokemon_move_method_id":"4","level":"0","pokemon_id":"90"}{"order":"","version_group_id":"7","move_id":"291","pokemon_move_method_id":"4","level":"0","pokemon_id":"90"}{"order":"","version_group_id":"7","move_id":"333","pokemon_move_method_id":"1","level":"8","pokemon_id":"90"}{"order":"","version_group_id":"7","move_id":"333","pokemon_move_method_id":"2","level":"0","pokemon_id":"90"}{"order":"","version_group_id":"7","move_id":"352","pokemon_move_method_id":"4","level":"0","pokemon_id":"90"}{"order":"","version_group_id":"8","move_id":"33","pokemon_move_method_id":"1","level":"1","pokemon_id":"90"}{"order":"","version_group_id":"8","move_id":"36","pokemon_move_method_id":"2","level":"0","pokemon_id":"90"}{"order":"","version_group_id":"8","move_id":"43","pokemon_move_method_id":"1","level":"20","pokemon_id":"90"}{"order":"","version_group_id":"8","move_id":"48","pokemon_move_method_id":"1","level":"8","pokemon_id":"90"}{"order":"","version_group_id":"8","move_id":"57","pokemon_move_method_id":"4","level":"0","pokemon_id":"90"}{"order":"","version_group_id":"8","move_id":"58","pokemon_move_method_id":"1","level":"49","pokemon_id":"90"}{"order":"","version_group_id":"8","move_id":"58","pokemon_move_method_id":"4","level":"0","pokemon_id":"90"}{"order":"","version_group_id":"8","move_id":"59","pokemon_move_method_id":"4","level":"0","pokemon_id":"90"}{"order":"","version_group_id":"8","move_id":"61","pokemon_move_method_id":"2","level":"0","pokemon_id":"90"}{"order":"","version_group_id":"8","move_id":"62","pokemon_move_method_id":"1","level":"32","pokemon_id":"90"}{"order":"","version_group_id":"8","move_id":"92","pokemon_move_method_id":"4","level":"0","pokemon_id":"90"}{"order":"","version_group_id":"8","move_id":"103","pokemon_move_method_id":"2","level":"0","pokemon_id":"90"}{"order":"","version_group_id":"8","move_id":"104","pokemon_move_method_id":"4","level":"0","pokemon_id":"90"}{"order":"","version_group_id":"8","move_id":"110","pokemon_move_method_id":"1","level":"4","pokemon_id":"90"}{"order":"","version_group_id":"8","move_id":"112","pokemon_move_method_id":"2","level":"0","pokemon_id":"90"}{"order":"","version_group_id":"8","move_id":"128","pokemon_move_method_id":"1","level":"25","pokemon_id":"90"}{"order":"","version_group_id":"8","move_id":"153","pokemon_move_method_id":"4","level":"0","pokemon_id":"90"}{"order":"","version_group_id":"8","move_id":"156","pokemon_move_method_id":"4","level":"0","pokemon_id":"90"}{"order":"","version_group_id":"8","move_id":"164","pokemon_move_method_id":"4","level":"0","pokemon_id":"90"}{"order":"","version_group_id":"8","move_id":"182","pokemon_move_method_id":"1","level":"16","pokemon_id":"90"}{"order":"","version_group_id":"8","move_id":"182","pokemon_move_method_id":"4","level":"0","pokemon_id":"90"}{"order":"","version_group_id":"8","move_id":"203","pokemon_move_method_id":"4","level":"0","pokemon_id":"90"}{"order":"","version_group_id":"8","move_id":"207","pokemon_move_method_id":"4","level":"0","pokemon_id":"90"}{"order":"","version_group_id":"8","move_id":"213","pokemon_move_method_id":"4","level":"0","pokemon_id":"90"}{"order":"","version_group_id":"8","move_id":"214","pokemon_move_method_id":"4","level":"0","pokemon_id":"90"}{"order":"","version_group_id":"8","move_id":"216","pokemon_move_method_id":"4","level":"0","pokemon_id":"90"}{"order":"","version_group_id":"8","move_id":"218","pokemon_move_method_id":"4","level":"0","pokemon_id":"90"}{"order":"","version_group_id":"8","move_id":"229","pokemon_move_method_id":"2","level":"0","pokemon_id":"90"}{"order":"","version_group_id":"8","move_id":"237","pokemon_move_method_id":"4","level":"0","pokemon_id":"90"}{"order":"","version_group_id":"8","move_id":"240","pokemon_move_method_id":"4","level":"0","pokemon_id":"90"}{"order":"","version_group_id":"8","move_id":"250","pokemon_move_method_id":"1","level":"37","pokemon_id":"90"}{"order":"","version_group_id":"8","move_id":"258","pokemon_move_method_id":"4","level":"0","pokemon_id":"90"}{"order":"","version_group_id":"8","move_id":"263","pokemon_move_method_id":"4","level":"0","pokemon_id":"90"}{"order":"","version_group_id":"8","move_id":"290","pokemon_move_method_id":"4","level":"0","pokemon_id":"90"}{"order":"","version_group_id":"8","move_id":"333","pokemon_move_method_id":"1","level":"13","pokemon_id":"90"}{"order":"","version_group_id":"8","move_id":"333","pokemon_move_method_id":"2","level":"0","pokemon_id":"90"}{"order":"","version_group_id":"8","move_id":"334","pokemon_move_method_id":"1","level":"40","pokemon_id":"90"}{"order":"","version_group_id":"8","move_id":"341","pokemon_move_method_id":"2","level":"0","pokemon_id":"90"}{"order":"","version_group_id":"8","move_id":"352","pokemon_move_method_id":"4","level":"0","pokemon_id":"90"}{"order":"","version_group_id":"8","move_id":"362","pokemon_move_method_id":"1","level":"44","pokemon_id":"90"}{"order":"","version_group_id":"8","move_id":"362","pokemon_move_method_id":"4","level":"0","pokemon_id":"90"}{"order":"","version_group_id":"8","move_id":"363","pokemon_move_method_id":"4","level":"0","pokemon_id":"90"}{"order":"","version_group_id":"8","move_id":"371","pokemon_move_method_id":"4","level":"0","pokemon_id":"90"}{"order":"","version_group_id":"8","move_id":"420","pokemon_move_method_id":"1","level":"28","pokemon_id":"90"}{"order":"","version_group_id":"8","move_id":"445","pokemon_move_method_id":"4","level":"0","pokemon_id":"90"}{"order":"","version_group_id":"9","move_id":"33","pokemon_move_method_id":"1","level":"1","pokemon_id":"90"}{"order":"","version_group_id":"9","move_id":"36","pokemon_move_method_id":"2","level":"0","pokemon_id":"90"}{"order":"","version_group_id":"9","move_id":"43","pokemon_move_method_id":"1","level":"20","pokemon_id":"90"}{"order":"","version_group_id":"9","move_id":"48","pokemon_move_method_id":"1","level":"8","pokemon_id":"90"}{"order":"","version_group_id":"9","move_id":"57","pokemon_move_method_id":"4","level":"0","pokemon_id":"90"}{"order":"","version_group_id":"9","move_id":"58","pokemon_move_method_id":"1","level":"49","pokemon_id":"90"}{"order":"","version_group_id":"9","move_id":"58","pokemon_move_method_id":"4","level":"0","pokemon_id":"90"}{"order":"","version_group_id":"9","move_id":"59","pokemon_move_method_id":"4","level":"0","pokemon_id":"90"}{"order":"","version_group_id":"9","move_id":"61","pokemon_move_method_id":"2","level":"0","pokemon_id":"90"}{"order":"","version_group_id":"9","move_id":"62","pokemon_move_method_id":"1","level":"32","pokemon_id":"90"}{"order":"","version_group_id":"9","move_id":"92","pokemon_move_method_id":"4","level":"0","pokemon_id":"90"}{"order":"","version_group_id":"9","move_id":"103","pokemon_move_method_id":"2","level":"0","pokemon_id":"90"}{"order":"","version_group_id":"9","move_id":"104","pokemon_move_method_id":"4","level":"0","pokemon_id":"90"}{"order":"","version_group_id":"9","move_id":"110","pokemon_move_method_id":"1","level":"4","pokemon_id":"90"}{"order":"","version_group_id":"9","move_id":"112","pokemon_move_method_id":"2","level":"0","pokemon_id":"90"}{"order":"","version_group_id":"9","move_id":"128","pokemon_move_method_id":"1","level":"25","pokemon_id":"90"}{"order":"","version_group_id":"9","move_id":"129","pokemon_move_method_id":"3","level":"0","pokemon_id":"90"}{"order":"","version_group_id":"9","move_id":"153","pokemon_move_method_id":"4","level":"0","pokemon_id":"90"}{"order":"","version_group_id":"9","move_id":"156","pokemon_move_method_id":"4","level":"0","pokemon_id":"90"}{"order":"","version_group_id":"9","move_id":"164","pokemon_move_method_id":"4","level":"0","pokemon_id":"90"}{"order":"","version_group_id":"9","move_id":"173","pokemon_move_method_id":"3","level":"0","pokemon_id":"90"}{"order":"","version_group_id":"9","move_id":"182","pokemon_move_method_id":"1","level":"16","pokemon_id":"90"}{"order":"","version_group_id":"9","move_id":"182","pokemon_move_method_id":"4","level":"0","pokemon_id":"90"}{"order":"","version_group_id":"9","move_id":"196","pokemon_move_method_id":"3","level":"0","pokemon_id":"90"}{"order":"","version_group_id":"9","move_id":"203","pokemon_move_method_id":"4","level":"0","pokemon_id":"90"}{"order":"","version_group_id":"9","move_id":"207","pokemon_move_method_id":"4","level":"0","pokemon_id":"90"}{"order":"","version_group_id":"9","move_id":"213","pokemon_move_method_id":"4","level":"0","pokemon_id":"90"}{"order":"","version_group_id":"9","move_id":"214","pokemon_move_method_id":"4","level":"0","pokemon_id":"90"}{"order":"","version_group_id":"9","move_id":"216","pokemon_move_method_id":"4","level":"0","pokemon_id":"90"}{"order":"","version_group_id":"9","move_id":"218","pokemon_move_method_id":"4","level":"0","pokemon_id":"90"}{"order":"","version_group_id":"9","move_id":"229","pokemon_move_method_id":"2","level":"0","pokemon_id":"90"}{"order":"","version_group_id":"9","move_id":"237","pokemon_move_method_id":"4","level":"0","pokemon_id":"90"}{"order":"","version_group_id":"9","move_id":"240","pokemon_move_method_id":"4","level":"0","pokemon_id":"90"}{"order":"","version_group_id":"9","move_id":"250","pokemon_move_method_id":"1","level":"37","pokemon_id":"90"}{"order":"","version_group_id":"9","move_id":"258","pokemon_move_method_id":"4","level":"0","pokemon_id":"90"}{"order":"","version_group_id":"9","move_id":"263","pokemon_move_method_id":"4","level":"0","pokemon_id":"90"}{"order":"","version_group_id":"9","move_id":"290","pokemon_move_method_id":"4","level":"0","pokemon_id":"90"}{"order":"","version_group_id":"9","move_id":"291","pokemon_move_method_id":"3","level":"0","pokemon_id":"90"}{"order":"","version_group_id":"9","move_id":"333","pokemon_move_method_id":"1","level":"13","pokemon_id":"90"}{"order":"","version_group_id":"9","move_id":"333","pokemon_move_method_id":"2","level":"0","pokemon_id":"90"}{"order":"","version_group_id":"9","move_id":"334","pokemon_move_method_id":"1","level":"40","pokemon_id":"90"}{"order":"","version_group_id":"9","move_id":"334","pokemon_move_method_id":"3","level":"0","pokemon_id":"90"}{"order":"","version_group_id":"9","move_id":"341","pokemon_move_method_id":"2","level":"0","pokemon_id":"90"}{"order":"","version_group_id":"9","move_id":"352","pokemon_move_method_id":"4","level":"0","pokemon_id":"90"}{"order":"","version_group_id":"9","move_id":"362","pokemon_move_method_id":"1","level":"44","pokemon_id":"90"}{"order":"","version_group_id":"9","move_id":"362","pokemon_move_method_id":"4","level":"0","pokemon_id":"90"}{"order":"","version_group_id":"9","move_id":"363","pokemon_move_method_id":"4","level":"0","pokemon_id":"90"}{"order":"","version_group_id":"9","move_id":"371","pokemon_move_method_id":"4","level":"0","pokemon_id":"90"}{"order":"","version_group_id":"9","move_id":"420","pokemon_move_method_id":"1","level":"28","pokemon_id":"90"}{"order":"","version_group_id":"9","move_id":"445","pokemon_move_method_id":"4","level":"0","pokemon_id":"90"}{"order":"","version_group_id":"10","move_id":"33","pokemon_move_method_id":"1","level":"1","pokemon_id":"90"}{"order":"","version_group_id":"10","move_id":"36","pokemon_move_method_id":"2","level":"0","pokemon_id":"90"}{"order":"","version_group_id":"10","move_id":"43","pokemon_move_method_id":"1","level":"20","pokemon_id":"90"}{"order":"","version_group_id":"10","move_id":"48","pokemon_move_method_id":"1","level":"8","pokemon_id":"90"}{"order":"","version_group_id":"10","move_id":"57","pokemon_move_method_id":"4","level":"0","pokemon_id":"90"}{"order":"","version_group_id":"10","move_id":"58","pokemon_move_method_id":"1","level":"49","pokemon_id":"90"}{"order":"","version_group_id":"10","move_id":"58","pokemon_move_method_id":"4","level":"0","pokemon_id":"90"}{"order":"","version_group_id":"10","move_id":"59","pokemon_move_method_id":"4","level":"0","pokemon_id":"90"}{"order":"","version_group_id":"10","move_id":"61","pokemon_move_method_id":"2","level":"0","pokemon_id":"90"}{"order":"","version_group_id":"10","move_id":"62","pokemon_move_method_id":"1","level":"32","pokemon_id":"90"}{"order":"","version_group_id":"10","move_id":"92","pokemon_move_method_id":"4","level":"0","pokemon_id":"90"}{"order":"","version_group_id":"10","move_id":"103","pokemon_move_method_id":"2","level":"0","pokemon_id":"90"}{"order":"","version_group_id":"10","move_id":"104","pokemon_move_method_id":"4","level":"0","pokemon_id":"90"}{"order":"","version_group_id":"10","move_id":"110","pokemon_move_method_id":"1","level":"4","pokemon_id":"90"}{"order":"","version_group_id":"10","move_id":"112","pokemon_move_method_id":"2","level":"0","pokemon_id":"90"}{"order":"","version_group_id":"10","move_id":"128","pokemon_move_method_id":"1","level":"25","pokemon_id":"90"}{"order":"","version_group_id":"10","move_id":"129","pokemon_move_method_id":"3","level":"0","pokemon_id":"90"}{"order":"","version_group_id":"10","move_id":"153","pokemon_move_method_id":"4","level":"0","pokemon_id":"90"}{"order":"","version_group_id":"10","move_id":"156","pokemon_move_method_id":"4","level":"0","pokemon_id":"90"}{"order":"","version_group_id":"10","move_id":"164","pokemon_move_method_id":"4","level":"0","pokemon_id":"90"}{"order":"","version_group_id":"10","move_id":"173","pokemon_move_method_id":"3","level":"0","pokemon_id":"90"}{"order":"","version_group_id":"10","move_id":"182","pokemon_move_method_id":"1","level":"16","pokemon_id":"90"}{"order":"","version_group_id":"10","move_id":"182","pokemon_move_method_id":"4","level":"0","pokemon_id":"90"}{"order":"","version_group_id":"10","move_id":"196","pokemon_move_method_id":"3","level":"0","pokemon_id":"90"}{"order":"","version_group_id":"10","move_id":"203","pokemon_move_method_id":"4","level":"0","pokemon_id":"90"}{"order":"","version_group_id":"10","move_id":"207","pokemon_move_method_id":"4","level":"0","pokemon_id":"90"}{"order":"","version_group_id":"10","move_id":"213","pokemon_move_method_id":"4","level":"0","pokemon_id":"90"}{"order":"","version_group_id":"10","move_id":"214","pokemon_move_method_id":"4","level":"0","pokemon_id":"90"}{"order":"","version_group_id":"10","move_id":"216","pokemon_move_method_id":"4","level":"0","pokemon_id":"90"}{"order":"","version_group_id":"10","move_id":"218","pokemon_move_method_id":"4","level":"0","pokemon_id":"90"}{"order":"","version_group_id":"10","move_id":"229","pokemon_move_method_id":"2","level":"0","pokemon_id":"90"}{"order":"","version_group_id":"10","move_id":"237","pokemon_move_method_id":"4","level":"0","pokemon_id":"90"}{"order":"","version_group_id":"10","move_id":"240","pokemon_move_method_id":"4","level":"0","pokemon_id":"90"}{"order":"","version_group_id":"10","move_id":"250","pokemon_move_method_id":"1","level":"37","pokemon_id":"90"}{"order":"","version_group_id":"10","move_id":"250","pokemon_move_method_id":"4","level":"0","pokemon_id":"90"}{"order":"","version_group_id":"10","move_id":"258","pokemon_move_method_id":"4","level":"0","pokemon_id":"90"}{"order":"","version_group_id":"10","move_id":"263","pokemon_move_method_id":"4","level":"0","pokemon_id":"90"}{"order":"","version_group_id":"10","move_id":"290","pokemon_move_method_id":"4","level":"0","pokemon_id":"90"}{"order":"","version_group_id":"10","move_id":"291","pokemon_move_method_id":"3","level":"0","pokemon_id":"90"}{"order":"","version_group_id":"10","move_id":"333","pokemon_move_method_id":"1","level":"13","pokemon_id":"90"}{"order":"","version_group_id":"10","move_id":"333","pokemon_move_method_id":"2","level":"0","pokemon_id":"90"}{"order":"","version_group_id":"10","move_id":"334","pokemon_move_method_id":"1","level":"40","pokemon_id":"90"}{"order":"","version_group_id":"10","move_id":"334","pokemon_move_method_id":"3","level":"0","pokemon_id":"90"}{"order":"","version_group_id":"10","move_id":"341","pokemon_move_method_id":"2","level":"0","pokemon_id":"90"}{"order":"","version_group_id":"10","move_id":"350","pokemon_move_method_id":"2","level":"0","pokemon_id":"90"}{"order":"","version_group_id":"10","move_id":"352","pokemon_move_method_id":"4","level":"0","pokemon_id":"90"}{"order":"","version_group_id":"10","move_id":"362","pokemon_move_method_id":"1","level":"44","pokemon_id":"90"}{"order":"","version_group_id":"10","move_id":"362","pokemon_move_method_id":"4","level":"0","pokemon_id":"90"}{"order":"","version_group_id":"10","move_id":"363","pokemon_move_method_id":"4","level":"0","pokemon_id":"90"}{"order":"","version_group_id":"10","move_id":"371","pokemon_move_method_id":"4","level":"0","pokemon_id":"90"}{"order":"","version_group_id":"10","move_id":"420","pokemon_move_method_id":"1","level":"28","pokemon_id":"90"}{"order":"","version_group_id":"10","move_id":"445","pokemon_move_method_id":"4","level":"0","pokemon_id":"90"}{"order":"","version_group_id":"11","move_id":"33","pokemon_move_method_id":"1","level":"1","pokemon_id":"90"}{"order":"","version_group_id":"11","move_id":"36","pokemon_move_method_id":"2","level":"0","pokemon_id":"90"}{"order":"","version_group_id":"11","move_id":"41","pokemon_move_method_id":"2","level":"0","pokemon_id":"90"}{"order":"","version_group_id":"11","move_id":"43","pokemon_move_method_id":"1","level":"20","pokemon_id":"90"}{"order":"","version_group_id":"11","move_id":"48","pokemon_move_method_id":"1","level":"8","pokemon_id":"90"}{"order":"","version_group_id":"11","move_id":"56","pokemon_move_method_id":"1","level":"61","pokemon_id":"90"}{"order":"","version_group_id":"11","move_id":"57","pokemon_move_method_id":"4","level":"0","pokemon_id":"90"}{"order":"","version_group_id":"11","move_id":"58","pokemon_move_method_id":"1","level":"52","pokemon_id":"90"}{"order":"","version_group_id":"11","move_id":"58","pokemon_move_method_id":"4","level":"0","pokemon_id":"90"}{"order":"","version_group_id":"11","move_id":"59","pokemon_move_method_id":"4","level":"0","pokemon_id":"90"}{"order":"","version_group_id":"11","move_id":"61","pokemon_move_method_id":"2","level":"0","pokemon_id":"90"}{"order":"","version_group_id":"11","move_id":"62","pokemon_move_method_id":"1","level":"37","pokemon_id":"90"}{"order":"","version_group_id":"11","move_id":"92","pokemon_move_method_id":"4","level":"0","pokemon_id":"90"}{"order":"","version_group_id":"11","move_id":"103","pokemon_move_method_id":"2","level":"0","pokemon_id":"90"}{"order":"","version_group_id":"11","move_id":"104","pokemon_move_method_id":"4","level":"0","pokemon_id":"90"}{"order":"","version_group_id":"11","move_id":"110","pokemon_move_method_id":"1","level":"4","pokemon_id":"90"}{"order":"","version_group_id":"11","move_id":"112","pokemon_move_method_id":"2","level":"0","pokemon_id":"90"}{"order":"","version_group_id":"11","move_id":"128","pokemon_move_method_id":"1","level":"25","pokemon_id":"90"}{"order":"","version_group_id":"11","move_id":"153","pokemon_move_method_id":"4","level":"0","pokemon_id":"90"}{"order":"","version_group_id":"11","move_id":"156","pokemon_move_method_id":"4","level":"0","pokemon_id":"90"}{"order":"","version_group_id":"11","move_id":"164","pokemon_move_method_id":"4","level":"0","pokemon_id":"90"}{"order":"","version_group_id":"11","move_id":"182","pokemon_move_method_id":"1","level":"16","pokemon_id":"90"}{"order":"","version_group_id":"11","move_id":"182","pokemon_move_method_id":"4","level":"0","pokemon_id":"90"}{"order":"","version_group_id":"11","move_id":"207","pokemon_move_method_id":"4","level":"0","pokemon_id":"90"}{"order":"","version_group_id":"11","move_id":"213","pokemon_move_method_id":"4","level":"0","pokemon_id":"90"}{"order":"","version_group_id":"11","move_id":"216","pokemon_move_method_id":"4","level":"0","pokemon_id":"90"}{"order":"","version_group_id":"11","move_id":"218","pokemon_move_method_id":"4","level":"0","pokemon_id":"90"}{"order":"","version_group_id":"11","move_id":"229","pokemon_move_method_id":"2","level":"0","pokemon_id":"90"}{"order":"","version_group_id":"11","move_id":"237","pokemon_move_method_id":"4","level":"0","pokemon_id":"90"}{"order":"","version_group_id":"11","move_id":"240","pokemon_move_method_id":"4","level":"0","pokemon_id":"90"}{"order":"","version_group_id":"11","move_id":"250","pokemon_move_method_id":"1","level":"40","pokemon_id":"90"}{"order":"","version_group_id":"11","move_id":"258","pokemon_move_method_id":"4","level":"0","pokemon_id":"90"}{"order":"","version_group_id":"11","move_id":"263","pokemon_move_method_id":"4","level":"0","pokemon_id":"90"}{"order":"","version_group_id":"11","move_id":"291","pokemon_move_method_id":"4","level":"0","pokemon_id":"90"}{"order":"","version_group_id":"11","move_id":"333","pokemon_move_method_id":"1","level":"13","pokemon_id":"90"}{"order":"","version_group_id":"11","move_id":"333","pokemon_move_method_id":"2","level":"0","pokemon_id":"90"}{"order":"","version_group_id":"11","move_id":"334","pokemon_move_method_id":"1","level":"49","pokemon_id":"90"}{"order":"","version_group_id":"11","move_id":"341","pokemon_move_method_id":"2","level":"0","pokemon_id":"90"}{"order":"","version_group_id":"11","move_id":"350","pokemon_move_method_id":"2","level":"0","pokemon_id":"90"}{"order":"","version_group_id":"11","move_id":"352","pokemon_move_method_id":"2","level":"0","pokemon_id":"90"}{"order":"","version_group_id":"11","move_id":"362","pokemon_move_method_id":"1","level":"44","pokemon_id":"90"}{"order":"","version_group_id":"11","move_id":"371","pokemon_move_method_id":"4","level":"0","pokemon_id":"90"}{"order":"","version_group_id":"11","move_id":"392","pokemon_move_method_id":"2","level":"0","pokemon_id":"90"}{"order":"","version_group_id":"11","move_id":"419","pokemon_move_method_id":"2","level":"0","pokemon_id":"90"}{"order":"","version_group_id":"11","move_id":"420","pokemon_move_method_id":"1","level":"28","pokemon_id":"90"}{"order":"","version_group_id":"11","move_id":"496","pokemon_move_method_id":"4","level":"0","pokemon_id":"90"}{"order":"","version_group_id":"11","move_id":"504","pokemon_move_method_id":"1","level":"56","pokemon_id":"90"}{"order":"","version_group_id":"11","move_id":"534","pokemon_move_method_id":"1","level":"32","pokemon_id":"90"}{"order":"1","version_group_id":"12","move_id":"33","pokemon_move_method_id":"1","level":"1","pokemon_id":"90"}{"order":"","version_group_id":"12","move_id":"43","pokemon_move_method_id":"1","level":"33","pokemon_id":"90"}{"order":"","version_group_id":"12","move_id":"48","pokemon_move_method_id":"1","level":"9","pokemon_id":"90"}{"order":"","version_group_id":"12","move_id":"57","pokemon_move_method_id":"4","level":"0","pokemon_id":"90"}{"order":"","version_group_id":"12","move_id":"58","pokemon_move_method_id":"1","level":"49","pokemon_id":"90"}{"order":"","version_group_id":"12","move_id":"58","pokemon_move_method_id":"4","level":"0","pokemon_id":"90"}{"order":"","version_group_id":"12","move_id":"59","pokemon_move_method_id":"4","level":"0","pokemon_id":"90"}{"order":"","version_group_id":"12","move_id":"62","pokemon_move_method_id":"1","level":"17","pokemon_id":"90"}{"order":"","version_group_id":"12","move_id":"92","pokemon_move_method_id":"4","level":"0","pokemon_id":"90"}{"order":"","version_group_id":"12","move_id":"104","pokemon_move_method_id":"4","level":"0","pokemon_id":"90"}{"order":"2","version_group_id":"12","move_id":"110","pokemon_move_method_id":"1","level":"1","pokemon_id":"90"}{"order":"","version_group_id":"12","move_id":"128","pokemon_move_method_id":"1","level":"41","pokemon_id":"90"}{"order":"","version_group_id":"12","move_id":"156","pokemon_move_method_id":"4","level":"0","pokemon_id":"90"}{"order":"","version_group_id":"12","move_id":"182","pokemon_move_method_id":"1","level":"25","pokemon_id":"90"}{"order":"","version_group_id":"12","move_id":"182","pokemon_move_method_id":"4","level":"0","pokemon_id":"90"}{"order":"","version_group_id":"12","move_id":"213","pokemon_move_method_id":"4","level":"0","pokemon_id":"90"}{"order":"","version_group_id":"12","move_id":"216","pokemon_move_method_id":"4","level":"0","pokemon_id":"90"}{"order":"","version_group_id":"12","move_id":"218","pokemon_move_method_id":"4","level":"0","pokemon_id":"90"}{"order":"","version_group_id":"12","move_id":"237","pokemon_move_method_id":"4","level":"0","pokemon_id":"90"}{"order":"","version_group_id":"12","move_id":"240","pokemon_move_method_id":"4","level":"0","pokemon_id":"90"}{"order":"","version_group_id":"12","move_id":"258","pokemon_move_method_id":"4","level":"0","pokemon_id":"90"}{"order":"","version_group_id":"12","move_id":"263","pokemon_move_method_id":"4","level":"0","pokemon_id":"90"}{"order":"","version_group_id":"12","move_id":"290","pokemon_move_method_id":"4","level":"0","pokemon_id":"90"}{"order":"","version_group_id":"12","move_id":"291","pokemon_move_method_id":"4","level":"0","pokemon_id":"90"}{"order":"","version_group_id":"12","move_id":"352","pokemon_move_method_id":"4","level":"0","pokemon_id":"90"}{"order":"1","version_group_id":"13","move_id":"33","pokemon_move_method_id":"1","level":"1","pokemon_id":"90"}{"order":"","version_group_id":"13","move_id":"38","pokemon_move_method_id":"3","level":"0","pokemon_id":"90"}{"order":"","version_group_id":"13","move_id":"43","pokemon_move_method_id":"1","level":"33","pokemon_id":"90"}{"order":"","version_group_id":"13","move_id":"48","pokemon_move_method_id":"1","level":"9","pokemon_id":"90"}{"order":"","version_group_id":"13","move_id":"57","pokemon_move_method_id":"4","level":"0","pokemon_id":"90"}{"order":"","version_group_id":"13","move_id":"58","pokemon_move_method_id":"1","level":"49","pokemon_id":"90"}{"order":"","version_group_id":"13","move_id":"58","pokemon_move_method_id":"4","level":"0","pokemon_id":"90"}{"order":"","version_group_id":"13","move_id":"59","pokemon_move_method_id":"4","level":"0","pokemon_id":"90"}{"order":"","version_group_id":"13","move_id":"62","pokemon_move_method_id":"1","level":"17","pokemon_id":"90"}{"order":"","version_group_id":"13","move_id":"92","pokemon_move_method_id":"4","level":"0","pokemon_id":"90"}{"order":"","version_group_id":"13","move_id":"102","pokemon_move_method_id":"3","level":"0","pokemon_id":"90"}{"order":"","version_group_id":"13","move_id":"104","pokemon_move_method_id":"4","level":"0","pokemon_id":"90"}{"order":"2","version_group_id":"13","move_id":"110","pokemon_move_method_id":"1","level":"1","pokemon_id":"90"}{"order":"","version_group_id":"13","move_id":"120","pokemon_move_method_id":"3","level":"0","pokemon_id":"90"}{"order":"","version_group_id":"13","move_id":"128","pokemon_move_method_id":"1","level":"41","pokemon_id":"90"}{"order":"","version_group_id":"13","move_id":"156","pokemon_move_method_id":"4","level":"0","pokemon_id":"90"}{"order":"","version_group_id":"13","move_id":"164","pokemon_move_method_id":"3","level":"0","pokemon_id":"90"}{"order":"","version_group_id":"13","move_id":"182","pokemon_move_method_id":"1","level":"25","pokemon_id":"90"}{"order":"","version_group_id":"13","move_id":"182","pokemon_move_method_id":"4","level":"0","pokemon_id":"90"}{"order":"","version_group_id":"13","move_id":"196","pokemon_move_method_id":"3","level":"0","pokemon_id":"90"}{"order":"","version_group_id":"13","move_id":"207","pokemon_move_method_id":"3","level":"0","pokemon_id":"90"}{"order":"","version_group_id":"13","move_id":"213","pokemon_move_method_id":"4","level":"0","pokemon_id":"90"}{"order":"","version_group_id":"13","move_id":"216","pokemon_move_method_id":"4","level":"0","pokemon_id":"90"}{"order":"","version_group_id":"13","move_id":"218","pokemon_move_method_id":"4","level":"0","pokemon_id":"90"}{"order":"","version_group_id":"13","move_id":"237","pokemon_move_method_id":"4","level":"0","pokemon_id":"90"}{"order":"","version_group_id":"13","move_id":"240","pokemon_move_method_id":"4","level":"0","pokemon_id":"90"}{"order":"","version_group_id":"13","move_id":"258","pokemon_move_method_id":"4","level":"0","pokemon_id":"90"}{"order":"","version_group_id":"13","move_id":"263","pokemon_move_method_id":"4","level":"0","pokemon_id":"90"}{"order":"","version_group_id":"13","move_id":"290","pokemon_move_method_id":"4","level":"0","pokemon_id":"90"}{"order":"","version_group_id":"13","move_id":"291","pokemon_move_method_id":"4","level":"0","pokemon_id":"90"}{"order":"","version_group_id":"13","move_id":"352","pokemon_move_method_id":"4","level":"0","pokemon_id":"90"}{"order":"","version_group_id":"14","move_id":"33","pokemon_move_method_id":"1","level":"1","pokemon_id":"90"}{"order":"","version_group_id":"14","move_id":"36","pokemon_move_method_id":"2","level":"0","pokemon_id":"90"}{"order":"","version_group_id":"14","move_id":"41","pokemon_move_method_id":"2","level":"0","pokemon_id":"90"}{"order":"","version_group_id":"14","move_id":"43","pokemon_move_method_id":"1","level":"20","pokemon_id":"90"}{"order":"","version_group_id":"14","move_id":"48","pokemon_move_method_id":"1","level":"8","pokemon_id":"90"}{"order":"","version_group_id":"14","move_id":"56","pokemon_move_method_id":"1","level":"61","pokemon_id":"90"}{"order":"","version_group_id":"14","move_id":"57","pokemon_move_method_id":"4","level":"0","pokemon_id":"90"}{"order":"","version_group_id":"14","move_id":"58","pokemon_move_method_id":"1","level":"52","pokemon_id":"90"}{"order":"","version_group_id":"14","move_id":"58","pokemon_move_method_id":"4","level":"0","pokemon_id":"90"}{"order":"","version_group_id":"14","move_id":"59","pokemon_move_method_id":"4","level":"0","pokemon_id":"90"}{"order":"","version_group_id":"14","move_id":"61","pokemon_move_method_id":"2","level":"0","pokemon_id":"90"}{"order":"","version_group_id":"14","move_id":"62","pokemon_move_method_id":"1","level":"37","pokemon_id":"90"}{"order":"","version_group_id":"14","move_id":"92","pokemon_move_method_id":"4","level":"0","pokemon_id":"90"}{"order":"","version_group_id":"14","move_id":"103","pokemon_move_method_id":"2","level":"0","pokemon_id":"90"}{"order":"","version_group_id":"14","move_id":"104","pokemon_move_method_id":"4","level":"0","pokemon_id":"90"}{"order":"","version_group_id":"14","move_id":"110","pokemon_move_method_id":"1","level":"4","pokemon_id":"90"}{"order":"","version_group_id":"14","move_id":"112","pokemon_move_method_id":"2","level":"0","pokemon_id":"90"}{"order":"","version_group_id":"14","move_id":"128","pokemon_move_method_id":"1","level":"25","pokemon_id":"90"}{"order":"","version_group_id":"14","move_id":"153","pokemon_move_method_id":"4","level":"0","pokemon_id":"90"}{"order":"","version_group_id":"14","move_id":"156","pokemon_move_method_id":"4","level":"0","pokemon_id":"90"}{"order":"","version_group_id":"14","move_id":"164","pokemon_move_method_id":"4","level":"0","pokemon_id":"90"}{"order":"","version_group_id":"14","move_id":"173","pokemon_move_method_id":"3","level":"0","pokemon_id":"90"}{"order":"","version_group_id":"14","move_id":"182","pokemon_move_method_id":"1","level":"16","pokemon_id":"90"}{"order":"","version_group_id":"14","move_id":"182","pokemon_move_method_id":"4","level":"0","pokemon_id":"90"}{"order":"","version_group_id":"14","move_id":"196","pokemon_move_method_id":"3","level":"0","pokemon_id":"90"}{"order":"","version_group_id":"14","move_id":"207","pokemon_move_method_id":"4","level":"0","pokemon_id":"90"}{"order":"","version_group_id":"14","move_id":"213","pokemon_move_method_id":"4","level":"0","pokemon_id":"90"}{"order":"","version_group_id":"14","move_id":"214","pokemon_move_method_id":"3","level":"0","pokemon_id":"90"}{"order":"","version_group_id":"14","move_id":"216","pokemon_move_method_id":"4","level":"0","pokemon_id":"90"}{"order":"","version_group_id":"14","move_id":"218","pokemon_move_method_id":"4","level":"0","pokemon_id":"90"}{"order":"","version_group_id":"14","move_id":"229","pokemon_move_method_id":"2","level":"0","pokemon_id":"90"}{"order":"","version_group_id":"14","move_id":"237","pokemon_move_method_id":"4","level":"0","pokemon_id":"90"}{"order":"","version_group_id":"14","move_id":"240","pokemon_move_method_id":"4","level":"0","pokemon_id":"90"}{"order":"","version_group_id":"14","move_id":"250","pokemon_move_method_id":"1","level":"40","pokemon_id":"90"}{"order":"","version_group_id":"14","move_id":"258","pokemon_move_method_id":"4","level":"0","pokemon_id":"90"}{"order":"","version_group_id":"14","move_id":"263","pokemon_move_method_id":"4","level":"0","pokemon_id":"90"}{"order":"","version_group_id":"14","move_id":"291","pokemon_move_method_id":"4","level":"0","pokemon_id":"90"}{"order":"","version_group_id":"14","move_id":"333","pokemon_move_method_id":"1","level":"13","pokemon_id":"90"}{"order":"","version_group_id":"14","move_id":"333","pokemon_move_method_id":"2","level":"0","pokemon_id":"90"}{"order":"","version_group_id":"14","move_id":"334","pokemon_move_method_id":"1","level":"49","pokemon_id":"90"}{"order":"","version_group_id":"14","move_id":"334","pokemon_move_method_id":"3","level":"0","pokemon_id":"90"}{"order":"","version_group_id":"14","move_id":"341","pokemon_move_method_id":"2","level":"0","pokemon_id":"90"}{"order":"","version_group_id":"14","move_id":"350","pokemon_move_method_id":"2","level":"0","pokemon_id":"90"}{"order":"","version_group_id":"14","move_id":"352","pokemon_move_method_id":"2","level":"0","pokemon_id":"90"}{"order":"","version_group_id":"14","move_id":"362","pokemon_move_method_id":"1","level":"44","pokemon_id":"90"}{"order":"","version_group_id":"14","move_id":"371","pokemon_move_method_id":"4","level":"0","pokemon_id":"90"}{"order":"","version_group_id":"14","move_id":"392","pokemon_move_method_id":"2","level":"0","pokemon_id":"90"}{"order":"","version_group_id":"14","move_id":"419","pokemon_move_method_id":"2","level":"0","pokemon_id":"90"}{"order":"","version_group_id":"14","move_id":"420","pokemon_move_method_id":"1","level":"28","pokemon_id":"90"}{"order":"","version_group_id":"14","move_id":"496","pokemon_move_method_id":"4","level":"0","pokemon_id":"90"}{"order":"","version_group_id":"14","move_id":"504","pokemon_move_method_id":"1","level":"56","pokemon_id":"90"}{"order":"","version_group_id":"14","move_id":"534","pokemon_move_method_id":"1","level":"32","pokemon_id":"90"}{"order":"","version_group_id":"15","move_id":"33","pokemon_move_method_id":"1","level":"1","pokemon_id":"90"}{"order":"","version_group_id":"15","move_id":"36","pokemon_move_method_id":"2","level":"0","pokemon_id":"90"}{"order":"","version_group_id":"15","move_id":"41","pokemon_move_method_id":"2","level":"0","pokemon_id":"90"}{"order":"","version_group_id":"15","move_id":"43","pokemon_move_method_id":"1","level":"20","pokemon_id":"90"}{"order":"","version_group_id":"15","move_id":"48","pokemon_move_method_id":"1","level":"8","pokemon_id":"90"}{"order":"","version_group_id":"15","move_id":"56","pokemon_move_method_id":"1","level":"61","pokemon_id":"90"}{"order":"","version_group_id":"15","move_id":"57","pokemon_move_method_id":"4","level":"0","pokemon_id":"90"}{"order":"","version_group_id":"15","move_id":"58","pokemon_move_method_id":"1","level":"52","pokemon_id":"90"}{"order":"","version_group_id":"15","move_id":"58","pokemon_move_method_id":"4","level":"0","pokemon_id":"90"}{"order":"","version_group_id":"15","move_id":"59","pokemon_move_method_id":"4","level":"0","pokemon_id":"90"}{"order":"","version_group_id":"15","move_id":"61","pokemon_move_method_id":"2","level":"0","pokemon_id":"90"}{"order":"","version_group_id":"15","move_id":"62","pokemon_move_method_id":"1","level":"37","pokemon_id":"90"}{"order":"","version_group_id":"15","move_id":"92","pokemon_move_method_id":"4","level":"0","pokemon_id":"90"}{"order":"","version_group_id":"15","move_id":"103","pokemon_move_method_id":"2","level":"0","pokemon_id":"90"}{"order":"","version_group_id":"15","move_id":"104","pokemon_move_method_id":"4","level":"0","pokemon_id":"90"}{"order":"","version_group_id":"15","move_id":"110","pokemon_move_method_id":"1","level":"4","pokemon_id":"90"}{"order":"","version_group_id":"15","move_id":"112","pokemon_move_method_id":"2","level":"0","pokemon_id":"90"}{"order":"","version_group_id":"15","move_id":"128","pokemon_move_method_id":"1","level":"25","pokemon_id":"90"}{"order":"","version_group_id":"15","move_id":"153","pokemon_move_method_id":"4","level":"0","pokemon_id":"90"}{"order":"","version_group_id":"15","move_id":"156","pokemon_move_method_id":"4","level":"0","pokemon_id":"90"}{"order":"","version_group_id":"15","move_id":"164","pokemon_move_method_id":"4","level":"0","pokemon_id":"90"}{"order":"","version_group_id":"15","move_id":"182","pokemon_move_method_id":"1","level":"16","pokemon_id":"90"}{"order":"","version_group_id":"15","move_id":"182","pokemon_move_method_id":"4","level":"0","pokemon_id":"90"}{"order":"","version_group_id":"15","move_id":"207","pokemon_move_method_id":"4","level":"0","pokemon_id":"90"}{"order":"","version_group_id":"15","move_id":"213","pokemon_move_method_id":"4","level":"0","pokemon_id":"90"}{"order":"","version_group_id":"15","move_id":"214","pokemon_move_method_id":"4","level":"0","pokemon_id":"90"}{"order":"","version_group_id":"15","move_id":"216","pokemon_move_method_id":"4","level":"0","pokemon_id":"90"}{"order":"","version_group_id":"15","move_id":"218","pokemon_move_method_id":"4","level":"0","pokemon_id":"90"}{"order":"","version_group_id":"15","move_id":"229","pokemon_move_method_id":"2","level":"0","pokemon_id":"90"}{"order":"","version_group_id":"15","move_id":"237","pokemon_move_method_id":"4","level":"0","pokemon_id":"90"}{"order":"","version_group_id":"15","move_id":"240","pokemon_move_method_id":"4","level":"0","pokemon_id":"90"}{"order":"","version_group_id":"15","move_id":"250","pokemon_move_method_id":"1","level":"40","pokemon_id":"90"}{"order":"","version_group_id":"15","move_id":"258","pokemon_move_method_id":"4","level":"0","pokemon_id":"90"}{"order":"","version_group_id":"15","move_id":"263","pokemon_move_method_id":"4","level":"0","pokemon_id":"90"}{"order":"","version_group_id":"15","move_id":"333","pokemon_move_method_id":"1","level":"13","pokemon_id":"90"}{"order":"","version_group_id":"15","move_id":"333","pokemon_move_method_id":"2","level":"0","pokemon_id":"90"}{"order":"","version_group_id":"15","move_id":"334","pokemon_move_method_id":"1","level":"49","pokemon_id":"90"}{"order":"","version_group_id":"15","move_id":"341","pokemon_move_method_id":"2","level":"0","pokemon_id":"90"}{"order":"","version_group_id":"15","move_id":"350","pokemon_move_method_id":"2","level":"0","pokemon_id":"90"}{"order":"","version_group_id":"15","move_id":"352","pokemon_move_method_id":"2","level":"0","pokemon_id":"90"}{"order":"","version_group_id":"15","move_id":"362","pokemon_move_method_id":"1","level":"44","pokemon_id":"90"}{"order":"","version_group_id":"15","move_id":"371","pokemon_move_method_id":"4","level":"0","pokemon_id":"90"}{"order":"","version_group_id":"15","move_id":"392","pokemon_move_method_id":"2","level":"0","pokemon_id":"90"}{"order":"","version_group_id":"15","move_id":"419","pokemon_move_method_id":"2","level":"0","pokemon_id":"90"}{"order":"","version_group_id":"15","move_id":"420","pokemon_move_method_id":"1","level":"28","pokemon_id":"90"}{"order":"","version_group_id":"15","move_id":"496","pokemon_move_method_id":"4","level":"0","pokemon_id":"90"}{"order":"","version_group_id":"15","move_id":"504","pokemon_move_method_id":"1","level":"56","pokemon_id":"90"}{"order":"","version_group_id":"15","move_id":"534","pokemon_move_method_id":"1","level":"32","pokemon_id":"90"}{"order":"","version_group_id":"15","move_id":"590","pokemon_move_method_id":"4","level":"0","pokemon_id":"90"}