{"order":"1","version_group_id":"1","move_id":"10","pokemon_move_method_id":"1","level":"1","pokemon_id":"51"}{"order":"","version_group_id":"1","move_id":"28","pokemon_move_method_id":"1","level":"24","pokemon_id":"51"}{"order":"","version_group_id":"1","move_id":"34","pokemon_move_method_id":"4","level":"0","pokemon_id":"51"}{"order":"","version_group_id":"1","move_id":"36","pokemon_move_method_id":"4","level":"0","pokemon_id":"51"}{"order":"","version_group_id":"1","move_id":"38","pokemon_move_method_id":"4","level":"0","pokemon_id":"51"}{"order":"2","version_group_id":"1","move_id":"45","pokemon_move_method_id":"1","level":"1","pokemon_id":"51"}{"order":"","version_group_id":"1","move_id":"45","pokemon_move_method_id":"1","level":"15","pokemon_id":"51"}{"order":"","version_group_id":"1","move_id":"63","pokemon_move_method_id":"4","level":"0","pokemon_id":"51"}{"order":"","version_group_id":"1","move_id":"89","pokemon_move_method_id":"1","level":"47","pokemon_id":"51"}{"order":"","version_group_id":"1","move_id":"89","pokemon_move_method_id":"4","level":"0","pokemon_id":"51"}{"order":"","version_group_id":"1","move_id":"90","pokemon_move_method_id":"4","level":"0","pokemon_id":"51"}{"order":"3","version_group_id":"1","move_id":"91","pokemon_move_method_id":"1","level":"1","pokemon_id":"51"}{"order":"","version_group_id":"1","move_id":"91","pokemon_move_method_id":"1","level":"19","pokemon_id":"51"}{"order":"","version_group_id":"1","move_id":"91","pokemon_move_method_id":"4","level":"0","pokemon_id":"51"}{"order":"","version_group_id":"1","move_id":"92","pokemon_move_method_id":"4","level":"0","pokemon_id":"51"}{"order":"","version_group_id":"1","move_id":"99","pokemon_move_method_id":"4","level":"0","pokemon_id":"51"}{"order":"","version_group_id":"1","move_id":"102","pokemon_move_method_id":"4","level":"0","pokemon_id":"51"}{"order":"","version_group_id":"1","move_id":"104","pokemon_move_method_id":"4","level":"0","pokemon_id":"51"}{"order":"","version_group_id":"1","move_id":"117","pokemon_move_method_id":"4","level":"0","pokemon_id":"51"}{"order":"","version_group_id":"1","move_id":"156","pokemon_move_method_id":"4","level":"0","pokemon_id":"51"}{"order":"","version_group_id":"1","move_id":"157","pokemon_move_method_id":"4","level":"0","pokemon_id":"51"}{"order":"","version_group_id":"1","move_id":"163","pokemon_move_method_id":"1","level":"35","pokemon_id":"51"}{"order":"","version_group_id":"1","move_id":"164","pokemon_move_method_id":"4","level":"0","pokemon_id":"51"}{"order":"1","version_group_id":"2","move_id":"10","pokemon_move_method_id":"1","level":"1","pokemon_id":"51"}{"order":"","version_group_id":"2","move_id":"15","pokemon_move_method_id":"4","level":"0","pokemon_id":"51"}{"order":"","version_group_id":"2","move_id":"28","pokemon_move_method_id":"1","level":"24","pokemon_id":"51"}{"order":"","version_group_id":"2","move_id":"34","pokemon_move_method_id":"4","level":"0","pokemon_id":"51"}{"order":"","version_group_id":"2","move_id":"36","pokemon_move_method_id":"4","level":"0","pokemon_id":"51"}{"order":"","version_group_id":"2","move_id":"38","pokemon_move_method_id":"4","level":"0","pokemon_id":"51"}{"order":"2","version_group_id":"2","move_id":"45","pokemon_move_method_id":"1","level":"1","pokemon_id":"51"}{"order":"","version_group_id":"2","move_id":"45","pokemon_move_method_id":"1","level":"15","pokemon_id":"51"}{"order":"","version_group_id":"2","move_id":"63","pokemon_move_method_id":"4","level":"0","pokemon_id":"51"}{"order":"","version_group_id":"2","move_id":"89","pokemon_move_method_id":"1","level":"47","pokemon_id":"51"}{"order":"","version_group_id":"2","move_id":"89","pokemon_move_method_id":"4","level":"0","pokemon_id":"51"}{"order":"","version_group_id":"2","move_id":"90","pokemon_move_method_id":"4","level":"0","pokemon_id":"51"}{"order":"3","version_group_id":"2","move_id":"91","pokemon_move_method_id":"1","level":"1","pokemon_id":"51"}{"order":"","version_group_id":"2","move_id":"91","pokemon_move_method_id":"1","level":"19","pokemon_id":"51"}{"order":"","version_group_id":"2","move_id":"91","pokemon_move_method_id":"4","level":"0","pokemon_id":"51"}{"order":"","version_group_id":"2","move_id":"92","pokemon_move_method_id":"4","level":"0","pokemon_id":"51"}{"order":"","version_group_id":"2","move_id":"99","pokemon_move_method_id":"4","level":"0","pokemon_id":"51"}{"order":"","version_group_id":"2","move_id":"102","pokemon_move_method_id":"4","level":"0","pokemon_id":"51"}{"order":"","version_group_id":"2","move_id":"104","pokemon_move_method_id":"4","level":"0","pokemon_id":"51"}{"order":"","version_group_id":"2","move_id":"117","pokemon_move_method_id":"4","level":"0","pokemon_id":"51"}{"order":"","version_group_id":"2","move_id":"156","pokemon_move_method_id":"4","level":"0","pokemon_id":"51"}{"order":"","version_group_id":"2","move_id":"157","pokemon_move_method_id":"4","level":"0","pokemon_id":"51"}{"order":"","version_group_id":"2","move_id":"163","pokemon_move_method_id":"1","level":"35","pokemon_id":"51"}{"order":"","version_group_id":"2","move_id":"164","pokemon_move_method_id":"4","level":"0","pokemon_id":"51"}{"order":"1","version_group_id":"3","move_id":"10","pokemon_move_method_id":"1","level":"1","pokemon_id":"51"}{"order":"","version_group_id":"3","move_id":"15","pokemon_move_method_id":"4","level":"0","pokemon_id":"51"}{"order":"","version_group_id":"3","move_id":"28","pokemon_move_method_id":"1","level":"25","pokemon_id":"51"}{"order":"2","version_group_id":"3","move_id":"45","pokemon_move_method_id":"1","level":"1","pokemon_id":"51"}{"order":"","version_group_id":"3","move_id":"45","pokemon_move_method_id":"1","level":"5","pokemon_id":"51"}{"order":"","version_group_id":"3","move_id":"63","pokemon_move_method_id":"4","level":"0","pokemon_id":"51"}{"order":"","version_group_id":"3","move_id":"89","pokemon_move_method_id":"1","level":"49","pokemon_id":"51"}{"order":"","version_group_id":"3","move_id":"89","pokemon_move_method_id":"4","level":"0","pokemon_id":"51"}{"order":"","version_group_id":"3","move_id":"90","pokemon_move_method_id":"1","level":"61","pokemon_id":"51"}{"order":"","version_group_id":"3","move_id":"91","pokemon_move_method_id":"1","level":"17","pokemon_id":"51"}{"order":"","version_group_id":"3","move_id":"91","pokemon_move_method_id":"4","level":"0","pokemon_id":"51"}{"order":"","version_group_id":"3","move_id":"92","pokemon_move_method_id":"4","level":"0","pokemon_id":"51"}{"order":"","version_group_id":"3","move_id":"104","pokemon_move_method_id":"4","level":"0","pokemon_id":"51"}{"order":"","version_group_id":"3","move_id":"156","pokemon_move_method_id":"4","level":"0","pokemon_id":"51"}{"order":"","version_group_id":"3","move_id":"163","pokemon_move_method_id":"1","level":"37","pokemon_id":"51"}{"order":"","version_group_id":"3","move_id":"168","pokemon_move_method_id":"4","level":"0","pokemon_id":"51"}{"order":"","version_group_id":"3","move_id":"173","pokemon_move_method_id":"4","level":"0","pokemon_id":"51"}{"order":"","version_group_id":"3","move_id":"174","pokemon_move_method_id":"4","level":"0","pokemon_id":"51"}{"order":"","version_group_id":"3","move_id":"182","pokemon_move_method_id":"4","level":"0","pokemon_id":"51"}{"order":"","version_group_id":"3","move_id":"188","pokemon_move_method_id":"4","level":"0","pokemon_id":"51"}{"order":"","version_group_id":"3","move_id":"189","pokemon_move_method_id":"4","level":"0","pokemon_id":"51"}{"order":"","version_group_id":"3","move_id":"203","pokemon_move_method_id":"4","level":"0","pokemon_id":"51"}{"order":"","version_group_id":"3","move_id":"207","pokemon_move_method_id":"4","level":"0","pokemon_id":"51"}{"order":"","version_group_id":"3","move_id":"213","pokemon_move_method_id":"4","level":"0","pokemon_id":"51"}{"order":"","version_group_id":"3","move_id":"214","pokemon_move_method_id":"4","level":"0","pokemon_id":"51"}{"order":"","version_group_id":"3","move_id":"216","pokemon_move_method_id":"4","level":"0","pokemon_id":"51"}{"order":"","version_group_id":"3","move_id":"218","pokemon_move_method_id":"4","level":"0","pokemon_id":"51"}{"order":"3","version_group_id":"3","move_id":"222","pokemon_move_method_id":"1","level":"1","pokemon_id":"51"}{"order":"","version_group_id":"3","move_id":"222","pokemon_move_method_id":"1","level":"9","pokemon_id":"51"}{"order":"","version_group_id":"3","move_id":"237","pokemon_move_method_id":"4","level":"0","pokemon_id":"51"}{"order":"","version_group_id":"3","move_id":"241","pokemon_move_method_id":"4","level":"0","pokemon_id":"51"}{"order":"","version_group_id":"3","move_id":"249","pokemon_move_method_id":"4","level":"0","pokemon_id":"51"}{"order":"2","version_group_id":"4","move_id":"10","pokemon_move_method_id":"1","level":"1","pokemon_id":"51"}{"order":"","version_group_id":"4","move_id":"15","pokemon_move_method_id":"4","level":"0","pokemon_id":"51"}{"order":"","version_group_id":"4","move_id":"28","pokemon_move_method_id":"1","level":"25","pokemon_id":"51"}{"order":"3","version_group_id":"4","move_id":"45","pokemon_move_method_id":"1","level":"1","pokemon_id":"51"}{"order":"","version_group_id":"4","move_id":"45","pokemon_move_method_id":"1","level":"5","pokemon_id":"51"}{"order":"","version_group_id":"4","move_id":"63","pokemon_move_method_id":"4","level":"0","pokemon_id":"51"}{"order":"","version_group_id":"4","move_id":"89","pokemon_move_method_id":"1","level":"49","pokemon_id":"51"}{"order":"","version_group_id":"4","move_id":"89","pokemon_move_method_id":"4","level":"0","pokemon_id":"51"}{"order":"","version_group_id":"4","move_id":"90","pokemon_move_method_id":"1","level":"61","pokemon_id":"51"}{"order":"","version_group_id":"4","move_id":"91","pokemon_move_method_id":"1","level":"17","pokemon_id":"51"}{"order":"","version_group_id":"4","move_id":"91","pokemon_move_method_id":"4","level":"0","pokemon_id":"51"}{"order":"","version_group_id":"4","move_id":"92","pokemon_move_method_id":"4","level":"0","pokemon_id":"51"}{"order":"","version_group_id":"4","move_id":"104","pokemon_move_method_id":"4","level":"0","pokemon_id":"51"}{"order":"","version_group_id":"4","move_id":"156","pokemon_move_method_id":"4","level":"0","pokemon_id":"51"}{"order":"1","version_group_id":"4","move_id":"161","pokemon_move_method_id":"1","level":"1","pokemon_id":"51"}{"order":"","version_group_id":"4","move_id":"163","pokemon_move_method_id":"1","level":"37","pokemon_id":"51"}{"order":"","version_group_id":"4","move_id":"168","pokemon_move_method_id":"4","level":"0","pokemon_id":"51"}{"order":"","version_group_id":"4","move_id":"173","pokemon_move_method_id":"4","level":"0","pokemon_id":"51"}{"order":"","version_group_id":"4","move_id":"174","pokemon_move_method_id":"4","level":"0","pokemon_id":"51"}{"order":"","version_group_id":"4","move_id":"182","pokemon_move_method_id":"4","level":"0","pokemon_id":"51"}{"order":"","version_group_id":"4","move_id":"188","pokemon_move_method_id":"4","level":"0","pokemon_id":"51"}{"order":"","version_group_id":"4","move_id":"189","pokemon_move_method_id":"4","level":"0","pokemon_id":"51"}{"order":"","version_group_id":"4","move_id":"203","pokemon_move_method_id":"4","level":"0","pokemon_id":"51"}{"order":"","version_group_id":"4","move_id":"207","pokemon_move_method_id":"4","level":"0","pokemon_id":"51"}{"order":"","version_group_id":"4","move_id":"213","pokemon_move_method_id":"4","level":"0","pokemon_id":"51"}{"order":"","version_group_id":"4","move_id":"214","pokemon_move_method_id":"4","level":"0","pokemon_id":"51"}{"order":"","version_group_id":"4","move_id":"216","pokemon_move_method_id":"4","level":"0","pokemon_id":"51"}{"order":"","version_group_id":"4","move_id":"218","pokemon_move_method_id":"4","level":"0","pokemon_id":"51"}{"order":"4","version_group_id":"4","move_id":"222","pokemon_move_method_id":"1","level":"1","pokemon_id":"51"}{"order":"","version_group_id":"4","move_id":"222","pokemon_move_method_id":"1","level":"9","pokemon_id":"51"}{"order":"","version_group_id":"4","move_id":"237","pokemon_move_method_id":"4","level":"0","pokemon_id":"51"}{"order":"","version_group_id":"4","move_id":"241","pokemon_move_method_id":"4","level":"0","pokemon_id":"51"}{"order":"","version_group_id":"4","move_id":"249","pokemon_move_method_id":"4","level":"0","pokemon_id":"51"}{"order":"2","version_group_id":"5","move_id":"10","pokemon_move_method_id":"1","level":"1","pokemon_id":"51"}{"order":"","version_group_id":"5","move_id":"15","pokemon_move_method_id":"4","level":"0","pokemon_id":"51"}{"order":"3","version_group_id":"5","move_id":"28","pokemon_move_method_id":"1","level":"1","pokemon_id":"51"}{"order":"4","version_group_id":"5","move_id":"45","pokemon_move_method_id":"1","level":"1","pokemon_id":"51"}{"order":"","version_group_id":"5","move_id":"45","pokemon_move_method_id":"1","level":"5","pokemon_id":"51"}{"order":"","version_group_id":"5","move_id":"63","pokemon_move_method_id":"4","level":"0","pokemon_id":"51"}{"order":"","version_group_id":"5","move_id":"89","pokemon_move_method_id":"1","level":"51","pokemon_id":"51"}{"order":"","version_group_id":"5","move_id":"89","pokemon_move_method_id":"4","level":"0","pokemon_id":"51"}{"order":"","version_group_id":"5","move_id":"90","pokemon_move_method_id":"1","level":"64","pokemon_id":"51"}{"order":"","version_group_id":"5","move_id":"91","pokemon_move_method_id":"1","level":"17","pokemon_id":"51"}{"order":"","version_group_id":"5","move_id":"91","pokemon_move_method_id":"4","level":"0","pokemon_id":"51"}{"order":"","version_group_id":"5","move_id":"92","pokemon_move_method_id":"4","level":"0","pokemon_id":"51"}{"order":"","version_group_id":"5","move_id":"104","pokemon_move_method_id":"4","level":"0","pokemon_id":"51"}{"order":"","version_group_id":"5","move_id":"156","pokemon_move_method_id":"4","level":"0","pokemon_id":"51"}{"order":"1","version_group_id":"5","move_id":"161","pokemon_move_method_id":"1","level":"1","pokemon_id":"51"}{"order":"","version_group_id":"5","move_id":"163","pokemon_move_method_id":"1","level":"38","pokemon_id":"51"}{"order":"","version_group_id":"5","move_id":"168","pokemon_move_method_id":"4","level":"0","pokemon_id":"51"}{"order":"","version_group_id":"5","move_id":"182","pokemon_move_method_id":"4","level":"0","pokemon_id":"51"}{"order":"","version_group_id":"5","move_id":"188","pokemon_move_method_id":"4","level":"0","pokemon_id":"51"}{"order":"","version_group_id":"5","move_id":"189","pokemon_move_method_id":"1","level":"25","pokemon_id":"51"}{"order":"","version_group_id":"5","move_id":"213","pokemon_move_method_id":"4","level":"0","pokemon_id":"51"}{"order":"","version_group_id":"5","move_id":"216","pokemon_move_method_id":"4","level":"0","pokemon_id":"51"}{"order":"","version_group_id":"5","move_id":"218","pokemon_move_method_id":"4","level":"0","pokemon_id":"51"}{"order":"","version_group_id":"5","move_id":"222","pokemon_move_method_id":"1","level":"9","pokemon_id":"51"}{"order":"","version_group_id":"5","move_id":"237","pokemon_move_method_id":"4","level":"0","pokemon_id":"51"}{"order":"","version_group_id":"5","move_id":"241","pokemon_move_method_id":"4","level":"0","pokemon_id":"51"}{"order":"","version_group_id":"5","move_id":"249","pokemon_move_method_id":"4","level":"0","pokemon_id":"51"}{"order":"","version_group_id":"5","move_id":"263","pokemon_move_method_id":"4","level":"0","pokemon_id":"51"}{"order":"","version_group_id":"5","move_id":"290","pokemon_move_method_id":"4","level":"0","pokemon_id":"51"}{"order":"","version_group_id":"5","move_id":"317","pokemon_move_method_id":"4","level":"0","pokemon_id":"51"}{"order":"","version_group_id":"5","move_id":"328","pokemon_move_method_id":"1","level":"26","pokemon_id":"51"}{"order":"","version_group_id":"5","move_id":"332","pokemon_move_method_id":"4","level":"0","pokemon_id":"51"}{"order":"2","version_group_id":"6","move_id":"10","pokemon_move_method_id":"1","level":"1","pokemon_id":"51"}{"order":"","version_group_id":"6","move_id":"15","pokemon_move_method_id":"4","level":"0","pokemon_id":"51"}{"order":"3","version_group_id":"6","move_id":"28","pokemon_move_method_id":"1","level":"1","pokemon_id":"51"}{"order":"","version_group_id":"6","move_id":"34","pokemon_move_method_id":"3","level":"0","pokemon_id":"51"}{"order":"","version_group_id":"6","move_id":"38","pokemon_move_method_id":"3","level":"0","pokemon_id":"51"}{"order":"4","version_group_id":"6","move_id":"45","pokemon_move_method_id":"1","level":"1","pokemon_id":"51"}{"order":"","version_group_id":"6","move_id":"45","pokemon_move_method_id":"1","level":"5","pokemon_id":"51"}{"order":"","version_group_id":"6","move_id":"63","pokemon_move_method_id":"4","level":"0","pokemon_id":"51"}{"order":"","version_group_id":"6","move_id":"89","pokemon_move_method_id":"1","level":"51","pokemon_id":"51"}{"order":"","version_group_id":"6","move_id":"89","pokemon_move_method_id":"4","level":"0","pokemon_id":"51"}{"order":"","version_group_id":"6","move_id":"90","pokemon_move_method_id":"1","level":"64","pokemon_id":"51"}{"order":"","version_group_id":"6","move_id":"91","pokemon_move_method_id":"1","level":"17","pokemon_id":"51"}{"order":"","version_group_id":"6","move_id":"91","pokemon_move_method_id":"4","level":"0","pokemon_id":"51"}{"order":"","version_group_id":"6","move_id":"92","pokemon_move_method_id":"4","level":"0","pokemon_id":"51"}{"order":"","version_group_id":"6","move_id":"102","pokemon_move_method_id":"3","level":"0","pokemon_id":"51"}{"order":"","version_group_id":"6","move_id":"104","pokemon_move_method_id":"4","level":"0","pokemon_id":"51"}{"order":"","version_group_id":"6","move_id":"156","pokemon_move_method_id":"4","level":"0","pokemon_id":"51"}{"order":"","version_group_id":"6","move_id":"157","pokemon_move_method_id":"3","level":"0","pokemon_id":"51"}{"order":"1","version_group_id":"6","move_id":"161","pokemon_move_method_id":"1","level":"1","pokemon_id":"51"}{"order":"","version_group_id":"6","move_id":"163","pokemon_move_method_id":"1","level":"38","pokemon_id":"51"}{"order":"","version_group_id":"6","move_id":"164","pokemon_move_method_id":"3","level":"0","pokemon_id":"51"}{"order":"","version_group_id":"6","move_id":"168","pokemon_move_method_id":"4","level":"0","pokemon_id":"51"}{"order":"","version_group_id":"6","move_id":"173","pokemon_move_method_id":"3","level":"0","pokemon_id":"51"}{"order":"","version_group_id":"6","move_id":"182","pokemon_move_method_id":"4","level":"0","pokemon_id":"51"}{"order":"","version_group_id":"6","move_id":"188","pokemon_move_method_id":"4","level":"0","pokemon_id":"51"}{"order":"","version_group_id":"6","move_id":"189","pokemon_move_method_id":"1","level":"25","pokemon_id":"51"}{"order":"","version_group_id":"6","move_id":"189","pokemon_move_method_id":"3","level":"0","pokemon_id":"51"}{"order":"","version_group_id":"6","move_id":"203","pokemon_move_method_id":"3","level":"0","pokemon_id":"51"}{"order":"","version_group_id":"6","move_id":"207","pokemon_move_method_id":"3","level":"0","pokemon_id":"51"}{"order":"","version_group_id":"6","move_id":"213","pokemon_move_method_id":"4","level":"0","pokemon_id":"51"}{"order":"","version_group_id":"6","move_id":"214","pokemon_move_method_id":"3","level":"0","pokemon_id":"51"}{"order":"","version_group_id":"6","move_id":"216","pokemon_move_method_id":"4","level":"0","pokemon_id":"51"}{"order":"","version_group_id":"6","move_id":"218","pokemon_move_method_id":"4","level":"0","pokemon_id":"51"}{"order":"","version_group_id":"6","move_id":"222","pokemon_move_method_id":"1","level":"9","pokemon_id":"51"}{"order":"","version_group_id":"6","move_id":"237","pokemon_move_method_id":"4","level":"0","pokemon_id":"51"}{"order":"","version_group_id":"6","move_id":"241","pokemon_move_method_id":"4","level":"0","pokemon_id":"51"}{"order":"","version_group_id":"6","move_id":"249","pokemon_move_method_id":"4","level":"0","pokemon_id":"51"}{"order":"","version_group_id":"6","move_id":"263","pokemon_move_method_id":"4","level":"0","pokemon_id":"51"}{"order":"","version_group_id":"6","move_id":"290","pokemon_move_method_id":"4","level":"0","pokemon_id":"51"}{"order":"","version_group_id":"6","move_id":"317","pokemon_move_method_id":"4","level":"0","pokemon_id":"51"}{"order":"","version_group_id":"6","move_id":"328","pokemon_move_method_id":"1","level":"26","pokemon_id":"51"}{"order":"","version_group_id":"6","move_id":"332","pokemon_move_method_id":"4","level":"0","pokemon_id":"51"}{"order":"3","version_group_id":"7","move_id":"10","pokemon_move_method_id":"1","level":"1","pokemon_id":"51"}{"order":"","version_group_id":"7","move_id":"15","pokemon_move_method_id":"4","level":"0","pokemon_id":"51"}{"order":"2","version_group_id":"7","move_id":"28","pokemon_move_method_id":"1","level":"1","pokemon_id":"51"}{"order":"","version_group_id":"7","move_id":"34","pokemon_move_method_id":"3","level":"0","pokemon_id":"51"}{"order":"","version_group_id":"7","move_id":"38","pokemon_move_method_id":"3","level":"0","pokemon_id":"51"}{"order":"4","version_group_id":"7","move_id":"45","pokemon_move_method_id":"1","level":"1","pokemon_id":"51"}{"order":"","version_group_id":"7","move_id":"45","pokemon_move_method_id":"1","level":"5","pokemon_id":"51"}{"order":"","version_group_id":"7","move_id":"63","pokemon_move_method_id":"4","level":"0","pokemon_id":"51"}{"order":"","version_group_id":"7","move_id":"89","pokemon_move_method_id":"1","level":"51","pokemon_id":"51"}{"order":"","version_group_id":"7","move_id":"89","pokemon_move_method_id":"4","level":"0","pokemon_id":"51"}{"order":"","version_group_id":"7","move_id":"90","pokemon_move_method_id":"1","level":"64","pokemon_id":"51"}{"order":"","version_group_id":"7","move_id":"91","pokemon_move_method_id":"1","level":"17","pokemon_id":"51"}{"order":"","version_group_id":"7","move_id":"91","pokemon_move_method_id":"4","level":"0","pokemon_id":"51"}{"order":"","version_group_id":"7","move_id":"92","pokemon_move_method_id":"4","level":"0","pokemon_id":"51"}{"order":"","version_group_id":"7","move_id":"102","pokemon_move_method_id":"3","level":"0","pokemon_id":"51"}{"order":"","version_group_id":"7","move_id":"104","pokemon_move_method_id":"4","level":"0","pokemon_id":"51"}{"order":"","version_group_id":"7","move_id":"154","pokemon_move_method_id":"1","level":"21","pokemon_id":"51"}{"order":"","version_group_id":"7","move_id":"156","pokemon_move_method_id":"4","level":"0","pokemon_id":"51"}{"order":"","version_group_id":"7","move_id":"157","pokemon_move_method_id":"3","level":"0","pokemon_id":"51"}{"order":"1","version_group_id":"7","move_id":"161","pokemon_move_method_id":"1","level":"1","pokemon_id":"51"}{"order":"","version_group_id":"7","move_id":"163","pokemon_move_method_id":"1","level":"38","pokemon_id":"51"}{"order":"","version_group_id":"7","move_id":"164","pokemon_move_method_id":"3","level":"0","pokemon_id":"51"}{"order":"","version_group_id":"7","move_id":"168","pokemon_move_method_id":"4","level":"0","pokemon_id":"51"}{"order":"","version_group_id":"7","move_id":"182","pokemon_move_method_id":"4","level":"0","pokemon_id":"51"}{"order":"","version_group_id":"7","move_id":"188","pokemon_move_method_id":"4","level":"0","pokemon_id":"51"}{"order":"","version_group_id":"7","move_id":"189","pokemon_move_method_id":"1","level":"25","pokemon_id":"51"}{"order":"","version_group_id":"7","move_id":"213","pokemon_move_method_id":"4","level":"0","pokemon_id":"51"}{"order":"","version_group_id":"7","move_id":"216","pokemon_move_method_id":"4","level":"0","pokemon_id":"51"}{"order":"","version_group_id":"7","move_id":"218","pokemon_move_method_id":"4","level":"0","pokemon_id":"51"}{"order":"","version_group_id":"7","move_id":"222","pokemon_move_method_id":"1","level":"9","pokemon_id":"51"}{"order":"","version_group_id":"7","move_id":"237","pokemon_move_method_id":"4","level":"0","pokemon_id":"51"}{"order":"","version_group_id":"7","move_id":"241","pokemon_move_method_id":"4","level":"0","pokemon_id":"51"}{"order":"","version_group_id":"7","move_id":"249","pokemon_move_method_id":"4","level":"0","pokemon_id":"51"}{"order":"","version_group_id":"7","move_id":"263","pokemon_move_method_id":"4","level":"0","pokemon_id":"51"}{"order":"","version_group_id":"7","move_id":"290","pokemon_move_method_id":"4","level":"0","pokemon_id":"51"}{"order":"","version_group_id":"7","move_id":"317","pokemon_move_method_id":"4","level":"0","pokemon_id":"51"}{"order":"","version_group_id":"7","move_id":"328","pokemon_move_method_id":"1","level":"26","pokemon_id":"51"}{"order":"","version_group_id":"7","move_id":"332","pokemon_move_method_id":"4","level":"0","pokemon_id":"51"}{"order":"3","version_group_id":"8","move_id":"10","pokemon_move_method_id":"1","level":"1","pokemon_id":"51"}{"order":"","version_group_id":"8","move_id":"15","pokemon_move_method_id":"4","level":"0","pokemon_id":"51"}{"order":"4","version_group_id":"8","move_id":"28","pokemon_move_method_id":"1","level":"1","pokemon_id":"51"}{"order":"5","version_group_id":"8","move_id":"45","pokemon_move_method_id":"1","level":"1","pokemon_id":"51"}{"order":"","version_group_id":"8","move_id":"45","pokemon_move_method_id":"1","level":"4","pokemon_id":"51"}{"order":"","version_group_id":"8","move_id":"63","pokemon_move_method_id":"4","level":"0","pokemon_id":"51"}{"order":"","version_group_id":"8","move_id":"89","pokemon_move_method_id":"1","level":"45","pokemon_id":"51"}{"order":"","version_group_id":"8","move_id":"89","pokemon_move_method_id":"4","level":"0","pokemon_id":"51"}{"order":"","version_group_id":"8","move_id":"90","pokemon_move_method_id":"1","level":"50","pokemon_id":"51"}{"order":"","version_group_id":"8","move_id":"91","pokemon_move_method_id":"1","level":"18","pokemon_id":"51"}{"order":"","version_group_id":"8","move_id":"91","pokemon_move_method_id":"4","level":"0","pokemon_id":"51"}{"order":"","version_group_id":"8","move_id":"92","pokemon_move_method_id":"4","level":"0","pokemon_id":"51"}{"order":"","version_group_id":"8","move_id":"104","pokemon_move_method_id":"4","level":"0","pokemon_id":"51"}{"order":"","version_group_id":"8","move_id":"156","pokemon_move_method_id":"4","level":"0","pokemon_id":"51"}{"order":"","version_group_id":"8","move_id":"157","pokemon_move_method_id":"4","level":"0","pokemon_id":"51"}{"order":"2","version_group_id":"8","move_id":"161","pokemon_move_method_id":"1","level":"1","pokemon_id":"51"}{"order":"","version_group_id":"8","move_id":"163","pokemon_move_method_id":"1","level":"40","pokemon_id":"51"}{"order":"","version_group_id":"8","move_id":"164","pokemon_move_method_id":"4","level":"0","pokemon_id":"51"}{"order":"","version_group_id":"8","move_id":"168","pokemon_move_method_id":"4","level":"0","pokemon_id":"51"}{"order":"","version_group_id":"8","move_id":"182","pokemon_move_method_id":"4","level":"0","pokemon_id":"51"}{"order":"","version_group_id":"8","move_id":"188","pokemon_move_method_id":"4","level":"0","pokemon_id":"51"}{"order":"","version_group_id":"8","move_id":"189","pokemon_move_method_id":"1","level":"15","pokemon_id":"51"}{"order":"","version_group_id":"8","move_id":"201","pokemon_move_method_id":"4","level":"0","pokemon_id":"51"}{"order":"","version_group_id":"8","move_id":"203","pokemon_move_method_id":"4","level":"0","pokemon_id":"51"}{"order":"","version_group_id":"8","move_id":"207","pokemon_move_method_id":"4","level":"0","pokemon_id":"51"}{"order":"","version_group_id":"8","move_id":"213","pokemon_move_method_id":"4","level":"0","pokemon_id":"51"}{"order":"","version_group_id":"8","move_id":"214","pokemon_move_method_id":"4","level":"0","pokemon_id":"51"}{"order":"","version_group_id":"8","move_id":"216","pokemon_move_method_id":"4","level":"0","pokemon_id":"51"}{"order":"","version_group_id":"8","move_id":"218","pokemon_move_method_id":"4","level":"0","pokemon_id":"51"}{"order":"","version_group_id":"8","move_id":"222","pokemon_move_method_id":"1","level":"12","pokemon_id":"51"}{"order":"","version_group_id":"8","move_id":"237","pokemon_move_method_id":"4","level":"0","pokemon_id":"51"}{"order":"","version_group_id":"8","move_id":"241","pokemon_move_method_id":"4","level":"0","pokemon_id":"51"}{"order":"","version_group_id":"8","move_id":"249","pokemon_move_method_id":"4","level":"0","pokemon_id":"51"}{"order":"","version_group_id":"8","move_id":"263","pokemon_move_method_id":"4","level":"0","pokemon_id":"51"}{"order":"","version_group_id":"8","move_id":"290","pokemon_move_method_id":"4","level":"0","pokemon_id":"51"}{"order":"","version_group_id":"8","move_id":"310","pokemon_move_method_id":"1","level":"7","pokemon_id":"51"}{"order":"","version_group_id":"8","move_id":"317","pokemon_move_method_id":"4","level":"0","pokemon_id":"51"}{"order":"","version_group_id":"8","move_id":"328","pokemon_move_method_id":"1","level":"26","pokemon_id":"51"}{"order":"","version_group_id":"8","move_id":"332","pokemon_move_method_id":"4","level":"0","pokemon_id":"51"}{"order":"","version_group_id":"8","move_id":"363","pokemon_move_method_id":"4","level":"0","pokemon_id":"51"}{"order":"","version_group_id":"8","move_id":"389","pokemon_move_method_id":"1","level":"23","pokemon_id":"51"}{"order":"1","version_group_id":"8","move_id":"400","pokemon_move_method_id":"1","level":"1","pokemon_id":"51"}{"order":"","version_group_id":"8","move_id":"414","pokemon_move_method_id":"1","level":"28","pokemon_id":"51"}{"order":"","version_group_id":"8","move_id":"416","pokemon_move_method_id":"4","level":"0","pokemon_id":"51"}{"order":"","version_group_id":"8","move_id":"421","pokemon_move_method_id":"4","level":"0","pokemon_id":"51"}{"order":"","version_group_id":"8","move_id":"426","pokemon_move_method_id":"1","level":"33","pokemon_id":"51"}{"order":"","version_group_id":"8","move_id":"444","pokemon_move_method_id":"4","level":"0","pokemon_id":"51"}{"order":"","version_group_id":"8","move_id":"445","pokemon_move_method_id":"4","level":"0","pokemon_id":"51"}{"order":"","version_group_id":"8","move_id":"446","pokemon_move_method_id":"4","level":"0","pokemon_id":"51"}{"order":"3","version_group_id":"9","move_id":"10","pokemon_move_method_id":"1","level":"1","pokemon_id":"51"}{"order":"","version_group_id":"9","move_id":"15","pokemon_move_method_id":"4","level":"0","pokemon_id":"51"}{"order":"4","version_group_id":"9","move_id":"28","pokemon_move_method_id":"1","level":"1","pokemon_id":"51"}{"order":"5","version_group_id":"9","move_id":"45","pokemon_move_method_id":"1","level":"1","pokemon_id":"51"}{"order":"","version_group_id":"9","move_id":"45","pokemon_move_method_id":"1","level":"4","pokemon_id":"51"}{"order":"","version_group_id":"9","move_id":"63","pokemon_move_method_id":"4","level":"0","pokemon_id":"51"}{"order":"","version_group_id":"9","move_id":"89","pokemon_move_method_id":"1","level":"45","pokemon_id":"51"}{"order":"","version_group_id":"9","move_id":"89","pokemon_move_method_id":"4","level":"0","pokemon_id":"51"}{"order":"","version_group_id":"9","move_id":"90","pokemon_move_method_id":"1","level":"50","pokemon_id":"51"}{"order":"","version_group_id":"9","move_id":"91","pokemon_move_method_id":"1","level":"18","pokemon_id":"51"}{"order":"","version_group_id":"9","move_id":"91","pokemon_move_method_id":"4","level":"0","pokemon_id":"51"}{"order":"","version_group_id":"9","move_id":"92","pokemon_move_method_id":"4","level":"0","pokemon_id":"51"}{"order":"","version_group_id":"9","move_id":"104","pokemon_move_method_id":"4","level":"0","pokemon_id":"51"}{"order":"","version_group_id":"9","move_id":"156","pokemon_move_method_id":"4","level":"0","pokemon_id":"51"}{"order":"","version_group_id":"9","move_id":"157","pokemon_move_method_id":"4","level":"0","pokemon_id":"51"}{"order":"2","version_group_id":"9","move_id":"161","pokemon_move_method_id":"1","level":"1","pokemon_id":"51"}{"order":"","version_group_id":"9","move_id":"163","pokemon_move_method_id":"1","level":"40","pokemon_id":"51"}{"order":"","version_group_id":"9","move_id":"164","pokemon_move_method_id":"4","level":"0","pokemon_id":"51"}{"order":"","version_group_id":"9","move_id":"168","pokemon_move_method_id":"4","level":"0","pokemon_id":"51"}{"order":"","version_group_id":"9","move_id":"173","pokemon_move_method_id":"3","level":"0","pokemon_id":"51"}{"order":"","version_group_id":"9","move_id":"182","pokemon_move_method_id":"4","level":"0","pokemon_id":"51"}{"order":"","version_group_id":"9","move_id":"188","pokemon_move_method_id":"4","level":"0","pokemon_id":"51"}{"order":"","version_group_id":"9","move_id":"189","pokemon_move_method_id":"1","level":"15","pokemon_id":"51"}{"order":"","version_group_id":"9","move_id":"189","pokemon_move_method_id":"3","level":"0","pokemon_id":"51"}{"order":"","version_group_id":"9","move_id":"201","pokemon_move_method_id":"4","level":"0","pokemon_id":"51"}{"order":"","version_group_id":"9","move_id":"203","pokemon_move_method_id":"4","level":"0","pokemon_id":"51"}{"order":"","version_group_id":"9","move_id":"207","pokemon_move_method_id":"4","level":"0","pokemon_id":"51"}{"order":"","version_group_id":"9","move_id":"213","pokemon_move_method_id":"4","level":"0","pokemon_id":"51"}{"order":"","version_group_id":"9","move_id":"214","pokemon_move_method_id":"4","level":"0","pokemon_id":"51"}{"order":"","version_group_id":"9","move_id":"216","pokemon_move_method_id":"4","level":"0","pokemon_id":"51"}{"order":"","version_group_id":"9","move_id":"218","pokemon_move_method_id":"4","level":"0","pokemon_id":"51"}{"order":"","version_group_id":"9","move_id":"222","pokemon_move_method_id":"1","level":"12","pokemon_id":"51"}{"order":"","version_group_id":"9","move_id":"237","pokemon_move_method_id":"4","level":"0","pokemon_id":"51"}{"order":"","version_group_id":"9","move_id":"241","pokemon_move_method_id":"4","level":"0","pokemon_id":"51"}{"order":"","version_group_id":"9","move_id":"249","pokemon_move_method_id":"4","level":"0","pokemon_id":"51"}{"order":"","version_group_id":"9","move_id":"263","pokemon_move_method_id":"4","level":"0","pokemon_id":"51"}{"order":"","version_group_id":"9","move_id":"290","pokemon_move_method_id":"4","level":"0","pokemon_id":"51"}{"order":"","version_group_id":"9","move_id":"310","pokemon_move_method_id":"1","level":"7","pokemon_id":"51"}{"order":"","version_group_id":"9","move_id":"317","pokemon_move_method_id":"4","level":"0","pokemon_id":"51"}{"order":"","version_group_id":"9","move_id":"328","pokemon_move_method_id":"1","level":"26","pokemon_id":"51"}{"order":"","version_group_id":"9","move_id":"332","pokemon_move_method_id":"4","level":"0","pokemon_id":"51"}{"order":"","version_group_id":"9","move_id":"363","pokemon_move_method_id":"4","level":"0","pokemon_id":"51"}{"order":"","version_group_id":"9","move_id":"389","pokemon_move_method_id":"1","level":"23","pokemon_id":"51"}{"order":"","version_group_id":"9","move_id":"389","pokemon_move_method_id":"3","level":"0","pokemon_id":"51"}{"order":"1","version_group_id":"9","move_id":"400","pokemon_move_method_id":"1","level":"1","pokemon_id":"51"}{"order":"","version_group_id":"9","move_id":"414","pokemon_move_method_id":"1","level":"28","pokemon_id":"51"}{"order":"","version_group_id":"9","move_id":"414","pokemon_move_method_id":"3","level":"0","pokemon_id":"51"}{"order":"","version_group_id":"9","move_id":"416","pokemon_move_method_id":"4","level":"0","pokemon_id":"51"}{"order":"","version_group_id":"9","move_id":"421","pokemon_move_method_id":"4","level":"0","pokemon_id":"51"}{"order":"","version_group_id":"9","move_id":"426","pokemon_move_method_id":"1","level":"33","pokemon_id":"51"}{"order":"","version_group_id":"9","move_id":"444","pokemon_move_method_id":"4","level":"0","pokemon_id":"51"}{"order":"","version_group_id":"9","move_id":"445","pokemon_move_method_id":"4","level":"0","pokemon_id":"51"}{"order":"","version_group_id":"9","move_id":"446","pokemon_move_method_id":"4","level":"0","pokemon_id":"51"}{"order":"3","version_group_id":"10","move_id":"10","pokemon_move_method_id":"1","level":"1","pokemon_id":"51"}{"order":"","version_group_id":"10","move_id":"15","pokemon_move_method_id":"4","level":"0","pokemon_id":"51"}{"order":"4","version_group_id":"10","move_id":"28","pokemon_move_method_id":"1","level":"1","pokemon_id":"51"}{"order":"5","version_group_id":"10","move_id":"45","pokemon_move_method_id":"1","level":"1","pokemon_id":"51"}{"order":"","version_group_id":"10","move_id":"45","pokemon_move_method_id":"1","level":"4","pokemon_id":"51"}{"order":"","version_group_id":"10","move_id":"63","pokemon_move_method_id":"4","level":"0","pokemon_id":"51"}{"order":"","version_group_id":"10","move_id":"89","pokemon_move_method_id":"1","level":"45","pokemon_id":"51"}{"order":"","version_group_id":"10","move_id":"89","pokemon_move_method_id":"4","level":"0","pokemon_id":"51"}{"order":"","version_group_id":"10","move_id":"90","pokemon_move_method_id":"1","level":"50","pokemon_id":"51"}{"order":"","version_group_id":"10","move_id":"91","pokemon_move_method_id":"1","level":"18","pokemon_id":"51"}{"order":"","version_group_id":"10","move_id":"91","pokemon_move_method_id":"4","level":"0","pokemon_id":"51"}{"order":"","version_group_id":"10","move_id":"92","pokemon_move_method_id":"4","level":"0","pokemon_id":"51"}{"order":"","version_group_id":"10","move_id":"104","pokemon_move_method_id":"4","level":"0","pokemon_id":"51"}{"order":"","version_group_id":"10","move_id":"156","pokemon_move_method_id":"4","level":"0","pokemon_id":"51"}{"order":"","version_group_id":"10","move_id":"157","pokemon_move_method_id":"4","level":"0","pokemon_id":"51"}{"order":"2","version_group_id":"10","move_id":"161","pokemon_move_method_id":"1","level":"1","pokemon_id":"51"}{"order":"","version_group_id":"10","move_id":"163","pokemon_move_method_id":"1","level":"40","pokemon_id":"51"}{"order":"","version_group_id":"10","move_id":"164","pokemon_move_method_id":"4","level":"0","pokemon_id":"51"}{"order":"","version_group_id":"10","move_id":"168","pokemon_move_method_id":"4","level":"0","pokemon_id":"51"}{"order":"","version_group_id":"10","move_id":"173","pokemon_move_method_id":"3","level":"0","pokemon_id":"51"}{"order":"","version_group_id":"10","move_id":"182","pokemon_move_method_id":"4","level":"0","pokemon_id":"51"}{"order":"","version_group_id":"10","move_id":"188","pokemon_move_method_id":"4","level":"0","pokemon_id":"51"}{"order":"","version_group_id":"10","move_id":"189","pokemon_move_method_id":"1","level":"15","pokemon_id":"51"}{"order":"","version_group_id":"10","move_id":"189","pokemon_move_method_id":"3","level":"0","pokemon_id":"51"}{"order":"","version_group_id":"10","move_id":"201","pokemon_move_method_id":"4","level":"0","pokemon_id":"51"}{"order":"","version_group_id":"10","move_id":"203","pokemon_move_method_id":"4","level":"0","pokemon_id":"51"}{"order":"","version_group_id":"10","move_id":"207","pokemon_move_method_id":"4","level":"0","pokemon_id":"51"}{"order":"","version_group_id":"10","move_id":"213","pokemon_move_method_id":"4","level":"0","pokemon_id":"51"}{"order":"","version_group_id":"10","move_id":"214","pokemon_move_method_id":"4","level":"0","pokemon_id":"51"}{"order":"","version_group_id":"10","move_id":"216","pokemon_move_method_id":"4","level":"0","pokemon_id":"51"}{"order":"","version_group_id":"10","move_id":"218","pokemon_move_method_id":"4","level":"0","pokemon_id":"51"}{"order":"","version_group_id":"10","move_id":"222","pokemon_move_method_id":"1","level":"12","pokemon_id":"51"}{"order":"","version_group_id":"10","move_id":"237","pokemon_move_method_id":"4","level":"0","pokemon_id":"51"}{"order":"","version_group_id":"10","move_id":"241","pokemon_move_method_id":"4","level":"0","pokemon_id":"51"}{"order":"","version_group_id":"10","move_id":"249","pokemon_move_method_id":"4","level":"0","pokemon_id":"51"}{"order":"","version_group_id":"10","move_id":"263","pokemon_move_method_id":"4","level":"0","pokemon_id":"51"}{"order":"","version_group_id":"10","move_id":"290","pokemon_move_method_id":"4","level":"0","pokemon_id":"51"}{"order":"","version_group_id":"10","move_id":"310","pokemon_move_method_id":"1","level":"7","pokemon_id":"51"}{"order":"","version_group_id":"10","move_id":"317","pokemon_move_method_id":"4","level":"0","pokemon_id":"51"}{"order":"","version_group_id":"10","move_id":"328","pokemon_move_method_id":"1","level":"26","pokemon_id":"51"}{"order":"","version_group_id":"10","move_id":"332","pokemon_move_method_id":"4","level":"0","pokemon_id":"51"}{"order":"","version_group_id":"10","move_id":"363","pokemon_move_method_id":"4","level":"0","pokemon_id":"51"}{"order":"","version_group_id":"10","move_id":"389","pokemon_move_method_id":"1","level":"23","pokemon_id":"51"}{"order":"","version_group_id":"10","move_id":"389","pokemon_move_method_id":"3","level":"0","pokemon_id":"51"}{"order":"1","version_group_id":"10","move_id":"400","pokemon_move_method_id":"1","level":"1","pokemon_id":"51"}{"order":"","version_group_id":"10","move_id":"414","pokemon_move_method_id":"1","level":"28","pokemon_id":"51"}{"order":"","version_group_id":"10","move_id":"414","pokemon_move_method_id":"3","level":"0","pokemon_id":"51"}{"order":"","version_group_id":"10","move_id":"416","pokemon_move_method_id":"4","level":"0","pokemon_id":"51"}{"order":"","version_group_id":"10","move_id":"421","pokemon_move_method_id":"4","level":"0","pokemon_id":"51"}{"order":"","version_group_id":"10","move_id":"426","pokemon_move_method_id":"1","level":"33","pokemon_id":"51"}{"order":"","version_group_id":"10","move_id":"444","pokemon_move_method_id":"4","level":"0","pokemon_id":"51"}{"order":"","version_group_id":"10","move_id":"445","pokemon_move_method_id":"4","level":"0","pokemon_id":"51"}{"order":"","version_group_id":"10","move_id":"446","pokemon_move_method_id":"4","level":"0","pokemon_id":"51"}{"order":"3","version_group_id":"11","move_id":"10","pokemon_move_method_id":"1","level":"1","pokemon_id":"51"}{"order":"","version_group_id":"11","move_id":"15","pokemon_move_method_id":"4","level":"0","pokemon_id":"51"}{"order":"4","version_group_id":"11","move_id":"28","pokemon_move_method_id":"1","level":"1","pokemon_id":"51"}{"order":"5","version_group_id":"11","move_id":"45","pokemon_move_method_id":"1","level":"1","pokemon_id":"51"}{"order":"","version_group_id":"11","move_id":"45","pokemon_move_method_id":"1","level":"4","pokemon_id":"51"}{"order":"","version_group_id":"11","move_id":"63","pokemon_move_method_id":"4","level":"0","pokemon_id":"51"}{"order":"","version_group_id":"11","move_id":"89","pokemon_move_method_id":"1","level":"50","pokemon_id":"51"}{"order":"","version_group_id":"11","move_id":"89","pokemon_move_method_id":"4","level":"0","pokemon_id":"51"}{"order":"","version_group_id":"11","move_id":"90","pokemon_move_method_id":"1","level":"57","pokemon_id":"51"}{"order":"","version_group_id":"11","move_id":"91","pokemon_move_method_id":"1","level":"40","pokemon_id":"51"}{"order":"","version_group_id":"11","move_id":"91","pokemon_move_method_id":"4","level":"0","pokemon_id":"51"}{"order":"","version_group_id":"11","move_id":"92","pokemon_move_method_id":"4","level":"0","pokemon_id":"51"}{"order":"","version_group_id":"11","move_id":"104","pokemon_move_method_id":"4","level":"0","pokemon_id":"51"}{"order":"","version_group_id":"11","move_id":"156","pokemon_move_method_id":"4","level":"0","pokemon_id":"51"}{"order":"","version_group_id":"11","move_id":"157","pokemon_move_method_id":"4","level":"0","pokemon_id":"51"}{"order":"2","version_group_id":"11","move_id":"161","pokemon_move_method_id":"1","level":"1","pokemon_id":"51"}{"order":"","version_group_id":"11","move_id":"163","pokemon_move_method_id":"1","level":"45","pokemon_id":"51"}{"order":"","version_group_id":"11","move_id":"164","pokemon_move_method_id":"4","level":"0","pokemon_id":"51"}{"order":"","version_group_id":"11","move_id":"168","pokemon_move_method_id":"4","level":"0","pokemon_id":"51"}{"order":"","version_group_id":"11","move_id":"182","pokemon_move_method_id":"4","level":"0","pokemon_id":"51"}{"order":"","version_group_id":"11","move_id":"188","pokemon_move_method_id":"4","level":"0","pokemon_id":"51"}{"order":"","version_group_id":"11","move_id":"189","pokemon_move_method_id":"1","level":"12","pokemon_id":"51"}{"order":"","version_group_id":"11","move_id":"201","pokemon_move_method_id":"4","level":"0","pokemon_id":"51"}{"order":"","version_group_id":"11","move_id":"207","pokemon_move_method_id":"4","level":"0","pokemon_id":"51"}{"order":"","version_group_id":"11","move_id":"213","pokemon_move_method_id":"4","level":"0","pokemon_id":"51"}{"order":"","version_group_id":"11","move_id":"216","pokemon_move_method_id":"4","level":"0","pokemon_id":"51"}{"order":"","version_group_id":"11","move_id":"218","pokemon_move_method_id":"4","level":"0","pokemon_id":"51"}{"order":"","version_group_id":"11","move_id":"222","pokemon_move_method_id":"1","level":"15","pokemon_id":"51"}{"order":"","version_group_id":"11","move_id":"237","pokemon_move_method_id":"4","level":"0","pokemon_id":"51"}{"order":"","version_group_id":"11","move_id":"241","pokemon_move_method_id":"4","level":"0","pokemon_id":"51"}{"order":"","version_group_id":"11","move_id":"249","pokemon_move_method_id":"4","level":"0","pokemon_id":"51"}{"order":"","version_group_id":"11","move_id":"263","pokemon_move_method_id":"4","level":"0","pokemon_id":"51"}{"order":"","version_group_id":"11","move_id":"310","pokemon_move_method_id":"1","level":"7","pokemon_id":"51"}{"order":"","version_group_id":"11","move_id":"317","pokemon_move_method_id":"4","level":"0","pokemon_id":"51"}{"order":"","version_group_id":"11","move_id":"328","pokemon_move_method_id":"1","level":"26","pokemon_id":"51"}{"order":"","version_group_id":"11","move_id":"332","pokemon_move_method_id":"4","level":"0","pokemon_id":"51"}{"order":"","version_group_id":"11","move_id":"389","pokemon_move_method_id":"1","level":"23","pokemon_id":"51"}{"order":"1","version_group_id":"11","move_id":"400","pokemon_move_method_id":"1","level":"1","pokemon_id":"51"}{"order":"","version_group_id":"11","move_id":"414","pokemon_move_method_id":"1","level":"33","pokemon_id":"51"}{"order":"","version_group_id":"11","move_id":"416","pokemon_move_method_id":"4","level":"0","pokemon_id":"51"}{"order":"","version_group_id":"11","move_id":"421","pokemon_move_method_id":"4","level":"0","pokemon_id":"51"}{"order":"","version_group_id":"11","move_id":"426","pokemon_move_method_id":"1","level":"28","pokemon_id":"51"}{"order":"","version_group_id":"11","move_id":"444","pokemon_move_method_id":"4","level":"0","pokemon_id":"51"}{"order":"","version_group_id":"11","move_id":"468","pokemon_move_method_id":"4","level":"0","pokemon_id":"51"}{"order":"","version_group_id":"11","move_id":"482","pokemon_move_method_id":"4","level":"0","pokemon_id":"51"}{"order":"","version_group_id":"11","move_id":"496","pokemon_move_method_id":"4","level":"0","pokemon_id":"51"}{"order":"","version_group_id":"11","move_id":"497","pokemon_move_method_id":"4","level":"0","pokemon_id":"51"}{"order":"","version_group_id":"11","move_id":"523","pokemon_move_method_id":"1","level":"18","pokemon_id":"51"}{"order":"","version_group_id":"11","move_id":"523","pokemon_move_method_id":"4","level":"0","pokemon_id":"51"}{"order":"2","version_group_id":"12","move_id":"10","pokemon_move_method_id":"1","level":"1","pokemon_id":"51"}{"order":"","version_group_id":"12","move_id":"15","pokemon_move_method_id":"4","level":"0","pokemon_id":"51"}{"order":"3","version_group_id":"12","move_id":"28","pokemon_move_method_id":"1","level":"1","pokemon_id":"51"}{"order":"4","version_group_id":"12","move_id":"45","pokemon_move_method_id":"1","level":"1","pokemon_id":"51"}{"order":"","version_group_id":"12","move_id":"45","pokemon_move_method_id":"1","level":"5","pokemon_id":"51"}{"order":"","version_group_id":"12","move_id":"63","pokemon_move_method_id":"4","level":"0","pokemon_id":"51"}{"order":"","version_group_id":"12","move_id":"89","pokemon_move_method_id":"1","level":"51","pokemon_id":"51"}{"order":"","version_group_id":"12","move_id":"89","pokemon_move_method_id":"4","level":"0","pokemon_id":"51"}{"order":"","version_group_id":"12","move_id":"90","pokemon_move_method_id":"1","level":"64","pokemon_id":"51"}{"order":"","version_group_id":"12","move_id":"91","pokemon_move_method_id":"1","level":"17","pokemon_id":"51"}{"order":"","version_group_id":"12","move_id":"91","pokemon_move_method_id":"4","level":"0","pokemon_id":"51"}{"order":"","version_group_id":"12","move_id":"92","pokemon_move_method_id":"4","level":"0","pokemon_id":"51"}{"order":"","version_group_id":"12","move_id":"104","pokemon_move_method_id":"4","level":"0","pokemon_id":"51"}{"order":"","version_group_id":"12","move_id":"156","pokemon_move_method_id":"4","level":"0","pokemon_id":"51"}{"order":"1","version_group_id":"12","move_id":"161","pokemon_move_method_id":"1","level":"1","pokemon_id":"51"}{"order":"","version_group_id":"12","move_id":"163","pokemon_move_method_id":"1","level":"38","pokemon_id":"51"}{"order":"","version_group_id":"12","move_id":"168","pokemon_move_method_id":"4","level":"0","pokemon_id":"51"}{"order":"","version_group_id":"12","move_id":"182","pokemon_move_method_id":"4","level":"0","pokemon_id":"51"}{"order":"","version_group_id":"12","move_id":"188","pokemon_move_method_id":"4","level":"0","pokemon_id":"51"}{"order":"","version_group_id":"12","move_id":"189","pokemon_move_method_id":"1","level":"25","pokemon_id":"51"}{"order":"","version_group_id":"12","move_id":"213","pokemon_move_method_id":"4","level":"0","pokemon_id":"51"}{"order":"","version_group_id":"12","move_id":"216","pokemon_move_method_id":"4","level":"0","pokemon_id":"51"}{"order":"","version_group_id":"12","move_id":"218","pokemon_move_method_id":"4","level":"0","pokemon_id":"51"}{"order":"","version_group_id":"12","move_id":"222","pokemon_move_method_id":"1","level":"9","pokemon_id":"51"}{"order":"","version_group_id":"12","move_id":"237","pokemon_move_method_id":"4","level":"0","pokemon_id":"51"}{"order":"","version_group_id":"12","move_id":"241","pokemon_move_method_id":"4","level":"0","pokemon_id":"51"}{"order":"","version_group_id":"12","move_id":"249","pokemon_move_method_id":"4","level":"0","pokemon_id":"51"}{"order":"","version_group_id":"12","move_id":"263","pokemon_move_method_id":"4","level":"0","pokemon_id":"51"}{"order":"","version_group_id":"12","move_id":"290","pokemon_move_method_id":"4","level":"0","pokemon_id":"51"}{"order":"","version_group_id":"12","move_id":"317","pokemon_move_method_id":"4","level":"0","pokemon_id":"51"}{"order":"","version_group_id":"12","move_id":"328","pokemon_move_method_id":"1","level":"26","pokemon_id":"51"}{"order":"","version_group_id":"12","move_id":"332","pokemon_move_method_id":"4","level":"0","pokemon_id":"51"}{"order":"2","version_group_id":"13","move_id":"10","pokemon_move_method_id":"1","level":"1","pokemon_id":"51"}{"order":"","version_group_id":"13","move_id":"15","pokemon_move_method_id":"4","level":"0","pokemon_id":"51"}{"order":"3","version_group_id":"13","move_id":"28","pokemon_move_method_id":"1","level":"1","pokemon_id":"51"}{"order":"","version_group_id":"13","move_id":"34","pokemon_move_method_id":"3","level":"0","pokemon_id":"51"}{"order":"","version_group_id":"13","move_id":"38","pokemon_move_method_id":"3","level":"0","pokemon_id":"51"}{"order":"4","version_group_id":"13","move_id":"45","pokemon_move_method_id":"1","level":"1","pokemon_id":"51"}{"order":"","version_group_id":"13","move_id":"45","pokemon_move_method_id":"1","level":"5","pokemon_id":"51"}{"order":"","version_group_id":"13","move_id":"63","pokemon_move_method_id":"4","level":"0","pokemon_id":"51"}{"order":"","version_group_id":"13","move_id":"89","pokemon_move_method_id":"1","level":"51","pokemon_id":"51"}{"order":"","version_group_id":"13","move_id":"89","pokemon_move_method_id":"4","level":"0","pokemon_id":"51"}{"order":"","version_group_id":"13","move_id":"90","pokemon_move_method_id":"1","level":"64","pokemon_id":"51"}{"order":"","version_group_id":"13","move_id":"91","pokemon_move_method_id":"1","level":"17","pokemon_id":"51"}{"order":"","version_group_id":"13","move_id":"91","pokemon_move_method_id":"4","level":"0","pokemon_id":"51"}{"order":"","version_group_id":"13","move_id":"92","pokemon_move_method_id":"4","level":"0","pokemon_id":"51"}{"order":"","version_group_id":"13","move_id":"102","pokemon_move_method_id":"3","level":"0","pokemon_id":"51"}{"order":"","version_group_id":"13","move_id":"104","pokemon_move_method_id":"4","level":"0","pokemon_id":"51"}{"order":"","version_group_id":"13","move_id":"156","pokemon_move_method_id":"4","level":"0","pokemon_id":"51"}{"order":"1","version_group_id":"13","move_id":"161","pokemon_move_method_id":"1","level":"1","pokemon_id":"51"}{"order":"","version_group_id":"13","move_id":"163","pokemon_move_method_id":"1","level":"38","pokemon_id":"51"}{"order":"","version_group_id":"13","move_id":"164","pokemon_move_method_id":"3","level":"0","pokemon_id":"51"}{"order":"","version_group_id":"13","move_id":"168","pokemon_move_method_id":"4","level":"0","pokemon_id":"51"}{"order":"","version_group_id":"13","move_id":"182","pokemon_move_method_id":"4","level":"0","pokemon_id":"51"}{"order":"","version_group_id":"13","move_id":"188","pokemon_move_method_id":"4","level":"0","pokemon_id":"51"}{"order":"","version_group_id":"13","move_id":"189","pokemon_move_method_id":"1","level":"25","pokemon_id":"51"}{"order":"","version_group_id":"13","move_id":"207","pokemon_move_method_id":"3","level":"0","pokemon_id":"51"}{"order":"","version_group_id":"13","move_id":"213","pokemon_move_method_id":"4","level":"0","pokemon_id":"51"}{"order":"","version_group_id":"13","move_id":"216","pokemon_move_method_id":"4","level":"0","pokemon_id":"51"}{"order":"","version_group_id":"13","move_id":"218","pokemon_move_method_id":"4","level":"0","pokemon_id":"51"}{"order":"","version_group_id":"13","move_id":"222","pokemon_move_method_id":"1","level":"9","pokemon_id":"51"}{"order":"","version_group_id":"13","move_id":"237","pokemon_move_method_id":"4","level":"0","pokemon_id":"51"}{"order":"","version_group_id":"13","move_id":"241","pokemon_move_method_id":"4","level":"0","pokemon_id":"51"}{"order":"","version_group_id":"13","move_id":"249","pokemon_move_method_id":"4","level":"0","pokemon_id":"51"}{"order":"","version_group_id":"13","move_id":"263","pokemon_move_method_id":"4","level":"0","pokemon_id":"51"}{"order":"","version_group_id":"13","move_id":"290","pokemon_move_method_id":"4","level":"0","pokemon_id":"51"}{"order":"","version_group_id":"13","move_id":"317","pokemon_move_method_id":"4","level":"0","pokemon_id":"51"}{"order":"","version_group_id":"13","move_id":"328","pokemon_move_method_id":"1","level":"26","pokemon_id":"51"}{"order":"","version_group_id":"13","move_id":"332","pokemon_move_method_id":"4","level":"0","pokemon_id":"51"}{"order":"3","version_group_id":"14","move_id":"10","pokemon_move_method_id":"1","level":"1","pokemon_id":"51"}{"order":"","version_group_id":"14","move_id":"15","pokemon_move_method_id":"4","level":"0","pokemon_id":"51"}{"order":"4","version_group_id":"14","move_id":"28","pokemon_move_method_id":"1","level":"1","pokemon_id":"51"}{"order":"5","version_group_id":"14","move_id":"45","pokemon_move_method_id":"1","level":"1","pokemon_id":"51"}{"order":"","version_group_id":"14","move_id":"45","pokemon_move_method_id":"1","level":"4","pokemon_id":"51"}{"order":"","version_group_id":"14","move_id":"63","pokemon_move_method_id":"4","level":"0","pokemon_id":"51"}{"order":"","version_group_id":"14","move_id":"89","pokemon_move_method_id":"1","level":"50","pokemon_id":"51"}{"order":"","version_group_id":"14","move_id":"89","pokemon_move_method_id":"4","level":"0","pokemon_id":"51"}{"order":"","version_group_id":"14","move_id":"90","pokemon_move_method_id":"1","level":"57","pokemon_id":"51"}{"order":"","version_group_id":"14","move_id":"91","pokemon_move_method_id":"1","level":"40","pokemon_id":"51"}{"order":"","version_group_id":"14","move_id":"91","pokemon_move_method_id":"4","level":"0","pokemon_id":"51"}{"order":"","version_group_id":"14","move_id":"92","pokemon_move_method_id":"4","level":"0","pokemon_id":"51"}{"order":"","version_group_id":"14","move_id":"104","pokemon_move_method_id":"4","level":"0","pokemon_id":"51"}{"order":"","version_group_id":"14","move_id":"156","pokemon_move_method_id":"4","level":"0","pokemon_id":"51"}{"order":"","version_group_id":"14","move_id":"157","pokemon_move_method_id":"4","level":"0","pokemon_id":"51"}{"order":"2","version_group_id":"14","move_id":"161","pokemon_move_method_id":"1","level":"1","pokemon_id":"51"}{"order":"","version_group_id":"14","move_id":"163","pokemon_move_method_id":"1","level":"45","pokemon_id":"51"}{"order":"","version_group_id":"14","move_id":"164","pokemon_move_method_id":"4","level":"0","pokemon_id":"51"}{"order":"","version_group_id":"14","move_id":"168","pokemon_move_method_id":"4","level":"0","pokemon_id":"51"}{"order":"","version_group_id":"14","move_id":"173","pokemon_move_method_id":"3","level":"0","pokemon_id":"51"}{"order":"","version_group_id":"14","move_id":"182","pokemon_move_method_id":"4","level":"0","pokemon_id":"51"}{"order":"","version_group_id":"14","move_id":"188","pokemon_move_method_id":"4","level":"0","pokemon_id":"51"}{"order":"","version_group_id":"14","move_id":"189","pokemon_move_method_id":"1","level":"12","pokemon_id":"51"}{"order":"","version_group_id":"14","move_id":"201","pokemon_move_method_id":"4","level":"0","pokemon_id":"51"}{"order":"","version_group_id":"14","move_id":"207","pokemon_move_method_id":"4","level":"0","pokemon_id":"51"}{"order":"","version_group_id":"14","move_id":"213","pokemon_move_method_id":"4","level":"0","pokemon_id":"51"}{"order":"","version_group_id":"14","move_id":"214","pokemon_move_method_id":"3","level":"0","pokemon_id":"51"}{"order":"","version_group_id":"14","move_id":"216","pokemon_move_method_id":"4","level":"0","pokemon_id":"51"}{"order":"","version_group_id":"14","move_id":"218","pokemon_move_method_id":"4","level":"0","pokemon_id":"51"}{"order":"","version_group_id":"14","move_id":"222","pokemon_move_method_id":"1","level":"15","pokemon_id":"51"}{"order":"","version_group_id":"14","move_id":"237","pokemon_move_method_id":"4","level":"0","pokemon_id":"51"}{"order":"","version_group_id":"14","move_id":"241","pokemon_move_method_id":"4","level":"0","pokemon_id":"51"}{"order":"","version_group_id":"14","move_id":"249","pokemon_move_method_id":"4","level":"0","pokemon_id":"51"}{"order":"","version_group_id":"14","move_id":"253","pokemon_move_method_id":"3","level":"0","pokemon_id":"51"}{"order":"","version_group_id":"14","move_id":"263","pokemon_move_method_id":"4","level":"0","pokemon_id":"51"}{"order":"","version_group_id":"14","move_id":"310","pokemon_move_method_id":"1","level":"7","pokemon_id":"51"}{"order":"","version_group_id":"14","move_id":"317","pokemon_move_method_id":"4","level":"0","pokemon_id":"51"}{"order":"","version_group_id":"14","move_id":"328","pokemon_move_method_id":"1","level":"26","pokemon_id":"51"}{"order":"","version_group_id":"14","move_id":"332","pokemon_move_method_id":"4","level":"0","pokemon_id":"51"}{"order":"","version_group_id":"14","move_id":"389","pokemon_move_method_id":"1","level":"23","pokemon_id":"51"}{"order":"1","version_group_id":"14","move_id":"400","pokemon_move_method_id":"1","level":"1","pokemon_id":"51"}{"order":"","version_group_id":"14","move_id":"414","pokemon_move_method_id":"1","level":"33","pokemon_id":"51"}{"order":"","version_group_id":"14","move_id":"414","pokemon_move_method_id":"3","level":"0","pokemon_id":"51"}{"order":"","version_group_id":"14","move_id":"416","pokemon_move_method_id":"4","level":"0","pokemon_id":"51"}{"order":"","version_group_id":"14","move_id":"421","pokemon_move_method_id":"4","level":"0","pokemon_id":"51"}{"order":"","version_group_id":"14","move_id":"426","pokemon_move_method_id":"1","level":"28","pokemon_id":"51"}{"order":"","version_group_id":"14","move_id":"444","pokemon_move_method_id":"4","level":"0","pokemon_id":"51"}{"order":"","version_group_id":"14","move_id":"446","pokemon_move_method_id":"3","level":"0","pokemon_id":"51"}{"order":"","version_group_id":"14","move_id":"468","pokemon_move_method_id":"4","level":"0","pokemon_id":"51"}{"order":"","version_group_id":"14","move_id":"482","pokemon_move_method_id":"4","level":"0","pokemon_id":"51"}{"order":"","version_group_id":"14","move_id":"496","pokemon_move_method_id":"4","level":"0","pokemon_id":"51"}{"order":"","version_group_id":"14","move_id":"497","pokemon_move_method_id":"4","level":"0","pokemon_id":"51"}{"order":"","version_group_id":"14","move_id":"523","pokemon_move_method_id":"1","level":"18","pokemon_id":"51"}{"order":"","version_group_id":"14","move_id":"523","pokemon_move_method_id":"4","level":"0","pokemon_id":"51"}{"order":"4","version_group_id":"15","move_id":"10","pokemon_move_method_id":"1","level":"1","pokemon_id":"51"}{"order":"","version_group_id":"15","move_id":"15","pokemon_move_method_id":"4","level":"0","pokemon_id":"51"}{"order":"5","version_group_id":"15","move_id":"28","pokemon_move_method_id":"1","level":"1","pokemon_id":"51"}{"order":"6","version_group_id":"15","move_id":"45","pokemon_move_method_id":"1","level":"1","pokemon_id":"51"}{"order":"","version_group_id":"15","move_id":"45","pokemon_move_method_id":"1","level":"4","pokemon_id":"51"}{"order":"","version_group_id":"15","move_id":"63","pokemon_move_method_id":"4","level":"0","pokemon_id":"51"}{"order":"","version_group_id":"15","move_id":"89","pokemon_move_method_id":"1","level":"50","pokemon_id":"51"}{"order":"","version_group_id":"15","move_id":"89","pokemon_move_method_id":"4","level":"0","pokemon_id":"51"}{"order":"","version_group_id":"15","move_id":"90","pokemon_move_method_id":"1","level":"57","pokemon_id":"51"}{"order":"","version_group_id":"15","move_id":"91","pokemon_move_method_id":"1","level":"40","pokemon_id":"51"}{"order":"","version_group_id":"15","move_id":"91","pokemon_move_method_id":"4","level":"0","pokemon_id":"51"}{"order":"","version_group_id":"15","move_id":"92","pokemon_move_method_id":"4","level":"0","pokemon_id":"51"}{"order":"","version_group_id":"15","move_id":"104","pokemon_move_method_id":"4","level":"0","pokemon_id":"51"}{"order":"","version_group_id":"15","move_id":"156","pokemon_move_method_id":"4","level":"0","pokemon_id":"51"}{"order":"","version_group_id":"15","move_id":"157","pokemon_move_method_id":"4","level":"0","pokemon_id":"51"}{"order":"3","version_group_id":"15","move_id":"161","pokemon_move_method_id":"1","level":"1","pokemon_id":"51"}{"order":"","version_group_id":"15","move_id":"163","pokemon_move_method_id":"1","level":"45","pokemon_id":"51"}{"order":"","version_group_id":"15","move_id":"164","pokemon_move_method_id":"4","level":"0","pokemon_id":"51"}{"order":"","version_group_id":"15","move_id":"168","pokemon_move_method_id":"4","level":"0","pokemon_id":"51"}{"order":"","version_group_id":"15","move_id":"182","pokemon_move_method_id":"4","level":"0","pokemon_id":"51"}{"order":"","version_group_id":"15","move_id":"188","pokemon_move_method_id":"4","level":"0","pokemon_id":"51"}{"order":"","version_group_id":"15","move_id":"189","pokemon_move_method_id":"1","level":"12","pokemon_id":"51"}{"order":"","version_group_id":"15","move_id":"201","pokemon_move_method_id":"4","level":"0","pokemon_id":"51"}{"order":"","version_group_id":"15","move_id":"207","pokemon_move_method_id":"4","level":"0","pokemon_id":"51"}{"order":"","version_group_id":"15","move_id":"213","pokemon_move_method_id":"4","level":"0","pokemon_id":"51"}{"order":"","version_group_id":"15","move_id":"214","pokemon_move_method_id":"4","level":"0","pokemon_id":"51"}{"order":"","version_group_id":"15","move_id":"216","pokemon_move_method_id":"4","level":"0","pokemon_id":"51"}{"order":"","version_group_id":"15","move_id":"218","pokemon_move_method_id":"4","level":"0","pokemon_id":"51"}{"order":"","version_group_id":"15","move_id":"222","pokemon_move_method_id":"1","level":"15","pokemon_id":"51"}{"order":"","version_group_id":"15","move_id":"237","pokemon_move_method_id":"4","level":"0","pokemon_id":"51"}{"order":"","version_group_id":"15","move_id":"241","pokemon_move_method_id":"4","level":"0","pokemon_id":"51"}{"order":"","version_group_id":"15","move_id":"249","pokemon_move_method_id":"4","level":"0","pokemon_id":"51"}{"order":"","version_group_id":"15","move_id":"263","pokemon_move_method_id":"4","level":"0","pokemon_id":"51"}{"order":"","version_group_id":"15","move_id":"310","pokemon_move_method_id":"1","level":"7","pokemon_id":"51"}{"order":"","version_group_id":"15","move_id":"317","pokemon_move_method_id":"4","level":"0","pokemon_id":"51"}{"order":"","version_group_id":"15","move_id":"328","pokemon_move_method_id":"1","level":"26","pokemon_id":"51"}{"order":"","version_group_id":"15","move_id":"332","pokemon_move_method_id":"4","level":"0","pokemon_id":"51"}{"order":"","version_group_id":"15","move_id":"389","pokemon_move_method_id":"1","level":"23","pokemon_id":"51"}{"order":"2","version_group_id":"15","move_id":"400","pokemon_move_method_id":"1","level":"1","pokemon_id":"51"}{"order":"","version_group_id":"15","move_id":"414","pokemon_move_method_id":"1","level":"33","pokemon_id":"51"}{"order":"","version_group_id":"15","move_id":"416","pokemon_move_method_id":"4","level":"0","pokemon_id":"51"}{"order":"","version_group_id":"15","move_id":"421","pokemon_move_method_id":"4","level":"0","pokemon_id":"51"}{"order":"","version_group_id":"15","move_id":"426","pokemon_move_method_id":"1","level":"28","pokemon_id":"51"}{"order":"","version_group_id":"15","move_id":"444","pokemon_move_method_id":"4","level":"0","pokemon_id":"51"}{"order":"","version_group_id":"15","move_id":"468","pokemon_move_method_id":"4","level":"0","pokemon_id":"51"}{"order":"","version_group_id":"15","move_id":"482","pokemon_move_method_id":"4","level":"0","pokemon_id":"51"}{"order":"","version_group_id":"15","move_id":"496","pokemon_move_method_id":"4","level":"0","pokemon_id":"51"}{"order":"","version_group_id":"15","move_id":"497","pokemon_move_method_id":"4","level":"0","pokemon_id":"51"}{"order":"","version_group_id":"15","move_id":"523","pokemon_move_method_id":"1","level":"18","pokemon_id":"51"}{"order":"","version_group_id":"15","move_id":"523","pokemon_move_method_id":"4","level":"0","pokemon_id":"51"}{"order":"1","version_group_id":"15","move_id":"563","pokemon_move_method_id":"1","level":"1","pokemon_id":"51"}{"order":"","version_group_id":"15","move_id":"590","pokemon_move_method_id":"4","level":"0","pokemon_id":"51"}