{"order":"1","version_group_id":"15","move_id":"11","pokemon_move_method_id":"1","level":"1","pokemon_id":"10040"}{"order":"","version_group_id":"15","move_id":"12","pokemon_move_method_id":"1","level":"47","pokemon_id":"10040"}{"order":"","version_group_id":"15","move_id":"14","pokemon_move_method_id":"1","level":"40","pokemon_id":"10040"}{"order":"","version_group_id":"15","move_id":"14","pokemon_move_method_id":"4","level":"0","pokemon_id":"10040"}{"order":"","version_group_id":"15","move_id":"15","pokemon_move_method_id":"4","level":"0","pokemon_id":"10040"}{"order":"","version_group_id":"15","move_id":"20","pokemon_move_method_id":"1","level":"4","pokemon_id":"10040"}{"order":"","version_group_id":"15","move_id":"31","pokemon_move_method_id":"2","level":"0","pokemon_id":"10040"}{"order":"","version_group_id":"15","move_id":"37","pokemon_move_method_id":"1","level":"36","pokemon_id":"10040"}{"order":"","version_group_id":"15","move_id":"63","pokemon_move_method_id":"4","level":"0","pokemon_id":"10040"}{"order":"","version_group_id":"15","move_id":"66","pokemon_move_method_id":"1","level":"26","pokemon_id":"10040"}{"order":"","version_group_id":"15","move_id":"69","pokemon_move_method_id":"1","level":"8","pokemon_id":"10040"}{"order":"","version_group_id":"15","move_id":"70","pokemon_move_method_id":"4","level":"0","pokemon_id":"10040"}{"order":"","version_group_id":"15","move_id":"89","pokemon_move_method_id":"4","level":"0","pokemon_id":"10040"}{"order":"","version_group_id":"15","move_id":"91","pokemon_move_method_id":"4","level":"0","pokemon_id":"10040"}{"order":"","version_group_id":"15","move_id":"92","pokemon_move_method_id":"4","level":"0","pokemon_id":"10040"}{"order":"","version_group_id":"15","move_id":"98","pokemon_move_method_id":"2","level":"0","pokemon_id":"10040"}{"order":"","version_group_id":"15","move_id":"104","pokemon_move_method_id":"4","level":"0","pokemon_id":"10040"}{"order":"","version_group_id":"15","move_id":"106","pokemon_move_method_id":"1","level":"11","pokemon_id":"10040"}{"order":"2","version_group_id":"15","move_id":"116","pokemon_move_method_id":"1","level":"1","pokemon_id":"10040"}{"order":"","version_group_id":"15","move_id":"156","pokemon_move_method_id":"4","level":"0","pokemon_id":"10040"}{"order":"","version_group_id":"15","move_id":"157","pokemon_move_method_id":"4","level":"0","pokemon_id":"10040"}{"order":"","version_group_id":"15","move_id":"164","pokemon_move_method_id":"4","level":"0","pokemon_id":"10040"}{"order":"","version_group_id":"15","move_id":"168","pokemon_move_method_id":"4","level":"0","pokemon_id":"10040"}{"order":"","version_group_id":"15","move_id":"175","pokemon_move_method_id":"2","level":"0","pokemon_id":"10040"}{"order":"","version_group_id":"15","move_id":"182","pokemon_move_method_id":"4","level":"0","pokemon_id":"10040"}{"order":"","version_group_id":"15","move_id":"185","pokemon_move_method_id":"2","level":"0","pokemon_id":"10040"}{"order":"","version_group_id":"15","move_id":"206","pokemon_move_method_id":"4","level":"0","pokemon_id":"10040"}{"order":"","version_group_id":"15","move_id":"207","pokemon_move_method_id":"4","level":"0","pokemon_id":"10040"}{"order":"","version_group_id":"15","move_id":"213","pokemon_move_method_id":"4","level":"0","pokemon_id":"10040"}{"order":"","version_group_id":"15","move_id":"214","pokemon_move_method_id":"4","level":"0","pokemon_id":"10040"}{"order":"","version_group_id":"15","move_id":"216","pokemon_move_method_id":"4","level":"0","pokemon_id":"10040"}{"order":"","version_group_id":"15","move_id":"218","pokemon_move_method_id":"4","level":"0","pokemon_id":"10040"}{"order":"","version_group_id":"15","move_id":"233","pokemon_move_method_id":"1","level":"22","pokemon_id":"10040"}{"order":"","version_group_id":"15","move_id":"237","pokemon_move_method_id":"4","level":"0","pokemon_id":"10040"}{"order":"","version_group_id":"15","move_id":"240","pokemon_move_method_id":"4","level":"0","pokemon_id":"10040"}{"order":"","version_group_id":"15","move_id":"241","pokemon_move_method_id":"4","level":"0","pokemon_id":"10040"}{"order":"","version_group_id":"15","move_id":"249","pokemon_move_method_id":"4","level":"0","pokemon_id":"10040"}{"order":"","version_group_id":"15","move_id":"263","pokemon_move_method_id":"4","level":"0","pokemon_id":"10040"}{"order":"","version_group_id":"15","move_id":"276","pokemon_move_method_id":"1","level":"43","pokemon_id":"10040"}{"order":"","version_group_id":"15","move_id":"276","pokemon_move_method_id":"2","level":"0","pokemon_id":"10040"}{"order":"","version_group_id":"15","move_id":"279","pokemon_move_method_id":"1","level":"15","pokemon_id":"10040"}{"order":"","version_group_id":"15","move_id":"280","pokemon_move_method_id":"1","level":"18","pokemon_id":"10040"}{"order":"","version_group_id":"15","move_id":"280","pokemon_move_method_id":"4","level":"0","pokemon_id":"10040"}{"order":"","version_group_id":"15","move_id":"317","pokemon_move_method_id":"4","level":"0","pokemon_id":"10040"}{"order":"","version_group_id":"15","move_id":"339","pokemon_move_method_id":"4","level":"0","pokemon_id":"10040"}{"order":"","version_group_id":"15","move_id":"364","pokemon_move_method_id":"2","level":"0","pokemon_id":"10040"}{"order":"","version_group_id":"15","move_id":"370","pokemon_move_method_id":"2","level":"0","pokemon_id":"10040"}{"order":"","version_group_id":"15","move_id":"374","pokemon_move_method_id":"4","level":"0","pokemon_id":"10040"}{"order":"","version_group_id":"15","move_id":"382","pokemon_move_method_id":"2","level":"0","pokemon_id":"10040"}{"order":"","version_group_id":"15","move_id":"404","pokemon_move_method_id":"1","level":"29","pokemon_id":"10040"}{"order":"","version_group_id":"15","move_id":"404","pokemon_move_method_id":"4","level":"0","pokemon_id":"10040"}{"order":"","version_group_id":"15","move_id":"411","pokemon_move_method_id":"4","level":"0","pokemon_id":"10040"}{"order":"","version_group_id":"15","move_id":"416","pokemon_move_method_id":"4","level":"0","pokemon_id":"10040"}{"order":"","version_group_id":"15","move_id":"444","pokemon_move_method_id":"4","level":"0","pokemon_id":"10040"}{"order":"","version_group_id":"15","move_id":"450","pokemon_move_method_id":"2","level":"0","pokemon_id":"10040"}{"order":"","version_group_id":"15","move_id":"479","pokemon_move_method_id":"4","level":"0","pokemon_id":"10040"}{"order":"","version_group_id":"15","move_id":"480","pokemon_move_method_id":"1","level":"33","pokemon_id":"10040"}{"order":"","version_group_id":"15","move_id":"496","pokemon_move_method_id":"4","level":"0","pokemon_id":"10040"}{"order":"","version_group_id":"15","move_id":"522","pokemon_move_method_id":"4","level":"0","pokemon_id":"10040"}{"order":"","version_group_id":"15","move_id":"523","pokemon_move_method_id":"4","level":"0","pokemon_id":"10040"}{"order":"","version_group_id":"15","move_id":"590","pokemon_move_method_id":"4","level":"0","pokemon_id":"10040"}