{"order":"","version_group_id":"1","move_id":"34","pokemon_move_method_id":"4","level":"0","pokemon_id":"24"}{"order":"1","version_group_id":"1","move_id":"35","pokemon_move_method_id":"1","level":"1","pokemon_id":"24"}{"order":"","version_group_id":"1","move_id":"36","pokemon_move_method_id":"4","level":"0","pokemon_id":"24"}{"order":"","version_group_id":"1","move_id":"38","pokemon_move_method_id":"4","level":"0","pokemon_id":"24"}{"order":"3","version_group_id":"1","move_id":"40","pokemon_move_method_id":"1","level":"1","pokemon_id":"24"}{"order":"","version_group_id":"1","move_id":"40","pokemon_move_method_id":"1","level":"10","pokemon_id":"24"}{"order":"2","version_group_id":"1","move_id":"43","pokemon_move_method_id":"1","level":"1","pokemon_id":"24"}{"order":"","version_group_id":"1","move_id":"44","pokemon_move_method_id":"1","level":"17","pokemon_id":"24"}{"order":"","version_group_id":"1","move_id":"51","pokemon_move_method_id":"1","level":"47","pokemon_id":"24"}{"order":"","version_group_id":"1","move_id":"63","pokemon_move_method_id":"4","level":"0","pokemon_id":"24"}{"order":"","version_group_id":"1","move_id":"70","pokemon_move_method_id":"4","level":"0","pokemon_id":"24"}{"order":"","version_group_id":"1","move_id":"72","pokemon_move_method_id":"4","level":"0","pokemon_id":"24"}{"order":"","version_group_id":"1","move_id":"89","pokemon_move_method_id":"4","level":"0","pokemon_id":"24"}{"order":"","version_group_id":"1","move_id":"90","pokemon_move_method_id":"4","level":"0","pokemon_id":"24"}{"order":"","version_group_id":"1","move_id":"91","pokemon_move_method_id":"4","level":"0","pokemon_id":"24"}{"order":"","version_group_id":"1","move_id":"92","pokemon_move_method_id":"4","level":"0","pokemon_id":"24"}{"order":"","version_group_id":"1","move_id":"99","pokemon_move_method_id":"4","level":"0","pokemon_id":"24"}{"order":"","version_group_id":"1","move_id":"102","pokemon_move_method_id":"4","level":"0","pokemon_id":"24"}{"order":"","version_group_id":"1","move_id":"103","pokemon_move_method_id":"1","level":"36","pokemon_id":"24"}{"order":"","version_group_id":"1","move_id":"104","pokemon_move_method_id":"4","level":"0","pokemon_id":"24"}{"order":"","version_group_id":"1","move_id":"117","pokemon_move_method_id":"4","level":"0","pokemon_id":"24"}{"order":"","version_group_id":"1","move_id":"130","pokemon_move_method_id":"4","level":"0","pokemon_id":"24"}{"order":"","version_group_id":"1","move_id":"137","pokemon_move_method_id":"1","level":"27","pokemon_id":"24"}{"order":"","version_group_id":"1","move_id":"156","pokemon_move_method_id":"4","level":"0","pokemon_id":"24"}{"order":"","version_group_id":"1","move_id":"157","pokemon_move_method_id":"4","level":"0","pokemon_id":"24"}{"order":"","version_group_id":"1","move_id":"164","pokemon_move_method_id":"4","level":"0","pokemon_id":"24"}{"order":"","version_group_id":"2","move_id":"34","pokemon_move_method_id":"4","level":"0","pokemon_id":"24"}{"order":"1","version_group_id":"2","move_id":"35","pokemon_move_method_id":"1","level":"1","pokemon_id":"24"}{"order":"","version_group_id":"2","move_id":"36","pokemon_move_method_id":"4","level":"0","pokemon_id":"24"}{"order":"","version_group_id":"2","move_id":"38","pokemon_move_method_id":"4","level":"0","pokemon_id":"24"}{"order":"3","version_group_id":"2","move_id":"40","pokemon_move_method_id":"1","level":"1","pokemon_id":"24"}{"order":"","version_group_id":"2","move_id":"40","pokemon_move_method_id":"1","level":"10","pokemon_id":"24"}{"order":"2","version_group_id":"2","move_id":"43","pokemon_move_method_id":"1","level":"1","pokemon_id":"24"}{"order":"","version_group_id":"2","move_id":"44","pokemon_move_method_id":"1","level":"17","pokemon_id":"24"}{"order":"","version_group_id":"2","move_id":"51","pokemon_move_method_id":"1","level":"47","pokemon_id":"24"}{"order":"","version_group_id":"2","move_id":"63","pokemon_move_method_id":"4","level":"0","pokemon_id":"24"}{"order":"","version_group_id":"2","move_id":"70","pokemon_move_method_id":"4","level":"0","pokemon_id":"24"}{"order":"","version_group_id":"2","move_id":"72","pokemon_move_method_id":"4","level":"0","pokemon_id":"24"}{"order":"","version_group_id":"2","move_id":"89","pokemon_move_method_id":"4","level":"0","pokemon_id":"24"}{"order":"","version_group_id":"2","move_id":"90","pokemon_move_method_id":"4","level":"0","pokemon_id":"24"}{"order":"","version_group_id":"2","move_id":"91","pokemon_move_method_id":"4","level":"0","pokemon_id":"24"}{"order":"","version_group_id":"2","move_id":"92","pokemon_move_method_id":"4","level":"0","pokemon_id":"24"}{"order":"","version_group_id":"2","move_id":"99","pokemon_move_method_id":"4","level":"0","pokemon_id":"24"}{"order":"","version_group_id":"2","move_id":"102","pokemon_move_method_id":"4","level":"0","pokemon_id":"24"}{"order":"","version_group_id":"2","move_id":"103","pokemon_move_method_id":"1","level":"36","pokemon_id":"24"}{"order":"","version_group_id":"2","move_id":"104","pokemon_move_method_id":"4","level":"0","pokemon_id":"24"}{"order":"","version_group_id":"2","move_id":"117","pokemon_move_method_id":"4","level":"0","pokemon_id":"24"}{"order":"","version_group_id":"2","move_id":"130","pokemon_move_method_id":"4","level":"0","pokemon_id":"24"}{"order":"","version_group_id":"2","move_id":"137","pokemon_move_method_id":"1","level":"27","pokemon_id":"24"}{"order":"","version_group_id":"2","move_id":"156","pokemon_move_method_id":"4","level":"0","pokemon_id":"24"}{"order":"","version_group_id":"2","move_id":"157","pokemon_move_method_id":"4","level":"0","pokemon_id":"24"}{"order":"","version_group_id":"2","move_id":"164","pokemon_move_method_id":"4","level":"0","pokemon_id":"24"}{"order":"","version_group_id":"3","move_id":"29","pokemon_move_method_id":"4","level":"0","pokemon_id":"24"}{"order":"1","version_group_id":"3","move_id":"35","pokemon_move_method_id":"1","level":"1","pokemon_id":"24"}{"order":"3","version_group_id":"3","move_id":"40","pokemon_move_method_id":"1","level":"1","pokemon_id":"24"}{"order":"","version_group_id":"3","move_id":"40","pokemon_move_method_id":"1","level":"9","pokemon_id":"24"}{"order":"2","version_group_id":"3","move_id":"43","pokemon_move_method_id":"1","level":"1","pokemon_id":"24"}{"order":"4","version_group_id":"3","move_id":"44","pokemon_move_method_id":"1","level":"1","pokemon_id":"24"}{"order":"","version_group_id":"3","move_id":"44","pokemon_move_method_id":"1","level":"15","pokemon_id":"24"}{"order":"","version_group_id":"3","move_id":"51","pokemon_move_method_id":"1","level":"43","pokemon_id":"24"}{"order":"","version_group_id":"3","move_id":"63","pokemon_move_method_id":"4","level":"0","pokemon_id":"24"}{"order":"","version_group_id":"3","move_id":"70","pokemon_move_method_id":"4","level":"0","pokemon_id":"24"}{"order":"","version_group_id":"3","move_id":"89","pokemon_move_method_id":"4","level":"0","pokemon_id":"24"}{"order":"","version_group_id":"3","move_id":"91","pokemon_move_method_id":"4","level":"0","pokemon_id":"24"}{"order":"","version_group_id":"3","move_id":"92","pokemon_move_method_id":"4","level":"0","pokemon_id":"24"}{"order":"","version_group_id":"3","move_id":"103","pokemon_move_method_id":"1","level":"33","pokemon_id":"24"}{"order":"","version_group_id":"3","move_id":"104","pokemon_move_method_id":"4","level":"0","pokemon_id":"24"}{"order":"","version_group_id":"3","move_id":"114","pokemon_move_method_id":"1","level":"51","pokemon_id":"24"}{"order":"","version_group_id":"3","move_id":"137","pokemon_move_method_id":"1","level":"25","pokemon_id":"24"}{"order":"","version_group_id":"3","move_id":"156","pokemon_move_method_id":"4","level":"0","pokemon_id":"24"}{"order":"","version_group_id":"3","move_id":"168","pokemon_move_method_id":"4","level":"0","pokemon_id":"24"}{"order":"","version_group_id":"3","move_id":"173","pokemon_move_method_id":"4","level":"0","pokemon_id":"24"}{"order":"","version_group_id":"3","move_id":"174","pokemon_move_method_id":"4","level":"0","pokemon_id":"24"}{"order":"","version_group_id":"3","move_id":"182","pokemon_move_method_id":"4","level":"0","pokemon_id":"24"}{"order":"","version_group_id":"3","move_id":"188","pokemon_move_method_id":"4","level":"0","pokemon_id":"24"}{"order":"","version_group_id":"3","move_id":"202","pokemon_move_method_id":"4","level":"0","pokemon_id":"24"}{"order":"","version_group_id":"3","move_id":"203","pokemon_move_method_id":"4","level":"0","pokemon_id":"24"}{"order":"","version_group_id":"3","move_id":"207","pokemon_move_method_id":"4","level":"0","pokemon_id":"24"}{"order":"","version_group_id":"3","move_id":"213","pokemon_move_method_id":"4","level":"0","pokemon_id":"24"}{"order":"","version_group_id":"3","move_id":"214","pokemon_move_method_id":"4","level":"0","pokemon_id":"24"}{"order":"","version_group_id":"3","move_id":"216","pokemon_move_method_id":"4","level":"0","pokemon_id":"24"}{"order":"","version_group_id":"3","move_id":"218","pokemon_move_method_id":"4","level":"0","pokemon_id":"24"}{"order":"","version_group_id":"3","move_id":"237","pokemon_move_method_id":"4","level":"0","pokemon_id":"24"}{"order":"","version_group_id":"3","move_id":"241","pokemon_move_method_id":"4","level":"0","pokemon_id":"24"}{"order":"","version_group_id":"4","move_id":"29","pokemon_move_method_id":"4","level":"0","pokemon_id":"24"}{"order":"1","version_group_id":"4","move_id":"35","pokemon_move_method_id":"1","level":"1","pokemon_id":"24"}{"order":"3","version_group_id":"4","move_id":"40","pokemon_move_method_id":"1","level":"1","pokemon_id":"24"}{"order":"","version_group_id":"4","move_id":"40","pokemon_move_method_id":"1","level":"9","pokemon_id":"24"}{"order":"2","version_group_id":"4","move_id":"43","pokemon_move_method_id":"1","level":"1","pokemon_id":"24"}{"order":"4","version_group_id":"4","move_id":"44","pokemon_move_method_id":"1","level":"1","pokemon_id":"24"}{"order":"","version_group_id":"4","move_id":"44","pokemon_move_method_id":"1","level":"15","pokemon_id":"24"}{"order":"","version_group_id":"4","move_id":"51","pokemon_move_method_id":"1","level":"43","pokemon_id":"24"}{"order":"","version_group_id":"4","move_id":"63","pokemon_move_method_id":"4","level":"0","pokemon_id":"24"}{"order":"","version_group_id":"4","move_id":"70","pokemon_move_method_id":"4","level":"0","pokemon_id":"24"}{"order":"","version_group_id":"4","move_id":"89","pokemon_move_method_id":"4","level":"0","pokemon_id":"24"}{"order":"","version_group_id":"4","move_id":"91","pokemon_move_method_id":"4","level":"0","pokemon_id":"24"}{"order":"","version_group_id":"4","move_id":"92","pokemon_move_method_id":"4","level":"0","pokemon_id":"24"}{"order":"","version_group_id":"4","move_id":"103","pokemon_move_method_id":"1","level":"33","pokemon_id":"24"}{"order":"","version_group_id":"4","move_id":"104","pokemon_move_method_id":"4","level":"0","pokemon_id":"24"}{"order":"","version_group_id":"4","move_id":"114","pokemon_move_method_id":"1","level":"51","pokemon_id":"24"}{"order":"","version_group_id":"4","move_id":"137","pokemon_move_method_id":"1","level":"25","pokemon_id":"24"}{"order":"","version_group_id":"4","move_id":"156","pokemon_move_method_id":"4","level":"0","pokemon_id":"24"}{"order":"","version_group_id":"4","move_id":"168","pokemon_move_method_id":"4","level":"0","pokemon_id":"24"}{"order":"","version_group_id":"4","move_id":"173","pokemon_move_method_id":"4","level":"0","pokemon_id":"24"}{"order":"","version_group_id":"4","move_id":"174","pokemon_move_method_id":"4","level":"0","pokemon_id":"24"}{"order":"","version_group_id":"4","move_id":"182","pokemon_move_method_id":"4","level":"0","pokemon_id":"24"}{"order":"","version_group_id":"4","move_id":"188","pokemon_move_method_id":"4","level":"0","pokemon_id":"24"}{"order":"","version_group_id":"4","move_id":"202","pokemon_move_method_id":"4","level":"0","pokemon_id":"24"}{"order":"","version_group_id":"4","move_id":"203","pokemon_move_method_id":"4","level":"0","pokemon_id":"24"}{"order":"","version_group_id":"4","move_id":"207","pokemon_move_method_id":"4","level":"0","pokemon_id":"24"}{"order":"","version_group_id":"4","move_id":"213","pokemon_move_method_id":"4","level":"0","pokemon_id":"24"}{"order":"","version_group_id":"4","move_id":"214","pokemon_move_method_id":"4","level":"0","pokemon_id":"24"}{"order":"","version_group_id":"4","move_id":"216","pokemon_move_method_id":"4","level":"0","pokemon_id":"24"}{"order":"","version_group_id":"4","move_id":"218","pokemon_move_method_id":"4","level":"0","pokemon_id":"24"}{"order":"","version_group_id":"4","move_id":"237","pokemon_move_method_id":"4","level":"0","pokemon_id":"24"}{"order":"","version_group_id":"4","move_id":"241","pokemon_move_method_id":"4","level":"0","pokemon_id":"24"}{"order":"1","version_group_id":"5","move_id":"35","pokemon_move_method_id":"1","level":"1","pokemon_id":"24"}{"order":"3","version_group_id":"5","move_id":"40","pokemon_move_method_id":"1","level":"1","pokemon_id":"24"}{"order":"","version_group_id":"5","move_id":"40","pokemon_move_method_id":"1","level":"8","pokemon_id":"24"}{"order":"2","version_group_id":"5","move_id":"43","pokemon_move_method_id":"1","level":"1","pokemon_id":"24"}{"order":"4","version_group_id":"5","move_id":"44","pokemon_move_method_id":"1","level":"1","pokemon_id":"24"}{"order":"","version_group_id":"5","move_id":"44","pokemon_move_method_id":"1","level":"13","pokemon_id":"24"}{"order":"","version_group_id":"5","move_id":"51","pokemon_move_method_id":"1","level":"38","pokemon_id":"24"}{"order":"","version_group_id":"5","move_id":"63","pokemon_move_method_id":"4","level":"0","pokemon_id":"24"}{"order":"","version_group_id":"5","move_id":"70","pokemon_move_method_id":"4","level":"0","pokemon_id":"24"}{"order":"","version_group_id":"5","move_id":"89","pokemon_move_method_id":"4","level":"0","pokemon_id":"24"}{"order":"","version_group_id":"5","move_id":"91","pokemon_move_method_id":"4","level":"0","pokemon_id":"24"}{"order":"","version_group_id":"5","move_id":"92","pokemon_move_method_id":"4","level":"0","pokemon_id":"24"}{"order":"","version_group_id":"5","move_id":"103","pokemon_move_method_id":"1","level":"28","pokemon_id":"24"}{"order":"","version_group_id":"5","move_id":"104","pokemon_move_method_id":"4","level":"0","pokemon_id":"24"}{"order":"","version_group_id":"5","move_id":"114","pokemon_move_method_id":"1","level":"56","pokemon_id":"24"}{"order":"","version_group_id":"5","move_id":"137","pokemon_move_method_id":"1","level":"20","pokemon_id":"24"}{"order":"","version_group_id":"5","move_id":"156","pokemon_move_method_id":"4","level":"0","pokemon_id":"24"}{"order":"","version_group_id":"5","move_id":"168","pokemon_move_method_id":"4","level":"0","pokemon_id":"24"}{"order":"","version_group_id":"5","move_id":"182","pokemon_move_method_id":"4","level":"0","pokemon_id":"24"}{"order":"","version_group_id":"5","move_id":"188","pokemon_move_method_id":"4","level":"0","pokemon_id":"24"}{"order":"","version_group_id":"5","move_id":"202","pokemon_move_method_id":"4","level":"0","pokemon_id":"24"}{"order":"","version_group_id":"5","move_id":"213","pokemon_move_method_id":"4","level":"0","pokemon_id":"24"}{"order":"","version_group_id":"5","move_id":"216","pokemon_move_method_id":"4","level":"0","pokemon_id":"24"}{"order":"","version_group_id":"5","move_id":"218","pokemon_move_method_id":"4","level":"0","pokemon_id":"24"}{"order":"","version_group_id":"5","move_id":"231","pokemon_move_method_id":"4","level":"0","pokemon_id":"24"}{"order":"","version_group_id":"5","move_id":"237","pokemon_move_method_id":"4","level":"0","pokemon_id":"24"}{"order":"","version_group_id":"5","move_id":"240","pokemon_move_method_id":"4","level":"0","pokemon_id":"24"}{"order":"","version_group_id":"5","move_id":"241","pokemon_move_method_id":"4","level":"0","pokemon_id":"24"}{"order":"","version_group_id":"5","move_id":"254","pokemon_move_method_id":"1","level":"46","pokemon_id":"24"}{"order":"6","version_group_id":"5","move_id":"255","pokemon_move_method_id":"1","level":"46","pokemon_id":"24"}{"order":"5","version_group_id":"5","move_id":"256","pokemon_move_method_id":"1","level":"46","pokemon_id":"24"}{"order":"","version_group_id":"5","move_id":"259","pokemon_move_method_id":"4","level":"0","pokemon_id":"24"}{"order":"","version_group_id":"5","move_id":"263","pokemon_move_method_id":"4","level":"0","pokemon_id":"24"}{"order":"","version_group_id":"5","move_id":"289","pokemon_move_method_id":"4","level":"0","pokemon_id":"24"}{"order":"","version_group_id":"5","move_id":"290","pokemon_move_method_id":"4","level":"0","pokemon_id":"24"}{"order":"","version_group_id":"6","move_id":"34","pokemon_move_method_id":"3","level":"0","pokemon_id":"24"}{"order":"1","version_group_id":"6","move_id":"35","pokemon_move_method_id":"1","level":"1","pokemon_id":"24"}{"order":"","version_group_id":"6","move_id":"38","pokemon_move_method_id":"3","level":"0","pokemon_id":"24"}{"order":"3","version_group_id":"6","move_id":"40","pokemon_move_method_id":"1","level":"1","pokemon_id":"24"}{"order":"","version_group_id":"6","move_id":"40","pokemon_move_method_id":"1","level":"8","pokemon_id":"24"}{"order":"2","version_group_id":"6","move_id":"43","pokemon_move_method_id":"1","level":"1","pokemon_id":"24"}{"order":"4","version_group_id":"6","move_id":"44","pokemon_move_method_id":"1","level":"1","pokemon_id":"24"}{"order":"","version_group_id":"6","move_id":"44","pokemon_move_method_id":"1","level":"13","pokemon_id":"24"}{"order":"","version_group_id":"6","move_id":"51","pokemon_move_method_id":"1","level":"38","pokemon_id":"24"}{"order":"","version_group_id":"6","move_id":"63","pokemon_move_method_id":"4","level":"0","pokemon_id":"24"}{"order":"","version_group_id":"6","move_id":"70","pokemon_move_method_id":"4","level":"0","pokemon_id":"24"}{"order":"","version_group_id":"6","move_id":"89","pokemon_move_method_id":"4","level":"0","pokemon_id":"24"}{"order":"","version_group_id":"6","move_id":"91","pokemon_move_method_id":"4","level":"0","pokemon_id":"24"}{"order":"","version_group_id":"6","move_id":"92","pokemon_move_method_id":"4","level":"0","pokemon_id":"24"}{"order":"","version_group_id":"6","move_id":"102","pokemon_move_method_id":"3","level":"0","pokemon_id":"24"}{"order":"","version_group_id":"6","move_id":"103","pokemon_move_method_id":"1","level":"28","pokemon_id":"24"}{"order":"","version_group_id":"6","move_id":"104","pokemon_move_method_id":"4","level":"0","pokemon_id":"24"}{"order":"","version_group_id":"6","move_id":"114","pokemon_move_method_id":"1","level":"56","pokemon_id":"24"}{"order":"","version_group_id":"6","move_id":"137","pokemon_move_method_id":"1","level":"20","pokemon_id":"24"}{"order":"","version_group_id":"6","move_id":"156","pokemon_move_method_id":"4","level":"0","pokemon_id":"24"}{"order":"","version_group_id":"6","move_id":"157","pokemon_move_method_id":"3","level":"0","pokemon_id":"24"}{"order":"","version_group_id":"6","move_id":"164","pokemon_move_method_id":"3","level":"0","pokemon_id":"24"}{"order":"","version_group_id":"6","move_id":"168","pokemon_move_method_id":"4","level":"0","pokemon_id":"24"}{"order":"","version_group_id":"6","move_id":"173","pokemon_move_method_id":"3","level":"0","pokemon_id":"24"}{"order":"","version_group_id":"6","move_id":"182","pokemon_move_method_id":"4","level":"0","pokemon_id":"24"}{"order":"","version_group_id":"6","move_id":"188","pokemon_move_method_id":"4","level":"0","pokemon_id":"24"}{"order":"","version_group_id":"6","move_id":"202","pokemon_move_method_id":"4","level":"0","pokemon_id":"24"}{"order":"","version_group_id":"6","move_id":"203","pokemon_move_method_id":"3","level":"0","pokemon_id":"24"}{"order":"","version_group_id":"6","move_id":"207","pokemon_move_method_id":"3","level":"0","pokemon_id":"24"}{"order":"","version_group_id":"6","move_id":"213","pokemon_move_method_id":"4","level":"0","pokemon_id":"24"}{"order":"","version_group_id":"6","move_id":"214","pokemon_move_method_id":"3","level":"0","pokemon_id":"24"}{"order":"","version_group_id":"6","move_id":"216","pokemon_move_method_id":"4","level":"0","pokemon_id":"24"}{"order":"","version_group_id":"6","move_id":"218","pokemon_move_method_id":"4","level":"0","pokemon_id":"24"}{"order":"","version_group_id":"6","move_id":"231","pokemon_move_method_id":"4","level":"0","pokemon_id":"24"}{"order":"","version_group_id":"6","move_id":"237","pokemon_move_method_id":"4","level":"0","pokemon_id":"24"}{"order":"","version_group_id":"6","move_id":"240","pokemon_move_method_id":"4","level":"0","pokemon_id":"24"}{"order":"","version_group_id":"6","move_id":"241","pokemon_move_method_id":"4","level":"0","pokemon_id":"24"}{"order":"","version_group_id":"6","move_id":"254","pokemon_move_method_id":"1","level":"46","pokemon_id":"24"}{"order":"6","version_group_id":"6","move_id":"255","pokemon_move_method_id":"1","level":"46","pokemon_id":"24"}{"order":"5","version_group_id":"6","move_id":"256","pokemon_move_method_id":"1","level":"46","pokemon_id":"24"}{"order":"","version_group_id":"6","move_id":"259","pokemon_move_method_id":"4","level":"0","pokemon_id":"24"}{"order":"","version_group_id":"6","move_id":"263","pokemon_move_method_id":"4","level":"0","pokemon_id":"24"}{"order":"","version_group_id":"6","move_id":"289","pokemon_move_method_id":"4","level":"0","pokemon_id":"24"}{"order":"","version_group_id":"6","move_id":"290","pokemon_move_method_id":"4","level":"0","pokemon_id":"24"}{"order":"","version_group_id":"7","move_id":"34","pokemon_move_method_id":"3","level":"0","pokemon_id":"24"}{"order":"1","version_group_id":"7","move_id":"35","pokemon_move_method_id":"1","level":"1","pokemon_id":"24"}{"order":"","version_group_id":"7","move_id":"38","pokemon_move_method_id":"3","level":"0","pokemon_id":"24"}{"order":"3","version_group_id":"7","move_id":"40","pokemon_move_method_id":"1","level":"1","pokemon_id":"24"}{"order":"","version_group_id":"7","move_id":"40","pokemon_move_method_id":"1","level":"8","pokemon_id":"24"}{"order":"2","version_group_id":"7","move_id":"43","pokemon_move_method_id":"1","level":"1","pokemon_id":"24"}{"order":"4","version_group_id":"7","move_id":"44","pokemon_move_method_id":"1","level":"1","pokemon_id":"24"}{"order":"","version_group_id":"7","move_id":"44","pokemon_move_method_id":"1","level":"13","pokemon_id":"24"}{"order":"","version_group_id":"7","move_id":"51","pokemon_move_method_id":"1","level":"38","pokemon_id":"24"}{"order":"","version_group_id":"7","move_id":"63","pokemon_move_method_id":"4","level":"0","pokemon_id":"24"}{"order":"","version_group_id":"7","move_id":"70","pokemon_move_method_id":"4","level":"0","pokemon_id":"24"}{"order":"","version_group_id":"7","move_id":"89","pokemon_move_method_id":"4","level":"0","pokemon_id":"24"}{"order":"","version_group_id":"7","move_id":"91","pokemon_move_method_id":"4","level":"0","pokemon_id":"24"}{"order":"","version_group_id":"7","move_id":"92","pokemon_move_method_id":"4","level":"0","pokemon_id":"24"}{"order":"","version_group_id":"7","move_id":"102","pokemon_move_method_id":"3","level":"0","pokemon_id":"24"}{"order":"","version_group_id":"7","move_id":"103","pokemon_move_method_id":"1","level":"28","pokemon_id":"24"}{"order":"","version_group_id":"7","move_id":"104","pokemon_move_method_id":"4","level":"0","pokemon_id":"24"}{"order":"","version_group_id":"7","move_id":"114","pokemon_move_method_id":"1","level":"56","pokemon_id":"24"}{"order":"","version_group_id":"7","move_id":"137","pokemon_move_method_id":"1","level":"20","pokemon_id":"24"}{"order":"","version_group_id":"7","move_id":"156","pokemon_move_method_id":"4","level":"0","pokemon_id":"24"}{"order":"","version_group_id":"7","move_id":"157","pokemon_move_method_id":"3","level":"0","pokemon_id":"24"}{"order":"","version_group_id":"7","move_id":"164","pokemon_move_method_id":"3","level":"0","pokemon_id":"24"}{"order":"","version_group_id":"7","move_id":"168","pokemon_move_method_id":"4","level":"0","pokemon_id":"24"}{"order":"","version_group_id":"7","move_id":"182","pokemon_move_method_id":"4","level":"0","pokemon_id":"24"}{"order":"","version_group_id":"7","move_id":"188","pokemon_move_method_id":"4","level":"0","pokemon_id":"24"}{"order":"","version_group_id":"7","move_id":"202","pokemon_move_method_id":"4","level":"0","pokemon_id":"24"}{"order":"","version_group_id":"7","move_id":"213","pokemon_move_method_id":"4","level":"0","pokemon_id":"24"}{"order":"","version_group_id":"7","move_id":"216","pokemon_move_method_id":"4","level":"0","pokemon_id":"24"}{"order":"","version_group_id":"7","move_id":"218","pokemon_move_method_id":"4","level":"0","pokemon_id":"24"}{"order":"","version_group_id":"7","move_id":"231","pokemon_move_method_id":"4","level":"0","pokemon_id":"24"}{"order":"","version_group_id":"7","move_id":"237","pokemon_move_method_id":"4","level":"0","pokemon_id":"24"}{"order":"","version_group_id":"7","move_id":"240","pokemon_move_method_id":"4","level":"0","pokemon_id":"24"}{"order":"","version_group_id":"7","move_id":"241","pokemon_move_method_id":"4","level":"0","pokemon_id":"24"}{"order":"","version_group_id":"7","move_id":"254","pokemon_move_method_id":"1","level":"46","pokemon_id":"24"}{"order":"6","version_group_id":"7","move_id":"255","pokemon_move_method_id":"1","level":"46","pokemon_id":"24"}{"order":"5","version_group_id":"7","move_id":"256","pokemon_move_method_id":"1","level":"46","pokemon_id":"24"}{"order":"","version_group_id":"7","move_id":"259","pokemon_move_method_id":"4","level":"0","pokemon_id":"24"}{"order":"","version_group_id":"7","move_id":"263","pokemon_move_method_id":"4","level":"0","pokemon_id":"24"}{"order":"","version_group_id":"7","move_id":"289","pokemon_move_method_id":"4","level":"0","pokemon_id":"24"}{"order":"","version_group_id":"7","move_id":"290","pokemon_move_method_id":"4","level":"0","pokemon_id":"24"}{"order":"4","version_group_id":"8","move_id":"35","pokemon_move_method_id":"1","level":"1","pokemon_id":"24"}{"order":"6","version_group_id":"8","move_id":"40","pokemon_move_method_id":"1","level":"1","pokemon_id":"24"}{"order":"","version_group_id":"8","move_id":"40","pokemon_move_method_id":"1","level":"4","pokemon_id":"24"}{"order":"5","version_group_id":"8","move_id":"43","pokemon_move_method_id":"1","level":"1","pokemon_id":"24"}{"order":"7","version_group_id":"8","move_id":"44","pokemon_move_method_id":"1","level":"1","pokemon_id":"24"}{"order":"","version_group_id":"8","move_id":"44","pokemon_move_method_id":"1","level":"9","pokemon_id":"24"}{"order":"","version_group_id":"8","move_id":"51","pokemon_move_method_id":"1","level":"20","pokemon_id":"24"}{"order":"","version_group_id":"8","move_id":"63","pokemon_move_method_id":"4","level":"0","pokemon_id":"24"}{"order":"","version_group_id":"8","move_id":"70","pokemon_move_method_id":"4","level":"0","pokemon_id":"24"}{"order":"","version_group_id":"8","move_id":"89","pokemon_move_method_id":"4","level":"0","pokemon_id":"24"}{"order":"","version_group_id":"8","move_id":"91","pokemon_move_method_id":"4","level":"0","pokemon_id":"24"}{"order":"","version_group_id":"8","move_id":"92","pokemon_move_method_id":"4","level":"0","pokemon_id":"24"}{"order":"","version_group_id":"8","move_id":"103","pokemon_move_method_id":"1","level":"17","pokemon_id":"24"}{"order":"","version_group_id":"8","move_id":"104","pokemon_move_method_id":"4","level":"0","pokemon_id":"24"}{"order":"","version_group_id":"8","move_id":"114","pokemon_move_method_id":"1","level":"48","pokemon_id":"24"}{"order":"","version_group_id":"8","move_id":"137","pokemon_move_method_id":"1","level":"12","pokemon_id":"24"}{"order":"","version_group_id":"8","move_id":"156","pokemon_move_method_id":"4","level":"0","pokemon_id":"24"}{"order":"","version_group_id":"8","move_id":"157","pokemon_move_method_id":"4","level":"0","pokemon_id":"24"}{"order":"","version_group_id":"8","move_id":"164","pokemon_move_method_id":"4","level":"0","pokemon_id":"24"}{"order":"","version_group_id":"8","move_id":"168","pokemon_move_method_id":"4","level":"0","pokemon_id":"24"}{"order":"","version_group_id":"8","move_id":"182","pokemon_move_method_id":"4","level":"0","pokemon_id":"24"}{"order":"","version_group_id":"8","move_id":"188","pokemon_move_method_id":"4","level":"0","pokemon_id":"24"}{"order":"","version_group_id":"8","move_id":"202","pokemon_move_method_id":"4","level":"0","pokemon_id":"24"}{"order":"","version_group_id":"8","move_id":"203","pokemon_move_method_id":"4","level":"0","pokemon_id":"24"}{"order":"","version_group_id":"8","move_id":"207","pokemon_move_method_id":"4","level":"0","pokemon_id":"24"}{"order":"","version_group_id":"8","move_id":"213","pokemon_move_method_id":"4","level":"0","pokemon_id":"24"}{"order":"","version_group_id":"8","move_id":"214","pokemon_move_method_id":"4","level":"0","pokemon_id":"24"}{"order":"","version_group_id":"8","move_id":"216","pokemon_move_method_id":"4","level":"0","pokemon_id":"24"}{"order":"","version_group_id":"8","move_id":"218","pokemon_move_method_id":"4","level":"0","pokemon_id":"24"}{"order":"","version_group_id":"8","move_id":"231","pokemon_move_method_id":"4","level":"0","pokemon_id":"24"}{"order":"","version_group_id":"8","move_id":"237","pokemon_move_method_id":"4","level":"0","pokemon_id":"24"}{"order":"","version_group_id":"8","move_id":"240","pokemon_move_method_id":"4","level":"0","pokemon_id":"24"}{"order":"","version_group_id":"8","move_id":"241","pokemon_move_method_id":"4","level":"0","pokemon_id":"24"}{"order":"","version_group_id":"8","move_id":"242","pokemon_move_method_id":"1","level":"22","pokemon_id":"24"}{"order":"1","version_group_id":"8","move_id":"254","pokemon_move_method_id":"1","level":"28","pokemon_id":"24"}{"order":"3","version_group_id":"8","move_id":"255","pokemon_move_method_id":"1","level":"28","pokemon_id":"24"}{"order":"2","version_group_id":"8","move_id":"256","pokemon_move_method_id":"1","level":"28","pokemon_id":"24"}{"order":"","version_group_id":"8","move_id":"259","pokemon_move_method_id":"4","level":"0","pokemon_id":"24"}{"order":"","version_group_id":"8","move_id":"263","pokemon_move_method_id":"4","level":"0","pokemon_id":"24"}{"order":"","version_group_id":"8","move_id":"289","pokemon_move_method_id":"4","level":"0","pokemon_id":"24"}{"order":"","version_group_id":"8","move_id":"290","pokemon_move_method_id":"4","level":"0","pokemon_id":"24"}{"order":"","version_group_id":"8","move_id":"317","pokemon_move_method_id":"4","level":"0","pokemon_id":"24"}{"order":"","version_group_id":"8","move_id":"363","pokemon_move_method_id":"4","level":"0","pokemon_id":"24"}{"order":"","version_group_id":"8","move_id":"371","pokemon_move_method_id":"4","level":"0","pokemon_id":"24"}{"order":"","version_group_id":"8","move_id":"380","pokemon_move_method_id":"1","level":"42","pokemon_id":"24"}{"order":"","version_group_id":"8","move_id":"398","pokemon_move_method_id":"4","level":"0","pokemon_id":"24"}{"order":"","version_group_id":"8","move_id":"399","pokemon_move_method_id":"4","level":"0","pokemon_id":"24"}{"order":"","version_group_id":"8","move_id":"416","pokemon_move_method_id":"4","level":"0","pokemon_id":"24"}{"order":"2","version_group_id":"8","move_id":"422","pokemon_move_method_id":"1","level":"1","pokemon_id":"24"}{"order":"1","version_group_id":"8","move_id":"423","pokemon_move_method_id":"1","level":"1","pokemon_id":"24"}{"order":"3","version_group_id":"8","move_id":"424","pokemon_move_method_id":"1","level":"1","pokemon_id":"24"}{"order":"","version_group_id":"8","move_id":"426","pokemon_move_method_id":"1","level":"34","pokemon_id":"24"}{"order":"","version_group_id":"8","move_id":"441","pokemon_move_method_id":"1","level":"56","pokemon_id":"24"}{"order":"","version_group_id":"8","move_id":"445","pokemon_move_method_id":"4","level":"0","pokemon_id":"24"}{"order":"4","version_group_id":"9","move_id":"35","pokemon_move_method_id":"1","level":"1","pokemon_id":"24"}{"order":"6","version_group_id":"9","move_id":"40","pokemon_move_method_id":"1","level":"1","pokemon_id":"24"}{"order":"","version_group_id":"9","move_id":"40","pokemon_move_method_id":"1","level":"4","pokemon_id":"24"}{"order":"5","version_group_id":"9","move_id":"43","pokemon_move_method_id":"1","level":"1","pokemon_id":"24"}{"order":"7","version_group_id":"9","move_id":"44","pokemon_move_method_id":"1","level":"1","pokemon_id":"24"}{"order":"","version_group_id":"9","move_id":"44","pokemon_move_method_id":"1","level":"9","pokemon_id":"24"}{"order":"","version_group_id":"9","move_id":"51","pokemon_move_method_id":"1","level":"20","pokemon_id":"24"}{"order":"","version_group_id":"9","move_id":"63","pokemon_move_method_id":"4","level":"0","pokemon_id":"24"}{"order":"","version_group_id":"9","move_id":"70","pokemon_move_method_id":"4","level":"0","pokemon_id":"24"}{"order":"","version_group_id":"9","move_id":"89","pokemon_move_method_id":"4","level":"0","pokemon_id":"24"}{"order":"","version_group_id":"9","move_id":"91","pokemon_move_method_id":"4","level":"0","pokemon_id":"24"}{"order":"","version_group_id":"9","move_id":"92","pokemon_move_method_id":"4","level":"0","pokemon_id":"24"}{"order":"","version_group_id":"9","move_id":"103","pokemon_move_method_id":"1","level":"17","pokemon_id":"24"}{"order":"","version_group_id":"9","move_id":"104","pokemon_move_method_id":"4","level":"0","pokemon_id":"24"}{"order":"","version_group_id":"9","move_id":"114","pokemon_move_method_id":"1","level":"48","pokemon_id":"24"}{"order":"","version_group_id":"9","move_id":"137","pokemon_move_method_id":"1","level":"12","pokemon_id":"24"}{"order":"","version_group_id":"9","move_id":"156","pokemon_move_method_id":"4","level":"0","pokemon_id":"24"}{"order":"","version_group_id":"9","move_id":"157","pokemon_move_method_id":"4","level":"0","pokemon_id":"24"}{"order":"","version_group_id":"9","move_id":"164","pokemon_move_method_id":"4","level":"0","pokemon_id":"24"}{"order":"","version_group_id":"9","move_id":"168","pokemon_move_method_id":"4","level":"0","pokemon_id":"24"}{"order":"","version_group_id":"9","move_id":"173","pokemon_move_method_id":"3","level":"0","pokemon_id":"24"}{"order":"","version_group_id":"9","move_id":"180","pokemon_move_method_id":"3","level":"0","pokemon_id":"24"}{"order":"","version_group_id":"9","move_id":"182","pokemon_move_method_id":"4","level":"0","pokemon_id":"24"}{"order":"","version_group_id":"9","move_id":"188","pokemon_move_method_id":"4","level":"0","pokemon_id":"24"}{"order":"","version_group_id":"9","move_id":"202","pokemon_move_method_id":"4","level":"0","pokemon_id":"24"}{"order":"","version_group_id":"9","move_id":"203","pokemon_move_method_id":"4","level":"0","pokemon_id":"24"}{"order":"","version_group_id":"9","move_id":"207","pokemon_move_method_id":"4","level":"0","pokemon_id":"24"}{"order":"","version_group_id":"9","move_id":"213","pokemon_move_method_id":"4","level":"0","pokemon_id":"24"}{"order":"","version_group_id":"9","move_id":"214","pokemon_move_method_id":"4","level":"0","pokemon_id":"24"}{"order":"","version_group_id":"9","move_id":"216","pokemon_move_method_id":"4","level":"0","pokemon_id":"24"}{"order":"","version_group_id":"9","move_id":"218","pokemon_move_method_id":"4","level":"0","pokemon_id":"24"}{"order":"","version_group_id":"9","move_id":"231","pokemon_move_method_id":"4","level":"0","pokemon_id":"24"}{"order":"","version_group_id":"9","move_id":"237","pokemon_move_method_id":"4","level":"0","pokemon_id":"24"}{"order":"","version_group_id":"9","move_id":"240","pokemon_move_method_id":"4","level":"0","pokemon_id":"24"}{"order":"","version_group_id":"9","move_id":"241","pokemon_move_method_id":"4","level":"0","pokemon_id":"24"}{"order":"","version_group_id":"9","move_id":"242","pokemon_move_method_id":"1","level":"22","pokemon_id":"24"}{"order":"1","version_group_id":"9","move_id":"254","pokemon_move_method_id":"1","level":"28","pokemon_id":"24"}{"order":"3","version_group_id":"9","move_id":"255","pokemon_move_method_id":"1","level":"28","pokemon_id":"24"}{"order":"2","version_group_id":"9","move_id":"256","pokemon_move_method_id":"1","level":"28","pokemon_id":"24"}{"order":"","version_group_id":"9","move_id":"259","pokemon_move_method_id":"4","level":"0","pokemon_id":"24"}{"order":"","version_group_id":"9","move_id":"263","pokemon_move_method_id":"4","level":"0","pokemon_id":"24"}{"order":"","version_group_id":"9","move_id":"289","pokemon_move_method_id":"4","level":"0","pokemon_id":"24"}{"order":"","version_group_id":"9","move_id":"290","pokemon_move_method_id":"4","level":"0","pokemon_id":"24"}{"order":"","version_group_id":"9","move_id":"317","pokemon_move_method_id":"4","level":"0","pokemon_id":"24"}{"order":"","version_group_id":"9","move_id":"363","pokemon_move_method_id":"4","level":"0","pokemon_id":"24"}{"order":"","version_group_id":"9","move_id":"371","pokemon_move_method_id":"4","level":"0","pokemon_id":"24"}{"order":"","version_group_id":"9","move_id":"380","pokemon_move_method_id":"1","level":"42","pokemon_id":"24"}{"order":"","version_group_id":"9","move_id":"380","pokemon_move_method_id":"3","level":"0","pokemon_id":"24"}{"order":"","version_group_id":"9","move_id":"398","pokemon_move_method_id":"4","level":"0","pokemon_id":"24"}{"order":"","version_group_id":"9","move_id":"399","pokemon_move_method_id":"4","level":"0","pokemon_id":"24"}{"order":"","version_group_id":"9","move_id":"401","pokemon_move_method_id":"3","level":"0","pokemon_id":"24"}{"order":"","version_group_id":"9","move_id":"402","pokemon_move_method_id":"3","level":"0","pokemon_id":"24"}{"order":"","version_group_id":"9","move_id":"416","pokemon_move_method_id":"4","level":"0","pokemon_id":"24"}{"order":"2","version_group_id":"9","move_id":"422","pokemon_move_method_id":"1","level":"1","pokemon_id":"24"}{"order":"1","version_group_id":"9","move_id":"423","pokemon_move_method_id":"1","level":"1","pokemon_id":"24"}{"order":"3","version_group_id":"9","move_id":"424","pokemon_move_method_id":"1","level":"1","pokemon_id":"24"}{"order":"","version_group_id":"9","move_id":"426","pokemon_move_method_id":"1","level":"34","pokemon_id":"24"}{"order":"","version_group_id":"9","move_id":"441","pokemon_move_method_id":"1","level":"56","pokemon_id":"24"}{"order":"","version_group_id":"9","move_id":"441","pokemon_move_method_id":"3","level":"0","pokemon_id":"24"}{"order":"","version_group_id":"9","move_id":"445","pokemon_move_method_id":"4","level":"0","pokemon_id":"24"}{"order":"","version_group_id":"10","move_id":"29","pokemon_move_method_id":"3","level":"0","pokemon_id":"24"}{"order":"4","version_group_id":"10","move_id":"35","pokemon_move_method_id":"1","level":"1","pokemon_id":"24"}{"order":"6","version_group_id":"10","move_id":"40","pokemon_move_method_id":"1","level":"1","pokemon_id":"24"}{"order":"","version_group_id":"10","move_id":"40","pokemon_move_method_id":"1","level":"4","pokemon_id":"24"}{"order":"5","version_group_id":"10","move_id":"43","pokemon_move_method_id":"1","level":"1","pokemon_id":"24"}{"order":"7","version_group_id":"10","move_id":"44","pokemon_move_method_id":"1","level":"1","pokemon_id":"24"}{"order":"","version_group_id":"10","move_id":"44","pokemon_move_method_id":"1","level":"9","pokemon_id":"24"}{"order":"","version_group_id":"10","move_id":"51","pokemon_move_method_id":"1","level":"20","pokemon_id":"24"}{"order":"","version_group_id":"10","move_id":"63","pokemon_move_method_id":"4","level":"0","pokemon_id":"24"}{"order":"","version_group_id":"10","move_id":"70","pokemon_move_method_id":"4","level":"0","pokemon_id":"24"}{"order":"","version_group_id":"10","move_id":"89","pokemon_move_method_id":"4","level":"0","pokemon_id":"24"}{"order":"","version_group_id":"10","move_id":"91","pokemon_move_method_id":"4","level":"0","pokemon_id":"24"}{"order":"","version_group_id":"10","move_id":"92","pokemon_move_method_id":"4","level":"0","pokemon_id":"24"}{"order":"","version_group_id":"10","move_id":"103","pokemon_move_method_id":"1","level":"17","pokemon_id":"24"}{"order":"","version_group_id":"10","move_id":"104","pokemon_move_method_id":"4","level":"0","pokemon_id":"24"}{"order":"","version_group_id":"10","move_id":"114","pokemon_move_method_id":"1","level":"48","pokemon_id":"24"}{"order":"","version_group_id":"10","move_id":"137","pokemon_move_method_id":"1","level":"12","pokemon_id":"24"}{"order":"","version_group_id":"10","move_id":"156","pokemon_move_method_id":"4","level":"0","pokemon_id":"24"}{"order":"","version_group_id":"10","move_id":"157","pokemon_move_method_id":"4","level":"0","pokemon_id":"24"}{"order":"","version_group_id":"10","move_id":"164","pokemon_move_method_id":"4","level":"0","pokemon_id":"24"}{"order":"","version_group_id":"10","move_id":"168","pokemon_move_method_id":"4","level":"0","pokemon_id":"24"}{"order":"","version_group_id":"10","move_id":"173","pokemon_move_method_id":"3","level":"0","pokemon_id":"24"}{"order":"","version_group_id":"10","move_id":"180","pokemon_move_method_id":"3","level":"0","pokemon_id":"24"}{"order":"","version_group_id":"10","move_id":"182","pokemon_move_method_id":"4","level":"0","pokemon_id":"24"}{"order":"","version_group_id":"10","move_id":"188","pokemon_move_method_id":"4","level":"0","pokemon_id":"24"}{"order":"","version_group_id":"10","move_id":"202","pokemon_move_method_id":"4","level":"0","pokemon_id":"24"}{"order":"","version_group_id":"10","move_id":"203","pokemon_move_method_id":"4","level":"0","pokemon_id":"24"}{"order":"","version_group_id":"10","move_id":"207","pokemon_move_method_id":"4","level":"0","pokemon_id":"24"}{"order":"","version_group_id":"10","move_id":"213","pokemon_move_method_id":"4","level":"0","pokemon_id":"24"}{"order":"","version_group_id":"10","move_id":"214","pokemon_move_method_id":"4","level":"0","pokemon_id":"24"}{"order":"","version_group_id":"10","move_id":"216","pokemon_move_method_id":"4","level":"0","pokemon_id":"24"}{"order":"","version_group_id":"10","move_id":"218","pokemon_move_method_id":"4","level":"0","pokemon_id":"24"}{"order":"","version_group_id":"10","move_id":"231","pokemon_move_method_id":"4","level":"0","pokemon_id":"24"}{"order":"","version_group_id":"10","move_id":"237","pokemon_move_method_id":"4","level":"0","pokemon_id":"24"}{"order":"","version_group_id":"10","move_id":"240","pokemon_move_method_id":"4","level":"0","pokemon_id":"24"}{"order":"","version_group_id":"10","move_id":"241","pokemon_move_method_id":"4","level":"0","pokemon_id":"24"}{"order":"","version_group_id":"10","move_id":"242","pokemon_move_method_id":"1","level":"22","pokemon_id":"24"}{"order":"1","version_group_id":"10","move_id":"254","pokemon_move_method_id":"1","level":"28","pokemon_id":"24"}{"order":"3","version_group_id":"10","move_id":"255","pokemon_move_method_id":"1","level":"28","pokemon_id":"24"}{"order":"2","version_group_id":"10","move_id":"256","pokemon_move_method_id":"1","level":"28","pokemon_id":"24"}{"order":"","version_group_id":"10","move_id":"259","pokemon_move_method_id":"4","level":"0","pokemon_id":"24"}{"order":"","version_group_id":"10","move_id":"263","pokemon_move_method_id":"4","level":"0","pokemon_id":"24"}{"order":"","version_group_id":"10","move_id":"289","pokemon_move_method_id":"4","level":"0","pokemon_id":"24"}{"order":"","version_group_id":"10","move_id":"290","pokemon_move_method_id":"4","level":"0","pokemon_id":"24"}{"order":"","version_group_id":"10","move_id":"317","pokemon_move_method_id":"4","level":"0","pokemon_id":"24"}{"order":"","version_group_id":"10","move_id":"363","pokemon_move_method_id":"4","level":"0","pokemon_id":"24"}{"order":"","version_group_id":"10","move_id":"371","pokemon_move_method_id":"4","level":"0","pokemon_id":"24"}{"order":"","version_group_id":"10","move_id":"380","pokemon_move_method_id":"1","level":"42","pokemon_id":"24"}{"order":"","version_group_id":"10","move_id":"380","pokemon_move_method_id":"3","level":"0","pokemon_id":"24"}{"order":"","version_group_id":"10","move_id":"398","pokemon_move_method_id":"4","level":"0","pokemon_id":"24"}{"order":"","version_group_id":"10","move_id":"399","pokemon_move_method_id":"4","level":"0","pokemon_id":"24"}{"order":"","version_group_id":"10","move_id":"401","pokemon_move_method_id":"3","level":"0","pokemon_id":"24"}{"order":"","version_group_id":"10","move_id":"402","pokemon_move_method_id":"3","level":"0","pokemon_id":"24"}{"order":"","version_group_id":"10","move_id":"416","pokemon_move_method_id":"4","level":"0","pokemon_id":"24"}{"order":"2","version_group_id":"10","move_id":"422","pokemon_move_method_id":"1","level":"1","pokemon_id":"24"}{"order":"1","version_group_id":"10","move_id":"423","pokemon_move_method_id":"1","level":"1","pokemon_id":"24"}{"order":"3","version_group_id":"10","move_id":"424","pokemon_move_method_id":"1","level":"1","pokemon_id":"24"}{"order":"","version_group_id":"10","move_id":"426","pokemon_move_method_id":"1","level":"34","pokemon_id":"24"}{"order":"","version_group_id":"10","move_id":"441","pokemon_move_method_id":"1","level":"56","pokemon_id":"24"}{"order":"","version_group_id":"10","move_id":"441","pokemon_move_method_id":"3","level":"0","pokemon_id":"24"}{"order":"","version_group_id":"10","move_id":"445","pokemon_move_method_id":"4","level":"0","pokemon_id":"24"}{"order":"4","version_group_id":"11","move_id":"35","pokemon_move_method_id":"1","level":"1","pokemon_id":"24"}{"order":"6","version_group_id":"11","move_id":"40","pokemon_move_method_id":"1","level":"1","pokemon_id":"24"}{"order":"","version_group_id":"11","move_id":"40","pokemon_move_method_id":"1","level":"4","pokemon_id":"24"}{"order":"5","version_group_id":"11","move_id":"43","pokemon_move_method_id":"1","level":"1","pokemon_id":"24"}{"order":"7","version_group_id":"11","move_id":"44","pokemon_move_method_id":"1","level":"1","pokemon_id":"24"}{"order":"","version_group_id":"11","move_id":"44","pokemon_move_method_id":"1","level":"9","pokemon_id":"24"}{"order":"","version_group_id":"11","move_id":"51","pokemon_move_method_id":"1","level":"20","pokemon_id":"24"}{"order":"","version_group_id":"11","move_id":"63","pokemon_move_method_id":"4","level":"0","pokemon_id":"24"}{"order":"","version_group_id":"11","move_id":"70","pokemon_move_method_id":"4","level":"0","pokemon_id":"24"}{"order":"","version_group_id":"11","move_id":"89","pokemon_move_method_id":"4","level":"0","pokemon_id":"24"}{"order":"","version_group_id":"11","move_id":"91","pokemon_move_method_id":"4","level":"0","pokemon_id":"24"}{"order":"","version_group_id":"11","move_id":"92","pokemon_move_method_id":"4","level":"0","pokemon_id":"24"}{"order":"","version_group_id":"11","move_id":"103","pokemon_move_method_id":"1","level":"17","pokemon_id":"24"}{"order":"","version_group_id":"11","move_id":"104","pokemon_move_method_id":"4","level":"0","pokemon_id":"24"}{"order":"","version_group_id":"11","move_id":"114","pokemon_move_method_id":"1","level":"51","pokemon_id":"24"}{"order":"","version_group_id":"11","move_id":"137","pokemon_move_method_id":"1","level":"12","pokemon_id":"24"}{"order":"","version_group_id":"11","move_id":"156","pokemon_move_method_id":"4","level":"0","pokemon_id":"24"}{"order":"","version_group_id":"11","move_id":"157","pokemon_move_method_id":"4","level":"0","pokemon_id":"24"}{"order":"","version_group_id":"11","move_id":"164","pokemon_move_method_id":"4","level":"0","pokemon_id":"24"}{"order":"","version_group_id":"11","move_id":"168","pokemon_move_method_id":"4","level":"0","pokemon_id":"24"}{"order":"","version_group_id":"11","move_id":"182","pokemon_move_method_id":"4","level":"0","pokemon_id":"24"}{"order":"","version_group_id":"11","move_id":"188","pokemon_move_method_id":"4","level":"0","pokemon_id":"24"}{"order":"","version_group_id":"11","move_id":"207","pokemon_move_method_id":"4","level":"0","pokemon_id":"24"}{"order":"","version_group_id":"11","move_id":"213","pokemon_move_method_id":"4","level":"0","pokemon_id":"24"}{"order":"","version_group_id":"11","move_id":"216","pokemon_move_method_id":"4","level":"0","pokemon_id":"24"}{"order":"","version_group_id":"11","move_id":"218","pokemon_move_method_id":"4","level":"0","pokemon_id":"24"}{"order":"","version_group_id":"11","move_id":"237","pokemon_move_method_id":"4","level":"0","pokemon_id":"24"}{"order":"","version_group_id":"11","move_id":"240","pokemon_move_method_id":"4","level":"0","pokemon_id":"24"}{"order":"","version_group_id":"11","move_id":"241","pokemon_move_method_id":"4","level":"0","pokemon_id":"24"}{"order":"","version_group_id":"11","move_id":"242","pokemon_move_method_id":"1","level":"22","pokemon_id":"24"}{"order":"1","version_group_id":"11","move_id":"254","pokemon_move_method_id":"1","level":"27","pokemon_id":"24"}{"order":"3","version_group_id":"11","move_id":"255","pokemon_move_method_id":"1","level":"27","pokemon_id":"24"}{"order":"2","version_group_id":"11","move_id":"256","pokemon_move_method_id":"1","level":"27","pokemon_id":"24"}{"order":"","version_group_id":"11","move_id":"259","pokemon_move_method_id":"4","level":"0","pokemon_id":"24"}{"order":"","version_group_id":"11","move_id":"263","pokemon_move_method_id":"4","level":"0","pokemon_id":"24"}{"order":"","version_group_id":"11","move_id":"317","pokemon_move_method_id":"4","level":"0","pokemon_id":"24"}{"order":"","version_group_id":"11","move_id":"371","pokemon_move_method_id":"4","level":"0","pokemon_id":"24"}{"order":"","version_group_id":"11","move_id":"380","pokemon_move_method_id":"1","level":"44","pokemon_id":"24"}{"order":"","version_group_id":"11","move_id":"398","pokemon_move_method_id":"4","level":"0","pokemon_id":"24"}{"order":"","version_group_id":"11","move_id":"416","pokemon_move_method_id":"4","level":"0","pokemon_id":"24"}{"order":"2","version_group_id":"11","move_id":"422","pokemon_move_method_id":"1","level":"1","pokemon_id":"24"}{"order":"1","version_group_id":"11","move_id":"423","pokemon_move_method_id":"1","level":"1","pokemon_id":"24"}{"order":"3","version_group_id":"11","move_id":"424","pokemon_move_method_id":"1","level":"1","pokemon_id":"24"}{"order":"","version_group_id":"11","move_id":"426","pokemon_move_method_id":"1","level":"39","pokemon_id":"24"}{"order":"","version_group_id":"11","move_id":"441","pokemon_move_method_id":"1","level":"63","pokemon_id":"24"}{"order":"","version_group_id":"11","move_id":"474","pokemon_move_method_id":"4","level":"0","pokemon_id":"24"}{"order":"","version_group_id":"11","move_id":"482","pokemon_move_method_id":"4","level":"0","pokemon_id":"24"}{"order":"","version_group_id":"11","move_id":"489","pokemon_move_method_id":"1","level":"56","pokemon_id":"24"}{"order":"","version_group_id":"11","move_id":"491","pokemon_move_method_id":"1","level":"32","pokemon_id":"24"}{"order":"","version_group_id":"11","move_id":"496","pokemon_move_method_id":"4","level":"0","pokemon_id":"24"}{"order":"","version_group_id":"11","move_id":"523","pokemon_move_method_id":"4","level":"0","pokemon_id":"24"}{"order":"","version_group_id":"11","move_id":"525","pokemon_move_method_id":"4","level":"0","pokemon_id":"24"}{"order":"1","version_group_id":"12","move_id":"35","pokemon_move_method_id":"1","level":"1","pokemon_id":"24"}{"order":"3","version_group_id":"12","move_id":"40","pokemon_move_method_id":"1","level":"1","pokemon_id":"24"}{"order":"","version_group_id":"12","move_id":"40","pokemon_move_method_id":"1","level":"8","pokemon_id":"24"}{"order":"2","version_group_id":"12","move_id":"43","pokemon_move_method_id":"1","level":"1","pokemon_id":"24"}{"order":"4","version_group_id":"12","move_id":"44","pokemon_move_method_id":"1","level":"1","pokemon_id":"24"}{"order":"","version_group_id":"12","move_id":"44","pokemon_move_method_id":"1","level":"13","pokemon_id":"24"}{"order":"","version_group_id":"12","move_id":"51","pokemon_move_method_id":"1","level":"38","pokemon_id":"24"}{"order":"","version_group_id":"12","move_id":"63","pokemon_move_method_id":"4","level":"0","pokemon_id":"24"}{"order":"","version_group_id":"12","move_id":"70","pokemon_move_method_id":"4","level":"0","pokemon_id":"24"}{"order":"","version_group_id":"12","move_id":"89","pokemon_move_method_id":"4","level":"0","pokemon_id":"24"}{"order":"","version_group_id":"12","move_id":"91","pokemon_move_method_id":"4","level":"0","pokemon_id":"24"}{"order":"","version_group_id":"12","move_id":"92","pokemon_move_method_id":"4","level":"0","pokemon_id":"24"}{"order":"","version_group_id":"12","move_id":"103","pokemon_move_method_id":"1","level":"28","pokemon_id":"24"}{"order":"","version_group_id":"12","move_id":"104","pokemon_move_method_id":"4","level":"0","pokemon_id":"24"}{"order":"","version_group_id":"12","move_id":"114","pokemon_move_method_id":"1","level":"56","pokemon_id":"24"}{"order":"","version_group_id":"12","move_id":"137","pokemon_move_method_id":"1","level":"20","pokemon_id":"24"}{"order":"","version_group_id":"12","move_id":"156","pokemon_move_method_id":"4","level":"0","pokemon_id":"24"}{"order":"","version_group_id":"12","move_id":"168","pokemon_move_method_id":"4","level":"0","pokemon_id":"24"}{"order":"","version_group_id":"12","move_id":"182","pokemon_move_method_id":"4","level":"0","pokemon_id":"24"}{"order":"","version_group_id":"12","move_id":"188","pokemon_move_method_id":"4","level":"0","pokemon_id":"24"}{"order":"","version_group_id":"12","move_id":"202","pokemon_move_method_id":"4","level":"0","pokemon_id":"24"}{"order":"","version_group_id":"12","move_id":"213","pokemon_move_method_id":"4","level":"0","pokemon_id":"24"}{"order":"","version_group_id":"12","move_id":"216","pokemon_move_method_id":"4","level":"0","pokemon_id":"24"}{"order":"","version_group_id":"12","move_id":"218","pokemon_move_method_id":"4","level":"0","pokemon_id":"24"}{"order":"","version_group_id":"12","move_id":"231","pokemon_move_method_id":"4","level":"0","pokemon_id":"24"}{"order":"","version_group_id":"12","move_id":"237","pokemon_move_method_id":"4","level":"0","pokemon_id":"24"}{"order":"","version_group_id":"12","move_id":"240","pokemon_move_method_id":"4","level":"0","pokemon_id":"24"}{"order":"","version_group_id":"12","move_id":"241","pokemon_move_method_id":"4","level":"0","pokemon_id":"24"}{"order":"","version_group_id":"12","move_id":"254","pokemon_move_method_id":"1","level":"46","pokemon_id":"24"}{"order":"6","version_group_id":"12","move_id":"255","pokemon_move_method_id":"1","level":"46","pokemon_id":"24"}{"order":"5","version_group_id":"12","move_id":"256","pokemon_move_method_id":"1","level":"46","pokemon_id":"24"}{"order":"","version_group_id":"12","move_id":"259","pokemon_move_method_id":"4","level":"0","pokemon_id":"24"}{"order":"","version_group_id":"12","move_id":"263","pokemon_move_method_id":"4","level":"0","pokemon_id":"24"}{"order":"","version_group_id":"12","move_id":"289","pokemon_move_method_id":"4","level":"0","pokemon_id":"24"}{"order":"","version_group_id":"12","move_id":"290","pokemon_move_method_id":"4","level":"0","pokemon_id":"24"}{"order":"","version_group_id":"13","move_id":"34","pokemon_move_method_id":"3","level":"0","pokemon_id":"24"}{"order":"1","version_group_id":"13","move_id":"35","pokemon_move_method_id":"1","level":"1","pokemon_id":"24"}{"order":"","version_group_id":"13","move_id":"38","pokemon_move_method_id":"3","level":"0","pokemon_id":"24"}{"order":"3","version_group_id":"13","move_id":"40","pokemon_move_method_id":"1","level":"1","pokemon_id":"24"}{"order":"","version_group_id":"13","move_id":"40","pokemon_move_method_id":"1","level":"8","pokemon_id":"24"}{"order":"2","version_group_id":"13","move_id":"43","pokemon_move_method_id":"1","level":"1","pokemon_id":"24"}{"order":"4","version_group_id":"13","move_id":"44","pokemon_move_method_id":"1","level":"1","pokemon_id":"24"}{"order":"","version_group_id":"13","move_id":"44","pokemon_move_method_id":"1","level":"13","pokemon_id":"24"}{"order":"","version_group_id":"13","move_id":"51","pokemon_move_method_id":"1","level":"38","pokemon_id":"24"}{"order":"","version_group_id":"13","move_id":"63","pokemon_move_method_id":"4","level":"0","pokemon_id":"24"}{"order":"","version_group_id":"13","move_id":"70","pokemon_move_method_id":"4","level":"0","pokemon_id":"24"}{"order":"","version_group_id":"13","move_id":"89","pokemon_move_method_id":"4","level":"0","pokemon_id":"24"}{"order":"","version_group_id":"13","move_id":"91","pokemon_move_method_id":"4","level":"0","pokemon_id":"24"}{"order":"","version_group_id":"13","move_id":"92","pokemon_move_method_id":"4","level":"0","pokemon_id":"24"}{"order":"","version_group_id":"13","move_id":"102","pokemon_move_method_id":"3","level":"0","pokemon_id":"24"}{"order":"","version_group_id":"13","move_id":"103","pokemon_move_method_id":"1","level":"28","pokemon_id":"24"}{"order":"","version_group_id":"13","move_id":"104","pokemon_move_method_id":"4","level":"0","pokemon_id":"24"}{"order":"","version_group_id":"13","move_id":"114","pokemon_move_method_id":"1","level":"56","pokemon_id":"24"}{"order":"","version_group_id":"13","move_id":"137","pokemon_move_method_id":"1","level":"20","pokemon_id":"24"}{"order":"","version_group_id":"13","move_id":"156","pokemon_move_method_id":"4","level":"0","pokemon_id":"24"}{"order":"","version_group_id":"13","move_id":"164","pokemon_move_method_id":"3","level":"0","pokemon_id":"24"}{"order":"","version_group_id":"13","move_id":"168","pokemon_move_method_id":"4","level":"0","pokemon_id":"24"}{"order":"","version_group_id":"13","move_id":"182","pokemon_move_method_id":"4","level":"0","pokemon_id":"24"}{"order":"","version_group_id":"13","move_id":"188","pokemon_move_method_id":"4","level":"0","pokemon_id":"24"}{"order":"","version_group_id":"13","move_id":"202","pokemon_move_method_id":"4","level":"0","pokemon_id":"24"}{"order":"","version_group_id":"13","move_id":"207","pokemon_move_method_id":"3","level":"0","pokemon_id":"24"}{"order":"","version_group_id":"13","move_id":"213","pokemon_move_method_id":"4","level":"0","pokemon_id":"24"}{"order":"","version_group_id":"13","move_id":"216","pokemon_move_method_id":"4","level":"0","pokemon_id":"24"}{"order":"","version_group_id":"13","move_id":"218","pokemon_move_method_id":"4","level":"0","pokemon_id":"24"}{"order":"","version_group_id":"13","move_id":"231","pokemon_move_method_id":"4","level":"0","pokemon_id":"24"}{"order":"","version_group_id":"13","move_id":"237","pokemon_move_method_id":"4","level":"0","pokemon_id":"24"}{"order":"","version_group_id":"13","move_id":"240","pokemon_move_method_id":"4","level":"0","pokemon_id":"24"}{"order":"","version_group_id":"13","move_id":"241","pokemon_move_method_id":"4","level":"0","pokemon_id":"24"}{"order":"","version_group_id":"13","move_id":"254","pokemon_move_method_id":"1","level":"46","pokemon_id":"24"}{"order":"6","version_group_id":"13","move_id":"255","pokemon_move_method_id":"1","level":"46","pokemon_id":"24"}{"order":"5","version_group_id":"13","move_id":"256","pokemon_move_method_id":"1","level":"46","pokemon_id":"24"}{"order":"","version_group_id":"13","move_id":"259","pokemon_move_method_id":"4","level":"0","pokemon_id":"24"}{"order":"","version_group_id":"13","move_id":"263","pokemon_move_method_id":"4","level":"0","pokemon_id":"24"}{"order":"","version_group_id":"13","move_id":"289","pokemon_move_method_id":"4","level":"0","pokemon_id":"24"}{"order":"","version_group_id":"13","move_id":"290","pokemon_move_method_id":"4","level":"0","pokemon_id":"24"}{"order":"","version_group_id":"14","move_id":"20","pokemon_move_method_id":"3","level":"0","pokemon_id":"24"}{"order":"4","version_group_id":"14","move_id":"35","pokemon_move_method_id":"1","level":"1","pokemon_id":"24"}{"order":"6","version_group_id":"14","move_id":"40","pokemon_move_method_id":"1","level":"1","pokemon_id":"24"}{"order":"","version_group_id":"14","move_id":"40","pokemon_move_method_id":"1","level":"4","pokemon_id":"24"}{"order":"5","version_group_id":"14","move_id":"43","pokemon_move_method_id":"1","level":"1","pokemon_id":"24"}{"order":"7","version_group_id":"14","move_id":"44","pokemon_move_method_id":"1","level":"1","pokemon_id":"24"}{"order":"","version_group_id":"14","move_id":"44","pokemon_move_method_id":"1","level":"9","pokemon_id":"24"}{"order":"","version_group_id":"14","move_id":"51","pokemon_move_method_id":"1","level":"20","pokemon_id":"24"}{"order":"","version_group_id":"14","move_id":"63","pokemon_move_method_id":"4","level":"0","pokemon_id":"24"}{"order":"","version_group_id":"14","move_id":"70","pokemon_move_method_id":"4","level":"0","pokemon_id":"24"}{"order":"","version_group_id":"14","move_id":"89","pokemon_move_method_id":"4","level":"0","pokemon_id":"24"}{"order":"","version_group_id":"14","move_id":"91","pokemon_move_method_id":"4","level":"0","pokemon_id":"24"}{"order":"","version_group_id":"14","move_id":"92","pokemon_move_method_id":"4","level":"0","pokemon_id":"24"}{"order":"","version_group_id":"14","move_id":"103","pokemon_move_method_id":"1","level":"17","pokemon_id":"24"}{"order":"","version_group_id":"14","move_id":"104","pokemon_move_method_id":"4","level":"0","pokemon_id":"24"}{"order":"","version_group_id":"14","move_id":"114","pokemon_move_method_id":"1","level":"51","pokemon_id":"24"}{"order":"","version_group_id":"14","move_id":"137","pokemon_move_method_id":"1","level":"12","pokemon_id":"24"}{"order":"","version_group_id":"14","move_id":"156","pokemon_move_method_id":"4","level":"0","pokemon_id":"24"}{"order":"","version_group_id":"14","move_id":"157","pokemon_move_method_id":"4","level":"0","pokemon_id":"24"}{"order":"","version_group_id":"14","move_id":"164","pokemon_move_method_id":"4","level":"0","pokemon_id":"24"}{"order":"","version_group_id":"14","move_id":"168","pokemon_move_method_id":"4","level":"0","pokemon_id":"24"}{"order":"","version_group_id":"14","move_id":"173","pokemon_move_method_id":"3","level":"0","pokemon_id":"24"}{"order":"","version_group_id":"14","move_id":"180","pokemon_move_method_id":"3","level":"0","pokemon_id":"24"}{"order":"","version_group_id":"14","move_id":"182","pokemon_move_method_id":"4","level":"0","pokemon_id":"24"}{"order":"","version_group_id":"14","move_id":"188","pokemon_move_method_id":"4","level":"0","pokemon_id":"24"}{"order":"","version_group_id":"14","move_id":"202","pokemon_move_method_id":"3","level":"0","pokemon_id":"24"}{"order":"","version_group_id":"14","move_id":"207","pokemon_move_method_id":"4","level":"0","pokemon_id":"24"}{"order":"","version_group_id":"14","move_id":"213","pokemon_move_method_id":"4","level":"0","pokemon_id":"24"}{"order":"","version_group_id":"14","move_id":"214","pokemon_move_method_id":"3","level":"0","pokemon_id":"24"}{"order":"","version_group_id":"14","move_id":"216","pokemon_move_method_id":"4","level":"0","pokemon_id":"24"}{"order":"","version_group_id":"14","move_id":"218","pokemon_move_method_id":"4","level":"0","pokemon_id":"24"}{"order":"","version_group_id":"14","move_id":"231","pokemon_move_method_id":"3","level":"0","pokemon_id":"24"}{"order":"","version_group_id":"14","move_id":"237","pokemon_move_method_id":"4","level":"0","pokemon_id":"24"}{"order":"","version_group_id":"14","move_id":"240","pokemon_move_method_id":"4","level":"0","pokemon_id":"24"}{"order":"","version_group_id":"14","move_id":"241","pokemon_move_method_id":"4","level":"0","pokemon_id":"24"}{"order":"","version_group_id":"14","move_id":"242","pokemon_move_method_id":"1","level":"22","pokemon_id":"24"}{"order":"1","version_group_id":"14","move_id":"254","pokemon_move_method_id":"1","level":"27","pokemon_id":"24"}{"order":"3","version_group_id":"14","move_id":"255","pokemon_move_method_id":"1","level":"27","pokemon_id":"24"}{"order":"2","version_group_id":"14","move_id":"256","pokemon_move_method_id":"1","level":"27","pokemon_id":"24"}{"order":"","version_group_id":"14","move_id":"259","pokemon_move_method_id":"4","level":"0","pokemon_id":"24"}{"order":"","version_group_id":"14","move_id":"263","pokemon_move_method_id":"4","level":"0","pokemon_id":"24"}{"order":"","version_group_id":"14","move_id":"289","pokemon_move_method_id":"3","level":"0","pokemon_id":"24"}{"order":"","version_group_id":"14","move_id":"317","pokemon_move_method_id":"4","level":"0","pokemon_id":"24"}{"order":"","version_group_id":"14","move_id":"371","pokemon_move_method_id":"4","level":"0","pokemon_id":"24"}{"order":"","version_group_id":"14","move_id":"380","pokemon_move_method_id":"1","level":"44","pokemon_id":"24"}{"order":"","version_group_id":"14","move_id":"380","pokemon_move_method_id":"3","level":"0","pokemon_id":"24"}{"order":"","version_group_id":"14","move_id":"398","pokemon_move_method_id":"4","level":"0","pokemon_id":"24"}{"order":"","version_group_id":"14","move_id":"399","pokemon_move_method_id":"3","level":"0","pokemon_id":"24"}{"order":"","version_group_id":"14","move_id":"401","pokemon_move_method_id":"3","level":"0","pokemon_id":"24"}{"order":"","version_group_id":"14","move_id":"402","pokemon_move_method_id":"3","level":"0","pokemon_id":"24"}{"order":"","version_group_id":"14","move_id":"416","pokemon_move_method_id":"4","level":"0","pokemon_id":"24"}{"order":"2","version_group_id":"14","move_id":"422","pokemon_move_method_id":"1","level":"1","pokemon_id":"24"}{"order":"1","version_group_id":"14","move_id":"423","pokemon_move_method_id":"1","level":"1","pokemon_id":"24"}{"order":"3","version_group_id":"14","move_id":"424","pokemon_move_method_id":"1","level":"1","pokemon_id":"24"}{"order":"","version_group_id":"14","move_id":"426","pokemon_move_method_id":"1","level":"39","pokemon_id":"24"}{"order":"","version_group_id":"14","move_id":"441","pokemon_move_method_id":"1","level":"63","pokemon_id":"24"}{"order":"","version_group_id":"14","move_id":"441","pokemon_move_method_id":"3","level":"0","pokemon_id":"24"}{"order":"","version_group_id":"14","move_id":"474","pokemon_move_method_id":"4","level":"0","pokemon_id":"24"}{"order":"","version_group_id":"14","move_id":"482","pokemon_move_method_id":"4","level":"0","pokemon_id":"24"}{"order":"","version_group_id":"14","move_id":"489","pokemon_move_method_id":"1","level":"56","pokemon_id":"24"}{"order":"","version_group_id":"14","move_id":"491","pokemon_move_method_id":"1","level":"32","pokemon_id":"24"}{"order":"","version_group_id":"14","move_id":"496","pokemon_move_method_id":"4","level":"0","pokemon_id":"24"}{"order":"","version_group_id":"14","move_id":"523","pokemon_move_method_id":"4","level":"0","pokemon_id":"24"}{"order":"","version_group_id":"14","move_id":"525","pokemon_move_method_id":"4","level":"0","pokemon_id":"24"}{"order":"4","version_group_id":"15","move_id":"35","pokemon_move_method_id":"1","level":"1","pokemon_id":"24"}{"order":"6","version_group_id":"15","move_id":"40","pokemon_move_method_id":"1","level":"1","pokemon_id":"24"}{"order":"","version_group_id":"15","move_id":"40","pokemon_move_method_id":"1","level":"4","pokemon_id":"24"}{"order":"5","version_group_id":"15","move_id":"43","pokemon_move_method_id":"1","level":"1","pokemon_id":"24"}{"order":"7","version_group_id":"15","move_id":"44","pokemon_move_method_id":"1","level":"1","pokemon_id":"24"}{"order":"","version_group_id":"15","move_id":"44","pokemon_move_method_id":"1","level":"9","pokemon_id":"24"}{"order":"","version_group_id":"15","move_id":"51","pokemon_move_method_id":"1","level":"20","pokemon_id":"24"}{"order":"","version_group_id":"15","move_id":"63","pokemon_move_method_id":"4","level":"0","pokemon_id":"24"}{"order":"","version_group_id":"15","move_id":"70","pokemon_move_method_id":"4","level":"0","pokemon_id":"24"}{"order":"","version_group_id":"15","move_id":"89","pokemon_move_method_id":"4","level":"0","pokemon_id":"24"}{"order":"","version_group_id":"15","move_id":"91","pokemon_move_method_id":"4","level":"0","pokemon_id":"24"}{"order":"","version_group_id":"15","move_id":"92","pokemon_move_method_id":"4","level":"0","pokemon_id":"24"}{"order":"","version_group_id":"15","move_id":"103","pokemon_move_method_id":"1","level":"17","pokemon_id":"24"}{"order":"","version_group_id":"15","move_id":"104","pokemon_move_method_id":"4","level":"0","pokemon_id":"24"}{"order":"","version_group_id":"15","move_id":"114","pokemon_move_method_id":"1","level":"51","pokemon_id":"24"}{"order":"","version_group_id":"15","move_id":"137","pokemon_move_method_id":"1","level":"12","pokemon_id":"24"}{"order":"","version_group_id":"15","move_id":"156","pokemon_move_method_id":"4","level":"0","pokemon_id":"24"}{"order":"","version_group_id":"15","move_id":"157","pokemon_move_method_id":"4","level":"0","pokemon_id":"24"}{"order":"","version_group_id":"15","move_id":"164","pokemon_move_method_id":"4","level":"0","pokemon_id":"24"}{"order":"","version_group_id":"15","move_id":"168","pokemon_move_method_id":"4","level":"0","pokemon_id":"24"}{"order":"","version_group_id":"15","move_id":"182","pokemon_move_method_id":"4","level":"0","pokemon_id":"24"}{"order":"","version_group_id":"15","move_id":"188","pokemon_move_method_id":"4","level":"0","pokemon_id":"24"}{"order":"","version_group_id":"15","move_id":"207","pokemon_move_method_id":"4","level":"0","pokemon_id":"24"}{"order":"","version_group_id":"15","move_id":"213","pokemon_move_method_id":"4","level":"0","pokemon_id":"24"}{"order":"","version_group_id":"15","move_id":"214","pokemon_move_method_id":"4","level":"0","pokemon_id":"24"}{"order":"","version_group_id":"15","move_id":"216","pokemon_move_method_id":"4","level":"0","pokemon_id":"24"}{"order":"","version_group_id":"15","move_id":"218","pokemon_move_method_id":"4","level":"0","pokemon_id":"24"}{"order":"","version_group_id":"15","move_id":"237","pokemon_move_method_id":"4","level":"0","pokemon_id":"24"}{"order":"","version_group_id":"15","move_id":"240","pokemon_move_method_id":"4","level":"0","pokemon_id":"24"}{"order":"","version_group_id":"15","move_id":"241","pokemon_move_method_id":"4","level":"0","pokemon_id":"24"}{"order":"","version_group_id":"15","move_id":"242","pokemon_move_method_id":"1","level":"22","pokemon_id":"24"}{"order":"1","version_group_id":"15","move_id":"254","pokemon_move_method_id":"1","level":"27","pokemon_id":"24"}{"order":"3","version_group_id":"15","move_id":"255","pokemon_move_method_id":"1","level":"27","pokemon_id":"24"}{"order":"2","version_group_id":"15","move_id":"256","pokemon_move_method_id":"1","level":"27","pokemon_id":"24"}{"order":"","version_group_id":"15","move_id":"259","pokemon_move_method_id":"4","level":"0","pokemon_id":"24"}{"order":"","version_group_id":"15","move_id":"263","pokemon_move_method_id":"4","level":"0","pokemon_id":"24"}{"order":"","version_group_id":"15","move_id":"317","pokemon_move_method_id":"4","level":"0","pokemon_id":"24"}{"order":"","version_group_id":"15","move_id":"371","pokemon_move_method_id":"4","level":"0","pokemon_id":"24"}{"order":"","version_group_id":"15","move_id":"380","pokemon_move_method_id":"1","level":"44","pokemon_id":"24"}{"order":"","version_group_id":"15","move_id":"398","pokemon_move_method_id":"4","level":"0","pokemon_id":"24"}{"order":"","version_group_id":"15","move_id":"399","pokemon_move_method_id":"4","level":"0","pokemon_id":"24"}{"order":"","version_group_id":"15","move_id":"416","pokemon_move_method_id":"4","level":"0","pokemon_id":"24"}{"order":"2","version_group_id":"15","move_id":"422","pokemon_move_method_id":"1","level":"1","pokemon_id":"24"}{"order":"1","version_group_id":"15","move_id":"423","pokemon_move_method_id":"1","level":"1","pokemon_id":"24"}{"order":"3","version_group_id":"15","move_id":"424","pokemon_move_method_id":"1","level":"1","pokemon_id":"24"}{"order":"","version_group_id":"15","move_id":"426","pokemon_move_method_id":"1","level":"39","pokemon_id":"24"}{"order":"","version_group_id":"15","move_id":"441","pokemon_move_method_id":"1","level":"63","pokemon_id":"24"}{"order":"","version_group_id":"15","move_id":"474","pokemon_move_method_id":"4","level":"0","pokemon_id":"24"}{"order":"","version_group_id":"15","move_id":"482","pokemon_move_method_id":"4","level":"0","pokemon_id":"24"}{"order":"","version_group_id":"15","move_id":"489","pokemon_move_method_id":"1","level":"56","pokemon_id":"24"}{"order":"","version_group_id":"15","move_id":"491","pokemon_move_method_id":"1","level":"32","pokemon_id":"24"}{"order":"","version_group_id":"15","move_id":"496","pokemon_move_method_id":"4","level":"0","pokemon_id":"24"}{"order":"","version_group_id":"15","move_id":"523","pokemon_move_method_id":"4","level":"0","pokemon_id":"24"}{"order":"","version_group_id":"15","move_id":"525","pokemon_move_method_id":"4","level":"0","pokemon_id":"24"}{"order":"","version_group_id":"15","move_id":"562","pokemon_move_method_id":"1","level":"48","pokemon_id":"24"}{"order":"","version_group_id":"15","move_id":"590","pokemon_move_method_id":"4","level":"0","pokemon_id":"24"}{"order":"","version_group_id":"15","move_id":"611","pokemon_move_method_id":"4","level":"0","pokemon_id":"24"}