{"order":"","version_group_id":"9","move_id":"15","pokemon_move_method_id":"4","level":"0","pokemon_id":"10007"}{"order":"","version_group_id":"9","move_id":"19","pokemon_move_method_id":"4","level":"0","pokemon_id":"10007"}{"order":"","version_group_id":"9","move_id":"46","pokemon_move_method_id":"4","level":"0","pokemon_id":"10007"}{"order":"","version_group_id":"9","move_id":"63","pokemon_move_method_id":"4","level":"0","pokemon_id":"10007"}{"order":"","version_group_id":"9","move_id":"70","pokemon_move_method_id":"4","level":"0","pokemon_id":"10007"}{"order":"","version_group_id":"9","move_id":"85","pokemon_move_method_id":"4","level":"0","pokemon_id":"10007"}{"order":"","version_group_id":"9","move_id":"86","pokemon_move_method_id":"4","level":"0","pokemon_id":"10007"}{"order":"","version_group_id":"9","move_id":"87","pokemon_move_method_id":"4","level":"0","pokemon_id":"10007"}{"order":"","version_group_id":"9","move_id":"89","pokemon_move_method_id":"4","level":"0","pokemon_id":"10007"}{"order":"","version_group_id":"9","move_id":"92","pokemon_move_method_id":"4","level":"0","pokemon_id":"10007"}{"order":"","version_group_id":"9","move_id":"94","pokemon_move_method_id":"4","level":"0","pokemon_id":"10007"}{"order":"","version_group_id":"9","move_id":"104","pokemon_move_method_id":"4","level":"0","pokemon_id":"10007"}{"order":"","version_group_id":"9","move_id":"129","pokemon_move_method_id":"3","level":"0","pokemon_id":"10007"}{"order":"","version_group_id":"9","move_id":"138","pokemon_move_method_id":"4","level":"0","pokemon_id":"10007"}{"order":"","version_group_id":"9","move_id":"156","pokemon_move_method_id":"4","level":"0","pokemon_id":"10007"}{"order":"","version_group_id":"9","move_id":"163","pokemon_move_method_id":"1","level":"70","pokemon_id":"10007"}{"order":"","version_group_id":"9","move_id":"164","pokemon_move_method_id":"4","level":"0","pokemon_id":"10007"}{"order":"","version_group_id":"9","move_id":"173","pokemon_move_method_id":"3","level":"0","pokemon_id":"10007"}{"order":"","version_group_id":"9","move_id":"180","pokemon_move_method_id":"3","level":"0","pokemon_id":"10007"}{"order":"","version_group_id":"9","move_id":"182","pokemon_move_method_id":"4","level":"0","pokemon_id":"10007"}{"order":"2","version_group_id":"9","move_id":"184","pokemon_move_method_id":"1","level":"1","pokemon_id":"10007"}{"order":"","version_group_id":"9","move_id":"189","pokemon_move_method_id":"3","level":"0","pokemon_id":"10007"}{"order":"","version_group_id":"9","move_id":"196","pokemon_move_method_id":"3","level":"0","pokemon_id":"10007"}{"order":"","version_group_id":"9","move_id":"200","pokemon_move_method_id":"3","level":"0","pokemon_id":"10007"}{"order":"","version_group_id":"9","move_id":"203","pokemon_move_method_id":"4","level":"0","pokemon_id":"10007"}{"order":"","version_group_id":"9","move_id":"207","pokemon_move_method_id":"4","level":"0","pokemon_id":"10007"}{"order":"","version_group_id":"9","move_id":"210","pokemon_move_method_id":"3","level":"0","pokemon_id":"10007"}{"order":"","version_group_id":"9","move_id":"211","pokemon_move_method_id":"4","level":"0","pokemon_id":"10007"}{"order":"","version_group_id":"9","move_id":"214","pokemon_move_method_id":"4","level":"0","pokemon_id":"10007"}{"order":"","version_group_id":"9","move_id":"216","pokemon_move_method_id":"4","level":"0","pokemon_id":"10007"}{"order":"","version_group_id":"9","move_id":"218","pokemon_move_method_id":"4","level":"0","pokemon_id":"10007"}{"order":"","version_group_id":"9","move_id":"219","pokemon_move_method_id":"4","level":"0","pokemon_id":"10007"}{"order":"1","version_group_id":"9","move_id":"225","pokemon_move_method_id":"1","level":"1","pokemon_id":"10007"}{"order":"","version_group_id":"9","move_id":"231","pokemon_move_method_id":"4","level":"0","pokemon_id":"10007"}{"order":"","version_group_id":"9","move_id":"237","pokemon_move_method_id":"4","level":"0","pokemon_id":"10007"}{"order":"","version_group_id":"9","move_id":"239","pokemon_move_method_id":"3","level":"0","pokemon_id":"10007"}{"order":"","version_group_id":"9","move_id":"240","pokemon_move_method_id":"4","level":"0","pokemon_id":"10007"}{"order":"","version_group_id":"9","move_id":"241","pokemon_move_method_id":"4","level":"0","pokemon_id":"10007"}{"order":"","version_group_id":"9","move_id":"244","pokemon_move_method_id":"4","level":"0","pokemon_id":"10007"}{"order":"","version_group_id":"9","move_id":"246","pokemon_move_method_id":"1","level":"20","pokemon_id":"10007"}{"order":"","version_group_id":"9","move_id":"246","pokemon_move_method_id":"3","level":"0","pokemon_id":"10007"}{"order":"","version_group_id":"9","move_id":"247","pokemon_move_method_id":"4","level":"0","pokemon_id":"10007"}{"order":"","version_group_id":"9","move_id":"249","pokemon_move_method_id":"4","level":"0","pokemon_id":"10007"}{"order":"","version_group_id":"9","move_id":"261","pokemon_move_method_id":"4","level":"0","pokemon_id":"10007"}{"order":"","version_group_id":"9","move_id":"263","pokemon_move_method_id":"4","level":"0","pokemon_id":"10007"}{"order":"","version_group_id":"9","move_id":"290","pokemon_move_method_id":"4","level":"0","pokemon_id":"10007"}{"order":"","version_group_id":"9","move_id":"314","pokemon_move_method_id":"3","level":"0","pokemon_id":"10007"}{"order":"","version_group_id":"9","move_id":"318","pokemon_move_method_id":"4","level":"0","pokemon_id":"10007"}{"order":"","version_group_id":"9","move_id":"332","pokemon_move_method_id":"4","level":"0","pokemon_id":"10007"}{"order":"","version_group_id":"9","move_id":"337","pokemon_move_method_id":"1","level":"30","pokemon_id":"10007"}{"order":"","version_group_id":"9","move_id":"337","pokemon_move_method_id":"4","level":"0","pokemon_id":"10007"}{"order":"","version_group_id":"9","move_id":"347","pokemon_move_method_id":"4","level":"0","pokemon_id":"10007"}{"order":"","version_group_id":"9","move_id":"351","pokemon_move_method_id":"4","level":"0","pokemon_id":"10007"}{"order":"","version_group_id":"9","move_id":"363","pokemon_move_method_id":"4","level":"0","pokemon_id":"10007"}{"order":"","version_group_id":"9","move_id":"371","pokemon_move_method_id":"4","level":"0","pokemon_id":"10007"}{"order":"","version_group_id":"9","move_id":"377","pokemon_move_method_id":"1","level":"50","pokemon_id":"10007"}{"order":"","version_group_id":"9","move_id":"396","pokemon_move_method_id":"1","level":"90","pokemon_id":"10007"}{"order":"","version_group_id":"9","move_id":"399","pokemon_move_method_id":"4","level":"0","pokemon_id":"10007"}{"order":"","version_group_id":"9","move_id":"401","pokemon_move_method_id":"3","level":"0","pokemon_id":"10007"}{"order":"","version_group_id":"9","move_id":"406","pokemon_move_method_id":"4","level":"0","pokemon_id":"10007"}{"order":"","version_group_id":"9","move_id":"412","pokemon_move_method_id":"4","level":"0","pokemon_id":"10007"}{"order":"","version_group_id":"9","move_id":"414","pokemon_move_method_id":"1","level":"60","pokemon_id":"10007"}{"order":"","version_group_id":"9","move_id":"414","pokemon_move_method_id":"3","level":"0","pokemon_id":"10007"}{"order":"","version_group_id":"9","move_id":"416","pokemon_move_method_id":"4","level":"0","pokemon_id":"10007"}{"order":"","version_group_id":"9","move_id":"421","pokemon_move_method_id":"1","level":"80","pokemon_id":"10007"}{"order":"","version_group_id":"9","move_id":"421","pokemon_move_method_id":"4","level":"0","pokemon_id":"10007"}{"order":"","version_group_id":"9","move_id":"431","pokemon_move_method_id":"4","level":"0","pokemon_id":"10007"}{"order":"","version_group_id":"9","move_id":"432","pokemon_move_method_id":"4","level":"0","pokemon_id":"10007"}{"order":"","version_group_id":"9","move_id":"434","pokemon_move_method_id":"3","level":"0","pokemon_id":"10007"}{"order":"","version_group_id":"9","move_id":"442","pokemon_move_method_id":"3","level":"0","pokemon_id":"10007"}{"order":"","version_group_id":"9","move_id":"444","pokemon_move_method_id":"4","level":"0","pokemon_id":"10007"}{"order":"","version_group_id":"9","move_id":"451","pokemon_move_method_id":"4","level":"0","pokemon_id":"10007"}{"order":"","version_group_id":"9","move_id":"466","pokemon_move_method_id":"1","level":"10","pokemon_id":"10007"}{"order":"","version_group_id":"9","move_id":"466","pokemon_move_method_id":"3","level":"0","pokemon_id":"10007"}{"order":"","version_group_id":"9","move_id":"467","pokemon_move_method_id":"1","level":"40","pokemon_id":"10007"}{"order":"","version_group_id":"10","move_id":"15","pokemon_move_method_id":"4","level":"0","pokemon_id":"10007"}{"order":"","version_group_id":"10","move_id":"19","pokemon_move_method_id":"4","level":"0","pokemon_id":"10007"}{"order":"","version_group_id":"10","move_id":"29","pokemon_move_method_id":"3","level":"0","pokemon_id":"10007"}{"order":"","version_group_id":"10","move_id":"46","pokemon_move_method_id":"4","level":"0","pokemon_id":"10007"}{"order":"","version_group_id":"10","move_id":"63","pokemon_move_method_id":"4","level":"0","pokemon_id":"10007"}{"order":"","version_group_id":"10","move_id":"70","pokemon_move_method_id":"4","level":"0","pokemon_id":"10007"}{"order":"","version_group_id":"10","move_id":"85","pokemon_move_method_id":"4","level":"0","pokemon_id":"10007"}{"order":"","version_group_id":"10","move_id":"86","pokemon_move_method_id":"4","level":"0","pokemon_id":"10007"}{"order":"","version_group_id":"10","move_id":"87","pokemon_move_method_id":"4","level":"0","pokemon_id":"10007"}{"order":"","version_group_id":"10","move_id":"89","pokemon_move_method_id":"4","level":"0","pokemon_id":"10007"}{"order":"","version_group_id":"10","move_id":"92","pokemon_move_method_id":"4","level":"0","pokemon_id":"10007"}{"order":"","version_group_id":"10","move_id":"94","pokemon_move_method_id":"4","level":"0","pokemon_id":"10007"}{"order":"","version_group_id":"10","move_id":"104","pokemon_move_method_id":"4","level":"0","pokemon_id":"10007"}{"order":"","version_group_id":"10","move_id":"129","pokemon_move_method_id":"3","level":"0","pokemon_id":"10007"}{"order":"","version_group_id":"10","move_id":"138","pokemon_move_method_id":"4","level":"0","pokemon_id":"10007"}{"order":"","version_group_id":"10","move_id":"156","pokemon_move_method_id":"4","level":"0","pokemon_id":"10007"}{"order":"","version_group_id":"10","move_id":"163","pokemon_move_method_id":"1","level":"15","pokemon_id":"10007"}{"order":"","version_group_id":"10","move_id":"164","pokemon_move_method_id":"4","level":"0","pokemon_id":"10007"}{"order":"","version_group_id":"10","move_id":"173","pokemon_move_method_id":"3","level":"0","pokemon_id":"10007"}{"order":"","version_group_id":"10","move_id":"180","pokemon_move_method_id":"3","level":"0","pokemon_id":"10007"}{"order":"","version_group_id":"10","move_id":"182","pokemon_move_method_id":"4","level":"0","pokemon_id":"10007"}{"order":"2","version_group_id":"10","move_id":"184","pokemon_move_method_id":"1","level":"1","pokemon_id":"10007"}{"order":"","version_group_id":"10","move_id":"189","pokemon_move_method_id":"3","level":"0","pokemon_id":"10007"}{"order":"","version_group_id":"10","move_id":"194","pokemon_move_method_id":"1","level":"24","pokemon_id":"10007"}{"order":"","version_group_id":"10","move_id":"196","pokemon_move_method_id":"3","level":"0","pokemon_id":"10007"}{"order":"","version_group_id":"10","move_id":"200","pokemon_move_method_id":"3","level":"0","pokemon_id":"10007"}{"order":"","version_group_id":"10","move_id":"203","pokemon_move_method_id":"4","level":"0","pokemon_id":"10007"}{"order":"","version_group_id":"10","move_id":"207","pokemon_move_method_id":"4","level":"0","pokemon_id":"10007"}{"order":"","version_group_id":"10","move_id":"210","pokemon_move_method_id":"3","level":"0","pokemon_id":"10007"}{"order":"","version_group_id":"10","move_id":"211","pokemon_move_method_id":"4","level":"0","pokemon_id":"10007"}{"order":"","version_group_id":"10","move_id":"214","pokemon_move_method_id":"4","level":"0","pokemon_id":"10007"}{"order":"","version_group_id":"10","move_id":"216","pokemon_move_method_id":"4","level":"0","pokemon_id":"10007"}{"order":"","version_group_id":"10","move_id":"218","pokemon_move_method_id":"4","level":"0","pokemon_id":"10007"}{"order":"","version_group_id":"10","move_id":"219","pokemon_move_method_id":"4","level":"0","pokemon_id":"10007"}{"order":"1","version_group_id":"10","move_id":"225","pokemon_move_method_id":"1","level":"1","pokemon_id":"10007"}{"order":"","version_group_id":"10","move_id":"231","pokemon_move_method_id":"4","level":"0","pokemon_id":"10007"}{"order":"","version_group_id":"10","move_id":"237","pokemon_move_method_id":"4","level":"0","pokemon_id":"10007"}{"order":"","version_group_id":"10","move_id":"239","pokemon_move_method_id":"3","level":"0","pokemon_id":"10007"}{"order":"","version_group_id":"10","move_id":"240","pokemon_move_method_id":"4","level":"0","pokemon_id":"10007"}{"order":"","version_group_id":"10","move_id":"241","pokemon_move_method_id":"4","level":"0","pokemon_id":"10007"}{"order":"","version_group_id":"10","move_id":"244","pokemon_move_method_id":"4","level":"0","pokemon_id":"10007"}{"order":"","version_group_id":"10","move_id":"246","pokemon_move_method_id":"1","level":"10","pokemon_id":"10007"}{"order":"","version_group_id":"10","move_id":"246","pokemon_move_method_id":"3","level":"0","pokemon_id":"10007"}{"order":"","version_group_id":"10","move_id":"247","pokemon_move_method_id":"4","level":"0","pokemon_id":"10007"}{"order":"","version_group_id":"10","move_id":"249","pokemon_move_method_id":"4","level":"0","pokemon_id":"10007"}{"order":"","version_group_id":"10","move_id":"261","pokemon_move_method_id":"4","level":"0","pokemon_id":"10007"}{"order":"","version_group_id":"10","move_id":"263","pokemon_move_method_id":"4","level":"0","pokemon_id":"10007"}{"order":"","version_group_id":"10","move_id":"277","pokemon_move_method_id":"3","level":"0","pokemon_id":"10007"}{"order":"","version_group_id":"10","move_id":"290","pokemon_move_method_id":"4","level":"0","pokemon_id":"10007"}{"order":"","version_group_id":"10","move_id":"314","pokemon_move_method_id":"3","level":"0","pokemon_id":"10007"}{"order":"","version_group_id":"10","move_id":"318","pokemon_move_method_id":"4","level":"0","pokemon_id":"10007"}{"order":"","version_group_id":"10","move_id":"332","pokemon_move_method_id":"4","level":"0","pokemon_id":"10007"}{"order":"","version_group_id":"10","move_id":"337","pokemon_move_method_id":"1","level":"28","pokemon_id":"10007"}{"order":"","version_group_id":"10","move_id":"337","pokemon_move_method_id":"4","level":"0","pokemon_id":"10007"}{"order":"","version_group_id":"10","move_id":"347","pokemon_move_method_id":"4","level":"0","pokemon_id":"10007"}{"order":"","version_group_id":"10","move_id":"351","pokemon_move_method_id":"4","level":"0","pokemon_id":"10007"}{"order":"","version_group_id":"10","move_id":"356","pokemon_move_method_id":"3","level":"0","pokemon_id":"10007"}{"order":"","version_group_id":"10","move_id":"363","pokemon_move_method_id":"4","level":"0","pokemon_id":"10007"}{"order":"","version_group_id":"10","move_id":"366","pokemon_move_method_id":"3","level":"0","pokemon_id":"10007"}{"order":"","version_group_id":"10","move_id":"371","pokemon_move_method_id":"4","level":"0","pokemon_id":"10007"}{"order":"","version_group_id":"10","move_id":"396","pokemon_move_method_id":"1","level":"37","pokemon_id":"10007"}{"order":"","version_group_id":"10","move_id":"399","pokemon_move_method_id":"4","level":"0","pokemon_id":"10007"}{"order":"","version_group_id":"10","move_id":"401","pokemon_move_method_id":"3","level":"0","pokemon_id":"10007"}{"order":"","version_group_id":"10","move_id":"406","pokemon_move_method_id":"4","level":"0","pokemon_id":"10007"}{"order":"","version_group_id":"10","move_id":"412","pokemon_move_method_id":"4","level":"0","pokemon_id":"10007"}{"order":"","version_group_id":"10","move_id":"414","pokemon_move_method_id":"1","level":"33","pokemon_id":"10007"}{"order":"","version_group_id":"10","move_id":"414","pokemon_move_method_id":"3","level":"0","pokemon_id":"10007"}{"order":"","version_group_id":"10","move_id":"416","pokemon_move_method_id":"4","level":"0","pokemon_id":"10007"}{"order":"","version_group_id":"10","move_id":"421","pokemon_move_method_id":"1","level":"42","pokemon_id":"10007"}{"order":"","version_group_id":"10","move_id":"421","pokemon_move_method_id":"4","level":"0","pokemon_id":"10007"}{"order":"","version_group_id":"10","move_id":"425","pokemon_move_method_id":"1","level":"19","pokemon_id":"10007"}{"order":"","version_group_id":"10","move_id":"431","pokemon_move_method_id":"4","level":"0","pokemon_id":"10007"}{"order":"","version_group_id":"10","move_id":"434","pokemon_move_method_id":"3","level":"0","pokemon_id":"10007"}{"order":"","version_group_id":"10","move_id":"442","pokemon_move_method_id":"3","level":"0","pokemon_id":"10007"}{"order":"","version_group_id":"10","move_id":"444","pokemon_move_method_id":"4","level":"0","pokemon_id":"10007"}{"order":"","version_group_id":"10","move_id":"451","pokemon_move_method_id":"4","level":"0","pokemon_id":"10007"}{"order":"","version_group_id":"10","move_id":"466","pokemon_move_method_id":"1","level":"6","pokemon_id":"10007"}{"order":"","version_group_id":"10","move_id":"466","pokemon_move_method_id":"3","level":"0","pokemon_id":"10007"}{"order":"","version_group_id":"10","move_id":"467","pokemon_move_method_id":"1","level":"46","pokemon_id":"10007"}{"order":"","version_group_id":"11","move_id":"15","pokemon_move_method_id":"4","level":"0","pokemon_id":"10007"}{"order":"","version_group_id":"11","move_id":"19","pokemon_move_method_id":"4","level":"0","pokemon_id":"10007"}{"order":"","version_group_id":"11","move_id":"46","pokemon_move_method_id":"4","level":"0","pokemon_id":"10007"}{"order":"","version_group_id":"11","move_id":"63","pokemon_move_method_id":"4","level":"0","pokemon_id":"10007"}{"order":"","version_group_id":"11","move_id":"70","pokemon_move_method_id":"4","level":"0","pokemon_id":"10007"}{"order":"","version_group_id":"11","move_id":"85","pokemon_move_method_id":"4","level":"0","pokemon_id":"10007"}{"order":"","version_group_id":"11","move_id":"86","pokemon_move_method_id":"4","level":"0","pokemon_id":"10007"}{"order":"","version_group_id":"11","move_id":"87","pokemon_move_method_id":"4","level":"0","pokemon_id":"10007"}{"order":"","version_group_id":"11","move_id":"89","pokemon_move_method_id":"4","level":"0","pokemon_id":"10007"}{"order":"","version_group_id":"11","move_id":"92","pokemon_move_method_id":"4","level":"0","pokemon_id":"10007"}{"order":"","version_group_id":"11","move_id":"94","pokemon_move_method_id":"4","level":"0","pokemon_id":"10007"}{"order":"","version_group_id":"11","move_id":"104","pokemon_move_method_id":"4","level":"0","pokemon_id":"10007"}{"order":"","version_group_id":"11","move_id":"138","pokemon_move_method_id":"4","level":"0","pokemon_id":"10007"}{"order":"","version_group_id":"11","move_id":"156","pokemon_move_method_id":"4","level":"0","pokemon_id":"10007"}{"order":"","version_group_id":"11","move_id":"163","pokemon_move_method_id":"1","level":"15","pokemon_id":"10007"}{"order":"","version_group_id":"11","move_id":"164","pokemon_move_method_id":"4","level":"0","pokemon_id":"10007"}{"order":"","version_group_id":"11","move_id":"182","pokemon_move_method_id":"4","level":"0","pokemon_id":"10007"}{"order":"2","version_group_id":"11","move_id":"184","pokemon_move_method_id":"1","level":"1","pokemon_id":"10007"}{"order":"","version_group_id":"11","move_id":"194","pokemon_move_method_id":"1","level":"24","pokemon_id":"10007"}{"order":"","version_group_id":"11","move_id":"207","pokemon_move_method_id":"4","level":"0","pokemon_id":"10007"}{"order":"","version_group_id":"11","move_id":"216","pokemon_move_method_id":"4","level":"0","pokemon_id":"10007"}{"order":"","version_group_id":"11","move_id":"218","pokemon_move_method_id":"4","level":"0","pokemon_id":"10007"}{"order":"","version_group_id":"11","move_id":"219","pokemon_move_method_id":"4","level":"0","pokemon_id":"10007"}{"order":"1","version_group_id":"11","move_id":"225","pokemon_move_method_id":"1","level":"1","pokemon_id":"10007"}{"order":"","version_group_id":"11","move_id":"237","pokemon_move_method_id":"4","level":"0","pokemon_id":"10007"}{"order":"","version_group_id":"11","move_id":"240","pokemon_move_method_id":"4","level":"0","pokemon_id":"10007"}{"order":"","version_group_id":"11","move_id":"241","pokemon_move_method_id":"4","level":"0","pokemon_id":"10007"}{"order":"","version_group_id":"11","move_id":"244","pokemon_move_method_id":"4","level":"0","pokemon_id":"10007"}{"order":"","version_group_id":"11","move_id":"246","pokemon_move_method_id":"1","level":"10","pokemon_id":"10007"}{"order":"","version_group_id":"11","move_id":"247","pokemon_move_method_id":"4","level":"0","pokemon_id":"10007"}{"order":"","version_group_id":"11","move_id":"249","pokemon_move_method_id":"4","level":"0","pokemon_id":"10007"}{"order":"","version_group_id":"11","move_id":"261","pokemon_move_method_id":"4","level":"0","pokemon_id":"10007"}{"order":"","version_group_id":"11","move_id":"263","pokemon_move_method_id":"4","level":"0","pokemon_id":"10007"}{"order":"","version_group_id":"11","move_id":"332","pokemon_move_method_id":"4","level":"0","pokemon_id":"10007"}{"order":"","version_group_id":"11","move_id":"337","pokemon_move_method_id":"1","level":"28","pokemon_id":"10007"}{"order":"","version_group_id":"11","move_id":"337","pokemon_move_method_id":"4","level":"0","pokemon_id":"10007"}{"order":"","version_group_id":"11","move_id":"347","pokemon_move_method_id":"4","level":"0","pokemon_id":"10007"}{"order":"","version_group_id":"11","move_id":"371","pokemon_move_method_id":"4","level":"0","pokemon_id":"10007"}{"order":"","version_group_id":"11","move_id":"396","pokemon_move_method_id":"1","level":"37","pokemon_id":"10007"}{"order":"","version_group_id":"11","move_id":"412","pokemon_move_method_id":"4","level":"0","pokemon_id":"10007"}{"order":"","version_group_id":"11","move_id":"414","pokemon_move_method_id":"1","level":"33","pokemon_id":"10007"}{"order":"","version_group_id":"11","move_id":"416","pokemon_move_method_id":"4","level":"0","pokemon_id":"10007"}{"order":"","version_group_id":"11","move_id":"421","pokemon_move_method_id":"1","level":"42","pokemon_id":"10007"}{"order":"","version_group_id":"11","move_id":"421","pokemon_move_method_id":"4","level":"0","pokemon_id":"10007"}{"order":"","version_group_id":"11","move_id":"425","pokemon_move_method_id":"1","level":"19","pokemon_id":"10007"}{"order":"","version_group_id":"11","move_id":"434","pokemon_move_method_id":"3","level":"0","pokemon_id":"10007"}{"order":"","version_group_id":"11","move_id":"444","pokemon_move_method_id":"4","level":"0","pokemon_id":"10007"}{"order":"","version_group_id":"11","move_id":"451","pokemon_move_method_id":"4","level":"0","pokemon_id":"10007"}{"order":"","version_group_id":"11","move_id":"466","pokemon_move_method_id":"1","level":"6","pokemon_id":"10007"}{"order":"","version_group_id":"11","move_id":"467","pokemon_move_method_id":"1","level":"46","pokemon_id":"10007"}{"order":"","version_group_id":"11","move_id":"468","pokemon_move_method_id":"4","level":"0","pokemon_id":"10007"}{"order":"","version_group_id":"11","move_id":"477","pokemon_move_method_id":"4","level":"0","pokemon_id":"10007"}{"order":"","version_group_id":"11","move_id":"496","pokemon_move_method_id":"4","level":"0","pokemon_id":"10007"}{"order":"","version_group_id":"11","move_id":"497","pokemon_move_method_id":"4","level":"0","pokemon_id":"10007"}{"order":"","version_group_id":"11","move_id":"506","pokemon_move_method_id":"1","level":"50","pokemon_id":"10007"}{"order":"","version_group_id":"11","move_id":"523","pokemon_move_method_id":"4","level":"0","pokemon_id":"10007"}{"order":"","version_group_id":"11","move_id":"525","pokemon_move_method_id":"4","level":"0","pokemon_id":"10007"}{"order":"","version_group_id":"14","move_id":"15","pokemon_move_method_id":"4","level":"0","pokemon_id":"10007"}{"order":"","version_group_id":"14","move_id":"19","pokemon_move_method_id":"4","level":"0","pokemon_id":"10007"}{"order":"","version_group_id":"14","move_id":"46","pokemon_move_method_id":"4","level":"0","pokemon_id":"10007"}{"order":"","version_group_id":"14","move_id":"63","pokemon_move_method_id":"4","level":"0","pokemon_id":"10007"}{"order":"","version_group_id":"14","move_id":"70","pokemon_move_method_id":"4","level":"0","pokemon_id":"10007"}{"order":"","version_group_id":"14","move_id":"85","pokemon_move_method_id":"4","level":"0","pokemon_id":"10007"}{"order":"","version_group_id":"14","move_id":"86","pokemon_move_method_id":"4","level":"0","pokemon_id":"10007"}{"order":"","version_group_id":"14","move_id":"87","pokemon_move_method_id":"4","level":"0","pokemon_id":"10007"}{"order":"","version_group_id":"14","move_id":"89","pokemon_move_method_id":"4","level":"0","pokemon_id":"10007"}{"order":"","version_group_id":"14","move_id":"92","pokemon_move_method_id":"4","level":"0","pokemon_id":"10007"}{"order":"","version_group_id":"14","move_id":"94","pokemon_move_method_id":"4","level":"0","pokemon_id":"10007"}{"order":"","version_group_id":"14","move_id":"104","pokemon_move_method_id":"4","level":"0","pokemon_id":"10007"}{"order":"","version_group_id":"14","move_id":"138","pokemon_move_method_id":"4","level":"0","pokemon_id":"10007"}{"order":"","version_group_id":"14","move_id":"156","pokemon_move_method_id":"4","level":"0","pokemon_id":"10007"}{"order":"","version_group_id":"14","move_id":"163","pokemon_move_method_id":"1","level":"15","pokemon_id":"10007"}{"order":"","version_group_id":"14","move_id":"164","pokemon_move_method_id":"4","level":"0","pokemon_id":"10007"}{"order":"","version_group_id":"14","move_id":"173","pokemon_move_method_id":"3","level":"0","pokemon_id":"10007"}{"order":"","version_group_id":"14","move_id":"180","pokemon_move_method_id":"3","level":"0","pokemon_id":"10007"}{"order":"","version_group_id":"14","move_id":"182","pokemon_move_method_id":"4","level":"0","pokemon_id":"10007"}{"order":"2","version_group_id":"14","move_id":"184","pokemon_move_method_id":"1","level":"1","pokemon_id":"10007"}{"order":"","version_group_id":"14","move_id":"194","pokemon_move_method_id":"1","level":"24","pokemon_id":"10007"}{"order":"","version_group_id":"14","move_id":"196","pokemon_move_method_id":"3","level":"0","pokemon_id":"10007"}{"order":"","version_group_id":"14","move_id":"200","pokemon_move_method_id":"3","level":"0","pokemon_id":"10007"}{"order":"","version_group_id":"14","move_id":"207","pokemon_move_method_id":"4","level":"0","pokemon_id":"10007"}{"order":"","version_group_id":"14","move_id":"214","pokemon_move_method_id":"3","level":"0","pokemon_id":"10007"}{"order":"","version_group_id":"14","move_id":"216","pokemon_move_method_id":"4","level":"0","pokemon_id":"10007"}{"order":"","version_group_id":"14","move_id":"218","pokemon_move_method_id":"4","level":"0","pokemon_id":"10007"}{"order":"","version_group_id":"14","move_id":"219","pokemon_move_method_id":"4","level":"0","pokemon_id":"10007"}{"order":"1","version_group_id":"14","move_id":"225","pokemon_move_method_id":"1","level":"1","pokemon_id":"10007"}{"order":"","version_group_id":"14","move_id":"231","pokemon_move_method_id":"3","level":"0","pokemon_id":"10007"}{"order":"","version_group_id":"14","move_id":"237","pokemon_move_method_id":"4","level":"0","pokemon_id":"10007"}{"order":"","version_group_id":"14","move_id":"240","pokemon_move_method_id":"4","level":"0","pokemon_id":"10007"}{"order":"","version_group_id":"14","move_id":"241","pokemon_move_method_id":"4","level":"0","pokemon_id":"10007"}{"order":"","version_group_id":"14","move_id":"244","pokemon_move_method_id":"4","level":"0","pokemon_id":"10007"}{"order":"","version_group_id":"14","move_id":"246","pokemon_move_method_id":"1","level":"10","pokemon_id":"10007"}{"order":"","version_group_id":"14","move_id":"247","pokemon_move_method_id":"4","level":"0","pokemon_id":"10007"}{"order":"","version_group_id":"14","move_id":"249","pokemon_move_method_id":"4","level":"0","pokemon_id":"10007"}{"order":"","version_group_id":"14","move_id":"261","pokemon_move_method_id":"4","level":"0","pokemon_id":"10007"}{"order":"","version_group_id":"14","move_id":"263","pokemon_move_method_id":"4","level":"0","pokemon_id":"10007"}{"order":"","version_group_id":"14","move_id":"277","pokemon_move_method_id":"3","level":"0","pokemon_id":"10007"}{"order":"","version_group_id":"14","move_id":"304","pokemon_move_method_id":"3","level":"0","pokemon_id":"10007"}{"order":"","version_group_id":"14","move_id":"332","pokemon_move_method_id":"4","level":"0","pokemon_id":"10007"}{"order":"","version_group_id":"14","move_id":"337","pokemon_move_method_id":"1","level":"28","pokemon_id":"10007"}{"order":"","version_group_id":"14","move_id":"337","pokemon_move_method_id":"4","level":"0","pokemon_id":"10007"}{"order":"","version_group_id":"14","move_id":"347","pokemon_move_method_id":"4","level":"0","pokemon_id":"10007"}{"order":"","version_group_id":"14","move_id":"356","pokemon_move_method_id":"3","level":"0","pokemon_id":"10007"}{"order":"","version_group_id":"14","move_id":"366","pokemon_move_method_id":"3","level":"0","pokemon_id":"10007"}{"order":"","version_group_id":"14","move_id":"371","pokemon_move_method_id":"4","level":"0","pokemon_id":"10007"}{"order":"","version_group_id":"14","move_id":"396","pokemon_move_method_id":"1","level":"37","pokemon_id":"10007"}{"order":"","version_group_id":"14","move_id":"399","pokemon_move_method_id":"3","level":"0","pokemon_id":"10007"}{"order":"","version_group_id":"14","move_id":"401","pokemon_move_method_id":"3","level":"0","pokemon_id":"10007"}{"order":"","version_group_id":"14","move_id":"406","pokemon_move_method_id":"3","level":"0","pokemon_id":"10007"}{"order":"","version_group_id":"14","move_id":"412","pokemon_move_method_id":"4","level":"0","pokemon_id":"10007"}{"order":"","version_group_id":"14","move_id":"414","pokemon_move_method_id":"1","level":"33","pokemon_id":"10007"}{"order":"","version_group_id":"14","move_id":"414","pokemon_move_method_id":"3","level":"0","pokemon_id":"10007"}{"order":"","version_group_id":"14","move_id":"416","pokemon_move_method_id":"4","level":"0","pokemon_id":"10007"}{"order":"","version_group_id":"14","move_id":"421","pokemon_move_method_id":"1","level":"42","pokemon_id":"10007"}{"order":"","version_group_id":"14","move_id":"421","pokemon_move_method_id":"4","level":"0","pokemon_id":"10007"}{"order":"","version_group_id":"14","move_id":"425","pokemon_move_method_id":"1","level":"19","pokemon_id":"10007"}{"order":"","version_group_id":"14","move_id":"434","pokemon_move_method_id":"3","level":"0","pokemon_id":"10007"}{"order":"","version_group_id":"14","move_id":"442","pokemon_move_method_id":"3","level":"0","pokemon_id":"10007"}{"order":"","version_group_id":"14","move_id":"444","pokemon_move_method_id":"4","level":"0","pokemon_id":"10007"}{"order":"","version_group_id":"14","move_id":"451","pokemon_move_method_id":"4","level":"0","pokemon_id":"10007"}{"order":"","version_group_id":"14","move_id":"466","pokemon_move_method_id":"1","level":"6","pokemon_id":"10007"}{"order":"","version_group_id":"14","move_id":"467","pokemon_move_method_id":"1","level":"46","pokemon_id":"10007"}{"order":"","version_group_id":"14","move_id":"468","pokemon_move_method_id":"4","level":"0","pokemon_id":"10007"}{"order":"","version_group_id":"14","move_id":"477","pokemon_move_method_id":"4","level":"0","pokemon_id":"10007"}{"order":"","version_group_id":"14","move_id":"496","pokemon_move_method_id":"4","level":"0","pokemon_id":"10007"}{"order":"","version_group_id":"14","move_id":"497","pokemon_move_method_id":"4","level":"0","pokemon_id":"10007"}{"order":"","version_group_id":"14","move_id":"506","pokemon_move_method_id":"1","level":"50","pokemon_id":"10007"}{"order":"","version_group_id":"14","move_id":"523","pokemon_move_method_id":"4","level":"0","pokemon_id":"10007"}{"order":"","version_group_id":"14","move_id":"525","pokemon_move_method_id":"4","level":"0","pokemon_id":"10007"}{"order":"","version_group_id":"15","move_id":"434","pokemon_move_method_id":"3","level":"0","pokemon_id":"10007"}