[
     {
          "local_language_id": "9",
          "effect": "Has no effect in battle.",
          "ability_changelog_id": "1"
     },
     {
          "local_language_id": "9",
          "effect": "Does not prevent regular KOs from full [HP]{mechanic:hp}.",
          "ability_changelog_id": "2"
     },
     {
          "local_language_id": "9",
          "effect": "Has no overworld effect.",
          "ability_changelog_id": "3"
     },
     {"Error": "Expected 3 fields but got 4"},
     {
          "local_language_id": "9",
          "effect": "Triggers on every hit of multiple-hit moves.",
          "ability_changelog_id": "5"
     },
     {
          "local_language_id": "9",
          "effect": "[]{move:will-o-wisp} does not trigger this ability for Pokémon immune to [burns]{mechanic:burn}.",
          "ability_changelog_id": "6"
     },
     {
          "local_language_id": "9",
          "effect": "Has no overworld effect.",
          "ability_changelog_id": "7"
     },
     {
          "local_language_id": "9",
          "effect": "Has no overworld effect.",
          "ability_changelog_id": "8"
     },
     {
          "local_language_id": "9",
          "effect": "Does not take effect if acquired after entering battle.",
          "ability_changelog_id": "9"
     },
     {
          "local_language_id": "9",
          "effect": "Affects other Pokémon with this ability.",
          "ability_changelog_id": "10"
     },
     {
          "local_language_id": "9",
          "effect": "Inflicts only 1/16 of the attacker's maximum [HP]{mechanic:hp} in damage.",
          "ability_changelog_id": "11"
     },
     {
          "local_language_id": "9",
          "effect": "[]{move:fire-fang} and moves that inflict [typeless damage]{mechanic:typeless-damage} ignore this ability regardless of type.",
          "ability_changelog_id": "12"
     },
     {
          "local_language_id": "9",
          "effect": "Has no overworld effect.",
          "ability_changelog_id": "13"
     },
     {
          "local_language_id": "9",
          "effect": "Cannot influence the natures of Pokémon encountered by interacting with them on the overworld.",
          "ability_changelog_id": "14"
     },
     {
          "local_language_id": "9",
          "effect": "Passes back bad [poison]{mechanic:poison} as regular poison.",
          "ability_changelog_id": "15"
     },
     {
          "local_language_id": "9",
          "effect": "Has no overworld effect.",
          "ability_changelog_id": "16"
     },
     {"Error": "Expected 3 fields but got 4"},
     {
          "local_language_id": "9",
          "effect": "Redirects []{type:electric} moves without negating them or granting any [Special Attack]{mechanic:special-attack} boost.  Does not redirect []{move:hidden-power}.",
          "ability_changelog_id": "18"
     },
     {
          "local_language_id": "9",
          "effect": "Has no overworld effect.",
          "ability_changelog_id": "19"
     },
     {
          "local_language_id": "9",
          "effect": "Has no overworld effect.",
          "ability_changelog_id": "20"
     },
     {"Error": "Expected 3 fields but got 4"},
     {
          "local_language_id": "9",
          "effect": "Has no overworld effect.",
          "ability_changelog_id": "22"
     },
     {
          "local_language_id": "9",
          "effect": "Does not affect friendly Pokémon's moves that target all other Pokémon.  This ability's presence is not announced upon entering battle.",
          "ability_changelog_id": "23"
     },
     {
          "local_language_id": "9",
          "effect": "Has no overworld effect.",
          "ability_changelog_id": "24"
     },
     {
          "local_language_id": "9",
          "effect": "Has no overworld effect.",
          "ability_changelog_id": "25"
     },
     {
          "local_language_id": "9",
          "effect": "Has no overworld effect.",
          "ability_changelog_id": "26"
     },
     {
          "local_language_id": "9",
          "effect": "Doubles []{move:cut}'s grass-cutting radius on the overworld if any party Pokémon has this ability.",
          "ability_changelog_id": "27"
     },
     {
          "local_language_id": "9",
          "effect": "Has no effect in battle.",
          "ability_changelog_id": "28"
     },
     {
          "local_language_id": "9",
          "effect": "Has no overworld effect.",
          "ability_changelog_id": "29"
     },
     {
          "local_language_id": "9",
          "effect": "Has no overworld effect.",
          "ability_changelog_id": "30"
     },
     {
          "local_language_id": "9",
          "effect": "Has no overworld effect.",
          "ability_changelog_id": "31"
     },
     {
          "local_language_id": "9",
          "effect": "Does not take effect during [sleep]{mechanic:sleep}.",
          "ability_changelog_id": "32"
     },
     {
          "local_language_id": "9",
          "effect": "Has no overworld effect.",
          "ability_changelog_id": "33"
     },
     {
          "local_language_id": "9",
          "effect": "Increases the frequency of cries heard on the overworld if any party Pokémon has this ability.",
          "ability_changelog_id": "34"
     },
     {
          "local_language_id": "9",
          "effect": "Has no overworld effect.",
          "ability_changelog_id": "35"
     },
     {
          "local_language_id": "9",
          "effect": "Has no overworld effect.",
          "ability_changelog_id": "36"
     },
     {
          "local_language_id": "9",
          "effect": "Has no overworld effect.",
          "ability_changelog_id": "37"
     },
     {
          "local_language_id": "9",
          "effect": "[Poison]{mechanic:poison} still damages the Pokémon outside of battle.",
          "ability_changelog_id": "38"
     },
     {"Error": "Expected 3 fields but got 4"},
     {"Error": "Expected 3 fields but got 4"},
     {
          "local_language_id": "9",
          "effect": "[]{move:rest} works as usual during [strong sunlight]{mechanic:strong-sunlight}.",
          "ability_changelog_id": "41"
     },
     {
          "local_language_id": "9",
          "effect": "[]{move:fling} can be used as usual.",
          "ability_changelog_id": "42"
     },
     {
          "local_language_id": "9",
          "effect": "Redirects []{type:water} moves without negating them or granting any [Special Attack]{mechanic:special-attack} boost.  Does not redirect []{move:hidden-power}.",
          "ability_changelog_id": "43"
     },
     {
          "local_language_id": "9",
          "effect": "Can copy []{ability:flower-gift} and []{ability:wonder-guard}.",
          "ability_changelog_id": "44"
     },
     {
          "local_language_id": "9",
          "effect": "Can copy []{ability:forecast} and []{ability:trace}.",
          "ability_changelog_id": "45"
     },
     {
          "local_language_id": "9",
          "effect": "Powers up only when paired with []{ability:minus}.",
          "ability_changelog_id": "46"
     },
     {
          "local_language_id": "9",
          "effect": "Powers up only when paired with []{ability:plus}.",
          "ability_changelog_id": "47"
     },
     {
          "local_language_id": "9",
          "effect": "Chance of taking effect is 30%.",
          "ability_changelog_id": "48"
     },
     {
          "local_language_id": "9",
          "effect": "[]{move:triple-kick} is unaffected.",
          "ability_changelog_id": "49"
     },
     {
          "local_language_id": "9",
          "effect": "[]{move:struggle} is unaffected.  []{move:helping-hand} and []{move:defense-curl} are not taken into account.",
          "ability_changelog_id": "50"
     },
     {
          "local_language_id": "9",
          "effect": "Has no overworld effect.",
          "ability_changelog_id": "51"
     },
     {
          "local_language_id": "9",
          "effect": "Chance of taking effect is 33%.",
          "ability_changelog_id": "52"
     },
     {
          "local_language_id": "10",
          "effect": "Nemá žádný účinek v poli.",
          "ability_changelog_id": "37"
     },
     {
          "local_language_id": "10",
          "effect": "Nemá žádný účinek v poli.",
          "ability_changelog_id": "16"
     },
     {
          "local_language_id": "10",
          "effect": "Nemá žádný účinek v poli.",
          "ability_changelog_id": "3"
     },
     {
          "local_language_id": "10",
          "effect": "Nemá žádný účinek v poli.",
          "ability_changelog_id": "8"
     },
     {
          "local_language_id": "10",
          "effect": "Nemá žádný účinek v poli.",
          "ability_changelog_id": "7"
     },
     {
          "local_language_id": "10",
          "effect": "Nemá žádný účinek při zápasu.",
          "ability_changelog_id": "1"
     },
     {
          "local_language_id": "10",
          "effect": "Nemá žádný účinek v poli.",
          "ability_changelog_id": "19"
     },
     {
          "local_language_id": "10",
          "effect": "Nemá žádný účinek v poli.",
          "ability_changelog_id": "22"
     },
     {
          "local_language_id": "10",
          "effect": "Nemá žádný účinek v poli.",
          "ability_changelog_id": "24"
     },
     {"Error": "Expected 3 fields but got 4"},
     {
          "local_language_id": "10",
          "effect": "Nemá žádný účinek při zápasu.",
          "ability_changelog_id": "28"
     },
     {
          "local_language_id": "10",
          "effect": "Nemá žádný účinek v poli.",
          "ability_changelog_id": "35"
     },
     {"Error": "Expected 3 fields but got 5"},
     {
          "local_language_id": "10",
          "effect": "Nemá žádný účinek v poli.",
          "ability_changelog_id": "20"
     },
     {
          "local_language_id": "10",
          "effect": "Nemá žádný účinek v poli.",
          "ability_changelog_id": "30"
     },
     {
          "local_language_id": "10",
          "effect": "Nemá žádný účinek v poli.",
          "ability_changelog_id": "33"
     },
     {
          "local_language_id": "10",
          "effect": "Nemá žádný účinek v poli.",
          "ability_changelog_id": "13"
     },
     {
          "local_language_id": "10",
          "effect": "Nemá žádný účinek v poli.",
          "ability_changelog_id": "31"
     },
     {
          "local_language_id": "10",
          "effect": "Nemá žádný účinek v poli.",
          "ability_changelog_id": "25"
     },
     {
          "local_language_id": "10",
          "effect": "Nemá žádný účinek v poli.",
          "ability_changelog_id": "36"
     },
     {
          "local_language_id": "10",
          "effect": "Nemá žádný účinek v poli.",
          "ability_changelog_id": "10"
     },
     {
          "local_language_id": "10",
          "effect": "Nemá žádný účinek v poli.",
          "ability_changelog_id": "29"
     },
     {
          "local_language_id": "10",
          "effect": "Nemá žádný účinek v poli.",
          "ability_changelog_id": "26"
     }
]