[
     {"Error": "Expected 4 fields but got 3"},
     {"Error": "Expected 4 fields but got 1"},
     {"Error": "Expected 4 fields but got 2"},
     {"Error": "Expected 4 fields but got 3"},
     {"Error": "Expected 4 fields but got 8"},
     {
          "local_language_id": "9",
          "effect": "This Pokémon's [Speed]{mechanic:speed} rises one [stage]{mechanic:stat-modifier} after each turn.",
          "ability_id": "3",
          "short_effect": "Raises [Speed]{mechanic:speed} one [stage]{mechanic:stat-modifier} after each turn."
     },
     {"Error": "Expected 4 fields but got 3"},
     {"Error": "Expected 4 fields but got 2"},
     {"Error": "Expected 4 fields but got 8"},
     {
          "local_language_id": " this ability takes precedence and the item will not be consumed.",
          "effect": "Prevents being KOed from full [HP]{mechanic:hp}",
          "ability_id": "If this Pokémon is holding a []{item:focus-sash}",
          "short_effect": " leaving 1 HP instead.  Protects against the one-hit KO moves regardless of HP."
     },
     {"Error": "Expected 4 fields but got 7"},
     {"Error": "Expected 4 fields but got 3"},
     {"Error": "Expected 4 fields but got 3"},
     {"Error": "Expected 4 fields but got 5"},
     {"Error": "Expected 4 fields but got 1"},
     {"Error": "Expected 4 fields but got 3"},
     {
          "local_language_id": "9",
          "effect": "Whenever a move makes contact with this Pokémon",
          "ability_id": "9",
          "short_effect": " the move's user has a 30% chance of being [paralyzed]{mechanic:paralysis}."
     },
     {"Error": "Expected 4 fields but got 1"},
     {
          "local_language_id": " there is a 50% chance that encounters will be with an []{type:electric} Pokémon",
          "effect": " if applicable.",
          "ability_id": "Overworld: If the lead Pokémon has this ability",
          "short_effect": "Has a 30% chance of [paralyzing]{mechanic:paralysis} attacking Pokémon on contact."
     },
     {"Error": "Expected 4 fields but got 5"},
     {"Error": "Expected 4 fields but got 1"},
     {
          "local_language_id": " i.e. []{move:thunder-wave}.",
          "effect": "Absorbs []{type:electric} moves",
          "ability_id": "This effect includes non-damaging moves",
          "short_effect": " healing for 1/4 max [HP]{mechanic:hp}."
     },
     {"Error": "Expected 4 fields but got 5"},
     {"Error": "Expected 4 fields but got 3"},
     {"Error": "Expected 4 fields but got 3"},
     {"Error": "Expected 4 fields but got 3"},
     {"Error": "Expected 4 fields but got 5"},
     {"Error": "Expected 4 fields but got 3"},
     {"Error": "Expected 4 fields but got 3"},
     {
          "local_language_id": " []{move:guillotine}",
          "effect": " []{move:horn-drill}",
          "ability_id": "This ability has no effect on the one-hit KO moves ([]{move:fissure}",
          "short_effect": " and []{move:sheer-cold})."
     },
     {"Error": "Expected 4 fields but got 8"},
     {"Error": "Expected 4 fields but got 3"},
     {"Error": "Expected 4 fields but got 2"},
     {"Error": "Expected 4 fields but got 2"},
     {
          "local_language_id": "9",
          "effect": "Whenever this Pokémon takes damage from a move",
          "ability_id": "16",
          "short_effect": " the Pokémon's type changes to match the move."
     },
     {"Error": "Expected 4 fields but got 5"},
     {"Error": "Expected 4 fields but got 1"},
     {"Error": "Expected 4 fields but got 3"},
     {"Error": "Expected 4 fields but got 3"},
     {"Error": "Expected 4 fields but got 3"},
     {
          "local_language_id": "9",
          "effect": "This Pokémon is immune to []{type:fire}-type moves.  Once this Pokémon has been hit by a Fire move",
          "ability_id": "18",
          "short_effect": " its own Fire moves will inflict 1.5× as much damage until it leaves battle."
     },
     {
          "local_language_id": " i.e. []{move:will-o-wisp}.",
          "effect": "Protects against []{type:fire} moves.  Once one has been blocked",
          "ability_id": "This ability has no effect while the Pokémon is [frozen]{mechanic:freezing}.  The Fire damage bonus is retained even if the Pokémon is frozen and thawed or the ability is lost or disabled.  Fire moves will ignore this Pokémon's []{move:substitute}.  This ability takes effect even on non-damaging moves",
          "short_effect": " the Pokémon's own Fire moves inflict 1.5× damage until it leaves battle."
     },
     {"Error": "Expected 4 fields but got 3"},
     {"Error": "Expected 4 fields but got 9"},
     {"Error": "Expected 4 fields but got 3"},
     {"Error": "Expected 4 fields but got 3"},
     {"Error": "Expected 4 fields but got 3"},
     {"Error": "Expected 4 fields but got 1"},
     {"Error": "Expected 4 fields but got 3"},
     {"Error": "Expected 4 fields but got 5"},
     {"Error": "Expected 4 fields but got 2"},
     {"Error": "Expected 4 fields but got 1"},
     {"Error": "Expected 4 fields but got 3"},
     {
          "local_language_id": "9",
          "effect": "While this Pokémon is in battle",
          "ability_id": "23",
          "short_effect": " opposing Pokémon cannot flee or switch out."
     },
     {"Error": "Expected 4 fields but got 2"},
     {
          "local_language_id": "9",
          "effect": "Whenever a move makes contact with this Pokémon",
          "ability_id": "24",
          "short_effect": " the move's user takes 1/8 of its maximum [HP]{mechanic:hp} in damage."
     },
     {"Error": "Expected 4 fields but got 2"},
     {"Error": "Expected 4 fields but got 3"},
     {"Error": "Expected 4 fields but got 7"},
     {"Error": "Expected 4 fields but got 5"},
     {"Error": "Expected 4 fields but got 3"},
     {"Error": "Expected 4 fields but got 6"},
     {"Error": "Expected 4 fields but got 3"},
     {"Error": "Expected 4 fields but got 7"},
     {
          "local_language_id": "Has a 30% chance of inflcting either [paralysis]{mechanic:paralysis}",
          "effect": " [poison]{mechanic:poison}",
          "ability_id": "Nothing is done to compensate if the move's user is immune to one of these ailments; there is simply a lower chance that the move's user will be affected.",
          "short_effect": " or [sleep]{mechanic:sleep} on attacking Pokémon on contact."
     },
     {"Error": "Expected 4 fields but got 6"},
     {"Error": "Expected 4 fields but got 2"},
     {"Error": "Expected 4 fields but got 7"},
     {"Error": "Expected 4 fields but got 3"},
     {
          "local_language_id": " such as the [Speed]{mechanic:speed} cut from [paralysis]{mechanic:paralysis}.  This Pokémon can still be passed negative stat modifiers through []{move:guard-swap}",
          "effect": " []{move:heart-swap}",
          "ability_id": "This ability does not prevent any stat losses other than [stat modifiers]{mechanic:stat-modifiers}",
          "short_effect": " or []{move:power-swap}."
     },
     {"Error": "Expected 4 fields but got 2"},
     {"Error": "Expected 4 fields but got 3"},
     {"Error": "Expected 4 fields but got 3"},
     {"Error": "Expected 4 fields but got 5"},
     {"Error": "Expected 4 fields but got 6"},
     {
          "local_language_id": " its immunity prevents the Special Attack boost.",
          "effect": "Redirects single-target []{type:electric} moves to this Pokémon where possible.  Absorbs Electric moves",
          "ability_id": "If the Pokémon is a []{type:ground}-type and thus immune to Electric moves",
          "short_effect": " raising [Special Attack]{mechanic:special-attack} one [stage]{mechanic:stat-modifier}."
     },
     {"Error": "Expected 4 fields but got 3"},
     {"Error": "Expected 4 fields but got 5"},
     {"Error": "Expected 4 fields but got 2"},
     {"Error": "Expected 4 fields but got 3"},
     {"Error": "Expected 4 fields but got 2"},
     {"Error": "Expected 4 fields but got 3"},
     {"Error": "Expected 4 fields but got 2"},
     {
          "local_language_id": "9",
          "effect": "Overworld: If the lead Pokémon has this ability",
          "ability_id": "35",
          "short_effect": " the wild encounter rate is doubled."
     },
     {"Error": "Expected 4 fields but got 2"},
     {
          "local_language_id": "9",
          "effect": "When this Pokémon enters battle",
          "ability_id": "36",
          "short_effect": " it copies a random opponent's ability."
     },
     {"Error": "Expected 4 fields but got 9"},
     {"Error": "Expected 4 fields but got 3"},
     {"Error": "Expected 4 fields but got 1"},
     {"Error": "Expected 4 fields but got 2"},
     {"Error": "Expected 4 fields but got 5"},
     {
          "local_language_id": "9",
          "effect": "This Pokémon cannot [flinch]{mechanic:flinching}.",
          "ability_id": "39",
          "short_effect": "Prevents [flinching]{mechanic:flinching}."
     },
     {"Error": "Expected 4 fields but got 3"},
     {"Error": "Expected 4 fields but got 2"},
     {
          "local_language_id": " each egg in the party has its [hatch counter]{mechanic:hatch-counter} decreased by 2 (rather than 1) each [step cycle]{mechanic:step-cycle}",
          "effect": " making eggs hatch roughly twice as quickly.  This effect does not stack if multiple Pokémon have this ability or []{ability:flame-body}.",
          "ability_id": "Overworld: If any Pokémon in the party has this ability",
          "short_effect": "Prevents [freezing]{mechanic:freezing}."
     },
     {"Error": "Expected 4 fields but got 3"},
     {"Error": "Expected 4 fields but got 3"},
     {
          "local_language_id": "9",
          "effect": "While this Pokémon is in battle",
          "ability_id": "42",
          "short_effect": " opposing []{type:steel}-type Pokémon cannot flee or switch out."
     },
     {"Error": "Expected 4 fields but got 1"},
     {"Error": "Expected 4 fields but got 3"},
     {"Error": "Expected 4 fields but got 3"},
     {"Error": "Expected 4 fields but got 2"},
     {"Error": "Expected 4 fields but got 5"},
     {
          "local_language_id": "9",
          "effect": "This Pokémon heals for 1/16 of its maximum [HP]{mechanic:hp} after each turn during [rain]{mechanic:rain}.",
          "ability_id": "44",
          "short_effect": "Heals for 1/16 max [HP]{mechanic:hp} after each turn during [rain]{mechanic:rain}."
     },
     {"Error": "Expected 4 fields but got 3"},
     {"Error": "Expected 4 fields but got 7"},
     {"Error": "Expected 4 fields but got 3"},
     {"Error": "Expected 4 fields but got 3"},
     {"Error": "Expected 4 fields but got 7"},
     {"Error": "Expected 4 fields but got 2"},
     {"Error": "Expected 4 fields but got 3"},
     {
          "local_language_id": "9",
          "effect": "This Pokémon takes half as much damage from []{type:fire}- and []{type:ice}-type moves.",
          "ability_id": "47",
          "short_effect": "Halves damage from []{type:fire} and []{type:ice} moves."
     },
     {"Error": "Expected 4 fields but got 3"},
     {"Error": "Expected 4 fields but got 3"},
     {
          "local_language_id": "9",
          "effect": "Whenever a move makes contact with this Pokémon",
          "ability_id": "49",
          "short_effect": " the move's user has a 30% chance of being [burned]{mechanic:burn}."
     },
     {
          "local_language_id": " each egg in the party has its [hatch counter]{mechanic:hatch-counter} decreased by 2 (rather than 1) each [step cycle]{mechanic:step-cycle}",
          "effect": " making eggs hatch roughly twice as quickly.  This effect does not stack if multiple Pokémon have this ability or []{ability:magma-armor}.",
          "ability_id": "Overworld: If any Pokémon in the party has this ability",
          "short_effect": "Has a 30% chance of [burning]{mechanic:burn} attacking Pokémon on contact."
     },
     {"Error": "Expected 4 fields but got 5"},
     {"Error": "Expected 4 fields but got 3"},
     {"Error": "Expected 4 fields but got 2"},
     {"Error": "Expected 4 fields but got 3"},
     {"Error": "Expected 4 fields but got 3"},
     {"Error": "Expected 4 fields but got 3"},
     {"Error": "Expected 4 fields but got 6"},
     {"Error": "Expected 4 fields but got 1"},
     {"Error": "Expected 4 fields but got 6"},
     {
          "local_language_id": "9",
          "effect": "Every second turn on which this Pokémon should attempt to use a move",
          "ability_id": "54",
          "short_effect": " it will instead do nothing (loaf around)."
     },
     {"Error": "Expected 4 fields but got 13"},
     {"Error": "Expected 4 fields but got 3"},
     {"Error": "Expected 4 fields but got 7"},
     {"Error": "Expected 4 fields but got 5"},
     {
          "local_language_id": "9",
          "effect": "This Pokémon's physical moves do 1.5× as much [regular damage]{mechanic:regular-damage}",
          "ability_id": "55",
          "short_effect": " but have 0.8× their usual [accuracy]{mechanic:accuracy}."
     },
     {
          "local_language_id": " such as []{move:seismic-toss}",
          "effect": " have their accuracy affected",
          "ability_id": "Special moves are unaffected.  Moves that do set damage",
          "short_effect": " but not their damage."
     },
     {
          "local_language_id": " higher-levelled Pokémon have their encounter rate increased.",
          "effect": "Strengthens physical moves to inflict 1.5× damage",
          "ability_id": "Overworld: If the lead Pokémon has this ability",
          "short_effect": " but decreases their [accuracy]{mechanic:accuracy} to 0.8×."
     },
     {
          "local_language_id": "9",
          "effect": "Whenever a move makes contact with this Pokémon",
          "ability_id": "56",
          "short_effect": " the move's user has a 30% chance of being [infatuated]{mechanic:infatuation}."
     },
     {
          "local_language_id": " any wild Pokémon whose species can be either gender has a 2/3 chance of being set to the opposite gender",
          "effect": " and a 1/3 chance of having a random gender as usual.",
          "ability_id": "Overworld: If the first Pokémon in the party has this ability",
          "short_effect": "Has a 30% chance of [infatuating]{mechanic:infatuation} attacking Pokémon on contact."
     },
     {"Error": "Expected 4 fields but got 3"},
     {"Error": "Expected 4 fields but got 3"},
     {"Error": "Expected 4 fields but got 3"},
     {"Error": "Expected 4 fields but got 3"},
     {"Error": "Expected 4 fields but got 10"},
     {"Error": "Expected 4 fields but got 1"},
     {"Error": "Expected 4 fields but got 5"},
     {"Error": "Expected 4 fields but got 3"},
     {"Error": "Expected 4 fields but got 3"},
     {"Error": "Expected 4 fields but got 3"},
     {"Error": "Expected 4 fields but got 5"},
     {"Error": "Expected 4 fields but got 7"},
     {"Error": "Expected 4 fields but got 2"},
     {
          "local_language_id": "9",
          "effect": "Whenever this Pokémon has a [major status ailment]{mechanic:major-status-ailment}",
          "ability_id": "63",
          "short_effect": " it has 1.5× its [Defense]{mechanic:defense}."
     },
     {"Error": "Expected 4 fields but got 2"},
     {
          "local_language_id": "9",
          "effect": "Whenever a Pokémon would heal after hitting this Pokémon with a leeching move like []{move:absorb}",
          "ability_id": "64",
          "short_effect": " it instead loses as many [HP]{mechanic:hp} as it would usually gain."
     },
     {"Error": "Expected 4 fields but got 2"},
     {"Error": "Expected 4 fields but got 5"},
     {"Error": "Expected 4 fields but got 5"},
     {"Error": "Expected 4 fields but got 5"},
     {
          "local_language_id": "9",
          "effect": "When this Pokémon has 1/3 or less of its [HP]{mechanic:hp} remaining",
          "ability_id": "68",
          "short_effect": " its []{type:bug}-type moves inflict 1.5× as much [regular damage]{mechanic:regular-damage}."
     },
     {"Error": "Expected 4 fields but got 3"},
     {"Error": "Expected 4 fields but got 3"},
     {"Error": "Expected 4 fields but got 2"},
     {"Error": "Expected 4 fields but got 3"},
     {"Error": "Expected 4 fields but got 8"},
     {"Error": "Expected 4 fields but got 6"},
     {"Error": "Expected 4 fields but got 1"},
     {"Error": "Expected 4 fields but got 3"},
     {"Error": "Expected 4 fields but got 3"},
     {"Error": "Expected 4 fields but got 2"},
     {"Error": "Expected 4 fields but got 1"},
     {"Error": "Expected 4 fields but got 3"},
     {"Error": "Expected 4 fields but got 3"},
     {"Error": "Expected 4 fields but got 6"},
     {"Error": "Expected 4 fields but got 1"},
     {"Error": "Expected 4 fields but got 3"},
     {"Error": "Expected 4 fields but got 3"},
     {"Error": "Expected 4 fields but got 1"},
     {"Error": "Expected 4 fields but got 2"},
     {"Error": "Expected 4 fields but got 3"},
     {"Error": "Expected 4 fields but got 2"},
     {"Error": "Expected 4 fields but got 5"},
     {"Error": "Expected 4 fields but got 3"},
     {"Error": "Expected 4 fields but got 5"},
     {"Error": "Expected 4 fields but got 5"},
     {"Error": "Expected 4 fields but got 1"},
     {
          "local_language_id": " i.e. []{move:thunder-wave}.",
          "effect": "Absorbs []{type:electric} moves",
          "ability_id": "This effect includes non-damaging moves",
          "short_effect": " raising [Speed]{mechanic:speed} one [stage]{mechanic:stat-modifier}."
     },
     {"Error": "Expected 4 fields but got 3"},
     {
          "local_language_id": " damage is unaffected.",
          "effect": "Increases damage inflicted to 1.25× against Pokémon of the same gender",
          "ability_id": "If either Pokémon is genderless",
          "short_effect": " but decreases damage to 0.75× against the opposite gender."
     },
     {"Error": "Expected 4 fields but got 5"},
     {"Error": "Expected 4 fields but got 5"},
     {"Error": "Expected 4 fields but got 1"},
     {"Error": "Expected 4 fields but got 3"},
     {"Error": "Expected 4 fields but got 5"},
     {
          "local_language_id": "9",
          "effect": "Whenever this Pokémon receives a [critical hit]{mechanic:critical-hit}",
          "ability_id": "83",
          "short_effect": " its [Attack]{mechanic:attack} rises to the maximum of 6 [stages]{mechanic:stat-modifier}."
     },
     {"Error": "Expected 4 fields but got 2"},
     {"Error": "Expected 4 fields but got 5"},
     {"Error": "Expected 4 fields but got 2"},
     {
          "local_language_id": "9",
          "effect": "This Pokémon takes half as much damage from []{type:fire}-type moves and [burns]{mechanic:burn}.",
          "ability_id": "85",
          "short_effect": "Halves damage from []{type:fire} moves and [burns]{mechanic:burn}."
     },
     {"Error": "Expected 4 fields but got 3"},
     {"Error": "Expected 4 fields but got 3"},
     {"Error": "Expected 4 fields but got 10"},
     {"Error": "Expected 4 fields but got 7"},
     {"Error": "Expected 4 fields but got 2"},
     {"Error": "Expected 4 fields but got 3"},
     {"Error": "Expected 4 fields but got 3"},
     {"Error": "Expected 4 fields but got 5"},
     {"Error": "Expected 4 fields but got 5"},
     {"Error": "Expected 4 fields but got 5"},
     {
          "local_language_id": "9",
          "effect": "This Pokémon is cured of any [major status ailment]{mechanic:major-status-ailment} after each turn during [rain]{mechanic:rain}.",
          "ability_id": "93",
          "short_effect": "Cures any [major status ailment]{mechanic:major-status-ailment} after each turn during [rain]{mechanic:rain}."
     },
     {"Error": "Expected 4 fields but got 5"},
     {
          "local_language_id": "9",
          "effect": "Whenever this Pokémon has a [major status ailment]{mechanic:major-status-ailment}",
          "ability_id": "95",
          "short_effect": " it has 1.5× its [Speed]{mechanic:speed}.  This Pokémon is not affected by the usual Speed cut from [paralysis]{mechanic:paralysis}."
     },
     {"Error": "Expected 4 fields but got 3"},
     {"Error": "Expected 4 fields but got 3"},
     {"Error": "Expected 4 fields but got 7"},
     {
          "local_language_id": " unlike most non-damaging moves",
          "effect": " it does not affect []{type:ghost}-type Pokémon under the effect of this ability.",
          "ability_id": "As []{move:thunder-wave} is prevented by immunities",
          "short_effect": "Makes the Pokémon's moves all act []{type:normal}-type."
     },
     {"Error": "Expected 4 fields but got 5"},
     {"Error": "Expected 4 fields but got 3"},
     {"Error": "Expected 4 fields but got 9"},
     {"Error": "Expected 4 fields but got 7"},
     {"Error": "Expected 4 fields but got 1"},
     {
          "local_language_id": " the poison counter is still increased each turn; if the Pokémon loses this ability",
          "effect": " it will begin taking as much damage as it would be if it had been taking increasing damage each turn.",
          "ability_id": "If this Pokémon is [badly poisoned]{mechanic:poison}",
          "short_effect": "Protects against damage not directly caused by a move."
     },
     {"Error": "Expected 4 fields but got 3"},
     {"Error": "Expected 4 fields but got 1"},
     {"Error": "Expected 4 fields but got 3"},
     {"Error": "Expected 4 fields but got 3"},
     {"Error": "Expected 4 fields but got 1"},
     {"Error": "Expected 4 fields but got 2"},
     {"Error": "Expected 4 fields but got 2"},
     {"Error": "Expected 4 fields but got 3"},
     {"Error": "Expected 4 fields but got 5"},
     {"Error": "Expected 4 fields but got 3"},
     {"Error": "Expected 4 fields but got 3"},
     {"Error": "Expected 4 fields but got 6"},
     {"Error": "Expected 4 fields but got 11"},
     {
          "local_language_id": " such as []{move:natural-gift} and []{move:switcheroo}",
          "effect": " work as usual.",
          "ability_id": "Other moves that use the held item",
          "short_effect": "Prevents the Pokémon from using its held item in battle."
     },
     {"Error": "Expected 4 fields but got 3"},
     {"Error": "Expected 4 fields but got 11"},
     {"Error": "Expected 4 fields but got 7"},
     {
          "local_language_id": " this Pokémon's moves can [paralyze]{mechanic:paralysis} a Pokémon with []{ability:limber}",
          "effect": " but Limber will activate and heal the paralysis immediately thereafter",
          "ability_id": "An ability ignored by this ability is only nullified while the move is being used.  For example",
          "short_effect": " and this Pokémon's []{move:spikes} are not affected by this ability after they have been placed."
     },
     {"Error": "Expected 4 fields but got 2"},
     {"Error": "Expected 4 fields but got 2"},
     {
          "local_language_id": "9",
          "effect": "This Pokémon's moves have [critical hit]{mechanic:critical-hit} rates one stage higher than normal.",
          "ability_id": "105",
          "short_effect": "Raises moves' [critical hit]{mechanic:critical-hit} rates one stage."
     },
     {"Error": "Expected 4 fields but got 5"},
     {"Error": "Expected 4 fields but got 8"},
     {"Error": "Expected 4 fields but got 12"},
     {
          "local_language_id": "9",
          "effect": "When this Pokémon enters battle",
          "ability_id": "108",
          "short_effect": " it reveals the move with the highest base power known by any opposing Pokémon to all participating trainers."
     },
     {"Error": "Expected 4 fields but got 2"},
     {"Error": "Expected 4 fields but got 1"},
     {"Error": "Expected 4 fields but got 1"},
     {"Error": "Expected 4 fields but got 1"},
     {
          "local_language_id": " []{move:guillotine}",
          "effect": " []{move:horn-drill}",
          "ability_id": "  160 | One-hit KO moves: []{move:fissure}",
          "short_effect": " and []{move:sheer-cold}"
     },
     {"Error": "Expected 4 fields but got 3"},
     {"Error": "Expected 4 fields but got 22"},
     {"Error": "Expected 4 fields but got 1"},
     {"Error": "Expected 4 fields but got 2"},
     {"Error": "Expected 4 fields but got 3"},
     {"Error": "Expected 4 fields but got 2"},
     {"Error": "Expected 4 fields but got 3"},
     {
          "local_language_id": "9",
          "effect": "This Pokémon deals twice as much damage with moves that are [not very effective]{mechanic:not-very-effective} against the target.",
          "ability_id": "110",
          "short_effect": "Doubles damage inflicted with [not-very-effective]{mechanic:not-very-effective} moves."
     },
     {"Error": "Expected 4 fields but got 3"},
     {"Error": "Expected 4 fields but got 2"},
     {"Error": "Expected 4 fields but got 3"},
     {"Error": "Expected 4 fields but got 5"},
     {"Error": "Expected 4 fields but got 3"},
     {"Error": "Expected 4 fields but got 2"},
     {"Error": "Expected 4 fields but got 6"},
     {"Error": "Expected 4 fields but got 8"},
     {"Error": "Expected 4 fields but got 5"},
     {"Error": "Expected 4 fields but got 3"},
     {"Error": "Expected 4 fields but got 2"},
     {"Error": "Expected 4 fields but got 3"},
     {"Error": "Expected 4 fields but got 8"},
     {"Error": "Expected 4 fields but got 6"},
     {"Error": "Expected 4 fields but got 3"},
     {
          "local_language_id": "9",
          "effect": "When this Pokémon enters battle",
          "ability_id": "119",
          "short_effect": " it reveals an opposing Pokémon's held item to all participating trainers."
     },
     {"Error": "Expected 4 fields but got 5"},
     {"Error": "Expected 4 fields but got 3"},
     {"Error": "Expected 4 fields but got 1"},
     {"Error": "Expected 4 fields but got 2"},
     {
          "local_language_id": "9",
          "effect": "If this Pokémon is holding an elemental Plate",
          "ability_id": "121",
          "short_effect": " its type and form change to match the Plate."
     },
     {"Error": "Expected 4 fields but got 11"},
     {
          "local_language_id": " nor copied with []{move:role-play} or []{ability:trace}",
          "effect": " nor disabled with []{move:gastro-acid}",
          "ability_id": "This ability has no effect for any Pokémon other than []{pokemon:arceus}.  This ability cannot be traded with []{move:skill-swap}",
          "short_effect": " nor changed with []{move:worry-seed}.  This Pokémon cannot use Skill Swap or Role Play to lose its ability itself.  []{ability:mold-breaker} cannot ignore this ability."
     },
     {"Error": "Expected 4 fields but got 5"},
     {"Error": "Expected 4 fields but got 3"},
     {"Error": "Expected 4 fields but got 6"},
     {
          "local_language_id": "9",
          "effect": "Opposing Pokémon take 1/8 of their maximum [HP]{mechanic:hp} in damage after each turn while they are [asleep]{mechanic:asleep}.",
          "ability_id": "123",
          "short_effect": "Damages [sleeping]{mechanic:sleep} opponents for 1/8 their max [HP]{mechanic:hp} after each turn."
     },
     {"Error": "Expected 4 fields but got 5"},
     {"Error": "Expected 4 fields but got 5"},
     {
          "local_language_id": "9",
          "effect": "This Pokémon's moves with extra effects have 1.3× their power",
          "ability_id": "125",
          "short_effect": " but lose their extra effects."
     },
     {"Error": "Expected 4 fields but got 6"},
     {"Error": "Expected 4 fields but got 3"},
     {"Error": "Expected 4 fields but got 6"},
     {"Error": "Expected 4 fields but got 3"},
     {"Error": "Expected 4 fields but got 2"},
     {
          "local_language_id": "9",
          "effect": "When any of this Pokémon's stats are [lowered]{mechanic:stat-modifier}",
          "ability_id": "128",
          "short_effect": " its [Attack]{mechanic:attack} rises by two stages."
     },
     {"Error": "Expected 4 fields but got 3"},
     {
          "local_language_id": "9",
          "effect": "This Pokémon's [Attack]{mechanic:attack} and [Special Attack]{mechanic:special-attack} are halved when it has half its [HP]{mechanic:hp} or less.",
          "ability_id": "129",
          "short_effect": "Halves [Attack]{mechanic:attack} and [Special Attack]{mechanic:special-attack} at 50% max [HP]{mechanic:hp} or less."
     },
     {
          "local_language_id": "9",
          "effect": "Moves that hit this Pokémon have a 30% chance of being [Disabled]{move:disable} afterward.",
          "ability_id": "130",
          "short_effect": "Has a 30% chance of [Disabling]{move:disable} any move that hits the Pokémon."
     },
     {
          "local_language_id": "9",
          "effect": "Friendly Pokémon next to this Pokémon in double and triple battles each have a 30% chance of being cured of any [major status ailment]{mechanic:major-status-ailment} after each turn.",
          "ability_id": "131",
          "short_effect": "Has a 30% chance of curing each adjacent ally of any [major status ailment]{mechanic:major-status-ailment} after each turn."
     },
     {"Error": "Expected 4 fields but got 3"},
     {"Error": "Expected 4 fields but got 2"},
     {
          "local_language_id": "9",
          "effect": "Whenever a physical move hits this Pokémon",
          "ability_id": "133",
          "short_effect": " its [Speed]{mechanic:speed} rises one stage and its [Defense]{mechanic:defense} falls one stage."
     },
     {"Error": "Expected 4 fields but got 2"},
     {
          "local_language_id": "9",
          "effect": "This Pokémon has double the usual weight for its species.",
          "ability_id": "134",
          "short_effect": "Doubles the Pokémon's weight."
     },
     {
          "local_language_id": "9",
          "effect": "This Pokémon has half the usual weight for its species.",
          "ability_id": "135",
          "short_effect": "Halves the Pokémon's weight."
     },
     {
          "local_language_id": "9",
          "effect": "This Pokémon takes half as much damage when it is hit having full [HP]{mechanic:hp}.",
          "ability_id": "136",
          "short_effect": "Halves damage taken from full [HP]{mechanic:hp}."
     },
     {
          "local_language_id": "9",
          "effect": "This Pokémon has 1.5× its [Attack]{mechanic:attack} when [poisoned]{mechanic:poison}.",
          "ability_id": "137",
          "short_effect": "Increases [Attack]{mechanic:attack} to 1.5× when [poisoned]{mechanic:poison}."
     },
     {
          "local_language_id": "9",
          "effect": "This Pokémon has 1.5× its [Special Attack]{mechanic:special-attack} when [burned]{mechanic:burn}.",
          "ability_id": "138",
          "short_effect": "Increases [Special Attack]{mechanic:special-attack} to 1.5× when [burned]{mechanic:burn}."
     },
     {"Error": "Expected 4 fields but got 7"},
     {"Error": "Expected 4 fields but got 5"},
     {"Error": "Expected 4 fields but got 5"},
     {
          "local_language_id": " it will not be chosen to be increased or decreased",
          "effect": " respectively.",
          "ability_id": "If a stat is already at 6 or -6 stages",
          "short_effect": "Raises a random stat two [stages]{mechanic:stat-modifier} and lowers another one stage after each turn."
     },
     {
          "local_language_id": "9",
          "effect": "This Pokémon does not take damage from [weather]{mechanic:weather}.",
          "ability_id": "142",
          "short_effect": "Protects against damage from [weather]{mechanic:weather}."
     },
     {"Error": "Expected 4 fields but got 3"},
     {"Error": "Expected 4 fields but got 2"},
     {"Error": "Expected 4 fields but got 3"},
     {"Error": "Expected 4 fields but got 2"},
     {"Error": "Expected 4 fields but got 3"},
     {"Error": "Expected 4 fields but got 2"},
     {"Error": "Expected 4 fields but got 6"},
     {
          "local_language_id": "9",
          "effect": "Non-damaging moves have exactly 50% base [accuracy]{mechanic:accuracy} against this Pokémon.",
          "ability_id": "147",
          "short_effect": "Lowers incoming non-damaging moves' base [accuracy]{mechanic:accuracy} to exactly 50%."
     },
     {"Error": "Expected 4 fields but got 3"},
     {"Error": "Expected 4 fields but got 2"},
     {"Error": "Expected 4 fields but got 7"},
     {
          "local_language_id": " e.g. from [weather]{mechanic:weather} or []{move:spikes}",
          "effect": " does not break the illusion",
          "ability_id": "Other damage",
          "short_effect": " nor does damage done to a []{move:substitute}."
     },
     {"Error": "Expected 4 fields but got 3"},
     {
          "local_language_id": "9",
          "effect": "This Pokémon transforms into a random opponent upon entering battle.  This effect is identical to the move []{move:transform}.",
          "ability_id": "150",
          "short_effect": "[Transforms]{move:transform} upon entering battle."
     },
     {"Error": "Expected 4 fields but got 8"},
     {
          "local_language_id": "9",
          "effect": "Whenever a contact move hits this Pokémon",
          "ability_id": "152",
          "short_effect": " the attacking Pokémon's ability changes to Mummy."
     },
     {"Error": "Expected 4 fields but got 3"},
     {
          "local_language_id": "9",
          "effect": "This Pokémon's [Attack]{mechanic:attack} rises one stage upon knocking out another Pokémon",
          "ability_id": "153",
          "short_effect": " even a friendly Pokémon."
     },
     {"Error": "Expected 4 fields but got 2"},
     {"Error": "Expected 4 fields but got 3"},
     {
          "local_language_id": "9",
          "effect": "Whenever a []{type:dark}-type move hits this Pokémon",
          "ability_id": "154",
          "short_effect": " its [Attack]{mechanic:attack} rises one [stage]{mechanic:stat-modifier}."
     },
     {"Error": "Expected 4 fields but got 2"},
     {"Error": "Expected 4 fields but got 8"},
     {
          "local_language_id": "9",
          "effect": "When this Pokémon is targeted by a move flagged as being reflectable",
          "ability_id": "156",
          "short_effect": " the move is redirected to its user."
     },
     {"Error": "Expected 4 fields but got 2"},
     {"Error": "Expected 4 fields but got 2"},
     {"Error": "Expected 4 fields but got 7"},
     {
          "local_language_id": "9",
          "effect": "This Pokémon's non-damaging moves have their priority increased by one stage.",
          "ability_id": "158",
          "short_effect": "Raises non-damaging moves' priority by one stage."
     },
     {"Error": "Expected 4 fields but got 10"},
     {
          "local_language_id": "9",
          "effect": "Whenever a move makes contact with this Pokémon",
          "ability_id": "160",
          "short_effect": " the move's user takes 1/8 of its maximum [HP]{mechanic:hp} in damage."
     },
     {"Error": "Expected 4 fields but got 2"},
     {"Error": "Expected 4 fields but got 6"},
     {"Error": "Expected 4 fields but got 3"},
     {"Error": "Expected 4 fields but got 6"},
     {"Error": "Expected 4 fields but got 3"},
     {"Error": "Expected 4 fields but got 11"},
     {"Error": "Expected 4 fields but got 7"},
     {
          "local_language_id": " this Pokémon's moves can [paralyze]{mechanic:paralysis} a Pokémon with []{ability:limber}",
          "effect": " but Limber will activate and heal the paralysis immediately thereafter",
          "ability_id": "An ability ignored by this ability is only nullified while the move is being used.  For example",
          "short_effect": " and this Pokémon's []{move:spikes} are not affected by this ability after they have been placed."
     },
     {"Error": "Expected 4 fields but got 2"},
     {"Error": "Expected 4 fields but got 2"},
     {"Error": "Expected 4 fields but got 3"},
     {"Error": "Expected 4 fields but got 11"},
     {"Error": "Expected 4 fields but got 7"},
     {
          "local_language_id": " this Pokémon's moves can [paralyze]{mechanic:paralysis} a Pokémon with []{ability:limber}",
          "effect": " but Limber will activate and heal the paralysis immediately thereafter",
          "ability_id": "An ability ignored by this ability is only nullified while the move is being used.  For example",
          "short_effect": " and this Pokémon's []{move:spikes} are not affected by this ability after they have been placed."
     },
     {"Error": "Expected 4 fields but got 2"},
     {"Error": "Expected 4 fields but got 2"},
     {
          "local_language_id": "9",
          "effect": "Protects allies against moves that affect their mental state.",
          "ability_id": "165",
          "short_effect": "Protects allies against moves that affect their mental state."
     },
     {
          "local_language_id": "9",
          "effect": "Protects []{type:grass}-type allies from having their stats lowered by other Pokémon.",
          "ability_id": "166",
          "short_effect": "Protects []{type:grass}-type allies from having their stats lowered by other Pokémon."
     },
     {"Error": "Expected 4 fields but got 6"},
     {
          "local_language_id": "9",
          "effect": "Changes the bearer's type to match each move it uses.",
          "ability_id": "168",
          "short_effect": "Changes the bearer's type to match each move it uses."
     },
     {
          "local_language_id": "9",
          "effect": "Halves damage from physical attacks.",
          "ability_id": "169",
          "short_effect": "Halves damage from physical attacks."
     },
     {
          "local_language_id": "9",
          "effect": "Steals the target's held item when the bearer uses a contact move.",
          "ability_id": "170",
          "short_effect": "Steals the target's held item when the bearer uses a contact move."
     },
     {"Error": "Expected 4 fields but got 8"},
     {
          "local_language_id": "9",
          "effect": "Raises Special Attack by two stages upon having any stat lowered.",
          "ability_id": "172",
          "short_effect": "Raises Special Attack by two stages upon having any stat lowered."
     },
     {
          "local_language_id": "9",
          "effect": "Strengthens biting moves.",
          "ability_id": "173",
          "short_effect": "Strengthens biting moves."
     },
     {
          "local_language_id": "9",
          "effect": "Turns the bearer's []{type:normal} moves into []{type:ice} moves.",
          "ability_id": "174",
          "short_effect": "Turns the bearer's []{type:normal} moves into []{type:ice} moves."
     },
     {
          "local_language_id": "9",
          "effect": "Prevents friendly Pokémon from sleeping.",
          "ability_id": "175",
          "short_effect": "Prevents friendly Pokémon from sleeping."
     },
     {"Error": "Expected 4 fields but got 6"},
     {
          "local_language_id": "9",
          "effect": "Raises []{type:flying} moves' priority by one stage.",
          "ability_id": "177",
          "short_effect": "Raises []{type:flying} moves' priority by one stage."
     },
     {
          "local_language_id": "9",
          "effect": "Strengthens aura and pulse moves.",
          "ability_id": "178",
          "short_effect": "Strengthens aura and pulse moves."
     },
     {
          "local_language_id": "9",
          "effect": "Boosts Defense while []{move:grassy-terrain} is in effect.",
          "ability_id": "179",
          "short_effect": "Boosts Defense while []{move:grassy-terrain} is in effect."
     },
     {
          "local_language_id": "9",
          "effect": "Passes the bearer's held item to an ally when the ally uses up its item.",
          "ability_id": "180",
          "short_effect": "Passes the bearer's held item to an ally when the ally uses up its item."
     },
     {
          "local_language_id": "9",
          "effect": "Strengthens moves that make contact.",
          "ability_id": "181",
          "short_effect": "Strengthens moves that make contact."
     },
     {
          "local_language_id": "9",
          "effect": "Turns the bearer's []{type:normal} moves into []{type:fairy} moves.",
          "ability_id": "182",
          "short_effect": "Turns the bearer's []{type:normal} moves into []{type:fairy} moves."
     },
     {
          "local_language_id": "9",
          "effect": "Lowers attacking Pokémon's Speed by one stage on contact.",
          "ability_id": "183",
          "short_effect": "Lowers attacking Pokémon's Speed by one stage on contact."
     },
     {
          "local_language_id": "9",
          "effect": "Lets the bearer hit twice with damaging moves.  The second hit has half power.",
          "ability_id": "184",
          "short_effect": "Lets the bearer hit twice with damaging moves.  The second hit has half power."
     },
     {
          "local_language_id": "9",
          "effect": "Turns the bearer's []{type:normal} moves into []{type:flying} moves.",
          "ability_id": "185",
          "short_effect": "Turns the bearer's []{type:normal} moves into []{type:flying} moves."
     },
     {
          "local_language_id": "9",
          "effect": "Strengthens []{type:dark} moves for all friendly and opposing Pokémon.",
          "ability_id": "186",
          "short_effect": "Strengthens []{type:dark} moves for all friendly and opposing Pokémon."
     },
     {
          "local_language_id": "9",
          "effect": "Strengthens []{type:fairy} moves for all friendly and opposing Pokémon.",
          "ability_id": "187",
          "short_effect": "Strengthens []{type:fairy} moves for all friendly and opposing Pokémon."
     },
     {
          "local_language_id": "9",
          "effect": "Reverses the effects of []{ability:dark-aura} and []{ability:fairy-aura}.",
          "ability_id": "188",
          "short_effect": "Reverses the effects of []{ability:dark-aura} and []{ability:fairy-aura}."
     },
     {
          "local_language_id": "10",
          "effect": "",
          "ability_id": "1",
          "short_effect": "Má šanci nepřítele [zastrašit]{mechanic:flinch} během útočení."
     },
     {
          "local_language_id": "10",
          "effect": "",
          "ability_id": "33",
          "short_effect": "Během [deště]{mechanic:rain} zdvojnásobuje [Rychlost]{mechanic:speed}."
     },
     {
          "local_language_id": "10",
          "effect": "",
          "ability_id": "3",
          "short_effect": "Zvýší [Rychlost]{mechanic:speed} o jeden [stupeň]{mechanic:stat-modifier} po každém kole."
     },
     {
          "local_language_id": "10",
          "effect": "",
          "ability_id": "34",
          "short_effect": "Během [slunečného počasí]{mechanic:strong-sunlight} zdvojnásobuje [Rychlost]{mechanic:speed}."
     },
     {"Error": "Expected 4 fields but got 5"}
]