[
     {
          "id": "1",
          "natural_gift_power": "60",
          "growth_time": "3",
          "natural_gift_type_id": "10",
          "soil_dryness": "15",
          "smoothness": "25",
          "max_harvest": "5",
          "firmness_id": "2",
          "size": "20",
          "item_id": "126"
     },
     {
          "id": "2",
          "natural_gift_power": "60",
          "growth_time": "3",
          "natural_gift_type_id": "11",
          "soil_dryness": "15",
          "smoothness": "25",
          "max_harvest": "5",
          "firmness_id": "5",
          "size": "80",
          "item_id": "127"
     },
     {
          "id": "3",
          "natural_gift_power": "60",
          "growth_time": "3",
          "natural_gift_type_id": "13",
          "soil_dryness": "15",
          "smoothness": "25",
          "max_harvest": "5",
          "firmness_id": "1",
          "size": "40",
          "item_id": "128"
     },
     {
          "id": "4",
          "natural_gift_power": "60",
          "growth_time": "3",
          "natural_gift_type_id": "12",
          "soil_dryness": "15",
          "smoothness": "25",
          "max_harvest": "5",
          "firmness_id": "3",
          "size": "32",
          "item_id": "129"
     },
     {
          "id": "5",
          "natural_gift_power": "60",
          "growth_time": "3",
          "natural_gift_type_id": "15",
          "soil_dryness": "15",
          "smoothness": "25",
          "max_harvest": "5",
          "firmness_id": "5",
          "size": "50",
          "item_id": "130"
     },
     {
          "id": "6",
          "natural_gift_power": "60",
          "growth_time": "4",
          "natural_gift_type_id": "2",
          "soil_dryness": "15",
          "smoothness": "20",
          "max_harvest": "5",
          "firmness_id": "4",
          "size": "28",
          "item_id": "131"
     },
     {
          "id": "7",
          "natural_gift_power": "60",
          "growth_time": "4",
          "natural_gift_type_id": "4",
          "soil_dryness": "15",
          "smoothness": "20",
          "max_harvest": "5",
          "firmness_id": "5",
          "size": "35",
          "item_id": "132"
     },
     {
          "id": "8",
          "natural_gift_power": "60",
          "growth_time": "4",
          "natural_gift_type_id": "5",
          "soil_dryness": "15",
          "smoothness": "20",
          "max_harvest": "5",
          "firmness_id": "3",
          "size": "47",
          "item_id": "133"
     },
     {
          "id": "9",
          "natural_gift_power": "60",
          "growth_time": "12",
          "natural_gift_type_id": "3",
          "soil_dryness": "8",
          "smoothness": "20",
          "max_harvest": "5",
          "firmness_id": "5",
          "size": "34",
          "item_id": "134"
     },
     {
          "id": "10",
          "natural_gift_power": "60",
          "growth_time": "8",
          "natural_gift_type_id": "14",
          "soil_dryness": "7",
          "smoothness": "20",
          "max_harvest": "5",
          "firmness_id": "4",
          "size": "95",
          "item_id": "135"
     },
     {
          "id": "11",
          "natural_gift_power": "60",
          "growth_time": "5",
          "natural_gift_type_id": "7",
          "soil_dryness": "10",
          "smoothness": "25",
          "max_harvest": "5",
          "firmness_id": "2",
          "size": "100",
          "item_id": "136"
     },
     {
          "id": "12",
          "natural_gift_power": "60",
          "growth_time": "5",
          "natural_gift_type_id": "6",
          "soil_dryness": "10",
          "smoothness": "25",
          "max_harvest": "5",
          "firmness_id": "3",
          "size": "115",
          "item_id": "137"
     },
     {
          "id": "13",
          "natural_gift_power": "60",
          "growth_time": "5",
          "natural_gift_type_id": "8",
          "soil_dryness": "10",
          "smoothness": "25",
          "max_harvest": "5",
          "firmness_id": "3",
          "size": "126",
          "item_id": "138"
     },
     {
          "id": "14",
          "natural_gift_power": "60",
          "growth_time": "5",
          "natural_gift_type_id": "16",
          "soil_dryness": "10",
          "smoothness": "25",
          "max_harvest": "5",
          "firmness_id": "5",
          "size": "64",
          "item_id": "139"
     },
     {
          "id": "15",
          "natural_gift_power": "60",
          "growth_time": "5",
          "natural_gift_type_id": "17",
          "soil_dryness": "10",
          "smoothness": "25",
          "max_harvest": "5",
          "firmness_id": "2",
          "size": "223",
          "item_id": "140"
     },
     {
          "id": "16",
          "natural_gift_power": "60",
          "growth_time": "2",
          "natural_gift_type_id": "9",
          "soil_dryness": "35",
          "smoothness": "20",
          "max_harvest": "10",
          "firmness_id": "4",
          "size": "120",
          "item_id": "141"
     },
     {
          "id": "17",
          "natural_gift_power": "70",
          "growth_time": "2",
          "natural_gift_type_id": "10",
          "soil_dryness": "35",
          "smoothness": "20",
          "max_harvest": "10",
          "firmness_id": "2",
          "size": "108",
          "item_id": "142"
     },
     {
          "id": "18",
          "natural_gift_power": "70",
          "growth_time": "2",
          "natural_gift_type_id": "11",
          "soil_dryness": "35",
          "smoothness": "20",
          "max_harvest": "10",
          "firmness_id": "4",
          "size": "77",
          "item_id": "143"
     },
     {
          "id": "19",
          "natural_gift_power": "70",
          "growth_time": "2",
          "natural_gift_type_id": "13",
          "soil_dryness": "35",
          "smoothness": "20",
          "max_harvest": "10",
          "firmness_id": "5",
          "size": "74",
          "item_id": "144"
     },
     {
          "id": "20",
          "natural_gift_power": "70",
          "growth_time": "2",
          "natural_gift_type_id": "12",
          "soil_dryness": "35",
          "smoothness": "20",
          "max_harvest": "10",
          "firmness_id": "3",
          "size": "80",
          "item_id": "145"
     },
     {
          "id": "21",
          "natural_gift_power": "70",
          "growth_time": "8",
          "natural_gift_type_id": "15",
          "soil_dryness": "8",
          "smoothness": "20",
          "max_harvest": "5",
          "firmness_id": "4",
          "size": "135",
          "item_id": "146"
     },
     {
          "id": "22",
          "natural_gift_power": "70",
          "growth_time": "8",
          "natural_gift_type_id": "2",
          "soil_dryness": "8",
          "smoothness": "20",
          "max_harvest": "5",
          "firmness_id": "3",
          "size": "150",
          "item_id": "147"
     },
     {
          "id": "23",
          "natural_gift_power": "70",
          "growth_time": "8",
          "natural_gift_type_id": "4",
          "soil_dryness": "8",
          "smoothness": "20",
          "max_harvest": "5",
          "firmness_id": "3",
          "size": "110",
          "item_id": "148"
     },
     {
          "id": "24",
          "natural_gift_power": "70",
          "growth_time": "8",
          "natural_gift_type_id": "5",
          "soil_dryness": "8",
          "smoothness": "20",
          "max_harvest": "5",
          "firmness_id": "3",
          "size": "162",
          "item_id": "149"
     },
     {
          "id": "25",
          "natural_gift_power": "70",
          "growth_time": "8",
          "natural_gift_type_id": "3",
          "soil_dryness": "8",
          "smoothness": "20",
          "max_harvest": "5",
          "firmness_id": "2",
          "size": "149",
          "item_id": "150"
     },
     {
          "id": "26",
          "natural_gift_power": "70",
          "growth_time": "8",
          "natural_gift_type_id": "14",
          "soil_dryness": "8",
          "smoothness": "30",
          "max_harvest": "5",
          "firmness_id": "2",
          "size": "200",
          "item_id": "151"
     },
     {
          "id": "27",
          "natural_gift_power": "70",
          "growth_time": "6",
          "natural_gift_type_id": "7",
          "soil_dryness": "10",
          "smoothness": "30",
          "max_harvest": "10",
          "firmness_id": "3",
          "size": "75",
          "item_id": "152"
     },
     {
          "id": "28",
          "natural_gift_power": "70",
          "growth_time": "6",
          "natural_gift_type_id": "6",
          "soil_dryness": "10",
          "smoothness": "30",
          "max_harvest": "10",
          "firmness_id": "3",
          "size": "140",
          "item_id": "153"
     },
     {
          "id": "29",
          "natural_gift_power": "70",
          "growth_time": "6",
          "natural_gift_type_id": "8",
          "soil_dryness": "10",
          "smoothness": "30",
          "max_harvest": "10",
          "firmness_id": "2",
          "size": "226",
          "item_id": "154"
     },
     {
          "id": "30",
          "natural_gift_power": "70",
          "growth_time": "6",
          "natural_gift_type_id": "16",
          "soil_dryness": "10",
          "smoothness": "30",
          "max_harvest": "10",
          "firmness_id": "5",
          "size": "285",
          "item_id": "155"
     },
     {
          "id": "31",
          "natural_gift_power": "70",
          "growth_time": "15",
          "natural_gift_type_id": "17",
          "soil_dryness": "8",
          "smoothness": "35",
          "max_harvest": "15",
          "firmness_id": "2",
          "size": "133",
          "item_id": "156"
     },
     {
          "id": "32",
          "natural_gift_power": "70",
          "growth_time": "15",
          "natural_gift_type_id": "9",
          "soil_dryness": "8",
          "smoothness": "35",
          "max_harvest": "15",
          "firmness_id": "1",
          "size": "244",
          "item_id": "157"
     },
     {
          "id": "33",
          "natural_gift_power": "80",
          "growth_time": "15",
          "natural_gift_type_id": "10",
          "soil_dryness": "8",
          "smoothness": "35",
          "max_harvest": "15",
          "firmness_id": "2",
          "size": "250",
          "item_id": "158"
     },
     {
          "id": "34",
          "natural_gift_power": "80",
          "growth_time": "15",
          "natural_gift_type_id": "11",
          "soil_dryness": "8",
          "smoothness": "35",
          "max_harvest": "15",
          "firmness_id": "3",
          "size": "280",
          "item_id": "159"
     },
     {
          "id": "35",
          "natural_gift_power": "80",
          "growth_time": "15",
          "natural_gift_type_id": "13",
          "soil_dryness": "8",
          "smoothness": "35",
          "max_harvest": "15",
          "firmness_id": "1",
          "size": "300",
          "item_id": "160"
     },
     {
          "id": "36",
          "natural_gift_power": "60",
          "growth_time": "18",
          "natural_gift_type_id": "10",
          "soil_dryness": "6",
          "smoothness": "30",
          "max_harvest": "5",
          "firmness_id": "5",
          "size": "90",
          "item_id": "161"
     },
     {
          "id": "37",
          "natural_gift_power": "60",
          "growth_time": "18",
          "natural_gift_type_id": "11",
          "soil_dryness": "6",
          "smoothness": "30",
          "max_harvest": "5",
          "firmness_id": "2",
          "size": "33",
          "item_id": "162"
     },
     {
          "id": "38",
          "natural_gift_power": "60",
          "growth_time": "18",
          "natural_gift_type_id": "13",
          "soil_dryness": "6",
          "smoothness": "30",
          "max_harvest": "5",
          "firmness_id": "1",
          "size": "250",
          "item_id": "163"
     },
     {
          "id": "39",
          "natural_gift_power": "60",
          "growth_time": "18",
          "natural_gift_type_id": "12",
          "soil_dryness": "6",
          "smoothness": "30",
          "max_harvest": "5",
          "firmness_id": "2",
          "size": "156",
          "item_id": "164"
     },
     {
          "id": "40",
          "natural_gift_power": "60",
          "growth_time": "18",
          "natural_gift_type_id": "15",
          "soil_dryness": "6",
          "smoothness": "30",
          "max_harvest": "5",
          "firmness_id": "4",
          "size": "135",
          "item_id": "165"
     },
     {
          "id": "41",
          "natural_gift_power": "60",
          "growth_time": "18",
          "natural_gift_type_id": "2",
          "soil_dryness": "6",
          "smoothness": "30",
          "max_harvest": "5",
          "firmness_id": "2",
          "size": "77",
          "item_id": "166"
     },
     {
          "id": "42",
          "natural_gift_power": "60",
          "growth_time": "18",
          "natural_gift_type_id": "4",
          "soil_dryness": "6",
          "smoothness": "30",
          "max_harvest": "5",
          "firmness_id": "3",
          "size": "90",
          "item_id": "167"
     },
     {
          "id": "43",
          "natural_gift_power": "60",
          "growth_time": "18",
          "natural_gift_type_id": "5",
          "soil_dryness": "6",
          "smoothness": "30",
          "max_harvest": "5",
          "firmness_id": "2",
          "size": "42",
          "item_id": "168"
     },
     {
          "id": "44",
          "natural_gift_power": "60",
          "growth_time": "18",
          "natural_gift_type_id": "3",
          "soil_dryness": "6",
          "smoothness": "30",
          "max_harvest": "5",
          "firmness_id": "4",
          "size": "278",
          "item_id": "169"
     },
     {
          "id": "45",
          "natural_gift_power": "60",
          "growth_time": "18",
          "natural_gift_type_id": "14",
          "soil_dryness": "6",
          "smoothness": "30",
          "max_harvest": "5",
          "firmness_id": "2",
          "size": "252",
          "item_id": "170"
     },
     {
          "id": "46",
          "natural_gift_power": "60",
          "growth_time": "18",
          "natural_gift_type_id": "7",
          "soil_dryness": "6",
          "smoothness": "35",
          "max_harvest": "5",
          "firmness_id": "1",
          "size": "42",
          "item_id": "171"
     },
     {
          "id": "47",
          "natural_gift_power": "60",
          "growth_time": "18",
          "natural_gift_type_id": "6",
          "soil_dryness": "6",
          "smoothness": "35",
          "max_harvest": "5",
          "firmness_id": "1",
          "size": "28",
          "item_id": "172"
     },
     {
          "id": "48",
          "natural_gift_power": "60",
          "growth_time": "18",
          "natural_gift_type_id": "8",
          "soil_dryness": "6",
          "smoothness": "35",
          "max_harvest": "5",
          "firmness_id": "3",
          "size": "144",
          "item_id": "173"
     },
     {
          "id": "49",
          "natural_gift_power": "60",
          "growth_time": "18",
          "natural_gift_type_id": "16",
          "soil_dryness": "6",
          "smoothness": "35",
          "max_harvest": "5",
          "firmness_id": "2",
          "size": "23",
          "item_id": "174"
     },
     {
          "id": "50",
          "natural_gift_power": "60",
          "growth_time": "18",
          "natural_gift_type_id": "17",
          "soil_dryness": "6",
          "smoothness": "35",
          "max_harvest": "5",
          "firmness_id": "5",
          "size": "39",
          "item_id": "175"
     },
     {
          "id": "51",
          "natural_gift_power": "60",
          "growth_time": "18",
          "natural_gift_type_id": "9",
          "soil_dryness": "6",
          "smoothness": "35",
          "max_harvest": "5",
          "firmness_id": "5",
          "size": "265",
          "item_id": "176"
     },
     {
          "id": "52",
          "natural_gift_power": "60",
          "growth_time": "18",
          "natural_gift_type_id": "1",
          "soil_dryness": "6",
          "smoothness": "35",
          "max_harvest": "5",
          "firmness_id": "1",
          "size": "34",
          "item_id": "177"
     },
     {
          "id": "53",
          "natural_gift_power": "80",
          "growth_time": "24",
          "natural_gift_type_id": "12",
          "soil_dryness": "4",
          "smoothness": "40",
          "max_harvest": "5",
          "firmness_id": "4",
          "size": "111",
          "item_id": "178"
     },
     {
          "id": "54",
          "natural_gift_power": "80",
          "growth_time": "24",
          "natural_gift_type_id": "15",
          "soil_dryness": "4",
          "smoothness": "40",
          "max_harvest": "5",
          "firmness_id": "4",
          "size": "33",
          "item_id": "179"
     },
     {
          "id": "55",
          "natural_gift_power": "80",
          "growth_time": "24",
          "natural_gift_type_id": "2",
          "soil_dryness": "4",
          "smoothness": "40",
          "max_harvest": "5",
          "firmness_id": "4",
          "size": "95",
          "item_id": "180"
     },
     {
          "id": "56",
          "natural_gift_power": "80",
          "growth_time": "24",
          "natural_gift_type_id": "4",
          "soil_dryness": "4",
          "smoothness": "40",
          "max_harvest": "5",
          "firmness_id": "4",
          "size": "237",
          "item_id": "181"
     },
     {
          "id": "57",
          "natural_gift_power": "80",
          "growth_time": "24",
          "natural_gift_type_id": "5",
          "soil_dryness": "4",
          "smoothness": "40",
          "max_harvest": "5",
          "firmness_id": "3",
          "size": "75",
          "item_id": "182"
     },
     {
          "id": "58",
          "natural_gift_power": "80",
          "growth_time": "24",
          "natural_gift_type_id": "3",
          "soil_dryness": "4",
          "smoothness": "50",
          "max_harvest": "5",
          "firmness_id": "2",
          "size": "97",
          "item_id": "183"
     },
     {
          "id": "59",
          "natural_gift_power": "80",
          "growth_time": "24",
          "natural_gift_type_id": "14",
          "soil_dryness": "4",
          "smoothness": "50",
          "max_harvest": "5",
          "firmness_id": "5",
          "size": "153",
          "item_id": "184"
     },
     {
          "id": "60",
          "natural_gift_power": "80",
          "growth_time": "24",
          "natural_gift_type_id": "7",
          "soil_dryness": "7",
          "smoothness": "60",
          "max_harvest": "5",
          "firmness_id": "3",
          "size": "155",
          "item_id": "185"
     },
     {
          "id": "61",
          "natural_gift_power": "80",
          "growth_time": "24",
          "natural_gift_type_id": "6",
          "soil_dryness": "7",
          "smoothness": "60",
          "max_harvest": "5",
          "firmness_id": "2",
          "size": "41",
          "item_id": "186"
     },
     {
          "id": "62",
          "natural_gift_power": "80",
          "growth_time": "24",
          "natural_gift_type_id": "8",
          "soil_dryness": "7",
          "smoothness": "60",
          "max_harvest": "5",
          "firmness_id": "5",
          "size": "267",
          "item_id": "187"
     },
     {
          "id": "63",
          "natural_gift_power": "80",
          "growth_time": "24",
          "natural_gift_type_id": "16",
          "soil_dryness": "7",
          "smoothness": "60",
          "max_harvest": "5",
          "firmness_id": "2",
          "size": "33",
          "item_id": "188"
     },
     {
          "id": "64",
          "natural_gift_power": "80",
          "growth_time": "24",
          "natural_gift_type_id": "17",
          "soil_dryness": "7",
          "smoothness": "60",
          "max_harvest": "5",
          "firmness_id": "1",
          "size": "52",
          "item_id": "189"
     }
]