[
     {
          "local_language_id": "9",
          "name": "Player ♂",
          "warrior_id": "1"
     },
     {
          "local_language_id": "9",
          "name": "Player ♀",
          "warrior_id": "2"
     },
     {
          "local_language_id": "9",
          "name": "Nobunaga",
          "warrior_id": "3"
     },
     {
          "local_language_id": "9",
          "name": "Oichi",
          "warrior_id": "4"
     },
     {
          "local_language_id": "9",
          "name": "Hideyoshi",
          "warrior_id": "5"
     },
     {
          "local_language_id": "9",
          "name": "Motochika",
          "warrior_id": "6"
     },
     {
          "local_language_id": "9",
          "name": "Ginchiyo",
          "warrior_id": "7"
     },
     {
          "local_language_id": "9",
          "name": "Motonari",
          "warrior_id": "8"
     },
     {
          "local_language_id": "9",
          "name": "Mitsuhide",
          "warrior_id": "9"
     },
     {
          "local_language_id": "9",
          "name": "Yoshihiro",
          "warrior_id": "10"
     },
     {
          "local_language_id": "9",
          "name": "Nene",
          "warrior_id": "11"
     },
     {
          "local_language_id": "9",
          "name": "Shingen",
          "warrior_id": "12"
     },
     {
          "local_language_id": "9",
          "name": "Masamune",
          "warrior_id": "13"
     },
     {
          "local_language_id": "9",
          "name": "Kenshin",
          "warrior_id": "14"
     },
     {
          "local_language_id": "9",
          "name": "Yoshimoto",
          "warrior_id": "15"
     },
     {
          "local_language_id": "9",
          "name": "Ujiyasu",
          "warrior_id": "16"
     },
     {
          "local_language_id": "9",
          "name": "Nō",
          "warrior_id": "17"
     },
     {
          "local_language_id": "9",
          "name": "Kotarō",
          "warrior_id": "18"
     },
     {
          "local_language_id": "9",
          "name": "Ieyasu",
          "warrior_id": "19"
     },
     {
          "local_language_id": "9",
          "name": "Hanbei",
          "warrior_id": "20"
     },
     {
          "local_language_id": "9",
          "name": "Kanbei",
          "warrior_id": "21"
     },
     {
          "local_language_id": "9",
          "name": "Muneshige",
          "warrior_id": "22"
     },
     {
          "local_language_id": "9",
          "name": "Gracia",
          "warrior_id": "23"
     },
     {
          "local_language_id": "9",
          "name": "Hanzō",
          "warrior_id": "24"
     },
     {
          "local_language_id": "9",
          "name": "Kunoichi",
          "warrior_id": "25"
     },
     {
          "local_language_id": "9",
          "name": "Yukimura",
          "warrior_id": "26"
     },
     {
          "local_language_id": "9",
          "name": "Magoichi",
          "warrior_id": "27"
     },
     {
          "local_language_id": "9",
          "name": "Kanetsugu",
          "warrior_id": "28"
     },
     {
          "local_language_id": "9",
          "name": "Aya",
          "warrior_id": "29"
     },
     {
          "local_language_id": "9",
          "name": "Kai",
          "warrior_id": "30"
     },
     {
          "local_language_id": "9",
          "name": "Okuni",
          "warrior_id": "31"
     },
     {
          "local_language_id": "9",
          "name": "Ranmaru",
          "warrior_id": "32"
     },
     {
          "local_language_id": "9",
          "name": "Tadakatsu",
          "warrior_id": "33"
     },
     {
          "local_language_id": "9",
          "name": "Ina",
          "warrior_id": "34"
     },
     {
          "local_language_id": "9",
          "name": "Keiji",
          "warrior_id": "35"
     },
     {
          "local_language_id": "9",
          "name": "Mitsunari",
          "warrior_id": "36"
     },
     {
          "local_language_id": "9",
          "name": "Kiyomasa",
          "warrior_id": "37"
     },
     {
          "local_language_id": "9",
          "name": "Masanori",
          "warrior_id": "38"
     },
     {
          "local_language_id": "9",
          "name": "Tsunehisa",
          "warrior_id": "39"
     },
     {
          "local_language_id": "9",
          "name": "Naoie",
          "warrior_id": "40"
     },
     {
          "local_language_id": "9",
          "name": "Harutaka",
          "warrior_id": "41"
     },
     {
          "local_language_id": "9",
          "name": "Takanobu",
          "warrior_id": "42"
     },
     {
          "local_language_id": "9",
          "name": "Naoshige",
          "warrior_id": "43"
     },
     {
          "local_language_id": "9",
          "name": "Ujisato",
          "warrior_id": "44"
     },
     {
          "local_language_id": "9",
          "name": "Chacha",
          "warrior_id": "45"
     },
     {
          "local_language_id": "9",
          "name": "Gō",
          "warrior_id": "46"
     },
     {
          "local_language_id": "9",
          "name": "Hatsu",
          "warrior_id": "47"
     },
     {
          "local_language_id": "9",
          "name": "Kazumasu",
          "warrior_id": "48"
     },
     {
          "local_language_id": "9",
          "name": "Nagahide",
          "warrior_id": "49"
     },
     {
          "local_language_id": "9",
          "name": "Yoshitaka",
          "warrior_id": "50"
     },
     {
          "local_language_id": "9",
          "name": "Urakusai",
          "warrior_id": "51"
     },
     {
          "local_language_id": "9",
          "name": "Narimasa",
          "warrior_id": "52"
     },
     {
          "local_language_id": "9",
          "name": "Tomonori",
          "warrior_id": "53"
     },
     {
          "local_language_id": "9",
          "name": "Murashige",
          "warrior_id": "54"
     },
     {
          "local_language_id": "9",
          "name": "Masahide",
          "warrior_id": "55"
     },
     {
          "local_language_id": "9",
          "name": "Nagayoshi",
          "warrior_id": "56"
     },
     {
          "local_language_id": "9",
          "name": "Kitsuno",
          "warrior_id": "57"
     },
     {
          "local_language_id": "9",
          "name": "Gotoku",
          "warrior_id": "58"
     },
     {
          "local_language_id": "9",
          "name": "Hidenaga",
          "warrior_id": "59"
     },
     {
          "local_language_id": "9",
          "name": "Koroku",
          "warrior_id": "60"
     },
     {
          "local_language_id": "9",
          "name": "Takatora",
          "warrior_id": "61"
     },
     {
          "local_language_id": "9",
          "name": "Yoshitsugu",
          "warrior_id": "62"
     },
     {
          "local_language_id": "9",
          "name": "Yukinaga",
          "warrior_id": "63"
     },
     {
          "local_language_id": "9",
          "name": "Rikyū",
          "warrior_id": "64"
     },
     {
          "local_language_id": "9",
          "name": "Hideyori",
          "warrior_id": "65"
     },
     {
          "local_language_id": "9",
          "name": "Asahi",
          "warrior_id": "66"
     },
     {
          "local_language_id": "9",
          "name": "Kazutoyo",
          "warrior_id": "67"
     },
     {
          "local_language_id": "9",
          "name": "Nagayasu",
          "warrior_id": "68"
     },
     {
          "local_language_id": "9",
          "name": "Harunaga",
          "warrior_id": "69"
     },
     {
          "local_language_id": "9",
          "name": "Hideaki",
          "warrior_id": "70"
     },
     {
          "local_language_id": "9",
          "name": "Naka",
          "warrior_id": "71"
     },
     {
          "local_language_id": "9",
          "name": "Tatsuko",
          "warrior_id": "72"
     },
     {
          "local_language_id": "9",
          "name": "Maa",
          "warrior_id": "73"
     },
     {
          "local_language_id": "9",
          "name": "Chiyo",
          "warrior_id": "74"
     },
     {
          "local_language_id": "9",
          "name": "Hatsume",
          "warrior_id": "75"
     },
     {
          "local_language_id": "9",
          "name": "Nobuchika",
          "warrior_id": "76"
     },
     {
          "local_language_id": "9",
          "name": "Chikayasu",
          "warrior_id": "77"
     },
     {
          "local_language_id": "9",
          "name": "Morichika",
          "warrior_id": "78"
     },
     {
          "local_language_id": "9",
          "name": "Chikamasa",
          "warrior_id": "79"
     },
     {
          "local_language_id": "9",
          "name": "Norishige",
          "warrior_id": "80"
     },
     {
          "local_language_id": "9",
          "name": "Takayori",
          "warrior_id": "81"
     },
     {
          "local_language_id": "9",
          "name": "Tadasumi",
          "warrior_id": "82"
     },
     {
          "local_language_id": "9",
          "name": "Dōsetsu",
          "warrior_id": "83"
     },
     {
          "local_language_id": "9",
          "name": "Shōun",
          "warrior_id": "84"
     },
     {
          "local_language_id": "9",
          "name": "Sōrin",
          "warrior_id": "85"
     },
     {
          "local_language_id": "9",
          "name": "Sekisō",
          "warrior_id": "86"
     },
     {
          "local_language_id": "9",
          "name": "Akizane",
          "warrior_id": "87"
     },
     {
          "local_language_id": "9",
          "name": "Takatane",
          "warrior_id": "88"
     },
     {
          "local_language_id": "9",
          "name": "Kiyo",
          "warrior_id": "89"
     },
     {
          "local_language_id": "9",
          "name": "Motoharu",
          "warrior_id": "90"
     },
     {
          "local_language_id": "9",
          "name": "Takakage",
          "warrior_id": "91"
     },
     {
          "local_language_id": "9",
          "name": "Terumoto",
          "warrior_id": "92"
     },
     {
          "local_language_id": "9",
          "name": "Takeyoshi",
          "warrior_id": "93"
     },
     {
          "local_language_id": "9",
          "name": "Ekei",
          "warrior_id": "94"
     },
     {
          "local_language_id": "9",
          "name": "Takamoto",
          "warrior_id": "95"
     },
     {
          "local_language_id": "9",
          "name": "Sadatoshi",
          "warrior_id": "96"
     },
     {
          "local_language_id": "9",
          "name": "Hidemitsu",
          "warrior_id": "97"
     },
     {
          "local_language_id": "9",
          "name": "Toshimitsu",
          "warrior_id": "98"
     },
     {
          "local_language_id": "9",
          "name": "Shigemoto",
          "warrior_id": "99"
     },
     {
          "local_language_id": "9",
          "name": "Mitsutada",
          "warrior_id": "100"
     },
     {
          "local_language_id": "9",
          "name": "Yukimasa",
          "warrior_id": "101"
     },
     {
          "local_language_id": "9",
          "name": "Tadaoki",
          "warrior_id": "102"
     },
     {
          "local_language_id": "9",
          "name": "Fujitaka",
          "warrior_id": "103"
     },
     {
          "local_language_id": "9",
          "name": "Hiroko",
          "warrior_id": "104"
     },
     {
          "local_language_id": "9",
          "name": "Tadamoto",
          "warrior_id": "105"
     },
     {
          "local_language_id": "9",
          "name": "Tadatsune",
          "warrior_id": "106"
     },
     {
          "local_language_id": "9",
          "name": "Takahisa",
          "warrior_id": "107"
     },
     {
          "local_language_id": "9",
          "name": "Hisaaki",
          "warrior_id": "108"
     },
     {
          "local_language_id": "9",
          "name": "Masatoshi",
          "warrior_id": "109"
     },
     {
          "local_language_id": "9",
          "name": "Kanemori",
          "warrior_id": "110"
     },
     {
          "local_language_id": "9",
          "name": "Tokitaka",
          "warrior_id": "111"
     },
     {
          "local_language_id": "9",
          "name": "Sandayū",
          "warrior_id": "112"
     },
     {
          "local_language_id": "9",
          "name": "Morikiyo",
          "warrior_id": "113"
     },
     {
          "local_language_id": "9",
          "name": "Kashinkoji",
          "warrior_id": "114"
     },
     {
          "local_language_id": "9",
          "name": "Yasunaga",
          "warrior_id": "115"
     },
     {
          "local_language_id": "9",
          "name": "Seikurō",
          "warrior_id": "116"
     },
     {
          "local_language_id": "9",
          "name": "Katsuyori",
          "warrior_id": "117"
     },
     {
          "local_language_id": "9",
          "name": "Haruyuki",
          "warrior_id": "118"
     },
     {
          "local_language_id": "9",
          "name": "Masakage",
          "warrior_id": "119"
     },
     {
          "local_language_id": "9",
          "name": "Masatoyo",
          "warrior_id": "120"
     },
     {
          "local_language_id": "9",
          "name": "Nobufusa",
          "warrior_id": "121"
     },
     {
          "local_language_id": "9",
          "name": "Masayuki",
          "warrior_id": "122"
     },
     {
          "local_language_id": "9",
          "name": "Yukitaka",
          "warrior_id": "123"
     },
     {
          "local_language_id": "9",
          "name": "Ume",
          "warrior_id": "124"
     },
     {
          "local_language_id": "9",
          "name": "Chiyome",
          "warrior_id": "125"
     },
     {
          "local_language_id": "9",
          "name": "Kei",
          "warrior_id": "126"
     },
     {
          "local_language_id": "9",
          "name": "Kagetsuna",
          "warrior_id": "127"
     },
     {
          "local_language_id": "9",
          "name": "Shigezane",
          "warrior_id": "128"
     },
     {
          "local_language_id": "9",
          "name": "Tsunamoto",
          "warrior_id": "129"
     },
     {
          "local_language_id": "9",
          "name": "Tsunenaga",
          "warrior_id": "130"
     },
     {
          "local_language_id": "9",
          "name": "Munetoki",
          "warrior_id": "131"
     },
     {
          "local_language_id": "9",
          "name": "Munezane",
          "warrior_id": "132"
     },
     {
          "local_language_id": "9",
          "name": "Yoshi",
          "warrior_id": "133"
     },
     {
          "local_language_id": "9",
          "name": "Iroha",
          "warrior_id": "134"
     },
     {
          "local_language_id": "9",
          "name": "Kagekatsu",
          "warrior_id": "135"
     },
     {
          "local_language_id": "9",
          "name": "Yoshikiyo",
          "warrior_id": "136"
     },
     {
          "local_language_id": "9",
          "name": "Tomonobu",
          "warrior_id": "137"
     },
     {
          "local_language_id": "9",
          "name": "Kageie",
          "warrior_id": "138"
     },
     {
          "local_language_id": "9",
          "name": "Takahiro",
          "warrior_id": "139"
     },
     {
          "local_language_id": "9",
          "name": "Sadamitsu",
          "warrior_id": "140"
     },
     {
          "local_language_id": "9",
          "name": "Yatarō",
          "warrior_id": "141"
     },
     {
          "local_language_id": "9",
          "name": "Saneyori",
          "warrior_id": "142"
     },
     {
          "local_language_id": "9",
          "name": "Hana",
          "warrior_id": "143"
     },
     {
          "local_language_id": "9",
          "name": "Sen",
          "warrior_id": "144"
     },
     {
          "local_language_id": "9",
          "name": "Ujichika",
          "warrior_id": "145"
     },
     {
          "local_language_id": "9",
          "name": "Ujizane",
          "warrior_id": "146"
     },
     {
          "local_language_id": "9",
          "name": "Sessai",
          "warrior_id": "147"
     },
     {
          "local_language_id": "9",
          "name": "Masatsuna",
          "warrior_id": "148"
     },
     {
          "local_language_id": "9",
          "name": "Yasutomo",
          "warrior_id": "149"
     },
     {
          "local_language_id": "9",
          "name": "Ujihiro",
          "warrior_id": "150"
     },
     {
          "local_language_id": "9",
          "name": "Motozane",
          "warrior_id": "151"
     },
     {
          "local_language_id": "9",
          "name": "Sena",
          "warrior_id": "152"
     },
     {
          "local_language_id": "9",
          "name": "Sōun",
          "warrior_id": "153"
     },
     {
          "local_language_id": "9",
          "name": "Tsunashige",
          "warrior_id": "154"
     },
     {
          "local_language_id": "9",
          "name": "Gen'an",
          "warrior_id": "155"
     },
     {
          "local_language_id": "9",
          "name": "Ujimasa",
          "warrior_id": "156"
     },
     {
          "local_language_id": "9",
          "name": "Ujiteru",
          "warrior_id": "157"
     },
     {
          "local_language_id": "9",
          "name": "Ujikuni",
          "warrior_id": "158"
     },
     {
          "local_language_id": "9",
          "name": "Ujinao",
          "warrior_id": "159"
     },
     {
          "local_language_id": "9",
          "name": "Shizuka",
          "warrior_id": "160"
     },
     {
          "local_language_id": "9",
          "name": "Madoka",
          "warrior_id": "161"
     },
     {
          "local_language_id": "9",
          "name": "Dōsan",
          "warrior_id": "162"
     },
     {
          "local_language_id": "9",
          "name": "Yoshitatsu",
          "warrior_id": "163"
     },
     {
          "local_language_id": "9",
          "name": "Ittetsu",
          "warrior_id": "164"
     },
     {
          "local_language_id": "9",
          "name": "Bokuzen",
          "warrior_id": "165"
     },
     {
          "local_language_id": "9",
          "name": "Morinari",
          "warrior_id": "166"
     },
     {
          "local_language_id": "9",
          "name": "Omi",
          "warrior_id": "167"
     },
     {
          "local_language_id": "9",
          "name": "Asa",
          "warrior_id": "168"
     },
     {
          "local_language_id": "9",
          "name": "Shimoyama",
          "warrior_id": "169"
     },
     {
          "local_language_id": "9",
          "name": "Genba",
          "warrior_id": "170"
     },
     {
          "local_language_id": "9",
          "name": "Danzō",
          "warrior_id": "171"
     },
     {
          "local_language_id": "9",
          "name": "Yazaemon",
          "warrior_id": "172"
     },
     {
          "local_language_id": "9",
          "name": "Isuke",
          "warrior_id": "173"
     },
     {
          "local_language_id": "9",
          "name": "Tadatsugu",
          "warrior_id": "174"
     },
     {
          "local_language_id": "9",
          "name": "Naomasa",
          "warrior_id": "175"
     },
     {
          "local_language_id": "9",
          "name": "Yasumasa",
          "warrior_id": "176"
     },
     {
          "local_language_id": "9",
          "name": "Masanobu",
          "warrior_id": "177"
     },
     {
          "local_language_id": "9",
          "name": "Hidetada",
          "warrior_id": "178"
     },
     {
          "local_language_id": "9",
          "name": "Kazumasa",
          "warrior_id": "179"
     },
     {
          "local_language_id": "9",
          "name": "Chōan",
          "warrior_id": "180"
     },
     {
          "local_language_id": "9",
          "name": "Tenkai",
          "warrior_id": "181"
     },
     {
          "local_language_id": "9",
          "name": "Munenori",
          "warrior_id": "182"
     },
     {
          "local_language_id": "9",
          "name": "Kame",
          "warrior_id": "183"
     },
     {
          "local_language_id": "9",
          "name": "Toku",
          "warrior_id": "184"
     },
     {
          "local_language_id": "9",
          "name": "Saizō",
          "warrior_id": "185"
     },
     {
          "local_language_id": "9",
          "name": "Sasuke",
          "warrior_id": "186"
     },
     {
          "local_language_id": "9",
          "name": "Katsu",
          "warrior_id": "187"
     },
     {
          "local_language_id": "9",
          "name": "Jūzō",
          "warrior_id": "188"
     },
     {
          "local_language_id": "9",
          "name": "Tsuru",
          "warrior_id": "189"
     },
     {
          "local_language_id": "9",
          "name": "Ise",
          "warrior_id": "190"
     },
     {
          "local_language_id": "9",
          "name": "Jinpachi",
          "warrior_id": "191"
     },
     {
          "local_language_id": "9",
          "name": "Kamanosuke",
          "warrior_id": "192"
     },
     {
          "local_language_id": "9",
          "name": "Seikai",
          "warrior_id": "193"
     },
     {
          "local_language_id": "9",
          "name": "Isa",
          "warrior_id": "194"
     },
     {
          "local_language_id": "9",
          "name": "Yoshiteru",
          "warrior_id": "195"
     },
     {
          "local_language_id": "9",
          "name": "Yoshiaki",
          "warrior_id": "196"
     },
     {
          "local_language_id": "9",
          "name": "Hisahide",
          "warrior_id": "197"
     },
     {
          "local_language_id": "9",
          "name": "Jūbei",
          "warrior_id": "198"
     },
     {
          "local_language_id": "9",
          "name": "Nobutsuna",
          "warrior_id": "199"
     },
     {
          "local_language_id": "9",
          "name": "Bokuden",
          "warrior_id": "200"
     },
     {
          "local_language_id": "9",
          "name": "Otsū",
          "warrior_id": "201"
     }
]