[
     {
          "targets": "1",
          "identifier": "user",
          "id": "1"
     },
     {
          "targets": "1",
          "identifier": "tile-1-ahead",
          "id": "2"
     },
     {
          "targets": "2",
          "identifier": "column-2-tiles",
          "id": "3"
     },
     {
          "targets": "3",
          "identifier": "column-3-tiles",
          "id": "4"
     },
     {
          "targets": "4",
          "identifier": "diamond-adjacent",
          "id": "5"
     },
     {
          "targets": "8",
          "identifier": "ring-adjacent",
          "id": "6"
     },
     {
          "targets": "3",
          "identifier": "row",
          "id": "7"
     },
     {
          "targets": "3",
          "identifier": "chevron",
          "id": "8"
     },
     {
          "targets": "5",
          "identifier": "plus",
          "id": "9"
     },
     {
          "targets": "5",
          "identifier": "x-shape",
          "id": "10"
     },
     {
          "targets": "1",
          "identifier": "tile-2-ahead",
          "id": "11"
     },
     {
          "targets": "1",
          "identifier": "tile-3-ahead",
          "id": "12"
     },
     {
          "targets": "4",
          "identifier": "diamond-2-ahead",
          "id": "13"
     },
     {
          "targets": "8",
          "identifier": "ring-2-ahead",
          "id": "14"
     },
     {
          "targets": "3",
          "identifier": "row-2-ahead",
          "id": "15"
     },
     {
          "targets": "6",
          "identifier": "2-rows-2-ahead",
          "id": "16"
     },
     {
          "targets": "2",
          "identifier": "column-2-ahead",
          "id": "17"
     },
     {
          "targets": "5",
          "identifier": "x-shape-2-ahead",
          "id": "18"
     },
     {
          "targets": "7",
          "identifier": "dai",
          "id": "19"
     },
     {
          "targets": "4",
          "identifier": "t-shape",
          "id": "20"
     },
     {
          "targets": "6",
          "identifier": "2-rows",
          "id": "21"
     }
]