[
     {
          "local_language_id": "9",
          "name": "The Legend of Ransei",
          "episode_id": "1"
     },
     {
          "local_language_id": "9",
          "name": "The Road to Conquest",
          "episode_id": "2"
     },
     {
          "local_language_id": "9",
          "name": "Happily Ever After",
          "episode_id": "3"
     },
     {
          "local_language_id": "9",
          "name": "The Burden of Peace",
          "episode_id": "4"
     },
     {
          "local_language_id": "9",
          "name": "The Way of the Warrior",
          "episode_id": "5"
     },
     {
          "local_language_id": "9",
          "name": "The Joy of Battle",
          "episode_id": "6"
     },
     {
          "local_language_id": "9",
          "name": "Pride and Precociousness",
          "episode_id": "7"
     },
     {
          "local_language_id": "9",
          "name": "Tragic Determination",
          "episode_id": "8"
     },
     {
          "local_language_id": "9",
          "name": "A Shroud of Darkness",
          "episode_id": "9"
     },
     {
          "local_language_id": "9",
          "name": "Not Worth Fighting Over... 1",
          "episode_id": "10"
     },
     {
          "local_language_id": "9",
          "name": "Teaching Them a Lesson",
          "episode_id": "11"
     },
     {
          "local_language_id": "9",
          "name": "The Reluctant Genius",
          "episode_id": "12"
     },
     {
          "local_language_id": "9",
          "name": "The Unparalleled Warrior",
          "episode_id": "13"
     },
     {
          "local_language_id": "9",
          "name": "A Ninja amongst Ninjas",
          "episode_id": "14"
     },
     {
          "local_language_id": "9",
          "name": "Archenemies",
          "episode_id": "15"
     },
     {
          "local_language_id": "9",
          "name": "Time for Battle!",
          "episode_id": "16"
     },
     {
          "local_language_id": "9",
          "name": "Land of Love and Righteousness",
          "episode_id": "17"
     },
     {
          "local_language_id": "9",
          "name": "Love is a Battlefield",
          "episode_id": "18"
     },
     {
          "local_language_id": "9",
          "name": "The Final Gamble",
          "episode_id": "19"
     },
     {
          "local_language_id": "9",
          "name": "Blowing in the Wind",
          "episode_id": "20"
     },
     {
          "local_language_id": "9",
          "name": "Ransei's Legendary Beauty",
          "episode_id": "21"
     },
     {
          "local_language_id": "9",
          "name": "All Grown Up",
          "episode_id": "22"
     },
     {
          "local_language_id": "9",
          "name": "The Rebel",
          "episode_id": "23"
     },
     {
          "local_language_id": "9",
          "name": "That Which He Holds Dear",
          "episode_id": "24"
     },
     {
          "local_language_id": "9",
          "name": "Not Worth Fighting Over... 2",
          "episode_id": "25"
     },
     {
          "local_language_id": "9",
          "name": "The Rose of Ransei",
          "episode_id": "26"
     },
     {
          "local_language_id": "9",
          "name": "The Visionary's Quest",
          "episode_id": "27"
     },
     {
          "local_language_id": "9",
          "name": "Grace and Beauty",
          "episode_id": "28"
     },
     {
          "local_language_id": "9",
          "name": "Pokémari and Me",
          "episode_id": "29"
     },
     {
          "local_language_id": "9",
          "name": "The Dragon's Dream",
          "episode_id": "30"
     },
     {
          "local_language_id": "9",
          "name": "Putting the Books Down",
          "episode_id": "31"
     },
     {
          "local_language_id": "9",
          "name": "A Date with Destiny",
          "episode_id": "32"
     },
     {
          "local_language_id": "9",
          "name": "This One Goes Out to My Fans",
          "episode_id": "33"
     },
     {
          "local_language_id": "9",
          "name": "Simply the Best",
          "episode_id": "34"
     },
     {
          "local_language_id": "9",
          "name": "Not Worth Fighting Over... 3",
          "episode_id": "35"
     },
     {
          "local_language_id": "9",
          "name": "A Fate Born of Beauty",
          "episode_id": "36"
     },
     {
          "local_language_id": "9",
          "name": "The Free Spirit's Path",
          "episode_id": "37"
     },
     {
          "local_language_id": "9",
          "name": "Two Heroes of Ransei",
          "episode_id": "38"
     }
]