[
     {
          "present_warrior_id": "21",
          "transformation_id": "43"
     },
     {
          "present_warrior_id": "20",
          "transformation_id": "45"
     },
     {
          "present_warrior_id": "12",
          "transformation_id": "55"
     },
     {
          "present_warrior_id": "14",
          "transformation_id": "59"
     },
     {
          "present_warrior_id": "3",
          "transformation_id": "67"
     },
     {
          "present_warrior_id": "19",
          "transformation_id": "69"
     },
     {
          "present_warrior_id": "34",
          "transformation_id": "69"
     }
]