[
     {
          "displacement_id": "",
          "effect_id": "60",
          "range_id": "2",
          "move_id": "1",
          "power": "26",
          "accuracy": "100",
          "effect_chance": ""
     },
     {
          "displacement_id": "",
          "effect_id": "9",
          "range_id": "2",
          "move_id": "2",
          "power": "31",
          "accuracy": "100",
          "effect_chance": ""
     },
     {
          "displacement_id": "",
          "effect_id": "14",
          "range_id": "2",
          "move_id": "3",
          "power": "10",
          "accuracy": "90",
          "effect_chance": ""
     },
     {
          "displacement_id": "",
          "effect_id": "60",
          "range_id": "2",
          "move_id": "17",
          "power": "31",
          "accuracy": "100",
          "effect_chance": ""
     },
     {
          "displacement_id": "",
          "effect_id": "60",
          "range_id": "7",
          "move_id": "22",
          "power": "24",
          "accuracy": "100",
          "effect_chance": ""
     },
     {
          "displacement_id": "",
          "effect_id": "44",
          "range_id": "2",
          "move_id": "29",
          "power": "39",
          "accuracy": "100",
          "effect_chance": "30"
     },
     {
          "displacement_id": "",
          "effect_id": "60",
          "range_id": "2",
          "move_id": "33",
          "power": "31",
          "accuracy": "100",
          "effect_chance": ""
     },
     {
          "displacement_id": "1",
          "effect_id": "37",
          "range_id": "11",
          "move_id": "34",
          "power": "45",
          "accuracy": "100",
          "effect_chance": "30"
     },
     {
          "displacement_id": "",
          "effect_id": "39",
          "range_id": "3",
          "move_id": "40",
          "power": "12",
          "accuracy": "100",
          "effect_chance": "30"
     },
     {
          "displacement_id": "",
          "effect_id": "68",
          "range_id": "3",
          "move_id": "41",
          "power": "26",
          "accuracy": "100",
          "effect_chance": "20"
     },
     {
          "displacement_id": "",
          "effect_id": "44",
          "range_id": "2",
          "move_id": "44",
          "power": "36",
          "accuracy": "100",
          "effect_chance": "30"
     },
     {
          "displacement_id": "",
          "effect_id": "41",
          "range_id": "11",
          "move_id": "52",
          "power": "26",
          "accuracy": "100",
          "effect_chance": "10"
     },
     {
          "displacement_id": "",
          "effect_id": "41",
          "range_id": "4",
          "move_id": "53",
          "power": "45",
          "accuracy": "100",
          "effect_chance": "10"
     },
     {
          "displacement_id": "",
          "effect_id": "60",
          "range_id": "3",
          "move_id": "55",
          "power": "24",
          "accuracy": "100",
          "effect_chance": ""
     },
     {
          "displacement_id": "",
          "effect_id": "60",
          "range_id": "4",
          "move_id": "56",
          "power": "51",
          "accuracy": "80",
          "effect_chance": ""
     },
     {
          "displacement_id": "",
          "effect_id": "42",
          "range_id": "4",
          "move_id": "58",
          "power": "45",
          "accuracy": "100",
          "effect_chance": "10"
     },
     {
          "displacement_id": "",
          "effect_id": "42",
          "range_id": "16",
          "move_id": "59",
          "power": "51",
          "accuracy": "70",
          "effect_chance": "10"
     },
     {
          "displacement_id": "",
          "effect_id": "43",
          "range_id": "4",
          "move_id": "60",
          "power": "35",
          "accuracy": "100",
          "effect_chance": "10"
     },
     {
          "displacement_id": "",
          "effect_id": "33",
          "range_id": "17",
          "move_id": "61",
          "power": "38",
          "accuracy": "100",
          "effect_chance": "10"
     },
     {
          "displacement_id": "",
          "effect_id": "60",
          "range_id": "2",
          "move_id": "67",
          "power": "31",
          "accuracy": "90",
          "effect_chance": ""
     },
     {
          "displacement_id": "",
          "effect_id": "21",
          "range_id": "2",
          "move_id": "71",
          "power": "20",
          "accuracy": "100",
          "effect_chance": ""
     },
     {
          "displacement_id": "",
          "effect_id": "21",
          "range_id": "2",
          "move_id": "72",
          "power": "26",
          "accuracy": "100",
          "effect_chance": ""
     },
     {
          "displacement_id": "",
          "effect_id": "9",
          "range_id": "4",
          "move_id": "75",
          "power": "31",
          "accuracy": "95",
          "effect_chance": ""
     },
     {
          "displacement_id": "",
          "effect_id": "64",
          "range_id": "5",
          "move_id": "80",
          "power": "41",
          "accuracy": "100",
          "effect_chance": ""
     },
     {
          "displacement_id": "",
          "effect_id": "1",
          "range_id": "3",
          "move_id": "82",
          "power": "40",
          "accuracy": "75",
          "effect_chance": ""
     },
     {
          "displacement_id": "",
          "effect_id": "15",
          "range_id": "14",
          "move_id": "83",
          "power": "12",
          "accuracy": "85",
          "effect_chance": ""
     },
     {
          "displacement_id": "",
          "effect_id": "37",
          "range_id": "3",
          "move_id": "84",
          "power": "24",
          "accuracy": "100",
          "effect_chance": "10"
     },
     {
          "displacement_id": "",
          "effect_id": "37",
          "range_id": "15",
          "move_id": "85",
          "power": "45",
          "accuracy": "100",
          "effect_chance": "10"
     },
     {
          "displacement_id": "",
          "effect_id": "37",
          "range_id": "12",
          "move_id": "87",
          "power": "51",
          "accuracy": "70",
          "effect_chance": "30"
     },
     {
          "displacement_id": "",
          "effect_id": "16",
          "range_id": "11",
          "move_id": "91",
          "power": "41",
          "accuracy": "100",
          "effect_chance": ""
     },
     {
          "displacement_id": "",
          "effect_id": "43",
          "range_id": "12",
          "move_id": "93",
          "power": "29",
          "accuracy": "100",
          "effect_chance": "10"
     },
     {
          "displacement_id": "",
          "effect_id": "30",
          "range_id": "13",
          "move_id": "94",
          "power": "44",
          "accuracy": "100",
          "effect_chance": "10"
     },
     {
          "displacement_id": "",
          "effect_id": "38",
          "range_id": "3",
          "move_id": "95",
          "power": "",
          "accuracy": "60",
          "effect_chance": "100"
     },
     {
          "displacement_id": "",
          "effect_id": "60",
          "range_id": "2",
          "move_id": "98",
          "power": "31",
          "accuracy": "100",
          "effect_chance": ""
     },
     {
          "displacement_id": "",
          "effect_id": "22",
          "range_id": "1",
          "move_id": "100",
          "power": "",
          "accuracy": "",
          "effect_chance": ""
     },
     {
          "displacement_id": "",
          "effect_id": "37",
          "range_id": "2",
          "move_id": "122",
          "power": "14",
          "accuracy": "100",
          "effect_chance": "30"
     },
     {
          "displacement_id": "",
          "effect_id": "41",
          "range_id": "19",
          "move_id": "126",
          "power": "51",
          "accuracy": "85",
          "effect_chance": "10"
     },
     {
          "displacement_id": "1",
          "effect_id": "26",
          "range_id": "11",
          "move_id": "136",
          "power": "65",
          "accuracy": "90",
          "effect_chance": ""
     },
     {
          "displacement_id": "",
          "effect_id": "67",
          "range_id": "2",
          "move_id": "138",
          "power": "48",
          "accuracy": "100",
          "effect_chance": ""
     },
     {
          "displacement_id": "",
          "effect_id": "33",
          "range_id": "3",
          "move_id": "145",
          "power": "20",
          "accuracy": "100",
          "effect_chance": "10"
     },
     {
          "displacement_id": "",
          "effect_id": "69",
          "range_id": "1",
          "move_id": "150",
          "power": "",
          "accuracy": "",
          "effect_chance": ""
     },
     {
          "displacement_id": "",
          "effect_id": "14",
          "range_id": "2",
          "move_id": "154",
          "power": "10",
          "accuracy": "90",
          "effect_chance": ""
     },
     {
          "displacement_id": "",
          "effect_id": "44",
          "range_id": "4",
          "move_id": "157",
          "power": "41",
          "accuracy": "90",
          "effect_chance": "30"
     },
     {
          "displacement_id": "",
          "effect_id": "44",
          "range_id": "2",
          "move_id": "158",
          "power": "43",
          "accuracy": "90",
          "effect_chance": "10"
     },
     {
          "displacement_id": "",
          "effect_id": "9",
          "range_id": "2",
          "move_id": "163",
          "power": "41",
          "accuracy": "100",
          "effect_chance": ""
     },
     {
          "displacement_id": "1",
          "effect_id": "62",
          "range_id": "11",
          "move_id": "172",
          "power": "32",
          "accuracy": "100",
          "effect_chance": "10"
     },
     {
          "displacement_id": "",
          "effect_id": "42",
          "range_id": "3",
          "move_id": "181",
          "power": "24",
          "accuracy": "100",
          "effect_chance": "10"
     },
     {
          "displacement_id": "",
          "effect_id": "52",
          "range_id": "2",
          "move_id": "185",
          "power": "36",
          "accuracy": "",
          "effect_chance": ""
     },
     {
          "displacement_id": "",
          "effect_id": "39",
          "range_id": "18",
          "move_id": "188",
          "power": "44",
          "accuracy": "100",
          "effect_chance": "30"
     },
     {
          "displacement_id": "",
          "effect_id": "36",
          "range_id": "3",
          "move_id": "189",
          "power": "17",
          "accuracy": "100",
          "effect_chance": "100"
     },
     {
          "displacement_id": "",
          "effect_id": "58",
          "range_id": "7",
          "move_id": "196",
          "power": "34",
          "accuracy": "95",
          "effect_chance": "100"
     },
     {
          "displacement_id": "",
          "effect_id": "64",
          "range_id": "5",
          "move_id": "200",
          "power": "41",
          "accuracy": "100",
          "effect_chance": ""
     },
     {
          "displacement_id": "",
          "effect_id": "37",
          "range_id": "2",
          "move_id": "209",
          "power": "39",
          "accuracy": "100",
          "effect_chance": "30"
     },
     {
          "displacement_id": "",
          "effect_id": "3",
          "range_id": "7",
          "move_id": "210",
          "power": "12",
          "accuracy": "95",
          "effect_chance": ""
     },
     {
          "displacement_id": "4",
          "effect_id": "30",
          "range_id": "7",
          "move_id": "231",
          "power": "45",
          "accuracy": "75",
          "effect_chance": "30"
     },
     {
          "displacement_id": "",
          "effect_id": "28",
          "range_id": "2",
          "move_id": "232",
          "power": "31",
          "accuracy": "95",
          "effect_chance": "10"
     },
     {
          "displacement_id": "",
          "effect_id": "9",
          "range_id": "10",
          "move_id": "238",
          "power": "45",
          "accuracy": "80",
          "effect_chance": ""
     },
     {
          "displacement_id": "",
          "effect_id": "30",
          "range_id": "2",
          "move_id": "242",
          "power": "43",
          "accuracy": "100",
          "effect_chance": "20"
     },
     {
          "displacement_id": "",
          "effect_id": "30",
          "range_id": "11",
          "move_id": "247",
          "power": "43",
          "accuracy": "100",
          "effect_chance": "20"
     },
     {
          "displacement_id": "",
          "effect_id": "18",
          "range_id": "16",
          "move_id": "248",
          "power": "45",
          "accuracy": "100",
          "effect_chance": ""
     },
     {
          "displacement_id": "4",
          "effect_id": "59",
          "range_id": "2",
          "move_id": "276",
          "power": "55",
          "accuracy": "100",
          "effect_chance": "100"
     },
     {
          "displacement_id": "1",
          "effect_id": "3",
          "range_id": "11",
          "move_id": "301",
          "power": "18",
          "accuracy": "90",
          "effect_chance": ""
     },
     {
          "displacement_id": "",
          "effect_id": "60",
          "range_id": "6",
          "move_id": "304",
          "power": "44",
          "accuracy": "100",
          "effect_chance": ""
     },
     {
          "displacement_id": "",
          "effect_id": "40",
          "range_id": "2",
          "move_id": "305",
          "power": "31",
          "accuracy": "100",
          "effect_chance": "30"
     },
     {
          "displacement_id": "4",
          "effect_id": "28",
          "range_id": "2",
          "move_id": "309",
          "power": "48",
          "accuracy": "85",
          "effect_chance": "20"
     },
     {
          "displacement_id": "4",
          "effect_id": "44",
          "range_id": "2",
          "move_id": "310",
          "power": "20",
          "accuracy": "100",
          "effect_chance": "30"
     },
     {
          "displacement_id": "",
          "effect_id": "58",
          "range_id": "11",
          "move_id": "317",
          "power": "31",
          "accuracy": "80",
          "effect_chance": "100"
     },
     {
          "displacement_id": "",
          "effect_id": "60",
          "range_id": "2",
          "move_id": "337",
          "power": "43",
          "accuracy": "100",
          "effect_chance": ""
     },
     {
          "displacement_id": "",
          "effect_id": "66",
          "range_id": "7",
          "move_id": "342",
          "power": "29",
          "accuracy": "100",
          "effect_chance": "10"
     },
     {
          "displacement_id": "1",
          "effect_id": "63",
          "range_id": "15",
          "move_id": "344",
          "power": "58",
          "accuracy": "100",
          "effect_chance": "10"
     },
     {
          "displacement_id": "",
          "effect_id": "9",
          "range_id": "2",
          "move_id": "348",
          "power": "45",
          "accuracy": "100",
          "effect_chance": ""
     },
     {
          "displacement_id": "",
          "effect_id": "14",
          "range_id": "11",
          "move_id": "350",
          "power": "10",
          "accuracy": "90",
          "effect_chance": ""
     },
     {
          "displacement_id": "",
          "effect_id": "43",
          "range_id": "3",
          "move_id": "352",
          "power": "36",
          "accuracy": "100",
          "effect_chance": "20"
     },
     {
          "displacement_id": "",
          "effect_id": "65",
          "range_id": "2",
          "move_id": "358",
          "power": "36",
          "accuracy": "100",
          "effect_chance": ""
     },
     {
          "displacement_id": "1",
          "effect_id": "6",
          "range_id": "11",
          "move_id": "360",
          "power": "18",
          "accuracy": "100",
          "effect_chance": ""
     },
     {
          "displacement_id": "",
          "effect_id": "48",
          "range_id": "3",
          "move_id": "362",
          "power": "35",
          "accuracy": "100",
          "effect_chance": ""
     },
     {
          "displacement_id": "",
          "effect_id": "7",
          "range_id": "2",
          "move_id": "372",
          "power": "31",
          "accuracy": "100",
          "effect_chance": ""
     },
     {
          "displacement_id": "4",
          "effect_id": "37",
          "range_id": "2",
          "move_id": "395",
          "power": "31",
          "accuracy": "100",
          "effect_chance": "30"
     },
     {
          "displacement_id": "4",
          "effect_id": "52",
          "range_id": "11",
          "move_id": "396",
          "power": "45",
          "accuracy": "",
          "effect_chance": ""
     },
     {
          "displacement_id": "",
          "effect_id": "39",
          "range_id": "2",
          "move_id": "398",
          "power": "43",
          "accuracy": "100",
          "effect_chance": "30"
     },
     {
          "displacement_id": "",
          "effect_id": "9",
          "range_id": "7",
          "move_id": "400",
          "power": "38",
          "accuracy": "100",
          "effect_chance": ""
     },
     {
          "displacement_id": "4",
          "effect_id": "60",
          "range_id": "7",
          "move_id": "401",
          "power": "44",
          "accuracy": "90",
          "effect_chance": ""
     },
     {
          "displacement_id": "",
          "effect_id": "60",
          "range_id": "10",
          "move_id": "404",
          "power": "41",
          "accuracy": "100",
          "effect_chance": ""
     },
     {
          "displacement_id": "",
          "effect_id": "60",
          "range_id": "4",
          "move_id": "406",
          "power": "44",
          "accuracy": "100",
          "effect_chance": ""
     },
     {
          "displacement_id": "2",
          "effect_id": "44",
          "range_id": "13",
          "move_id": "407",
          "power": "45",
          "accuracy": "75",
          "effect_chance": "20"
     },
     {
          "displacement_id": "1",
          "effect_id": "25",
          "range_id": "8",
          "move_id": "413",
          "power": "58",
          "accuracy": "100",
          "effect_chance": ""
     },
     {
          "displacement_id": "",
          "effect_id": "30",
          "range_id": "9",
          "move_id": "414",
          "power": "44",
          "accuracy": "100",
          "effect_chance": "10"
     },
     {
          "displacement_id": "",
          "effect_id": "60",
          "range_id": "2",
          "move_id": "418",
          "power": "26",
          "accuracy": "100",
          "effect_chance": ""
     },
     {
          "displacement_id": "",
          "effect_id": "61",
          "range_id": "2",
          "move_id": "424",
          "power": "39",
          "accuracy": "95",
          "effect_chance": "10"
     },
     {
          "displacement_id": "",
          "effect_id": "60",
          "range_id": "2",
          "move_id": "425",
          "power": "26",
          "accuracy": "100",
          "effect_chance": ""
     },
     {
          "displacement_id": "",
          "effect_id": "36",
          "range_id": "11",
          "move_id": "426",
          "power": "39",
          "accuracy": "85",
          "effect_chance": "30"
     },
     {
          "displacement_id": "",
          "effect_id": "9",
          "range_id": "3",
          "move_id": "427",
          "power": "38",
          "accuracy": "100",
          "effect_chance": ""
     },
     {
          "displacement_id": "",
          "effect_id": "30",
          "range_id": "9",
          "move_id": "430",
          "power": "41",
          "accuracy": "100",
          "effect_chance": "10"
     },
     {
          "displacement_id": "",
          "effect_id": "37",
          "range_id": "6",
          "move_id": "435",
          "power": "41",
          "accuracy": "100",
          "effect_chance": "30"
     },
     {
          "displacement_id": "",
          "effect_id": "29",
          "range_id": "6",
          "move_id": "437",
          "power": "52",
          "accuracy": "90",
          "effect_chance": "100"
     },
     {
          "displacement_id": "",
          "effect_id": "23",
          "range_id": "12",
          "move_id": "439",
          "power": "58",
          "accuracy": "90",
          "effect_chance": ""
     },
     {
          "displacement_id": "",
          "effect_id": "66",
          "range_id": "10",
          "move_id": "440",
          "power": "38",
          "accuracy": "100",
          "effect_chance": "10"
     },
     {
          "displacement_id": "4",
          "effect_id": "44",
          "range_id": "2",
          "move_id": "442",
          "power": "43",
          "accuracy": "100",
          "effect_chance": "30"
     },
     {
          "displacement_id": "",
          "effect_id": "9",
          "range_id": "9",
          "move_id": "444",
          "power": "45",
          "accuracy": "80",
          "effect_chance": ""
     },
     {
          "displacement_id": "",
          "effect_id": "60",
          "range_id": "6",
          "move_id": "449",
          "power": "55",
          "accuracy": "100",
          "effect_chance": ""
     },
     {
          "displacement_id": "",
          "effect_id": "51",
          "range_id": "2",
          "move_id": "450",
          "power": "36",
          "accuracy": "100",
          "effect_chance": ""
     },
     {
          "displacement_id": "",
          "effect_id": "23",
          "range_id": "21",
          "move_id": "459",
          "power": "58",
          "accuracy": "90",
          "effect_chance": ""
     },
     {
          "displacement_id": "",
          "effect_id": "60",
          "range_id": "11",
          "move_id": "473",
          "power": "43",
          "accuracy": "100",
          "effect_chance": ""
     },
     {
          "displacement_id": "",
          "effect_id": "49",
          "range_id": "15",
          "move_id": "474",
          "power": "35",
          "accuracy": "100",
          "effect_chance": ""
     },
     {
          "displacement_id": "",
          "effect_id": "60",
          "range_id": "18",
          "move_id": "481",
          "power": "38",
          "accuracy": "100",
          "effect_chance": ""
     },
     {
          "displacement_id": "",
          "effect_id": "5",
          "range_id": "11",
          "move_id": "486",
          "power": "26",
          "accuracy": "100",
          "effect_chance": ""
     },
     {
          "displacement_id": "",
          "effect_id": "8",
          "range_id": "2",
          "move_id": "492",
          "power": "47",
          "accuracy": "100",
          "effect_chance": ""
     },
     {
          "displacement_id": "",
          "effect_id": "2",
          "range_id": "2",
          "move_id": "506",
          "power": "31",
          "accuracy": "100",
          "effect_chance": ""
     },
     {
          "displacement_id": "",
          "effect_id": "17",
          "range_id": "2",
          "move_id": "507",
          "power": "36",
          "accuracy": "100",
          "effect_chance": ""
     },
     {
          "displacement_id": "",
          "effect_id": "47",
          "range_id": "4",
          "move_id": "510",
          "power": "28",
          "accuracy": "100",
          "effect_chance": ""
     },
     {
          "displacement_id": "3",
          "effect_id": "19",
          "range_id": "11",
          "move_id": "521",
          "power": "41",
          "accuracy": "100",
          "effect_chance": ""
     },
     {
          "displacement_id": "",
          "effect_id": "58",
          "range_id": "5",
          "move_id": "523",
          "power": "33",
          "accuracy": "100",
          "effect_chance": "100"
     },
     {
          "displacement_id": "5",
          "effect_id": "20",
          "range_id": "7",
          "move_id": "525",
          "power": "33",
          "accuracy": "90",
          "effect_chance": ""
     },
     {
          "displacement_id": "1",
          "effect_id": "9",
          "range_id": "11",
          "move_id": "529",
          "power": "41",
          "accuracy": "95",
          "effect_chance": ""
     },
     {
          "displacement_id": "",
          "effect_id": "4",
          "range_id": "2",
          "move_id": "533",
          "power": "45",
          "accuracy": "100",
          "effect_chance": ""
     },
     {
          "displacement_id": "1",
          "effect_id": "60",
          "range_id": "11",
          "move_id": "535",
          "power": "43",
          "accuracy": "100",
          "effect_chance": ""
     },
     {
          "displacement_id": "",
          "effect_id": "36",
          "range_id": "5",
          "move_id": "539",
          "power": "42",
          "accuracy": "95",
          "effect_chance": "40"
     },
     {
          "displacement_id": "",
          "effect_id": "60",
          "range_id": "20",
          "move_id": "540",
          "power": "45",
          "accuracy": "100",
          "effect_chance": ""
     },
     {
          "displacement_id": "",
          "effect_id": "14",
          "range_id": "7",
          "move_id": "541",
          "power": "23",
          "accuracy": "85",
          "effect_chance": ""
     },
     {
          "displacement_id": "4",
          "effect_id": "37",
          "range_id": "2",
          "move_id": "550",
          "power": "57",
          "accuracy": "85",
          "effect_chance": "20"
     },
     {
          "displacement_id": "",
          "effect_id": "41",
          "range_id": "9",
          "move_id": "551",
          "power": "55",
          "accuracy": "85",
          "effect_chance": "20"
     },
     {
          "displacement_id": "2",
          "effect_id": "28",
          "range_id": "13",
          "move_id": "552",
          "power": "41",
          "accuracy": "100",
          "effect_chance": "50"
     },
     {
          "displacement_id": "",
          "effect_id": "44",
          "range_id": "11",
          "move_id": "556",
          "power": "45",
          "accuracy": "90",
          "effect_chance": "30"
     }
]