[
     {
          "warrior_id": "1",
          "rank": "1",
          "skill_id": "3",
          "id": "1"
     },
     {
          "warrior_id": "1",
          "rank": "2",
          "skill_id": "24",
          "id": "2"
     },
     {
          "warrior_id": "1",
          "rank": "3",
          "skill_id": "25",
          "id": "3"
     },
     {
          "warrior_id": "2",
          "rank": "1",
          "skill_id": "3",
          "id": "4"
     },
     {
          "warrior_id": "2",
          "rank": "2",
          "skill_id": "24",
          "id": "5"
     },
     {
          "warrior_id": "2",
          "rank": "3",
          "skill_id": "25",
          "id": "6"
     },
     {
          "warrior_id": "3",
          "rank": "1",
          "skill_id": "26",
          "id": "7"
     },
     {
          "warrior_id": "3",
          "rank": "2",
          "skill_id": "27",
          "id": "8"
     },
     {
          "warrior_id": "4",
          "rank": "1",
          "skill_id": "6",
          "id": "9"
     },
     {
          "warrior_id": "4",
          "rank": "2",
          "skill_id": "28",
          "id": "10"
     },
     {
          "warrior_id": "5",
          "rank": "1",
          "skill_id": "15",
          "id": "11"
     },
     {
          "warrior_id": "5",
          "rank": "2",
          "skill_id": "29",
          "id": "12"
     },
     {
          "warrior_id": "5",
          "rank": "3",
          "skill_id": "30",
          "id": "13"
     },
     {
          "warrior_id": "6",
          "rank": "1",
          "skill_id": "4",
          "id": "14"
     },
     {
          "warrior_id": "6",
          "rank": "2",
          "skill_id": "31",
          "id": "15"
     },
     {
          "warrior_id": "7",
          "rank": "1",
          "skill_id": "5",
          "id": "16"
     },
     {
          "warrior_id": "7",
          "rank": "2",
          "skill_id": "32",
          "id": "17"
     },
     {
          "warrior_id": "8",
          "rank": "1",
          "skill_id": "8",
          "id": "18"
     },
     {
          "warrior_id": "8",
          "rank": "2",
          "skill_id": "33",
          "id": "19"
     },
     {
          "warrior_id": "9",
          "rank": "1",
          "skill_id": "10",
          "id": "20"
     },
     {
          "warrior_id": "9",
          "rank": "2",
          "skill_id": "34",
          "id": "21"
     },
     {
          "warrior_id": "10",
          "rank": "1",
          "skill_id": "7",
          "id": "22"
     },
     {
          "warrior_id": "10",
          "rank": "2",
          "skill_id": "35",
          "id": "23"
     },
     {
          "warrior_id": "11",
          "rank": "1",
          "skill_id": "4",
          "id": "24"
     },
     {
          "warrior_id": "11",
          "rank": "2",
          "skill_id": "36",
          "id": "25"
     },
     {
          "warrior_id": "12",
          "rank": "1",
          "skill_id": "4",
          "id": "26"
     },
     {
          "warrior_id": "12",
          "rank": "2",
          "skill_id": "37",
          "id": "27"
     },
     {
          "warrior_id": "13",
          "rank": "1",
          "skill_id": "5",
          "id": "28"
     },
     {
          "warrior_id": "13",
          "rank": "2",
          "skill_id": "38",
          "id": "29"
     },
     {
          "warrior_id": "14",
          "rank": "1",
          "skill_id": "5",
          "id": "30"
     },
     {
          "warrior_id": "14",
          "rank": "2",
          "skill_id": "39",
          "id": "31"
     },
     {
          "warrior_id": "15",
          "rank": "1",
          "skill_id": "17",
          "id": "32"
     },
     {
          "warrior_id": "15",
          "rank": "2",
          "skill_id": "40",
          "id": "33"
     },
     {
          "warrior_id": "16",
          "rank": "1",
          "skill_id": "8",
          "id": "34"
     },
     {
          "warrior_id": "16",
          "rank": "2",
          "skill_id": "41",
          "id": "35"
     },
     {
          "warrior_id": "17",
          "rank": "1",
          "skill_id": "13",
          "id": "36"
     },
     {
          "warrior_id": "17",
          "rank": "2",
          "skill_id": "42",
          "id": "37"
     },
     {
          "warrior_id": "18",
          "rank": "1",
          "skill_id": "15",
          "id": "38"
     },
     {
          "warrior_id": "18",
          "rank": "2",
          "skill_id": "43",
          "id": "39"
     },
     {
          "warrior_id": "19",
          "rank": "1",
          "skill_id": "8",
          "id": "40"
     },
     {
          "warrior_id": "19",
          "rank": "2",
          "skill_id": "44",
          "id": "41"
     },
     {
          "warrior_id": "20",
          "rank": "1",
          "skill_id": "13",
          "id": "42"
     },
     {
          "warrior_id": "20",
          "rank": "2",
          "skill_id": "45",
          "id": "43"
     },
     {
          "warrior_id": "21",
          "rank": "1",
          "skill_id": "14",
          "id": "44"
     },
     {
          "warrior_id": "21",
          "rank": "2",
          "skill_id": "46",
          "id": "45"
     },
     {
          "warrior_id": "22",
          "rank": "1",
          "skill_id": "11",
          "id": "46"
     },
     {
          "warrior_id": "22",
          "rank": "2",
          "skill_id": "47",
          "id": "47"
     },
     {
          "warrior_id": "23",
          "rank": "1",
          "skill_id": "13",
          "id": "48"
     },
     {
          "warrior_id": "23",
          "rank": "2",
          "skill_id": "48",
          "id": "49"
     },
     {
          "warrior_id": "24",
          "rank": "1",
          "skill_id": "11",
          "id": "50"
     },
     {
          "warrior_id": "24",
          "rank": "2",
          "skill_id": "49",
          "id": "51"
     },
     {
          "warrior_id": "25",
          "rank": "1",
          "skill_id": "18",
          "id": "52"
     },
     {
          "warrior_id": "25",
          "rank": "2",
          "skill_id": "50",
          "id": "53"
     },
     {
          "warrior_id": "26",
          "rank": "1",
          "skill_id": "7",
          "id": "54"
     },
     {
          "warrior_id": "26",
          "rank": "2",
          "skill_id": "51",
          "id": "55"
     },
     {
          "warrior_id": "27",
          "rank": "1",
          "skill_id": "10",
          "id": "56"
     },
     {
          "warrior_id": "27",
          "rank": "2",
          "skill_id": "52",
          "id": "57"
     },
     {
          "warrior_id": "28",
          "rank": "1",
          "skill_id": "4",
          "id": "58"
     },
     {
          "warrior_id": "28",
          "rank": "2",
          "skill_id": "53",
          "id": "59"
     },
     {
          "warrior_id": "29",
          "rank": "1",
          "skill_id": "6",
          "id": "60"
     },
     {
          "warrior_id": "29",
          "rank": "2",
          "skill_id": "54",
          "id": "61"
     },
     {
          "warrior_id": "30",
          "rank": "1",
          "skill_id": "15",
          "id": "62"
     },
     {
          "warrior_id": "30",
          "rank": "2",
          "skill_id": "55",
          "id": "63"
     },
     {
          "warrior_id": "31",
          "rank": "1",
          "skill_id": "18",
          "id": "64"
     },
     {
          "warrior_id": "31",
          "rank": "2",
          "skill_id": "56",
          "id": "65"
     },
     {
          "warrior_id": "32",
          "rank": "1",
          "skill_id": "16",
          "id": "66"
     },
     {
          "warrior_id": "32",
          "rank": "2",
          "skill_id": "57",
          "id": "67"
     },
     {
          "warrior_id": "33",
          "rank": "1",
          "skill_id": "14",
          "id": "68"
     },
     {
          "warrior_id": "33",
          "rank": "2",
          "skill_id": "58",
          "id": "69"
     },
     {
          "warrior_id": "34",
          "rank": "1",
          "skill_id": "10",
          "id": "70"
     },
     {
          "warrior_id": "34",
          "rank": "2",
          "skill_id": "59",
          "id": "71"
     },
     {
          "warrior_id": "35",
          "rank": "1",
          "skill_id": "7",
          "id": "72"
     },
     {
          "warrior_id": "35",
          "rank": "2",
          "skill_id": "60",
          "id": "73"
     },
     {
          "warrior_id": "36",
          "rank": "1",
          "skill_id": "11",
          "id": "74"
     },
     {
          "warrior_id": "36",
          "rank": "2",
          "skill_id": "61",
          "id": "75"
     },
     {
          "warrior_id": "37",
          "rank": "1",
          "skill_id": "16",
          "id": "76"
     },
     {
          "warrior_id": "37",
          "rank": "2",
          "skill_id": "62",
          "id": "77"
     },
     {
          "warrior_id": "38",
          "rank": "1",
          "skill_id": "14",
          "id": "78"
     },
     {
          "warrior_id": "38",
          "rank": "2",
          "skill_id": "63",
          "id": "79"
     },
     {
          "warrior_id": "39",
          "rank": "1",
          "skill_id": "19",
          "id": "80"
     },
     {
          "warrior_id": "40",
          "rank": "1",
          "skill_id": "15",
          "id": "81"
     },
     {
          "warrior_id": "41",
          "rank": "1",
          "skill_id": "7",
          "id": "82"
     },
     {
          "warrior_id": "42",
          "rank": "1",
          "skill_id": "21",
          "id": "83"
     },
     {
          "warrior_id": "43",
          "rank": "1",
          "skill_id": "8",
          "id": "84"
     },
     {
          "warrior_id": "44",
          "rank": "1",
          "skill_id": "20",
          "id": "85"
     },
     {
          "warrior_id": "45",
          "rank": "1",
          "skill_id": "19",
          "id": "86"
     },
     {
          "warrior_id": "46",
          "rank": "1",
          "skill_id": "2",
          "id": "87"
     },
     {
          "warrior_id": "47",
          "rank": "1",
          "skill_id": "20",
          "id": "88"
     },
     {
          "warrior_id": "48",
          "rank": "1",
          "skill_id": "11",
          "id": "89"
     },
     {
          "warrior_id": "49",
          "rank": "1",
          "skill_id": "16",
          "id": "90"
     },
     {
          "warrior_id": "50",
          "rank": "1",
          "skill_id": "4",
          "id": "91"
     },
     {
          "warrior_id": "51",
          "rank": "1",
          "skill_id": "9",
          "id": "92"
     },
     {
          "warrior_id": "52",
          "rank": "1",
          "skill_id": "5",
          "id": "93"
     },
     {
          "warrior_id": "53",
          "rank": "1",
          "skill_id": "14",
          "id": "94"
     },
     {
          "warrior_id": "54",
          "rank": "1",
          "skill_id": "3",
          "id": "95"
     },
     {
          "warrior_id": "55",
          "rank": "1",
          "skill_id": "21",
          "id": "96"
     },
     {
          "warrior_id": "56",
          "rank": "1",
          "skill_id": "1",
          "id": "97"
     },
     {
          "warrior_id": "57",
          "rank": "1",
          "skill_id": "6",
          "id": "98"
     },
     {
          "warrior_id": "58",
          "rank": "1",
          "skill_id": "10",
          "id": "99"
     },
     {
          "warrior_id": "59",
          "rank": "1",
          "skill_id": "18",
          "id": "100"
     },
     {
          "warrior_id": "60",
          "rank": "1",
          "skill_id": "7",
          "id": "101"
     },
     {
          "warrior_id": "61",
          "rank": "1",
          "skill_id": "13",
          "id": "102"
     },
     {
          "warrior_id": "62",
          "rank": "1",
          "skill_id": "16",
          "id": "103"
     },
     {
          "warrior_id": "63",
          "rank": "1",
          "skill_id": "17",
          "id": "104"
     },
     {
          "warrior_id": "64",
          "rank": "1",
          "skill_id": "20",
          "id": "105"
     },
     {
          "warrior_id": "65",
          "rank": "1",
          "skill_id": "19",
          "id": "106"
     },
     {
          "warrior_id": "66",
          "rank": "1",
          "skill_id": "19",
          "id": "107"
     },
     {
          "warrior_id": "67",
          "rank": "1",
          "skill_id": "17",
          "id": "108"
     },
     {
          "warrior_id": "68",
          "rank": "1",
          "skill_id": "1",
          "id": "109"
     },
     {
          "warrior_id": "69",
          "rank": "1",
          "skill_id": "10",
          "id": "110"
     },
     {
          "warrior_id": "70",
          "rank": "1",
          "skill_id": "2",
          "id": "111"
     },
     {
          "warrior_id": "71",
          "rank": "1",
          "skill_id": "22",
          "id": "112"
     },
     {
          "warrior_id": "72",
          "rank": "1",
          "skill_id": "9",
          "id": "113"
     },
     {
          "warrior_id": "73",
          "rank": "1",
          "skill_id": "13",
          "id": "114"
     },
     {
          "warrior_id": "74",
          "rank": "1",
          "skill_id": "6",
          "id": "115"
     },
     {
          "warrior_id": "75",
          "rank": "1",
          "skill_id": "3",
          "id": "116"
     },
     {
          "warrior_id": "76",
          "rank": "1",
          "skill_id": "10",
          "id": "117"
     },
     {
          "warrior_id": "77",
          "rank": "1",
          "skill_id": "8",
          "id": "118"
     },
     {
          "warrior_id": "78",
          "rank": "1",
          "skill_id": "9",
          "id": "119"
     },
     {
          "warrior_id": "79",
          "rank": "1",
          "skill_id": "21",
          "id": "120"
     },
     {
          "warrior_id": "80",
          "rank": "1",
          "skill_id": "5",
          "id": "121"
     },
     {
          "warrior_id": "81",
          "rank": "1",
          "skill_id": "2",
          "id": "122"
     },
     {
          "warrior_id": "82",
          "rank": "1",
          "skill_id": "17",
          "id": "123"
     },
     {
          "warrior_id": "83",
          "rank": "1",
          "skill_id": "11",
          "id": "124"
     },
     {
          "warrior_id": "84",
          "rank": "1",
          "skill_id": "4",
          "id": "125"
     },
     {
          "warrior_id": "85",
          "rank": "1",
          "skill_id": "4",
          "id": "126"
     },
     {
          "warrior_id": "86",
          "rank": "1",
          "skill_id": "17",
          "id": "127"
     },
     {
          "warrior_id": "87",
          "rank": "1",
          "skill_id": "2",
          "id": "128"
     },
     {
          "warrior_id": "88",
          "rank": "1",
          "skill_id": "3",
          "id": "129"
     },
     {
          "warrior_id": "89",
          "rank": "1",
          "skill_id": "22",
          "id": "130"
     },
     {
          "warrior_id": "90",
          "rank": "1",
          "skill_id": "7",
          "id": "131"
     },
     {
          "warrior_id": "91",
          "rank": "1",
          "skill_id": "1",
          "id": "132"
     },
     {
          "warrior_id": "92",
          "rank": "1",
          "skill_id": "2",
          "id": "133"
     },
     {
          "warrior_id": "93",
          "rank": "1",
          "skill_id": "9",
          "id": "134"
     },
     {
          "warrior_id": "94",
          "rank": "1",
          "skill_id": "18",
          "id": "135"
     },
     {
          "warrior_id": "95",
          "rank": "1",
          "skill_id": "8",
          "id": "136"
     },
     {
          "warrior_id": "96",
          "rank": "1",
          "skill_id": "9",
          "id": "137"
     },
     {
          "warrior_id": "97",
          "rank": "1",
          "skill_id": "21",
          "id": "138"
     },
     {
          "warrior_id": "98",
          "rank": "1",
          "skill_id": "14",
          "id": "139"
     },
     {
          "warrior_id": "99",
          "rank": "1",
          "skill_id": "16",
          "id": "140"
     },
     {
          "warrior_id": "100",
          "rank": "1",
          "skill_id": "19",
          "id": "141"
     },
     {
          "warrior_id": "101",
          "rank": "1",
          "skill_id": "22",
          "id": "142"
     },
     {
          "warrior_id": "102",
          "rank": "1",
          "skill_id": "7",
          "id": "143"
     },
     {
          "warrior_id": "103",
          "rank": "1",
          "skill_id": "2",
          "id": "144"
     },
     {
          "warrior_id": "104",
          "rank": "1",
          "skill_id": "20",
          "id": "145"
     },
     {
          "warrior_id": "105",
          "rank": "1",
          "skill_id": "2",
          "id": "146"
     },
     {
          "warrior_id": "106",
          "rank": "1",
          "skill_id": "3",
          "id": "147"
     },
     {
          "warrior_id": "107",
          "rank": "1",
          "skill_id": "14",
          "id": "148"
     },
     {
          "warrior_id": "108",
          "rank": "1",
          "skill_id": "12",
          "id": "149"
     },
     {
          "warrior_id": "109",
          "rank": "1",
          "skill_id": "5",
          "id": "150"
     },
     {
          "warrior_id": "110",
          "rank": "1",
          "skill_id": "8",
          "id": "151"
     },
     {
          "warrior_id": "111",
          "rank": "1",
          "skill_id": "23",
          "id": "152"
     },
     {
          "warrior_id": "112",
          "rank": "1",
          "skill_id": "5",
          "id": "153"
     },
     {
          "warrior_id": "113",
          "rank": "1",
          "skill_id": "5",
          "id": "154"
     },
     {
          "warrior_id": "114",
          "rank": "1",
          "skill_id": "9",
          "id": "155"
     },
     {
          "warrior_id": "115",
          "rank": "1",
          "skill_id": "10",
          "id": "156"
     },
     {
          "warrior_id": "116",
          "rank": "1",
          "skill_id": "12",
          "id": "157"
     },
     {
          "warrior_id": "117",
          "rank": "1",
          "skill_id": "7",
          "id": "158"
     },
     {
          "warrior_id": "118",
          "rank": "1",
          "skill_id": "15",
          "id": "159"
     },
     {
          "warrior_id": "119",
          "rank": "1",
          "skill_id": "17",
          "id": "160"
     },
     {
          "warrior_id": "120",
          "rank": "1",
          "skill_id": "8",
          "id": "161"
     },
     {
          "warrior_id": "121",
          "rank": "1",
          "skill_id": "17",
          "id": "162"
     },
     {
          "warrior_id": "122",
          "rank": "1",
          "skill_id": "18",
          "id": "163"
     },
     {
          "warrior_id": "123",
          "rank": "1",
          "skill_id": "14",
          "id": "164"
     },
     {
          "warrior_id": "124",
          "rank": "1",
          "skill_id": "12",
          "id": "165"
     },
     {
          "warrior_id": "125",
          "rank": "1",
          "skill_id": "10",
          "id": "166"
     },
     {
          "warrior_id": "126",
          "rank": "1",
          "skill_id": "1",
          "id": "167"
     },
     {
          "warrior_id": "127",
          "rank": "1",
          "skill_id": "2",
          "id": "168"
     },
     {
          "warrior_id": "128",
          "rank": "1",
          "skill_id": "5",
          "id": "169"
     },
     {
          "warrior_id": "129",
          "rank": "1",
          "skill_id": "1",
          "id": "170"
     },
     {
          "warrior_id": "130",
          "rank": "1",
          "skill_id": "12",
          "id": "171"
     },
     {
          "warrior_id": "131",
          "rank": "1",
          "skill_id": "17",
          "id": "172"
     },
     {
          "warrior_id": "132",
          "rank": "1",
          "skill_id": "9",
          "id": "173"
     },
     {
          "warrior_id": "133",
          "rank": "1",
          "skill_id": "20",
          "id": "174"
     },
     {
          "warrior_id": "134",
          "rank": "1",
          "skill_id": "13",
          "id": "175"
     },
     {
          "warrior_id": "135",
          "rank": "1",
          "skill_id": "11",
          "id": "176"
     },
     {
          "warrior_id": "136",
          "rank": "1",
          "skill_id": "4",
          "id": "177"
     },
     {
          "warrior_id": "137",
          "rank": "1",
          "skill_id": "21",
          "id": "178"
     },
     {
          "warrior_id": "138",
          "rank": "1",
          "skill_id": "7",
          "id": "179"
     },
     {
          "warrior_id": "139",
          "rank": "1",
          "skill_id": "23",
          "id": "180"
     },
     {
          "warrior_id": "140",
          "rank": "1",
          "skill_id": "19",
          "id": "181"
     },
     {
          "warrior_id": "141",
          "rank": "1",
          "skill_id": "14",
          "id": "182"
     },
     {
          "warrior_id": "142",
          "rank": "1",
          "skill_id": "20",
          "id": "183"
     },
     {
          "warrior_id": "143",
          "rank": "1",
          "skill_id": "22",
          "id": "184"
     },
     {
          "warrior_id": "144",
          "rank": "1",
          "skill_id": "8",
          "id": "185"
     },
     {
          "warrior_id": "145",
          "rank": "1",
          "skill_id": "22",
          "id": "186"
     },
     {
          "warrior_id": "146",
          "rank": "1",
          "skill_id": "13",
          "id": "187"
     },
     {
          "warrior_id": "147",
          "rank": "1",
          "skill_id": "15",
          "id": "188"
     },
     {
          "warrior_id": "148",
          "rank": "1",
          "skill_id": "4",
          "id": "189"
     },
     {
          "warrior_id": "149",
          "rank": "1",
          "skill_id": "7",
          "id": "190"
     },
     {
          "warrior_id": "150",
          "rank": "1",
          "skill_id": "23",
          "id": "191"
     },
     {
          "warrior_id": "151",
          "rank": "1",
          "skill_id": "3",
          "id": "192"
     },
     {
          "warrior_id": "152",
          "rank": "1",
          "skill_id": "9",
          "id": "193"
     },
     {
          "warrior_id": "153",
          "rank": "1",
          "skill_id": "15",
          "id": "194"
     },
     {
          "warrior_id": "154",
          "rank": "1",
          "skill_id": "11",
          "id": "195"
     },
     {
          "warrior_id": "155",
          "rank": "1",
          "skill_id": "22",
          "id": "196"
     },
     {
          "warrior_id": "156",
          "rank": "1",
          "skill_id": "1",
          "id": "197"
     },
     {
          "warrior_id": "157",
          "rank": "1",
          "skill_id": "21",
          "id": "198"
     },
     {
          "warrior_id": "158",
          "rank": "1",
          "skill_id": "8",
          "id": "199"
     },
     {
          "warrior_id": "159",
          "rank": "1",
          "skill_id": "23",
          "id": "200"
     },
     {
          "warrior_id": "160",
          "rank": "1",
          "skill_id": "4",
          "id": "201"
     },
     {
          "warrior_id": "161",
          "rank": "1",
          "skill_id": "16",
          "id": "202"
     },
     {
          "warrior_id": "162",
          "rank": "1",
          "skill_id": "15",
          "id": "203"
     },
     {
          "warrior_id": "163",
          "rank": "1",
          "skill_id": "23",
          "id": "204"
     },
     {
          "warrior_id": "164",
          "rank": "1",
          "skill_id": "4",
          "id": "205"
     },
     {
          "warrior_id": "165",
          "rank": "1",
          "skill_id": "13",
          "id": "206"
     },
     {
          "warrior_id": "166",
          "rank": "1",
          "skill_id": "5",
          "id": "207"
     },
     {
          "warrior_id": "167",
          "rank": "1",
          "skill_id": "19",
          "id": "208"
     },
     {
          "warrior_id": "168",
          "rank": "1",
          "skill_id": "6",
          "id": "209"
     },
     {
          "warrior_id": "169",
          "rank": "1",
          "skill_id": "21",
          "id": "210"
     },
     {
          "warrior_id": "170",
          "rank": "1",
          "skill_id": "3",
          "id": "211"
     },
     {
          "warrior_id": "171",
          "rank": "1",
          "skill_id": "10",
          "id": "212"
     },
     {
          "warrior_id": "172",
          "rank": "1",
          "skill_id": "9",
          "id": "213"
     },
     {
          "warrior_id": "173",
          "rank": "1",
          "skill_id": "3",
          "id": "214"
     },
     {
          "warrior_id": "174",
          "rank": "1",
          "skill_id": "16",
          "id": "215"
     },
     {
          "warrior_id": "175",
          "rank": "1",
          "skill_id": "18",
          "id": "216"
     },
     {
          "warrior_id": "176",
          "rank": "1",
          "skill_id": "11",
          "id": "217"
     },
     {
          "warrior_id": "177",
          "rank": "1",
          "skill_id": "19",
          "id": "218"
     },
     {
          "warrior_id": "178",
          "rank": "1",
          "skill_id": "19",
          "id": "219"
     },
     {
          "warrior_id": "179",
          "rank": "1",
          "skill_id": "23",
          "id": "220"
     },
     {
          "warrior_id": "180",
          "rank": "1",
          "skill_id": "13",
          "id": "221"
     },
     {
          "warrior_id": "181",
          "rank": "1",
          "skill_id": "20",
          "id": "222"
     },
     {
          "warrior_id": "182",
          "rank": "1",
          "skill_id": "14",
          "id": "223"
     },
     {
          "warrior_id": "183",
          "rank": "1",
          "skill_id": "10",
          "id": "224"
     },
     {
          "warrior_id": "184",
          "rank": "1",
          "skill_id": "13",
          "id": "225"
     },
     {
          "warrior_id": "185",
          "rank": "1",
          "skill_id": "20",
          "id": "226"
     },
     {
          "warrior_id": "186",
          "rank": "1",
          "skill_id": "5",
          "id": "227"
     },
     {
          "warrior_id": "187",
          "rank": "1",
          "skill_id": "15",
          "id": "228"
     },
     {
          "warrior_id": "188",
          "rank": "1",
          "skill_id": "16",
          "id": "229"
     },
     {
          "warrior_id": "189",
          "rank": "1",
          "skill_id": "20",
          "id": "230"
     },
     {
          "warrior_id": "190",
          "rank": "1",
          "skill_id": "9",
          "id": "231"
     },
     {
          "warrior_id": "191",
          "rank": "1",
          "skill_id": "3",
          "id": "232"
     },
     {
          "warrior_id": "192",
          "rank": "1",
          "skill_id": "12",
          "id": "233"
     },
     {
          "warrior_id": "193",
          "rank": "1",
          "skill_id": "12",
          "id": "234"
     },
     {
          "warrior_id": "194",
          "rank": "1",
          "skill_id": "1",
          "id": "235"
     },
     {
          "warrior_id": "195",
          "rank": "1",
          "skill_id": "18",
          "id": "236"
     },
     {
          "warrior_id": "196",
          "rank": "1",
          "skill_id": "23",
          "id": "237"
     },
     {
          "warrior_id": "197",
          "rank": "1",
          "skill_id": "15",
          "id": "238"
     },
     {
          "warrior_id": "198",
          "rank": "1",
          "skill_id": "14",
          "id": "239"
     },
     {
          "warrior_id": "199",
          "rank": "1",
          "skill_id": "7",
          "id": "240"
     },
     {
          "warrior_id": "200",
          "rank": "1",
          "skill_id": "4",
          "id": "241"
     },
     {
          "warrior_id": "201",
          "rank": "1",
          "skill_id": "6",
          "id": "242"
     }
]