[
     {
          "identifier": "advance-1",
          "affects_target": "0",
          "id": "1"
     },
     {
          "identifier": "advance-2",
          "affects_target": "0",
          "id": "2"
     },
     {
          "identifier": "switch-back",
          "affects_target": "0",
          "id": "3"
     },
     {
          "identifier": "knockback",
          "affects_target": "1",
          "id": "4"
     },
     {
          "identifier": "knockback-switch",
          "affects_target": "1",
          "id": "5"
     }
]