[
     {
          "collection_type_id": "",
          "female_warlord_count": "",
          "required_link": "",
          "completed_episode_id": "",
          "warrior_count": "",
          "current_episode_id": "",
          "is_automatic": "1",
          "transformed_warrior_rank_id": "2",
          "pokemon_count": "",
          "distant_warrior_id": ""
     },
     {
          "collection_type_id": "",
          "female_warlord_count": "",
          "required_link": "80",
          "completed_episode_id": "",
          "warrior_count": "",
          "current_episode_id": "38",
          "is_automatic": "0",
          "transformed_warrior_rank_id": "3",
          "pokemon_count": "",
          "distant_warrior_id": ""
     },
     {
          "collection_type_id": "",
          "female_warlord_count": "",
          "required_link": "",
          "completed_episode_id": "",
          "warrior_count": "",
          "current_episode_id": "",
          "is_automatic": "1",
          "transformed_warrior_rank_id": "5",
          "pokemon_count": "",
          "distant_warrior_id": ""
     },
     {
          "collection_type_id": "",
          "female_warlord_count": "",
          "required_link": "80",
          "completed_episode_id": "",
          "warrior_count": "",
          "current_episode_id": "38",
          "is_automatic": "0",
          "transformed_warrior_rank_id": "6",
          "pokemon_count": "",
          "distant_warrior_id": ""
     },
     {
          "collection_type_id": "",
          "female_warlord_count": "",
          "required_link": "80",
          "completed_episode_id": "",
          "warrior_count": "",
          "current_episode_id": "2",
          "is_automatic": "0",
          "transformed_warrior_rank_id": "8",
          "pokemon_count": "",
          "distant_warrior_id": ""
     },
     {
          "collection_type_id": "",
          "female_warlord_count": "",
          "required_link": "55",
          "completed_episode_id": "",
          "warrior_count": "",
          "current_episode_id": "",
          "is_automatic": "0",
          "transformed_warrior_rank_id": "10",
          "pokemon_count": "",
          "distant_warrior_id": ""
     },
     {
          "collection_type_id": "",
          "female_warlord_count": "",
          "required_link": "60",
          "completed_episode_id": "",
          "warrior_count": "",
          "current_episode_id": "",
          "is_automatic": "0",
          "transformed_warrior_rank_id": "12",
          "pokemon_count": "",
          "distant_warrior_id": ""
     },
     {
          "collection_type_id": "",
          "female_warlord_count": "",
          "required_link": "70",
          "completed_episode_id": "",
          "warrior_count": "",
          "current_episode_id": "",
          "is_automatic": "0",
          "transformed_warrior_rank_id": "13",
          "pokemon_count": "",
          "distant_warrior_id": ""
     },
     {
          "collection_type_id": "",
          "female_warlord_count": "",
          "required_link": "65",
          "completed_episode_id": "",
          "warrior_count": "",
          "current_episode_id": "",
          "is_automatic": "0",
          "transformed_warrior_rank_id": "15",
          "pokemon_count": "",
          "distant_warrior_id": ""
     },
     {
          "collection_type_id": "",
          "female_warlord_count": "",
          "required_link": "60",
          "completed_episode_id": "",
          "warrior_count": "",
          "current_episode_id": "",
          "is_automatic": "0",
          "transformed_warrior_rank_id": "17",
          "pokemon_count": "",
          "distant_warrior_id": "22"
     },
     {
          "collection_type_id": "",
          "female_warlord_count": "",
          "required_link": "60",
          "completed_episode_id": "",
          "warrior_count": "",
          "current_episode_id": "",
          "is_automatic": "0",
          "transformed_warrior_rank_id": "19",
          "pokemon_count": "100",
          "distant_warrior_id": ""
     },
     {
          "collection_type_id": "",
          "female_warlord_count": "",
          "required_link": "70",
          "completed_episode_id": "8",
          "warrior_count": "",
          "current_episode_id": "",
          "is_automatic": "0",
          "transformed_warrior_rank_id": "21",
          "pokemon_count": "",
          "distant_warrior_id": ""
     },
     {
          "collection_type_id": "",
          "female_warlord_count": "",
          "required_link": "60",
          "completed_episode_id": "",
          "warrior_count": "",
          "current_episode_id": "",
          "is_automatic": "0",
          "transformed_warrior_rank_id": "23",
          "pokemon_count": "",
          "distant_warrior_id": ""
     },
     {
          "collection_type_id": "4",
          "female_warlord_count": "",
          "required_link": "60",
          "completed_episode_id": "",
          "warrior_count": "",
          "current_episode_id": "",
          "is_automatic": "0",
          "transformed_warrior_rank_id": "25",
          "pokemon_count": "",
          "distant_warrior_id": ""
     },
     {
          "collection_type_id": "",
          "female_warlord_count": "",
          "required_link": "75",
          "completed_episode_id": "6",
          "warrior_count": "",
          "current_episode_id": "",
          "is_automatic": "0",
          "transformed_warrior_rank_id": "27",
          "pokemon_count": "",
          "distant_warrior_id": ""
     },
     {
          "collection_type_id": "",
          "female_warlord_count": "",
          "required_link": "60",
          "completed_episode_id": "",
          "warrior_count": "",
          "current_episode_id": "30",
          "is_automatic": "0",
          "transformed_warrior_rank_id": "29",
          "pokemon_count": "",
          "distant_warrior_id": ""
     },
     {
          "collection_type_id": "",
          "female_warlord_count": "",
          "required_link": "75",
          "completed_episode_id": "15",
          "warrior_count": "",
          "current_episode_id": "",
          "is_automatic": "0",
          "transformed_warrior_rank_id": "31",
          "pokemon_count": "",
          "distant_warrior_id": ""
     },
     {
          "collection_type_id": "",
          "female_warlord_count": "",
          "required_link": "55",
          "completed_episode_id": "",
          "warrior_count": "",
          "current_episode_id": "",
          "is_automatic": "0",
          "transformed_warrior_rank_id": "33",
          "pokemon_count": "",
          "distant_warrior_id": ""
     },
     {
          "collection_type_id": "",
          "female_warlord_count": "",
          "required_link": "60",
          "completed_episode_id": "",
          "warrior_count": "",
          "current_episode_id": "",
          "is_automatic": "0",
          "transformed_warrior_rank_id": "35",
          "pokemon_count": "",
          "distant_warrior_id": ""
     },
     {
          "collection_type_id": "8",
          "female_warlord_count": "",
          "required_link": "60",
          "completed_episode_id": "",
          "warrior_count": "",
          "current_episode_id": "",
          "is_automatic": "0",
          "transformed_warrior_rank_id": "37",
          "pokemon_count": "",
          "distant_warrior_id": ""
     },
     {
          "collection_type_id": "",
          "female_warlord_count": "",
          "required_link": "60",
          "completed_episode_id": "",
          "warrior_count": "",
          "current_episode_id": "",
          "is_automatic": "0",
          "transformed_warrior_rank_id": "39",
          "pokemon_count": "",
          "distant_warrior_id": ""
     },
     {
          "collection_type_id": "",
          "female_warlord_count": "",
          "required_link": "70",
          "completed_episode_id": "",
          "warrior_count": "50",
          "current_episode_id": "",
          "is_automatic": "0",
          "transformed_warrior_rank_id": "41",
          "pokemon_count": "",
          "distant_warrior_id": ""
     },
     {
          "collection_type_id": "",
          "female_warlord_count": "",
          "required_link": "60",
          "completed_episode_id": "",
          "warrior_count": "",
          "current_episode_id": "",
          "is_automatic": "0",
          "transformed_warrior_rank_id": "43",
          "pokemon_count": "",
          "distant_warrior_id": ""
     },
     {
          "collection_type_id": "",
          "female_warlord_count": "",
          "required_link": "60",
          "completed_episode_id": "",
          "warrior_count": "",
          "current_episode_id": "",
          "is_automatic": "0",
          "transformed_warrior_rank_id": "45",
          "pokemon_count": "",
          "distant_warrior_id": ""
     },
     {
          "collection_type_id": "",
          "female_warlord_count": "",
          "required_link": "60",
          "completed_episode_id": "",
          "warrior_count": "",
          "current_episode_id": "",
          "is_automatic": "0",
          "transformed_warrior_rank_id": "47",
          "pokemon_count": "",
          "distant_warrior_id": "7"
     },
     {
          "collection_type_id": "",
          "female_warlord_count": "",
          "required_link": "60",
          "completed_episode_id": "",
          "warrior_count": "",
          "current_episode_id": "",
          "is_automatic": "0",
          "transformed_warrior_rank_id": "49",
          "pokemon_count": "",
          "distant_warrior_id": ""
     },
     {
          "collection_type_id": "",
          "female_warlord_count": "",
          "required_link": "60",
          "completed_episode_id": "",
          "warrior_count": "",
          "current_episode_id": "",
          "is_automatic": "0",
          "transformed_warrior_rank_id": "51",
          "pokemon_count": "",
          "distant_warrior_id": ""
     },
     {
          "collection_type_id": "",
          "female_warlord_count": "",
          "required_link": "60",
          "completed_episode_id": "",
          "warrior_count": "",
          "current_episode_id": "",
          "is_automatic": "0",
          "transformed_warrior_rank_id": "53",
          "pokemon_count": "",
          "distant_warrior_id": ""
     },
     {
          "collection_type_id": "",
          "female_warlord_count": "",
          "required_link": "65",
          "completed_episode_id": "",
          "warrior_count": "",
          "current_episode_id": "",
          "is_automatic": "0",
          "transformed_warrior_rank_id": "55",
          "pokemon_count": "",
          "distant_warrior_id": ""
     },
     {
          "collection_type_id": "",
          "female_warlord_count": "3",
          "required_link": "60",
          "completed_episode_id": "",
          "warrior_count": "",
          "current_episode_id": "",
          "is_automatic": "0",
          "transformed_warrior_rank_id": "57",
          "pokemon_count": "",
          "distant_warrior_id": ""
     },
     {
          "collection_type_id": "",
          "female_warlord_count": "",
          "required_link": "60",
          "completed_episode_id": "",
          "warrior_count": "",
          "current_episode_id": "",
          "is_automatic": "0",
          "transformed_warrior_rank_id": "59",
          "pokemon_count": "",
          "distant_warrior_id": ""
     },
     {
          "collection_type_id": "",
          "female_warlord_count": "",
          "required_link": "55",
          "completed_episode_id": "",
          "warrior_count": "",
          "current_episode_id": "",
          "is_automatic": "0",
          "transformed_warrior_rank_id": "61",
          "pokemon_count": "",
          "distant_warrior_id": ""
     },
     {
          "collection_type_id": "",
          "female_warlord_count": "",
          "required_link": "55",
          "completed_episode_id": "",
          "warrior_count": "",
          "current_episode_id": "",
          "is_automatic": "0",
          "transformed_warrior_rank_id": "63",
          "pokemon_count": "",
          "distant_warrior_id": ""
     },
     {
          "collection_type_id": "",
          "female_warlord_count": "",
          "required_link": "65",
          "completed_episode_id": "",
          "warrior_count": "",
          "current_episode_id": "",
          "is_automatic": "0",
          "transformed_warrior_rank_id": "65",
          "pokemon_count": "",
          "distant_warrior_id": ""
     },
     {
          "collection_type_id": "",
          "female_warlord_count": "",
          "required_link": "60",
          "completed_episode_id": "",
          "warrior_count": "",
          "current_episode_id": "",
          "is_automatic": "0",
          "transformed_warrior_rank_id": "67",
          "pokemon_count": "",
          "distant_warrior_id": ""
     },
     {
          "collection_type_id": "",
          "female_warlord_count": "",
          "required_link": "80",
          "completed_episode_id": "",
          "warrior_count": "",
          "current_episode_id": "",
          "is_automatic": "0",
          "transformed_warrior_rank_id": "69",
          "pokemon_count": "",
          "distant_warrior_id": ""
     },
     {
          "collection_type_id": "",
          "female_warlord_count": "",
          "required_link": "65",
          "completed_episode_id": "",
          "warrior_count": "",
          "current_episode_id": "",
          "is_automatic": "0",
          "transformed_warrior_rank_id": "71",
          "pokemon_count": "",
          "distant_warrior_id": ""
     },
     {
          "collection_type_id": "",
          "female_warlord_count": "",
          "required_link": "70",
          "completed_episode_id": "",
          "warrior_count": "",
          "current_episode_id": "",
          "is_automatic": "0",
          "transformed_warrior_rank_id": "73",
          "pokemon_count": "",
          "distant_warrior_id": ""
     },
     {
          "collection_type_id": "",
          "female_warlord_count": "",
          "required_link": "60",
          "completed_episode_id": "",
          "warrior_count": "",
          "current_episode_id": "",
          "is_automatic": "0",
          "transformed_warrior_rank_id": "75",
          "pokemon_count": "",
          "distant_warrior_id": ""
     },
     {
          "collection_type_id": "",
          "female_warlord_count": "",
          "required_link": "60",
          "completed_episode_id": "",
          "warrior_count": "",
          "current_episode_id": "",
          "is_automatic": "0",
          "transformed_warrior_rank_id": "77",
          "pokemon_count": "",
          "distant_warrior_id": ""
     },
     {
          "collection_type_id": "",
          "female_warlord_count": "",
          "required_link": "60",
          "completed_episode_id": "",
          "warrior_count": "",
          "current_episode_id": "",
          "is_automatic": "0",
          "transformed_warrior_rank_id": "79",
          "pokemon_count": "",
          "distant_warrior_id": ""
     }
]