[
     {
          "move_id": "52",
          "pokemon_species_id": "4"
     },
     {
          "move_id": "424",
          "pokemon_species_id": "5"
     },
     {
          "move_id": "53",
          "pokemon_species_id": "6"
     },
     {
          "move_id": "41",
          "pokemon_species_id": "15"
     },
     {
          "move_id": "40",
          "pokemon_species_id": "23"
     },
     {
          "move_id": "474",
          "pokemon_species_id": "24"
     },
     {
          "move_id": "85",
          "pokemon_species_id": "25"
     },
     {
          "move_id": "344",
          "pokemon_species_id": "26"
     },
     {
          "move_id": "3",
          "pokemon_species_id": "39"
     },
     {
          "move_id": "304",
          "pokemon_species_id": "40"
     },
     {
          "move_id": "17",
          "pokemon_species_id": "41"
     },
     {
          "move_id": "305",
          "pokemon_species_id": "42"
     },
     {
          "move_id": "154",
          "pokemon_species_id": "52"
     },
     {
          "move_id": "163",
          "pokemon_species_id": "53"
     },
     {
          "move_id": "100",
          "pokemon_species_id": "63"
     },
     {
          "move_id": "60",
          "pokemon_species_id": "64"
     },
     {
          "move_id": "94",
          "pokemon_species_id": "65"
     },
     {
          "move_id": "2",
          "pokemon_species_id": "66"
     },
     {
          "move_id": "358",
          "pokemon_species_id": "67"
     },
     {
          "move_id": "238",
          "pokemon_species_id": "68"
     },
     {
          "move_id": "122",
          "pokemon_species_id": "92"
     },
     {
          "move_id": "506",
          "pokemon_species_id": "93"
     },
     {
          "move_id": "247",
          "pokemon_species_id": "94"
     },
     {
          "move_id": "317",
          "pokemon_species_id": "95"
     },
     {
          "move_id": "523",
          "pokemon_species_id": "111"
     },
     {
          "move_id": "529",
          "pokemon_species_id": "112"
     },
     {
          "move_id": "210",
          "pokemon_species_id": "123"
     },
     {
          "move_id": "150",
          "pokemon_species_id": "129"
     },
     {
          "move_id": "401",
          "pokemon_species_id": "130"
     },
     {
          "move_id": "58",
          "pokemon_species_id": "131"
     },
     {
          "move_id": "98",
          "pokemon_species_id": "133"
     },
     {
          "move_id": "56",
          "pokemon_species_id": "134"
     },
     {
          "move_id": "85",
          "pokemon_species_id": "135"
     },
     {
          "move_id": "424",
          "pokemon_species_id": "136"
     },
     {
          "move_id": "34",
          "pokemon_species_id": "143"
     },
     {
          "move_id": "59",
          "pokemon_species_id": "144"
     },
     {
          "move_id": "82",
          "pokemon_species_id": "147"
     },
     {
          "move_id": "525",
          "pokemon_species_id": "148"
     },
     {
          "move_id": "407",
          "pokemon_species_id": "149"
     },
     {
          "move_id": "540",
          "pokemon_species_id": "150"
     },
     {
          "move_id": "440",
          "pokemon_species_id": "169"
     },
     {
          "move_id": "84",
          "pokemon_species_id": "172"
     },
     {
          "move_id": "1",
          "pokemon_species_id": "174"
     },
     {
          "move_id": "84",
          "pokemon_species_id": "179"
     },
     {
          "move_id": "435",
          "pokemon_species_id": "180"
     },
     {
          "move_id": "87",
          "pokemon_species_id": "181"
     },
     {
          "move_id": "55",
          "pokemon_species_id": "194"
     },
     {
          "move_id": "426",
          "pokemon_species_id": "195"
     },
     {
          "move_id": "60",
          "pokemon_species_id": "196"
     },
     {
          "move_id": "372",
          "pokemon_species_id": "197"
     },
     {
          "move_id": "310",
          "pokemon_species_id": "200"
     },
     {
          "move_id": "450",
          "pokemon_species_id": "204"
     },
     {
          "move_id": "360",
          "pokemon_species_id": "205"
     },
     {
          "move_id": "231",
          "pokemon_species_id": "208"
     },
     {
          "move_id": "404",
          "pokemon_species_id": "212"
     },
     {
          "move_id": "185",
          "pokemon_species_id": "215"
     },
     {
          "move_id": "317",
          "pokemon_species_id": "246"
     },
     {
          "move_id": "157",
          "pokemon_species_id": "247"
     },
     {
          "move_id": "444",
          "pokemon_species_id": "248"
     },
     {
          "move_id": "71",
          "pokemon_species_id": "252"
     },
     {
          "move_id": "348",
          "pokemon_species_id": "253"
     },
     {
          "move_id": "437",
          "pokemon_species_id": "254"
     },
     {
          "move_id": "93",
          "pokemon_species_id": "280"
     },
     {
          "move_id": "473",
          "pokemon_species_id": "281"
     },
     {
          "move_id": "94",
          "pokemon_species_id": "282"
     },
     {
          "move_id": "232",
          "pokemon_species_id": "304"
     },
     {
          "move_id": "442",
          "pokemon_species_id": "305"
     },
     {
          "move_id": "231",
          "pokemon_species_id": "306"
     },
     {
          "move_id": "210",
          "pokemon_species_id": "347"
     },
     {
          "move_id": "404",
          "pokemon_species_id": "348"
     },
     {
          "move_id": "310",
          "pokemon_species_id": "355"
     },
     {
          "move_id": "425",
          "pokemon_species_id": "356"
     },
     {
          "move_id": "473",
          "pokemon_species_id": "358"
     },
     {
          "move_id": "181",
          "pokemon_species_id": "361"
     },
     {
          "move_id": "58",
          "pokemon_species_id": "362"
     },
     {
          "move_id": "181",
          "pokemon_species_id": "363"
     },
     {
          "move_id": "301",
          "pokemon_species_id": "364"
     },
     {
          "move_id": "59",
          "pokemon_species_id": "365"
     },
     {
          "move_id": "442",
          "pokemon_species_id": "374"
     },
     {
          "move_id": "418",
          "pokemon_species_id": "375"
     },
     {
          "move_id": "309",
          "pokemon_species_id": "376"
     },
     {
          "move_id": "430",
          "pokemon_species_id": "379"
     },
     {
          "move_id": "414",
          "pokemon_species_id": "383"
     },
     {
          "move_id": "406",
          "pokemon_species_id": "384"
     },
     {
          "move_id": "52",
          "pokemon_species_id": "390"
     },
     {
          "move_id": "172",
          "pokemon_species_id": "391"
     },
     {
          "move_id": "83",
          "pokemon_species_id": "392"
     },
     {
          "move_id": "145",
          "pokemon_species_id": "393"
     },
     {
          "move_id": "61",
          "pokemon_species_id": "394"
     },
     {
          "move_id": "56",
          "pokemon_species_id": "395"
     },
     {
          "move_id": "98",
          "pokemon_species_id": "396"
     },
     {
          "move_id": "17",
          "pokemon_species_id": "397"
     },
     {
          "move_id": "413",
          "pokemon_species_id": "398"
     },
     {
          "move_id": "29",
          "pokemon_species_id": "399"
     },
     {
          "move_id": "158",
          "pokemon_species_id": "400"
     },
     {
          "move_id": "209",
          "pokemon_species_id": "403"
     },
     {
          "move_id": "435",
          "pokemon_species_id": "404"
     },
     {
          "move_id": "87",
          "pokemon_species_id": "405"
     },
     {
          "move_id": "442",
          "pokemon_species_id": "410"
     },
     {
          "move_id": "157",
          "pokemon_species_id": "411"
     },
     {
          "move_id": "310",
          "pokemon_species_id": "425"
     },
     {
          "move_id": "247",
          "pokemon_species_id": "426"
     },
     {
          "move_id": "247",
          "pokemon_species_id": "429"
     },
     {
          "move_id": "93",
          "pokemon_species_id": "433"
     },
     {
          "move_id": "425",
          "pokemon_species_id": "442"
     },
     {
          "move_id": "82",
          "pokemon_species_id": "443"
     },
     {
          "move_id": "337",
          "pokemon_species_id": "444"
     },
     {
          "move_id": "407",
          "pokemon_species_id": "445"
     },
     {
          "move_id": "33",
          "pokemon_species_id": "446"
     },
     {
          "move_id": "395",
          "pokemon_species_id": "447"
     },
     {
          "move_id": "396",
          "pokemon_species_id": "448"
     },
     {
          "move_id": "398",
          "pokemon_species_id": "451"
     },
     {
          "move_id": "440",
          "pokemon_species_id": "452"
     },
     {
          "move_id": "398",
          "pokemon_species_id": "453"
     },
     {
          "move_id": "188",
          "pokemon_species_id": "454"
     },
     {
          "move_id": "22",
          "pokemon_species_id": "455"
     },
     {
          "move_id": "400",
          "pokemon_species_id": "461"
     },
     {
          "move_id": "439",
          "pokemon_species_id": "464"
     },
     {
          "move_id": "348",
          "pokemon_species_id": "470"
     },
     {
          "move_id": "196",
          "pokemon_species_id": "471"
     },
     {
          "move_id": "427",
          "pokemon_species_id": "475"
     },
     {
          "move_id": "247",
          "pokemon_species_id": "477"
     },
     {
          "move_id": "196",
          "pokemon_species_id": "478"
     },
     {
          "move_id": "459",
          "pokemon_species_id": "483"
     },
     {
          "move_id": "449",
          "pokemon_species_id": "493"
     },
     {
          "move_id": "22",
          "pokemon_species_id": "495"
     },
     {
          "move_id": "348",
          "pokemon_species_id": "496"
     },
     {
          "move_id": "437",
          "pokemon_species_id": "497"
     },
     {
          "move_id": "52",
          "pokemon_species_id": "498"
     },
     {
          "move_id": "535",
          "pokemon_species_id": "499"
     },
     {
          "move_id": "126",
          "pokemon_species_id": "500"
     },
     {
          "move_id": "55",
          "pokemon_species_id": "501"
     },
     {
          "move_id": "352",
          "pokemon_species_id": "502"
     },
     {
          "move_id": "401",
          "pokemon_species_id": "503"
     },
     {
          "move_id": "22",
          "pokemon_species_id": "511"
     },
     {
          "move_id": "437",
          "pokemon_species_id": "512"
     },
     {
          "move_id": "481",
          "pokemon_species_id": "513"
     },
     {
          "move_id": "510",
          "pokemon_species_id": "514"
     },
     {
          "move_id": "55",
          "pokemon_species_id": "515"
     },
     {
          "move_id": "362",
          "pokemon_species_id": "516"
     },
     {
          "move_id": "95",
          "pokemon_species_id": "517"
     },
     {
          "move_id": "138",
          "pokemon_species_id": "518"
     },
     {
          "move_id": "209",
          "pokemon_species_id": "522"
     },
     {
          "move_id": "435",
          "pokemon_species_id": "523"
     },
     {
          "move_id": "350",
          "pokemon_species_id": "524"
     },
     {
          "move_id": "157",
          "pokemon_species_id": "525"
     },
     {
          "move_id": "444",
          "pokemon_species_id": "526"
     },
     {
          "move_id": "91",
          "pokemon_species_id": "529"
     },
     {
          "move_id": "529",
          "pokemon_species_id": "530"
     },
     {
          "move_id": "1",
          "pokemon_species_id": "531"
     },
     {
          "move_id": "67",
          "pokemon_species_id": "532"
     },
     {
          "move_id": "358",
          "pokemon_species_id": "533"
     },
     {
          "move_id": "276",
          "pokemon_species_id": "534"
     },
     {
          "move_id": "450",
          "pokemon_species_id": "540"
     },
     {
          "move_id": "75",
          "pokemon_species_id": "541"
     },
     {
          "move_id": "404",
          "pokemon_species_id": "542"
     },
     {
          "move_id": "40",
          "pokemon_species_id": "543"
     },
     {
          "move_id": "342",
          "pokemon_species_id": "544"
     },
     {
          "move_id": "474",
          "pokemon_species_id": "545"
     },
     {
          "move_id": "71",
          "pokemon_species_id": "546"
     },
     {
          "move_id": "75",
          "pokemon_species_id": "547"
     },
     {
          "move_id": "72",
          "pokemon_species_id": "548"
     },
     {
          "move_id": "80",
          "pokemon_species_id": "549"
     },
     {
          "move_id": "189",
          "pokemon_species_id": "551"
     },
     {
          "move_id": "44",
          "pokemon_species_id": "552"
     },
     {
          "move_id": "242",
          "pokemon_species_id": "553"
     },
     {
          "move_id": "172",
          "pokemon_species_id": "554"
     },
     {
          "move_id": "126",
          "pokemon_species_id": "555"
     },
     {
          "move_id": "185",
          "pokemon_species_id": "559"
     },
     {
          "move_id": "136",
          "pokemon_species_id": "560"
     },
     {
          "move_id": "492",
          "pokemon_species_id": "570"
     },
     {
          "move_id": "539",
          "pokemon_species_id": "571"
     },
     {
          "move_id": "3",
          "pokemon_species_id": "572"
     },
     {
          "move_id": "541",
          "pokemon_species_id": "573"
     },
     {
          "move_id": "93",
          "pokemon_species_id": "574"
     },
     {
          "move_id": "60",
          "pokemon_species_id": "575"
     },
     {
          "move_id": "248",
          "pokemon_species_id": "576"
     },
     {
          "move_id": "521",
          "pokemon_species_id": "587"
     },
     {
          "move_id": "486",
          "pokemon_species_id": "595"
     },
     {
          "move_id": "435",
          "pokemon_species_id": "596"
     },
     {
          "move_id": "52",
          "pokemon_species_id": "607"
     },
     {
          "move_id": "481",
          "pokemon_species_id": "608"
     },
     {
          "move_id": "83",
          "pokemon_species_id": "609"
     },
     {
          "move_id": "82",
          "pokemon_species_id": "610"
     },
     {
          "move_id": "337",
          "pokemon_species_id": "611"
     },
     {
          "move_id": "200",
          "pokemon_species_id": "612"
     },
     {
          "move_id": "181",
          "pokemon_species_id": "613"
     },
     {
          "move_id": "556",
          "pokemon_species_id": "614"
     },
     {
          "move_id": "372",
          "pokemon_species_id": "624"
     },
     {
          "move_id": "400",
          "pokemon_species_id": "625"
     },
     {
          "move_id": "17",
          "pokemon_species_id": "627"
     },
     {
          "move_id": "507",
          "pokemon_species_id": "628"
     },
     {
          "move_id": "82",
          "pokemon_species_id": "633"
     },
     {
          "move_id": "242",
          "pokemon_species_id": "634"
     },
     {
          "move_id": "406",
          "pokemon_species_id": "635"
     },
     {
          "move_id": "172",
          "pokemon_species_id": "636"
     },
     {
          "move_id": "552",
          "pokemon_species_id": "637"
     },
     {
          "move_id": "533",
          "pokemon_species_id": "639"
     },
     {
          "move_id": "551",
          "pokemon_species_id": "643"
     },
     {
          "move_id": "550",
          "pokemon_species_id": "644"
     }
]