[
     {
          "identifier": "aurora",
          "type_id": "1",
          "id": "1"
     },
     {
          "identifier": "ignis",
          "type_id": "10",
          "id": "2"
     },
     {
          "identifier": "fontaine",
          "type_id": "11",
          "id": "3"
     },
     {
          "identifier": "violight",
          "type_id": "13",
          "id": "4"
     },
     {
          "identifier": "greenleaf",
          "type_id": "12",
          "id": "5"
     },
     {
          "identifier": "nixtorm",
          "type_id": "15",
          "id": "6"
     },
     {
          "identifier": "pugilis",
          "type_id": "2",
          "id": "7"
     },
     {
          "identifier": "viperia",
          "type_id": "4",
          "id": "8"
     },
     {
          "identifier": "terrera",
          "type_id": "5",
          "id": "9"
     },
     {
          "identifier": "avia",
          "type_id": "3",
          "id": "10"
     },
     {
          "identifier": "illusio",
          "type_id": "14",
          "id": "11"
     },
     {
          "identifier": "chrysalia",
          "type_id": "7",
          "id": "12"
     },
     {
          "identifier": "cragspur",
          "type_id": "6",
          "id": "13"
     },
     {
          "identifier": "spectra",
          "type_id": "8",
          "id": "14"
     },
     {
          "identifier": "dragnor",
          "type_id": "16",
          "id": "15"
     },
     {
          "identifier": "yaksha",
          "type_id": "17",
          "id": "16"
     },
     {
          "identifier": "valora",
          "type_id": "9",
          "id": "17"
     }
]