[
     {
          "local_language_id": "9",
          "name": "Aurora",
          "kingdom_id": "1"
     },
     {
          "local_language_id": "9",
          "name": "Ignis",
          "kingdom_id": "2"
     },
     {
          "local_language_id": "9",
          "name": "Fontaine",
          "kingdom_id": "3"
     },
     {
          "local_language_id": "9",
          "name": "Violight",
          "kingdom_id": "4"
     },
     {
          "local_language_id": "9",
          "name": "Greenleaf",
          "kingdom_id": "5"
     },
     {
          "local_language_id": "9",
          "name": "Nixtorm",
          "kingdom_id": "6"
     },
     {
          "local_language_id": "9",
          "name": "Pugilis",
          "kingdom_id": "7"
     },
     {
          "local_language_id": "9",
          "name": "Viperia",
          "kingdom_id": "8"
     },
     {
          "local_language_id": "9",
          "name": "Terrera",
          "kingdom_id": "9"
     },
     {
          "local_language_id": "9",
          "name": "Avia",
          "kingdom_id": "10"
     },
     {
          "local_language_id": "9",
          "name": "Illusio",
          "kingdom_id": "11"
     },
     {
          "local_language_id": "9",
          "name": "Chrysalia",
          "kingdom_id": "12"
     },
     {
          "local_language_id": "9",
          "name": "Cragspur",
          "kingdom_id": "13"
     },
     {
          "local_language_id": "9",
          "name": "Spectra",
          "kingdom_id": "14"
     },
     {
          "local_language_id": "9",
          "name": "Dragnor",
          "kingdom_id": "15"
     },
     {
          "local_language_id": "9",
          "name": "Yaksha",
          "kingdom_id": "16"
     },
     {
          "local_language_id": "9",
          "name": "Valora",
          "kingdom_id": "17"
     }
]