[
     {
          "local_language_id": "9",
          "name": "Adrenaline",
          "skill_id": "1"
     },
     {
          "local_language_id": "9",
          "name": "Fortify",
          "skill_id": "2"
     },
     {
          "local_language_id": "9",
          "name": "Top Speed",
          "skill_id": "3"
     },
     {
          "local_language_id": "9",
          "name": "Rally",
          "skill_id": "4"
     },
     {
          "local_language_id": "9",
          "name": "Bustle",
          "skill_id": "5"
     },
     {
          "local_language_id": "9",
          "name": "Sweet Song",
          "skill_id": "6"
     },
     {
          "local_language_id": "9",
          "name": "Mighty Blow",
          "skill_id": "7"
     },
     {
          "local_language_id": "9",
          "name": "Brotherhood",
          "skill_id": "8"
     },
     {
          "local_language_id": "9",
          "name": "Eagle Eye",
          "skill_id": "9"
     },
     {
          "local_language_id": "9",
          "name": "Crack Shot",
          "skill_id": "10"
     },
     {
          "local_language_id": "9",
          "name": "Marksman",
          "skill_id": "11"
     },
     {
          "local_language_id": "9",
          "name": "High Jump",
          "skill_id": "12"
     },
     {
          "local_language_id": "9",
          "name": "Added Bonus",
          "skill_id": "13"
     },
     {
          "local_language_id": "9",
          "name": "Impact",
          "skill_id": "14"
     },
     {
          "local_language_id": "9",
          "name": "Quick Strike",
          "skill_id": "15"
     },
     {
          "local_language_id": "9",
          "name": "Empathy",
          "skill_id": "16"
     },
     {
          "local_language_id": "9",
          "name": "Deep Breath",
          "skill_id": "17"
     },
     {
          "local_language_id": "9",
          "name": "Convalesce",
          "skill_id": "18"
     },
     {
          "local_language_id": "9",
          "name": "Salve",
          "skill_id": "19"
     },
     {
          "local_language_id": "9",
          "name": "Detox",
          "skill_id": "20"
     },
     {
          "local_language_id": "9",
          "name": "Shout",
          "skill_id": "21"
     },
     {
          "local_language_id": "9",
          "name": "Temperate",
          "skill_id": "22"
     },
     {
          "local_language_id": "9",
          "name": "Greed",
          "skill_id": "23"
     },
     {
          "local_language_id": "9",
          "name": "Courage",
          "skill_id": "24"
     },
     {
          "local_language_id": "9",
          "name": "Motivate",
          "skill_id": "25"
     },
     {
          "local_language_id": "9",
          "name": "Desire",
          "skill_id": "26"
     },
     {
          "local_language_id": "9",
          "name": "Ambition",
          "skill_id": "27"
     },
     {
          "local_language_id": "9",
          "name": "Soft Light",
          "skill_id": "28"
     },
     {
          "local_language_id": "9",
          "name": "Grand Dream",
          "skill_id": "29"
     },
     {
          "local_language_id": "9",
          "name": "Great Uniter",
          "skill_id": "30"
     },
     {
          "local_language_id": "9",
          "name": "Rebellion",
          "skill_id": "31"
     },
     {
          "local_language_id": "9",
          "name": "Thunderclap",
          "skill_id": "32"
     },
     {
          "local_language_id": "9",
          "name": "Strategist",
          "skill_id": "33"
     },
     {
          "local_language_id": "9",
          "name": "Cold Eyes",
          "skill_id": "34"
     },
     {
          "local_language_id": "9",
          "name": "Chesto!",
          "skill_id": "35"
     },
     {
          "local_language_id": "9",
          "name": "Nene Ninpō",
          "skill_id": "36"
     },
     {
          "local_language_id": "9",
          "name": "Fūrin Kazan",
          "skill_id": "37"
     },
     {
          "local_language_id": "9",
          "name": "One-Eyed Dragon",
          "skill_id": "38"
     },
     {
          "local_language_id": "9",
          "name": "Inspiration",
          "skill_id": "39"
     },
     {
          "local_language_id": "9",
          "name": "Grace",
          "skill_id": "40"
     },
     {
          "local_language_id": "9",
          "name": "Father Figure",
          "skill_id": "41"
     },
     {
          "local_language_id": "9",
          "name": "Viper's Bite",
          "skill_id": "42"
     },
     {
          "local_language_id": "9",
          "name": "Mayhem",
          "skill_id": "43"
     },
     {
          "local_language_id": "9",
          "name": "Resolution",
          "skill_id": "44"
     },
     {
          "local_language_id": "9",
          "name": "Lazybones",
          "skill_id": "45"
     },
     {
          "local_language_id": "9",
          "name": "Extinguish",
          "skill_id": "46"
     },
     {
          "local_language_id": "9",
          "name": "Typhoon",
          "skill_id": "47"
     },
     {
          "local_language_id": "9",
          "name": "Bewilder",
          "skill_id": "48"
     },
     {
          "local_language_id": "9",
          "name": "Ninjutsu",
          "skill_id": "49"
     },
     {
          "local_language_id": "9",
          "name": "Trickster",
          "skill_id": "50"
     },
     {
          "local_language_id": "9",
          "name": "Willpower",
          "skill_id": "51"
     },
     {
          "local_language_id": "9",
          "name": "Cupid",
          "skill_id": "52"
     },
     {
          "local_language_id": "9",
          "name": "Love & Honor",
          "skill_id": "53"
     },
     {
          "local_language_id": "9",
          "name": "Compassion",
          "skill_id": "54"
     },
     {
          "local_language_id": "9",
          "name": "Warrior Woman",
          "skill_id": "55"
     },
     {
          "local_language_id": "9",
          "name": "Kabuki Dance",
          "skill_id": "56"
     },
     {
          "local_language_id": "9",
          "name": "Faith",
          "skill_id": "57"
     },
     {
          "local_language_id": "9",
          "name": "Unrivaled",
          "skill_id": "58"
     },
     {
          "local_language_id": "9",
          "name": "Elegance",
          "skill_id": "59"
     },
     {
          "local_language_id": "9",
          "name": "Carefree",
          "skill_id": "60"
     },
     {
          "local_language_id": "9",
          "name": "Cunning",
          "skill_id": "61"
     },
     {
          "local_language_id": "9",
          "name": "Belief",
          "skill_id": "62"
     },
     {
          "local_language_id": "9",
          "name": "Sacrifice",
          "skill_id": "63"
     }
]