[
     {
          "identifier": "the-legend-of-ransei",
          "id": "1"
     },
     {
          "identifier": "the-road-to-conquest",
          "id": "2"
     },
     {
          "identifier": "happily-ever-after",
          "id": "3"
     },
     {
          "identifier": "the-burden-of-peace",
          "id": "4"
     },
     {
          "identifier": "the-way-of-the-warrior",
          "id": "5"
     },
     {
          "identifier": "the-joy-of-battle",
          "id": "6"
     },
     {
          "identifier": "pride-and-precociousness",
          "id": "7"
     },
     {
          "identifier": "tragic-determination",
          "id": "8"
     },
     {
          "identifier": "a-shroud-of-darkness",
          "id": "9"
     },
     {
          "identifier": "not-worth-fighting-over-1",
          "id": "10"
     },
     {
          "identifier": "teaching-them-a-lesson",
          "id": "11"
     },
     {
          "identifier": "the-reluctant-genius",
          "id": "12"
     },
     {
          "identifier": "the-unparalleled-warrior",
          "id": "13"
     },
     {
          "identifier": "a-ninja-amongst-ninjas",
          "id": "14"
     },
     {
          "identifier": "archenemies",
          "id": "15"
     },
     {
          "identifier": "time-for-battle",
          "id": "16"
     },
     {
          "identifier": "land-of-love-and-righteousness",
          "id": "17"
     },
     {
          "identifier": "love-is-a-battlefield",
          "id": "18"
     },
     {
          "identifier": "the-final-gamble",
          "id": "19"
     },
     {
          "identifier": "blowing-in-the-wind",
          "id": "20"
     },
     {
          "identifier": "ranseis-legendary-beauty",
          "id": "21"
     },
     {
          "identifier": "all-grown-up",
          "id": "22"
     },
     {
          "identifier": "the-rebel",
          "id": "23"
     },
     {
          "identifier": "that-which-he-holds-dear",
          "id": "24"
     },
     {
          "identifier": "not-worth-fighting-over-2",
          "id": "25"
     },
     {
          "identifier": "the-rose-of-ransei",
          "id": "26"
     },
     {
          "identifier": "the-visionarys-quest",
          "id": "27"
     },
     {
          "identifier": "grace-and-beauty",
          "id": "28"
     },
     {
          "identifier": "pokemari-and-me",
          "id": "29"
     },
     {
          "identifier": "the-dragons-dream",
          "id": "30"
     },
     {
          "identifier": "putting-the-books-down",
          "id": "31"
     },
     {
          "identifier": "a-date-with-destiny",
          "id": "32"
     },
     {
          "identifier": "this-one-goes-out-to-my-fans",
          "id": "33"
     },
     {
          "identifier": "simply-the-best",
          "id": "34"
     },
     {
          "identifier": "not-worth-fighting-over-3",
          "id": "35"
     },
     {
          "identifier": "a-fate-born-of-beauty",
          "id": "36"
     },
     {
          "identifier": "the-free-spirits-path",
          "id": "37"
     },
     {
          "identifier": "two-heroes-of-ransei",
          "id": "38"
     }
]