[
     {
          "identifier": "adrenaline",
          "id": "1"
     },
     {
          "identifier": "fortify",
          "id": "2"
     },
     {
          "identifier": "top-speed",
          "id": "3"
     },
     {
          "identifier": "rally",
          "id": "4"
     },
     {
          "identifier": "bustle",
          "id": "5"
     },
     {
          "identifier": "sweet-song",
          "id": "6"
     },
     {
          "identifier": "mighty-blow",
          "id": "7"
     },
     {
          "identifier": "brotherhood",
          "id": "8"
     },
     {
          "identifier": "eagle-eye",
          "id": "9"
     },
     {
          "identifier": "crack-shot",
          "id": "10"
     },
     {
          "identifier": "marksman",
          "id": "11"
     },
     {
          "identifier": "high-jump",
          "id": "12"
     },
     {
          "identifier": "added-bonus",
          "id": "13"
     },
     {
          "identifier": "impact",
          "id": "14"
     },
     {
          "identifier": "quick-strike",
          "id": "15"
     },
     {
          "identifier": "empathy",
          "id": "16"
     },
     {
          "identifier": "deep-breath",
          "id": "17"
     },
     {
          "identifier": "convalesce",
          "id": "18"
     },
     {
          "identifier": "salve",
          "id": "19"
     },
     {
          "identifier": "detox",
          "id": "20"
     },
     {
          "identifier": "shout",
          "id": "21"
     },
     {
          "identifier": "temperate",
          "id": "22"
     },
     {
          "identifier": "greed",
          "id": "23"
     },
     {
          "identifier": "courage",
          "id": "24"
     },
     {
          "identifier": "motivate",
          "id": "25"
     },
     {
          "identifier": "desire",
          "id": "26"
     },
     {
          "identifier": "ambition",
          "id": "27"
     },
     {
          "identifier": "soft-light",
          "id": "28"
     },
     {
          "identifier": "grand-dream",
          "id": "29"
     },
     {
          "identifier": "great-uniter",
          "id": "30"
     },
     {
          "identifier": "rebellion",
          "id": "31"
     },
     {
          "identifier": "thunderclap",
          "id": "32"
     },
     {
          "identifier": "strategist",
          "id": "33"
     },
     {
          "identifier": "cold-eyes",
          "id": "34"
     },
     {
          "identifier": "chesto",
          "id": "35"
     },
     {
          "identifier": "nene-ninpo",
          "id": "36"
     },
     {
          "identifier": "furin-kazan",
          "id": "37"
     },
     {
          "identifier": "one-eyed-dragon",
          "id": "38"
     },
     {
          "identifier": "inspiration",
          "id": "39"
     },
     {
          "identifier": "grace",
          "id": "40"
     },
     {
          "identifier": "father-figure",
          "id": "41"
     },
     {
          "identifier": "vipers-bite",
          "id": "42"
     },
     {
          "identifier": "mayhem",
          "id": "43"
     },
     {
          "identifier": "resolution",
          "id": "44"
     },
     {
          "identifier": "lazybones",
          "id": "45"
     },
     {
          "identifier": "extinguish",
          "id": "46"
     },
     {
          "identifier": "typhoon",
          "id": "47"
     },
     {
          "identifier": "bewilder",
          "id": "48"
     },
     {
          "identifier": "ninjutsu",
          "id": "49"
     },
     {
          "identifier": "trickster",
          "id": "50"
     },
     {
          "identifier": "willpower",
          "id": "51"
     },
     {
          "identifier": "cupid",
          "id": "52"
     },
     {
          "identifier": "love-and-honor",
          "id": "53"
     },
     {
          "identifier": "compassion",
          "id": "54"
     },
     {
          "identifier": "warrior-woman",
          "id": "55"
     },
     {
          "identifier": "kabuki-dance",
          "id": "56"
     },
     {
          "identifier": "faith",
          "id": "57"
     },
     {
          "identifier": "unrivaled",
          "id": "58"
     },
     {
          "identifier": "elegance",
          "id": "59"
     },
     {
          "identifier": "carefree",
          "id": "60"
     },
     {
          "identifier": "cunning",
          "id": "61"
     },
     {
          "identifier": "belief",
          "id": "62"
     },
     {
          "identifier": "sacrifice",
          "id": "63"
     }
]