[
     {
          "warrior_id": "1",
          "episode_id": "1"
     },
     {
          "warrior_id": "2",
          "episode_id": "1"
     },
     {
          "warrior_id": "3",
          "episode_id": "2"
     },
     {
          "warrior_id": "5",
          "episode_id": "3"
     },
     {
          "warrior_id": "19",
          "episode_id": "4"
     },
     {
          "warrior_id": "26",
          "episode_id": "5"
     },
     {
          "warrior_id": "14",
          "episode_id": "6"
     },
     {
          "warrior_id": "7",
          "episode_id": "7"
     },
     {
          "warrior_id": "9",
          "episode_id": "8"
     },
     {
          "warrior_id": "18",
          "episode_id": "9"
     },
     {
          "warrior_id": "36",
          "episode_id": "10"
     },
     {
          "warrior_id": "11",
          "episode_id": "11"
     },
     {
          "warrior_id": "20",
          "episode_id": "12"
     },
     {
          "warrior_id": "33",
          "episode_id": "13"
     },
     {
          "warrior_id": "24",
          "episode_id": "14"
     },
     {
          "warrior_id": "12",
          "episode_id": "15"
     },
     {
          "warrior_id": "25",
          "episode_id": "16"
     },
     {
          "warrior_id": "28",
          "episode_id": "17"
     },
     {
          "warrior_id": "29",
          "episode_id": "18"
     },
     {
          "warrior_id": "10",
          "episode_id": "19"
     },
     {
          "warrior_id": "22",
          "episode_id": "20"
     },
     {
          "warrior_id": "17",
          "episode_id": "21"
     },
     {
          "warrior_id": "23",
          "episode_id": "22"
     },
     {
          "warrior_id": "6",
          "episode_id": "23"
     },
     {
          "warrior_id": "16",
          "episode_id": "24"
     },
     {
          "warrior_id": "37",
          "episode_id": "25"
     },
     {
          "warrior_id": "4",
          "episode_id": "26"
     },
     {
          "warrior_id": "21",
          "episode_id": "27"
     },
     {
          "warrior_id": "34",
          "episode_id": "28"
     },
     {
          "warrior_id": "15",
          "episode_id": "29"
     },
     {
          "warrior_id": "13",
          "episode_id": "30"
     },
     {
          "warrior_id": "8",
          "episode_id": "31"
     },
     {
          "warrior_id": "31",
          "episode_id": "32"
     },
     {
          "warrior_id": "27",
          "episode_id": "33"
     },
     {
          "warrior_id": "30",
          "episode_id": "34"
     },
     {
          "warrior_id": "38",
          "episode_id": "35"
     },
     {
          "warrior_id": "32",
          "episode_id": "36"
     },
     {
          "warrior_id": "35",
          "episode_id": "37"
     },
     {
          "warrior_id": "1",
          "episode_id": "38"
     },
     {
          "warrior_id": "2",
          "episode_id": "38"
     }
]