[
     {"id": "1"},
     {"id": "2"},
     {"id": "3"},
     {"id": "4"},
     {"id": "5"},
     {"id": "6"},
     {"id": "7"},
     {"id": "8"},
     {"id": "9"},
     {"id": "14"},
     {"id": "15"},
     {"id": "16"},
     {"id": "17"},
     {"id": "18"},
     {"id": "19"},
     {"id": "20"},
     {"id": "21"},
     {"id": "22"},
     {"id": "23"},
     {"id": "25"},
     {"id": "26"},
     {"id": "28"},
     {"id": "29"},
     {"id": "30"},
     {"id": "33"},
     {"id": "36"},
     {"id": "37"},
     {"id": "38"},
     {"id": "39"},
     {"id": "40"},
     {"id": "41"},
     {"id": "42"},
     {"id": "43"},
     {"id": "44"},
     {"id": "47"},
     {"id": "48"},
     {"id": "49"},
     {"id": "51"},
     {"id": "52"},
     {"id": "58"},
     {"id": "59"},
     {"id": "60"},
     {"id": "61"},
     {"id": "62"},
     {"id": "63"},
     {"id": "64"},
     {"id": "65"},
     {"id": "66"},
     {"id": "67"},
     {"id": "68"},
     {"id": "69"}
]