[
     {
          "ability_id": "66",
          "pokemon_species_id": "4",
          "slot": "1"
     },
     {
          "ability_id": "10016",
          "pokemon_species_id": "4",
          "slot": "2"
     },
     {
          "ability_id": "10028",
          "pokemon_species_id": "4",
          "slot": "3"
     },
     {
          "ability_id": "66",
          "pokemon_species_id": "5",
          "slot": "1"
     },
     {
          "ability_id": "10016",
          "pokemon_species_id": "5",
          "slot": "2"
     },
     {
          "ability_id": "10028",
          "pokemon_species_id": "5",
          "slot": "3"
     },
     {
          "ability_id": "66",
          "pokemon_species_id": "6",
          "slot": "1"
     },
     {
          "ability_id": "10028",
          "pokemon_species_id": "6",
          "slot": "2"
     },
     {
          "ability_id": "10029",
          "pokemon_species_id": "6",
          "slot": "3"
     },
     {
          "ability_id": "10031",
          "pokemon_species_id": "15",
          "slot": "1"
     },
     {
          "ability_id": "10001",
          "pokemon_species_id": "15",
          "slot": "2"
     },
     {
          "ability_id": "68",
          "pokemon_species_id": "15",
          "slot": "3"
     },
     {
          "ability_id": "22",
          "pokemon_species_id": "23",
          "slot": "1"
     },
     {
          "ability_id": "61",
          "pokemon_species_id": "23",
          "slot": "2"
     },
     {
          "ability_id": "10039",
          "pokemon_species_id": "23",
          "slot": "3"
     },
     {
          "ability_id": "22",
          "pokemon_species_id": "24",
          "slot": "1"
     },
     {
          "ability_id": "61",
          "pokemon_species_id": "24",
          "slot": "2"
     },
     {
          "ability_id": "10039",
          "pokemon_species_id": "24",
          "slot": "3"
     },
     {
          "ability_id": "9",
          "pokemon_species_id": "25",
          "slot": "1"
     },
     {
          "ability_id": "10035",
          "pokemon_species_id": "25",
          "slot": "2"
     },
     {
          "ability_id": "31",
          "pokemon_species_id": "25",
          "slot": "3"
     },
     {
          "ability_id": "9",
          "pokemon_species_id": "26",
          "slot": "1"
     },
     {
          "ability_id": "10007",
          "pokemon_species_id": "26",
          "slot": "2"
     },
     {
          "ability_id": "31",
          "pokemon_species_id": "26",
          "slot": "3"
     },
     {
          "ability_id": "10036",
          "pokemon_species_id": "39",
          "slot": "1"
     },
     {
          "ability_id": "10041",
          "pokemon_species_id": "39",
          "slot": "2"
     },
     {
          "ability_id": "10042",
          "pokemon_species_id": "39",
          "slot": "3"
     },
     {
          "ability_id": "10036",
          "pokemon_species_id": "40",
          "slot": "1"
     },
     {
          "ability_id": "10041",
          "pokemon_species_id": "40",
          "slot": "2"
     },
     {
          "ability_id": "10042",
          "pokemon_species_id": "40",
          "slot": "3"
     },
     {
          "ability_id": "10025",
          "pokemon_species_id": "41",
          "slot": "1"
     },
     {
          "ability_id": "39",
          "pokemon_species_id": "41",
          "slot": "2"
     },
     {
          "ability_id": "10026",
          "pokemon_species_id": "41",
          "slot": "3"
     },
     {
          "ability_id": "10040",
          "pokemon_species_id": "42",
          "slot": "1"
     },
     {
          "ability_id": "39",
          "pokemon_species_id": "42",
          "slot": "2"
     },
     {
          "ability_id": "10026",
          "pokemon_species_id": "42",
          "slot": "3"
     },
     {
          "ability_id": "10001",
          "pokemon_species_id": "52",
          "slot": "1"
     },
     {
          "ability_id": "10043",
          "pokemon_species_id": "52",
          "slot": "2"
     },
     {
          "ability_id": "10044",
          "pokemon_species_id": "52",
          "slot": "3"
     },
     {
          "ability_id": "10001",
          "pokemon_species_id": "53",
          "slot": "1"
     },
     {
          "ability_id": "7",
          "pokemon_species_id": "53",
          "slot": "2"
     },
     {
          "ability_id": "10052",
          "pokemon_species_id": "53",
          "slot": "3"
     },
     {
          "ability_id": "10007",
          "pokemon_species_id": "63",
          "slot": "1"
     },
     {
          "ability_id": "10022",
          "pokemon_species_id": "63",
          "slot": "2"
     },
     {
          "ability_id": "10047",
          "pokemon_species_id": "63",
          "slot": "3"
     },
     {
          "ability_id": "10007",
          "pokemon_species_id": "64",
          "slot": "1"
     },
     {
          "ability_id": "10022",
          "pokemon_species_id": "64",
          "slot": "2"
     },
     {
          "ability_id": "10005",
          "pokemon_species_id": "64",
          "slot": "3"
     },
     {
          "ability_id": "10007",
          "pokemon_species_id": "65",
          "slot": "1"
     },
     {
          "ability_id": "10022",
          "pokemon_species_id": "65",
          "slot": "2"
     },
     {
          "ability_id": "39",
          "pokemon_species_id": "65",
          "slot": "3"
     },
     {
          "ability_id": "62",
          "pokemon_species_id": "66",
          "slot": "1"
     },
     {
          "ability_id": "10004",
          "pokemon_species_id": "66",
          "slot": "2"
     },
     {
          "ability_id": "10027",
          "pokemon_species_id": "66",
          "slot": "3"
     },
     {
          "ability_id": "62",
          "pokemon_species_id": "67",
          "slot": "1"
     },
     {
          "ability_id": "10004",
          "pokemon_species_id": "67",
          "slot": "2"
     },
     {
          "ability_id": "10027",
          "pokemon_species_id": "67",
          "slot": "3"
     },
     {
          "ability_id": "62",
          "pokemon_species_id": "68",
          "slot": "1"
     },
     {
          "ability_id": "10057",
          "pokemon_species_id": "68",
          "slot": "2"
     },
     {
          "ability_id": "10027",
          "pokemon_species_id": "68",
          "slot": "3"
     },
     {
          "ability_id": "26",
          "pokemon_species_id": "92",
          "slot": "1"
     },
     {
          "ability_id": "26",
          "pokemon_species_id": "93",
          "slot": "1"
     },
     {
          "ability_id": "26",
          "pokemon_species_id": "94",
          "slot": "1"
     },
     {
          "ability_id": "5",
          "pokemon_species_id": "95",
          "slot": "1"
     },
     {
          "ability_id": "10009",
          "pokemon_species_id": "95",
          "slot": "2"
     },
     {
          "ability_id": "10039",
          "pokemon_species_id": "95",
          "slot": "3"
     },
     {
          "ability_id": "31",
          "pokemon_species_id": "111",
          "slot": "1"
     },
     {
          "ability_id": "10027",
          "pokemon_species_id": "111",
          "slot": "2"
     },
     {
          "ability_id": "10009",
          "pokemon_species_id": "111",
          "slot": "3"
     },
     {
          "ability_id": "31",
          "pokemon_species_id": "112",
          "slot": "1"
     },
     {
          "ability_id": "10027",
          "pokemon_species_id": "112",
          "slot": "2"
     },
     {
          "ability_id": "10009",
          "pokemon_species_id": "112",
          "slot": "3"
     },
     {
          "ability_id": "68",
          "pokemon_species_id": "123",
          "slot": "1"
     },
     {
          "ability_id": "10006",
          "pokemon_species_id": "123",
          "slot": "2"
     },
     {
          "ability_id": "10031",
          "pokemon_species_id": "123",
          "slot": "3"
     },
     {
          "ability_id": "10017",
          "pokemon_species_id": "129",
          "slot": "1"
     },
     {
          "ability_id": "10041",
          "pokemon_species_id": "129",
          "slot": "2"
     },
     {
          "ability_id": "10059",
          "pokemon_species_id": "129",
          "slot": "3"
     },
     {
          "ability_id": "22",
          "pokemon_species_id": "130",
          "slot": "1"
     },
     {
          "ability_id": "10039",
          "pokemon_species_id": "130",
          "slot": "2"
     },
     {
          "ability_id": "10011",
          "pokemon_species_id": "130",
          "slot": "3"
     },
     {
          "ability_id": "75",
          "pokemon_species_id": "131",
          "slot": "1"
     },
     {
          "ability_id": "10002",
          "pokemon_species_id": "131",
          "slot": "2"
     },
     {
          "ability_id": "11",
          "pokemon_species_id": "131",
          "slot": "3"
     },
     {
          "ability_id": "10050",
          "pokemon_species_id": "133",
          "slot": "1"
     },
     {
          "ability_id": "10005",
          "pokemon_species_id": "133",
          "slot": "2"
     },
     {
          "ability_id": "10035",
          "pokemon_species_id": "133",
          "slot": "3"
     },
     {
          "ability_id": "10002",
          "pokemon_species_id": "134",
          "slot": "1"
     },
     {
          "ability_id": "10055",
          "pokemon_species_id": "134",
          "slot": "2"
     },
     {
          "ability_id": "11",
          "pokemon_species_id": "134",
          "slot": "3"
     },
     {
          "ability_id": "10050",
          "pokemon_species_id": "135",
          "slot": "1"
     },
     {
          "ability_id": "10031",
          "pokemon_species_id": "135",
          "slot": "2"
     },
     {
          "ability_id": "10",
          "pokemon_species_id": "135",
          "slot": "3"
     },
     {
          "ability_id": "10015",
          "pokemon_species_id": "136",
          "slot": "1"
     },
     {
          "ability_id": "10054",
          "pokemon_species_id": "136",
          "slot": "2"
     },
     {
          "ability_id": "18",
          "pokemon_species_id": "136",
          "slot": "3"
     },
     {
          "ability_id": "10013",
          "pokemon_species_id": "143",
          "slot": "1"
     },
     {
          "ability_id": "17",
          "pokemon_species_id": "143",
          "slot": "2"
     },
     {
          "ability_id": "47",
          "pokemon_species_id": "143",
          "slot": "3"
     },
     {
          "ability_id": "10010",
          "pokemon_species_id": "144",
          "slot": "1"
     },
     {
          "ability_id": "61",
          "pokemon_species_id": "147",
          "slot": "1"
     },
     {
          "ability_id": "10007",
          "pokemon_species_id": "147",
          "slot": "2"
     },
     {
          "ability_id": "10041",
          "pokemon_species_id": "147",
          "slot": "3"
     },
     {
          "ability_id": "61",
          "pokemon_species_id": "148",
          "slot": "1"
     },
     {
          "ability_id": "10007",
          "pokemon_species_id": "148",
          "slot": "2"
     },
     {
          "ability_id": "10001",
          "pokemon_species_id": "148",
          "slot": "3"
     },
     {
          "ability_id": "39",
          "pokemon_species_id": "149",
          "slot": "1"
     },
     {
          "ability_id": "10042",
          "pokemon_species_id": "149",
          "slot": "2"
     },
     {
          "ability_id": "10029",
          "pokemon_species_id": "149",
          "slot": "3"
     },
     {
          "ability_id": "10022",
          "pokemon_species_id": "150",
          "slot": "1"
     },
     {
          "ability_id": "10049",
          "pokemon_species_id": "169",
          "slot": "1"
     },
     {
          "ability_id": "39",
          "pokemon_species_id": "169",
          "slot": "2"
     },
     {
          "ability_id": "10026",
          "pokemon_species_id": "169",
          "slot": "3"
     },
     {
          "ability_id": "9",
          "pokemon_species_id": "172",
          "slot": "1"
     },
     {
          "ability_id": "10041",
          "pokemon_species_id": "172",
          "slot": "2"
     },
     {
          "ability_id": "10033",
          "pokemon_species_id": "172",
          "slot": "3"
     },
     {
          "ability_id": "10036",
          "pokemon_species_id": "174",
          "slot": "1"
     },
     {
          "ability_id": "10041",
          "pokemon_species_id": "174",
          "slot": "2"
     },
     {
          "ability_id": "10042",
          "pokemon_species_id": "174",
          "slot": "3"
     },
     {
          "ability_id": "9",
          "pokemon_species_id": "179",
          "slot": "1"
     },
     {
          "ability_id": "10040",
          "pokemon_species_id": "179",
          "slot": "2"
     },
     {
          "ability_id": "10037",
          "pokemon_species_id": "179",
          "slot": "3"
     },
     {
          "ability_id": "9",
          "pokemon_species_id": "180",
          "slot": "1"
     },
     {
          "ability_id": "10040",
          "pokemon_species_id": "180",
          "slot": "2"
     },
     {
          "ability_id": "10037",
          "pokemon_species_id": "180",
          "slot": "3"
     },
     {
          "ability_id": "9",
          "pokemon_species_id": "181",
          "slot": "1"
     },
     {
          "ability_id": "10040",
          "pokemon_species_id": "181",
          "slot": "2"
     },
     {
          "ability_id": "10042",
          "pokemon_species_id": "181",
          "slot": "3"
     },
     {
          "ability_id": "10017",
          "pokemon_species_id": "194",
          "slot": "1"
     },
     {
          "ability_id": "10013",
          "pokemon_species_id": "194",
          "slot": "2"
     },
     {
          "ability_id": "11",
          "pokemon_species_id": "194",
          "slot": "3"
     },
     {
          "ability_id": "10058",
          "pokemon_species_id": "195",
          "slot": "1"
     },
     {
          "ability_id": "10013",
          "pokemon_species_id": "195",
          "slot": "2"
     },
     {
          "ability_id": "11",
          "pokemon_species_id": "195",
          "slot": "3"
     },
     {
          "ability_id": "10001",
          "pokemon_species_id": "196",
          "slot": "1"
     },
     {
          "ability_id": "10007",
          "pokemon_species_id": "196",
          "slot": "2"
     },
     {
          "ability_id": "10047",
          "pokemon_species_id": "196",
          "slot": "3"
     },
     {
          "ability_id": "10058",
          "pokemon_species_id": "197",
          "slot": "1"
     },
     {
          "ability_id": "10025",
          "pokemon_species_id": "197",
          "slot": "2"
     },
     {
          "ability_id": "10008",
          "pokemon_species_id": "197",
          "slot": "3"
     },
     {
          "ability_id": "26",
          "pokemon_species_id": "200",
          "slot": "1"
     },
     {
          "ability_id": "5",
          "pokemon_species_id": "204",
          "slot": "1"
     },
     {
          "ability_id": "10009",
          "pokemon_species_id": "204",
          "slot": "2"
     },
     {
          "ability_id": "10045",
          "pokemon_species_id": "204",
          "slot": "3"
     },
     {
          "ability_id": "5",
          "pokemon_species_id": "205",
          "slot": "1"
     },
     {
          "ability_id": "10009",
          "pokemon_species_id": "205",
          "slot": "2"
     },
     {
          "ability_id": "10045",
          "pokemon_species_id": "205",
          "slot": "3"
     },
     {
          "ability_id": "5",
          "pokemon_species_id": "208",
          "slot": "1"
     },
     {
          "ability_id": "10009",
          "pokemon_species_id": "208",
          "slot": "2"
     },
     {
          "ability_id": "10039",
          "pokemon_species_id": "208",
          "slot": "3"
     },
     {
          "ability_id": "68",
          "pokemon_species_id": "212",
          "slot": "1"
     },
     {
          "ability_id": "10006",
          "pokemon_species_id": "212",
          "slot": "2"
     },
     {
          "ability_id": "10012",
          "pokemon_species_id": "212",
          "slot": "3"
     },
     {
          "ability_id": "39",
          "pokemon_species_id": "215",
          "slot": "1"
     },
     {
          "ability_id": "10052",
          "pokemon_species_id": "215",
          "slot": "2"
     },
     {
          "ability_id": "10025",
          "pokemon_species_id": "215",
          "slot": "3"
     },
     {
          "ability_id": "10019",
          "pokemon_species_id": "246",
          "slot": "1"
     },
     {
          "ability_id": "62",
          "pokemon_species_id": "246",
          "slot": "2"
     },
     {
          "ability_id": "10030",
          "pokemon_species_id": "246",
          "slot": "3"
     },
     {
          "ability_id": "61",
          "pokemon_species_id": "247",
          "slot": "1"
     },
     {
          "ability_id": "10009",
          "pokemon_species_id": "247",
          "slot": "2"
     },
     {
          "ability_id": "10060",
          "pokemon_species_id": "247",
          "slot": "3"
     },
     {
          "ability_id": "10039",
          "pokemon_species_id": "248",
          "slot": "1"
     },
     {
          "ability_id": "10011",
          "pokemon_species_id": "248",
          "slot": "2"
     },
     {
          "ability_id": "10029",
          "pokemon_species_id": "248",
          "slot": "3"
     },
     {
          "ability_id": "65",
          "pokemon_species_id": "252",
          "slot": "1"
     },
     {
          "ability_id": "10001",
          "pokemon_species_id": "252",
          "slot": "2"
     },
     {
          "ability_id": "10007",
          "pokemon_species_id": "252",
          "slot": "3"
     },
     {
          "ability_id": "65",
          "pokemon_species_id": "253",
          "slot": "1"
     },
     {
          "ability_id": "10001",
          "pokemon_species_id": "253",
          "slot": "2"
     },
     {
          "ability_id": "10006",
          "pokemon_species_id": "253",
          "slot": "3"
     },
     {
          "ability_id": "65",
          "pokemon_species_id": "254",
          "slot": "1"
     },
     {
          "ability_id": "10001",
          "pokemon_species_id": "254",
          "slot": "2"
     },
     {
          "ability_id": "10050",
          "pokemon_species_id": "254",
          "slot": "3"
     },
     {
          "ability_id": "10007",
          "pokemon_species_id": "280",
          "slot": "1"
     },
     {
          "ability_id": "10005",
          "pokemon_species_id": "280",
          "slot": "2"
     },
     {
          "ability_id": "10047",
          "pokemon_species_id": "280",
          "slot": "3"
     },
     {
          "ability_id": "10007",
          "pokemon_species_id": "281",
          "slot": "1"
     },
     {
          "ability_id": "10005",
          "pokemon_species_id": "281",
          "slot": "2"
     },
     {
          "ability_id": "10047",
          "pokemon_species_id": "281",
          "slot": "3"
     },
     {
          "ability_id": "10007",
          "pokemon_species_id": "282",
          "slot": "1"
     },
     {
          "ability_id": "10005",
          "pokemon_species_id": "282",
          "slot": "2"
     },
     {
          "ability_id": "10042",
          "pokemon_species_id": "282",
          "slot": "3"
     },
     {
          "ability_id": "5",
          "pokemon_species_id": "304",
          "slot": "1"
     },
     {
          "ability_id": "10027",
          "pokemon_species_id": "304",
          "slot": "2"
     },
     {
          "ability_id": "10056",
          "pokemon_species_id": "304",
          "slot": "3"
     },
     {
          "ability_id": "5",
          "pokemon_species_id": "305",
          "slot": "1"
     },
     {
          "ability_id": "10027",
          "pokemon_species_id": "305",
          "slot": "2"
     },
     {
          "ability_id": "10056",
          "pokemon_species_id": "305",
          "slot": "3"
     },
     {
          "ability_id": "5",
          "pokemon_species_id": "306",
          "slot": "1"
     },
     {
          "ability_id": "10027",
          "pokemon_species_id": "306",
          "slot": "2"
     },
     {
          "ability_id": "10056",
          "pokemon_species_id": "306",
          "slot": "3"
     },
     {
          "ability_id": "4",
          "pokemon_species_id": "347",
          "slot": "1"
     },
     {
          "ability_id": "10009",
          "pokemon_species_id": "347",
          "slot": "2"
     },
     {
          "ability_id": "10007",
          "pokemon_species_id": "347",
          "slot": "3"
     },
     {
          "ability_id": "4",
          "pokemon_species_id": "348",
          "slot": "1"
     },
     {
          "ability_id": "10009",
          "pokemon_species_id": "348",
          "slot": "2"
     },
     {
          "ability_id": "10006",
          "pokemon_species_id": "348",
          "slot": "3"
     },
     {
          "ability_id": "26",
          "pokemon_species_id": "355",
          "slot": "1"
     },
     {
          "ability_id": "10039",
          "pokemon_species_id": "356",
          "slot": "1"
     },
     {
          "ability_id": "10040",
          "pokemon_species_id": "356",
          "slot": "2"
     },
     {
          "ability_id": "10048",
          "pokemon_species_id": "356",
          "slot": "3"
     },
     {
          "ability_id": "26",
          "pokemon_species_id": "358",
          "slot": "1"
     },
     {
          "ability_id": "39",
          "pokemon_species_id": "361",
          "slot": "1"
     },
     {
          "ability_id": "10003",
          "pokemon_species_id": "361",
          "slot": "2"
     },
     {
          "ability_id": "10030",
          "pokemon_species_id": "361",
          "slot": "3"
     },
     {
          "ability_id": "39",
          "pokemon_species_id": "362",
          "slot": "1"
     },
     {
          "ability_id": "10039",
          "pokemon_species_id": "362",
          "slot": "2"
     },
     {
          "ability_id": "10010",
          "pokemon_species_id": "362",
          "slot": "3"
     },
     {
          "ability_id": "10013",
          "pokemon_species_id": "363",
          "slot": "1"
     },
     {
          "ability_id": "10003",
          "pokemon_species_id": "363",
          "slot": "2"
     },
     {
          "ability_id": "47",
          "pokemon_species_id": "363",
          "slot": "3"
     },
     {
          "ability_id": "10013",
          "pokemon_species_id": "364",
          "slot": "1"
     },
     {
          "ability_id": "10003",
          "pokemon_species_id": "364",
          "slot": "2"
     },
     {
          "ability_id": "47",
          "pokemon_species_id": "364",
          "slot": "3"
     },
     {
          "ability_id": "10011",
          "pokemon_species_id": "365",
          "slot": "1"
     },
     {
          "ability_id": "10003",
          "pokemon_species_id": "365",
          "slot": "2"
     },
     {
          "ability_id": "47",
          "pokemon_species_id": "365",
          "slot": "3"
     },
     {
          "ability_id": "29",
          "pokemon_species_id": "374",
          "slot": "1"
     },
     {
          "ability_id": "10027",
          "pokemon_species_id": "374",
          "slot": "2"
     },
     {
          "ability_id": "10056",
          "pokemon_species_id": "374",
          "slot": "3"
     },
     {
          "ability_id": "29",
          "pokemon_species_id": "375",
          "slot": "1"
     },
     {
          "ability_id": "10027",
          "pokemon_species_id": "375",
          "slot": "2"
     },
     {
          "ability_id": "10060",
          "pokemon_species_id": "375",
          "slot": "3"
     },
     {
          "ability_id": "29",
          "pokemon_species_id": "376",
          "slot": "1"
     },
     {
          "ability_id": "10027",
          "pokemon_species_id": "376",
          "slot": "2"
     },
     {
          "ability_id": "10004",
          "pokemon_species_id": "376",
          "slot": "3"
     },
     {
          "ability_id": "29",
          "pokemon_species_id": "379",
          "slot": "1"
     },
     {
          "ability_id": "10020",
          "pokemon_species_id": "383",
          "slot": "1"
     },
     {
          "ability_id": "10032",
          "pokemon_species_id": "384",
          "slot": "1"
     },
     {
          "ability_id": "66",
          "pokemon_species_id": "390",
          "slot": "1"
     },
     {
          "ability_id": "10001",
          "pokemon_species_id": "390",
          "slot": "2"
     },
     {
          "ability_id": "10015",
          "pokemon_species_id": "390",
          "slot": "3"
     },
     {
          "ability_id": "66",
          "pokemon_species_id": "391",
          "slot": "1"
     },
     {
          "ability_id": "10053",
          "pokemon_species_id": "391",
          "slot": "2"
     },
     {
          "ability_id": "10015",
          "pokemon_species_id": "391",
          "slot": "3"
     },
     {
          "ability_id": "66",
          "pokemon_species_id": "392",
          "slot": "1"
     },
     {
          "ability_id": "10053",
          "pokemon_species_id": "392",
          "slot": "2"
     },
     {
          "ability_id": "10057",
          "pokemon_species_id": "392",
          "slot": "3"
     },
     {
          "ability_id": "67",
          "pokemon_species_id": "393",
          "slot": "1"
     },
     {
          "ability_id": "10002",
          "pokemon_species_id": "393",
          "slot": "2"
     },
     {
          "ability_id": "10012",
          "pokemon_species_id": "393",
          "slot": "3"
     },
     {
          "ability_id": "67",
          "pokemon_species_id": "394",
          "slot": "1"
     },
     {
          "ability_id": "10002",
          "pokemon_species_id": "394",
          "slot": "2"
     },
     {
          "ability_id": "10012",
          "pokemon_species_id": "394",
          "slot": "3"
     },
     {
          "ability_id": "67",
          "pokemon_species_id": "395",
          "slot": "1"
     },
     {
          "ability_id": "10002",
          "pokemon_species_id": "395",
          "slot": "2"
     },
     {
          "ability_id": "10012",
          "pokemon_species_id": "395",
          "slot": "3"
     },
     {
          "ability_id": "51",
          "pokemon_species_id": "396",
          "slot": "1"
     },
     {
          "ability_id": "10028",
          "pokemon_species_id": "396",
          "slot": "2"
     },
     {
          "ability_id": "10035",
          "pokemon_species_id": "396",
          "slot": "3"
     },
     {
          "ability_id": "22",
          "pokemon_species_id": "397",
          "slot": "1"
     },
     {
          "ability_id": "10028",
          "pokemon_species_id": "397",
          "slot": "2"
     },
     {
          "ability_id": "10035",
          "pokemon_species_id": "397",
          "slot": "3"
     },
     {
          "ability_id": "22",
          "pokemon_species_id": "398",
          "slot": "1"
     },
     {
          "ability_id": "10028",
          "pokemon_species_id": "398",
          "slot": "2"
     },
     {
          "ability_id": "10031",
          "pokemon_species_id": "398",
          "slot": "3"
     },
     {
          "ability_id": "86",
          "pokemon_species_id": "399",
          "slot": "1"
     },
     {
          "ability_id": "10013",
          "pokemon_species_id": "399",
          "slot": "2"
     },
     {
          "ability_id": "109",
          "pokemon_species_id": "399",
          "slot": "3"
     },
     {
          "ability_id": "86",
          "pokemon_species_id": "400",
          "slot": "1"
     },
     {
          "ability_id": "10013",
          "pokemon_species_id": "400",
          "slot": "2"
     },
     {
          "ability_id": "109",
          "pokemon_species_id": "400",
          "slot": "3"
     },
     {
          "ability_id": "22",
          "pokemon_species_id": "403",
          "slot": "1"
     },
     {
          "ability_id": "10033",
          "pokemon_species_id": "403",
          "slot": "2"
     },
     {
          "ability_id": "10035",
          "pokemon_species_id": "403",
          "slot": "3"
     },
     {
          "ability_id": "22",
          "pokemon_species_id": "404",
          "slot": "1"
     },
     {
          "ability_id": "10033",
          "pokemon_species_id": "404",
          "slot": "2"
     },
     {
          "ability_id": "10056",
          "pokemon_species_id": "404",
          "slot": "3"
     },
     {
          "ability_id": "22",
          "pokemon_species_id": "405",
          "slot": "1"
     },
     {
          "ability_id": "10033",
          "pokemon_species_id": "405",
          "slot": "2"
     },
     {
          "ability_id": "10050",
          "pokemon_species_id": "405",
          "slot": "3"
     },
     {
          "ability_id": "10060",
          "pokemon_species_id": "410",
          "slot": "1"
     },
     {
          "ability_id": "10029",
          "pokemon_species_id": "410",
          "slot": "2"
     },
     {
          "ability_id": "5",
          "pokemon_species_id": "410",
          "slot": "3"
     },
     {
          "ability_id": "10060",
          "pokemon_species_id": "411",
          "slot": "1"
     },
     {
          "ability_id": "10029",
          "pokemon_species_id": "411",
          "slot": "2"
     },
     {
          "ability_id": "5",
          "pokemon_species_id": "411",
          "slot": "3"
     },
     {
          "ability_id": "10008",
          "pokemon_species_id": "425",
          "slot": "1"
     },
     {
          "ability_id": "10045",
          "pokemon_species_id": "425",
          "slot": "2"
     },
     {
          "ability_id": "10059",
          "pokemon_species_id": "425",
          "slot": "3"
     },
     {
          "ability_id": "10008",
          "pokemon_species_id": "426",
          "slot": "1"
     },
     {
          "ability_id": "10045",
          "pokemon_species_id": "426",
          "slot": "2"
     },
     {
          "ability_id": "10059",
          "pokemon_species_id": "426",
          "slot": "3"
     },
     {
          "ability_id": "26",
          "pokemon_species_id": "429",
          "slot": "1"
     },
     {
          "ability_id": "26",
          "pokemon_species_id": "433",
          "slot": "1"
     },
     {
          "ability_id": "10040",
          "pokemon_species_id": "442",
          "slot": "1"
     },
     {
          "ability_id": "10039",
          "pokemon_species_id": "442",
          "slot": "2"
     },
     {
          "ability_id": "10048",
          "pokemon_species_id": "442",
          "slot": "3"
     },
     {
          "ability_id": "10019",
          "pokemon_species_id": "443",
          "slot": "1"
     },
     {
          "ability_id": "10007",
          "pokemon_species_id": "443",
          "slot": "2"
     },
     {
          "ability_id": "10025",
          "pokemon_species_id": "443",
          "slot": "3"
     },
     {
          "ability_id": "10019",
          "pokemon_species_id": "444",
          "slot": "1"
     },
     {
          "ability_id": "10006",
          "pokemon_species_id": "444",
          "slot": "2"
     },
     {
          "ability_id": "10035",
          "pokemon_species_id": "444",
          "slot": "3"
     },
     {
          "ability_id": "10030",
          "pokemon_species_id": "445",
          "slot": "1"
     },
     {
          "ability_id": "10006",
          "pokemon_species_id": "445",
          "slot": "2"
     },
     {
          "ability_id": "10011",
          "pokemon_species_id": "445",
          "slot": "3"
     },
     {
          "ability_id": "10023",
          "pokemon_species_id": "446",
          "slot": "1"
     },
     {
          "ability_id": "10014",
          "pokemon_species_id": "446",
          "slot": "2"
     },
     {
          "ability_id": "47",
          "pokemon_species_id": "446",
          "slot": "3"
     },
     {
          "ability_id": "39",
          "pokemon_species_id": "447",
          "slot": "1"
     },
     {
          "ability_id": "10006",
          "pokemon_species_id": "447",
          "slot": "2"
     },
     {
          "ability_id": "10050",
          "pokemon_species_id": "447",
          "slot": "3"
     },
     {
          "ability_id": "39",
          "pokemon_species_id": "448",
          "slot": "1"
     },
     {
          "ability_id": "10006",
          "pokemon_species_id": "448",
          "slot": "2"
     },
     {
          "ability_id": "10050",
          "pokemon_species_id": "448",
          "slot": "3"
     },
     {
          "ability_id": "4",
          "pokemon_species_id": "451",
          "slot": "1"
     },
     {
          "ability_id": "97",
          "pokemon_species_id": "451",
          "slot": "2"
     },
     {
          "ability_id": "10058",
          "pokemon_species_id": "451",
          "slot": "3"
     },
     {
          "ability_id": "4",
          "pokemon_species_id": "452",
          "slot": "1"
     },
     {
          "ability_id": "97",
          "pokemon_species_id": "452",
          "slot": "2"
     },
     {
          "ability_id": "10031",
          "pokemon_species_id": "452",
          "slot": "3"
     },
     {
          "ability_id": "10008",
          "pokemon_species_id": "453",
          "slot": "1"
     },
     {
          "ability_id": "10025",
          "pokemon_species_id": "453",
          "slot": "2"
     },
     {
          "ability_id": "10051",
          "pokemon_species_id": "453",
          "slot": "3"
     },
     {
          "ability_id": "10008",
          "pokemon_species_id": "454",
          "slot": "1"
     },
     {
          "ability_id": "10025",
          "pokemon_species_id": "454",
          "slot": "2"
     },
     {
          "ability_id": "10028",
          "pokemon_species_id": "454",
          "slot": "3"
     },
     {
          "ability_id": "26",
          "pokemon_species_id": "455",
          "slot": "1"
     },
     {
          "ability_id": "10008",
          "pokemon_species_id": "461",
          "slot": "1"
     },
     {
          "ability_id": "10052",
          "pokemon_species_id": "461",
          "slot": "2"
     },
     {
          "ability_id": "10049",
          "pokemon_species_id": "461",
          "slot": "3"
     },
     {
          "ability_id": "31",
          "pokemon_species_id": "464",
          "slot": "1"
     },
     {
          "ability_id": "10027",
          "pokemon_species_id": "464",
          "slot": "2"
     },
     {
          "ability_id": "116",
          "pokemon_species_id": "464",
          "slot": "3"
     },
     {
          "ability_id": "10056",
          "pokemon_species_id": "470",
          "slot": "1"
     },
     {
          "ability_id": "10007",
          "pokemon_species_id": "470",
          "slot": "2"
     },
     {
          "ability_id": "10022",
          "pokemon_species_id": "470",
          "slot": "3"
     },
     {
          "ability_id": "10003",
          "pokemon_species_id": "471",
          "slot": "1"
     },
     {
          "ability_id": "10030",
          "pokemon_species_id": "471",
          "slot": "2"
     },
     {
          "ability_id": "10010",
          "pokemon_species_id": "471",
          "slot": "3"
     },
     {
          "ability_id": "10006",
          "pokemon_species_id": "475",
          "slot": "1"
     },
     {
          "ability_id": "10057",
          "pokemon_species_id": "475",
          "slot": "2"
     },
     {
          "ability_id": "154",
          "pokemon_species_id": "475",
          "slot": "3"
     },
     {
          "ability_id": "10039",
          "pokemon_species_id": "477",
          "slot": "1"
     },
     {
          "ability_id": "10040",
          "pokemon_species_id": "477",
          "slot": "2"
     },
     {
          "ability_id": "10048",
          "pokemon_species_id": "477",
          "slot": "3"
     },
     {
          "ability_id": "10001",
          "pokemon_species_id": "478",
          "slot": "1"
     },
     {
          "ability_id": "10008",
          "pokemon_species_id": "478",
          "slot": "2"
     },
     {
          "ability_id": "10010",
          "pokemon_species_id": "478",
          "slot": "3"
     },
     {
          "ability_id": "10011",
          "pokemon_species_id": "483",
          "slot": "1"
     },
     {
          "ability_id": "10046",
          "pokemon_species_id": "493",
          "slot": "1"
     },
     {
          "ability_id": "65",
          "pokemon_species_id": "495",
          "slot": "1"
     },
     {
          "ability_id": "10034",
          "pokemon_species_id": "495",
          "slot": "2"
     },
     {
          "ability_id": "10007",
          "pokemon_species_id": "495",
          "slot": "3"
     },
     {
          "ability_id": "65",
          "pokemon_species_id": "496",
          "slot": "1"
     },
     {
          "ability_id": "10034",
          "pokemon_species_id": "496",
          "slot": "2"
     },
     {
          "ability_id": "10007",
          "pokemon_species_id": "496",
          "slot": "3"
     },
     {
          "ability_id": "65",
          "pokemon_species_id": "497",
          "slot": "1"
     },
     {
          "ability_id": "10034",
          "pokemon_species_id": "497",
          "slot": "2"
     },
     {
          "ability_id": "10024",
          "pokemon_species_id": "497",
          "slot": "3"
     },
     {
          "ability_id": "66",
          "pokemon_species_id": "498",
          "slot": "1"
     },
     {
          "ability_id": "10015",
          "pokemon_species_id": "498",
          "slot": "2"
     },
     {
          "ability_id": "10035",
          "pokemon_species_id": "498",
          "slot": "3"
     },
     {
          "ability_id": "66",
          "pokemon_species_id": "499",
          "slot": "1"
     },
     {
          "ability_id": "10015",
          "pokemon_species_id": "499",
          "slot": "2"
     },
     {
          "ability_id": "10035",
          "pokemon_species_id": "499",
          "slot": "3"
     },
     {
          "ability_id": "66",
          "pokemon_species_id": "500",
          "slot": "1"
     },
     {
          "ability_id": "10015",
          "pokemon_species_id": "500",
          "slot": "2"
     },
     {
          "ability_id": "10054",
          "pokemon_species_id": "500",
          "slot": "3"
     },
     {
          "ability_id": "67",
          "pokemon_species_id": "501",
          "slot": "1"
     },
     {
          "ability_id": "10002",
          "pokemon_species_id": "501",
          "slot": "2"
     },
     {
          "ability_id": "10006",
          "pokemon_species_id": "501",
          "slot": "3"
     },
     {
          "ability_id": "67",
          "pokemon_species_id": "502",
          "slot": "1"
     },
     {
          "ability_id": "10002",
          "pokemon_species_id": "502",
          "slot": "2"
     },
     {
          "ability_id": "10006",
          "pokemon_species_id": "502",
          "slot": "3"
     },
     {
          "ability_id": "67",
          "pokemon_species_id": "503",
          "slot": "1"
     },
     {
          "ability_id": "10002",
          "pokemon_species_id": "503",
          "slot": "2"
     },
     {
          "ability_id": "10057",
          "pokemon_species_id": "503",
          "slot": "3"
     },
     {
          "ability_id": "10025",
          "pokemon_species_id": "511",
          "slot": "1"
     },
     {
          "ability_id": "10024",
          "pokemon_species_id": "511",
          "slot": "2"
     },
     {
          "ability_id": "10035",
          "pokemon_species_id": "511",
          "slot": "3"
     },
     {
          "ability_id": "10025",
          "pokemon_species_id": "512",
          "slot": "1"
     },
     {
          "ability_id": "10028",
          "pokemon_species_id": "512",
          "slot": "2"
     },
     {
          "ability_id": "10007",
          "pokemon_species_id": "512",
          "slot": "3"
     },
     {
          "ability_id": "10025",
          "pokemon_species_id": "513",
          "slot": "1"
     },
     {
          "ability_id": "10001",
          "pokemon_species_id": "513",
          "slot": "2"
     },
     {
          "ability_id": "10035",
          "pokemon_species_id": "513",
          "slot": "3"
     },
     {
          "ability_id": "10025",
          "pokemon_species_id": "514",
          "slot": "1"
     },
     {
          "ability_id": "10007",
          "pokemon_species_id": "514",
          "slot": "2"
     },
     {
          "ability_id": "10054",
          "pokemon_species_id": "514",
          "slot": "3"
     },
     {
          "ability_id": "10025",
          "pokemon_species_id": "515",
          "slot": "1"
     },
     {
          "ability_id": "10001",
          "pokemon_species_id": "515",
          "slot": "2"
     },
     {
          "ability_id": "10008",
          "pokemon_species_id": "515",
          "slot": "3"
     },
     {
          "ability_id": "10025",
          "pokemon_species_id": "516",
          "slot": "1"
     },
     {
          "ability_id": "10007",
          "pokemon_species_id": "516",
          "slot": "2"
     },
     {
          "ability_id": "10055",
          "pokemon_species_id": "516",
          "slot": "3"
     },
     {
          "ability_id": "10013",
          "pokemon_species_id": "517",
          "slot": "1"
     },
     {
          "ability_id": "10005",
          "pokemon_species_id": "517",
          "slot": "2"
     },
     {
          "ability_id": "10007",
          "pokemon_species_id": "517",
          "slot": "3"
     },
     {
          "ability_id": "10037",
          "pokemon_species_id": "518",
          "slot": "1"
     },
     {
          "ability_id": "10037",
          "pokemon_species_id": "518",
          "slot": "2"
     },
     {
          "ability_id": "10038",
          "pokemon_species_id": "518",
          "slot": "3"
     },
     {
          "ability_id": "31",
          "pokemon_species_id": "522",
          "slot": "1"
     },
     {
          "ability_id": "78",
          "pokemon_species_id": "522",
          "slot": "2"
     },
     {
          "ability_id": "10056",
          "pokemon_species_id": "522",
          "slot": "3"
     },
     {
          "ability_id": "31",
          "pokemon_species_id": "523",
          "slot": "1"
     },
     {
          "ability_id": "78",
          "pokemon_species_id": "523",
          "slot": "2"
     },
     {
          "ability_id": "10050",
          "pokemon_species_id": "523",
          "slot": "3"
     },
     {
          "ability_id": "5",
          "pokemon_species_id": "524",
          "slot": "1"
     },
     {
          "ability_id": "10027",
          "pokemon_species_id": "524",
          "slot": "2"
     },
     {
          "ability_id": "10045",
          "pokemon_species_id": "524",
          "slot": "3"
     },
     {
          "ability_id": "5",
          "pokemon_species_id": "525",
          "slot": "1"
     },
     {
          "ability_id": "10027",
          "pokemon_species_id": "525",
          "slot": "2"
     },
     {
          "ability_id": "10045",
          "pokemon_species_id": "525",
          "slot": "3"
     },
     {
          "ability_id": "5",
          "pokemon_species_id": "526",
          "slot": "1"
     },
     {
          "ability_id": "10027",
          "pokemon_species_id": "526",
          "slot": "2"
     },
     {
          "ability_id": "10045",
          "pokemon_species_id": "526",
          "slot": "3"
     },
     {
          "ability_id": "10019",
          "pokemon_species_id": "529",
          "slot": "1"
     },
     {
          "ability_id": "10030",
          "pokemon_species_id": "529",
          "slot": "2"
     },
     {
          "ability_id": "10006",
          "pokemon_species_id": "529",
          "slot": "3"
     },
     {
          "ability_id": "10019",
          "pokemon_species_id": "530",
          "slot": "1"
     },
     {
          "ability_id": "10030",
          "pokemon_species_id": "530",
          "slot": "2"
     },
     {
          "ability_id": "10056",
          "pokemon_species_id": "530",
          "slot": "3"
     },
     {
          "ability_id": "10022",
          "pokemon_species_id": "531",
          "slot": "1"
     },
     {
          "ability_id": "131",
          "pokemon_species_id": "531",
          "slot": "2"
     },
     {
          "ability_id": "10021",
          "pokemon_species_id": "531",
          "slot": "3"
     },
     {
          "ability_id": "10004",
          "pokemon_species_id": "532",
          "slot": "1"
     },
     {
          "ability_id": "62",
          "pokemon_species_id": "532",
          "slot": "2"
     },
     {
          "ability_id": "10015",
          "pokemon_species_id": "532",
          "slot": "3"
     },
     {
          "ability_id": "10004",
          "pokemon_species_id": "533",
          "slot": "1"
     },
     {
          "ability_id": "62",
          "pokemon_species_id": "533",
          "slot": "2"
     },
     {
          "ability_id": "10015",
          "pokemon_species_id": "533",
          "slot": "3"
     },
     {
          "ability_id": "10004",
          "pokemon_species_id": "534",
          "slot": "1"
     },
     {
          "ability_id": "62",
          "pokemon_species_id": "534",
          "slot": "2"
     },
     {
          "ability_id": "10015",
          "pokemon_species_id": "534",
          "slot": "3"
     },
     {
          "ability_id": "10034",
          "pokemon_species_id": "540",
          "slot": "1"
     },
     {
          "ability_id": "10030",
          "pokemon_species_id": "540",
          "slot": "2"
     },
     {
          "ability_id": "10018",
          "pokemon_species_id": "540",
          "slot": "3"
     },
     {
          "ability_id": "10034",
          "pokemon_species_id": "541",
          "slot": "1"
     },
     {
          "ability_id": "10030",
          "pokemon_species_id": "541",
          "slot": "2"
     },
     {
          "ability_id": "10058",
          "pokemon_species_id": "541",
          "slot": "3"
     },
     {
          "ability_id": "10024",
          "pokemon_species_id": "542",
          "slot": "1"
     },
     {
          "ability_id": "68",
          "pokemon_species_id": "542",
          "slot": "2"
     },
     {
          "ability_id": "10042",
          "pokemon_species_id": "542",
          "slot": "3"
     },
     {
          "ability_id": "38",
          "pokemon_species_id": "543",
          "slot": "1"
     },
     {
          "ability_id": "10009",
          "pokemon_species_id": "543",
          "slot": "2"
     },
     {
          "ability_id": "10018",
          "pokemon_species_id": "543",
          "slot": "3"
     },
     {
          "ability_id": "38",
          "pokemon_species_id": "544",
          "slot": "1"
     },
     {
          "ability_id": "10009",
          "pokemon_species_id": "544",
          "slot": "2"
     },
     {
          "ability_id": "10028",
          "pokemon_species_id": "544",
          "slot": "3"
     },
     {
          "ability_id": "38",
          "pokemon_species_id": "545",
          "slot": "1"
     },
     {
          "ability_id": "10009",
          "pokemon_species_id": "545",
          "slot": "2"
     },
     {
          "ability_id": "10031",
          "pokemon_species_id": "545",
          "slot": "3"
     },
     {
          "ability_id": "10025",
          "pokemon_species_id": "546",
          "slot": "1"
     },
     {
          "ability_id": "10001",
          "pokemon_species_id": "546",
          "slot": "2"
     },
     {
          "ability_id": "10008",
          "pokemon_species_id": "546",
          "slot": "3"
     },
     {
          "ability_id": "10025",
          "pokemon_species_id": "547",
          "slot": "1"
     },
     {
          "ability_id": "10001",
          "pokemon_species_id": "547",
          "slot": "2"
     },
     {
          "ability_id": "10008",
          "pokemon_species_id": "547",
          "slot": "3"
     },
     {
          "ability_id": "20",
          "pokemon_species_id": "548",
          "slot": "1"
     },
     {
          "ability_id": "10024",
          "pokemon_species_id": "548",
          "slot": "2"
     },
     {
          "ability_id": "10022",
          "pokemon_species_id": "548",
          "slot": "3"
     },
     {
          "ability_id": "20",
          "pokemon_species_id": "549",
          "slot": "1"
     },
     {
          "ability_id": "10024",
          "pokemon_species_id": "549",
          "slot": "2"
     },
     {
          "ability_id": "10022",
          "pokemon_species_id": "549",
          "slot": "3"
     },
     {
          "ability_id": "22",
          "pokemon_species_id": "551",
          "slot": "1"
     },
     {
          "ability_id": "153",
          "pokemon_species_id": "551",
          "slot": "2"
     },
     {
          "ability_id": "10035",
          "pokemon_species_id": "551",
          "slot": "3"
     },
     {
          "ability_id": "22",
          "pokemon_species_id": "552",
          "slot": "1"
     },
     {
          "ability_id": "153",
          "pokemon_species_id": "552",
          "slot": "2"
     },
     {
          "ability_id": "10051",
          "pokemon_species_id": "552",
          "slot": "3"
     },
     {
          "ability_id": "22",
          "pokemon_species_id": "553",
          "slot": "1"
     },
     {
          "ability_id": "153",
          "pokemon_species_id": "553",
          "slot": "2"
     },
     {
          "ability_id": "10051",
          "pokemon_species_id": "553",
          "slot": "3"
     },
     {
          "ability_id": "10056",
          "pokemon_species_id": "554",
          "slot": "1"
     },
     {
          "ability_id": "10015",
          "pokemon_species_id": "554",
          "slot": "2"
     },
     {
          "ability_id": "10035",
          "pokemon_species_id": "554",
          "slot": "3"
     },
     {
          "ability_id": "10028",
          "pokemon_species_id": "555",
          "slot": "1"
     },
     {
          "ability_id": "10015",
          "pokemon_species_id": "555",
          "slot": "2"
     },
     {
          "ability_id": "10057",
          "pokemon_species_id": "555",
          "slot": "3"
     },
     {
          "ability_id": "61",
          "pokemon_species_id": "559",
          "slot": "1"
     },
     {
          "ability_id": "153",
          "pokemon_species_id": "559",
          "slot": "2"
     },
     {
          "ability_id": "10051",
          "pokemon_species_id": "559",
          "slot": "3"
     },
     {
          "ability_id": "61",
          "pokemon_species_id": "560",
          "slot": "1"
     },
     {
          "ability_id": "153",
          "pokemon_species_id": "560",
          "slot": "2"
     },
     {
          "ability_id": "10015",
          "pokemon_species_id": "560",
          "slot": "3"
     },
     {
          "ability_id": "149",
          "pokemon_species_id": "570",
          "slot": "1"
     },
     {
          "ability_id": "10025",
          "pokemon_species_id": "570",
          "slot": "2"
     },
     {
          "ability_id": "10051",
          "pokemon_species_id": "570",
          "slot": "3"
     },
     {
          "ability_id": "149",
          "pokemon_species_id": "571",
          "slot": "1"
     },
     {
          "ability_id": "10012",
          "pokemon_species_id": "571",
          "slot": "2"
     },
     {
          "ability_id": "10049",
          "pokemon_species_id": "571",
          "slot": "3"
     },
     {
          "ability_id": "10041",
          "pokemon_species_id": "572",
          "slot": "1"
     },
     {
          "ability_id": "10005",
          "pokemon_species_id": "572",
          "slot": "2"
     },
     {
          "ability_id": "10042",
          "pokemon_species_id": "572",
          "slot": "3"
     },
     {
          "ability_id": "10008",
          "pokemon_species_id": "573",
          "slot": "1"
     },
     {
          "ability_id": "10005",
          "pokemon_species_id": "573",
          "slot": "2"
     },
     {
          "ability_id": "10042",
          "pokemon_species_id": "573",
          "slot": "3"
     },
     {
          "ability_id": "10007",
          "pokemon_species_id": "574",
          "slot": "1"
     },
     {
          "ability_id": "10005",
          "pokemon_species_id": "574",
          "slot": "2"
     },
     {
          "ability_id": "10008",
          "pokemon_species_id": "574",
          "slot": "3"
     },
     {
          "ability_id": "10007",
          "pokemon_species_id": "575",
          "slot": "1"
     },
     {
          "ability_id": "10005",
          "pokemon_species_id": "575",
          "slot": "2"
     },
     {
          "ability_id": "10037",
          "pokemon_species_id": "575",
          "slot": "3"
     },
     {
          "ability_id": "10007",
          "pokemon_species_id": "576",
          "slot": "1"
     },
     {
          "ability_id": "10005",
          "pokemon_species_id": "576",
          "slot": "2"
     },
     {
          "ability_id": "10037",
          "pokemon_species_id": "576",
          "slot": "3"
     },
     {
          "ability_id": "9",
          "pokemon_species_id": "587",
          "slot": "1"
     },
     {
          "ability_id": "10007",
          "pokemon_species_id": "587",
          "slot": "2"
     },
     {
          "ability_id": "10035",
          "pokemon_species_id": "587",
          "slot": "3"
     },
     {
          "ability_id": "14",
          "pokemon_species_id": "595",
          "slot": "1"
     },
     {
          "ability_id": "10033",
          "pokemon_species_id": "595",
          "slot": "2"
     },
     {
          "ability_id": "10026",
          "pokemon_species_id": "595",
          "slot": "3"
     },
     {
          "ability_id": "14",
          "pokemon_species_id": "596",
          "slot": "1"
     },
     {
          "ability_id": "10033",
          "pokemon_species_id": "596",
          "slot": "2"
     },
     {
          "ability_id": "10026",
          "pokemon_species_id": "596",
          "slot": "3"
     },
     {
          "ability_id": "49",
          "pokemon_species_id": "607",
          "slot": "1"
     },
     {
          "ability_id": "18",
          "pokemon_species_id": "607",
          "slot": "2"
     },
     {
          "ability_id": "10016",
          "pokemon_species_id": "607",
          "slot": "3"
     },
     {
          "ability_id": "49",
          "pokemon_species_id": "608",
          "slot": "1"
     },
     {
          "ability_id": "18",
          "pokemon_species_id": "608",
          "slot": "2"
     },
     {
          "ability_id": "10016",
          "pokemon_species_id": "608",
          "slot": "3"
     },
     {
          "ability_id": "49",
          "pokemon_species_id": "609",
          "slot": "1"
     },
     {
          "ability_id": "18",
          "pokemon_species_id": "609",
          "slot": "2"
     },
     {
          "ability_id": "10016",
          "pokemon_species_id": "609",
          "slot": "3"
     },
     {
          "ability_id": "104",
          "pokemon_species_id": "610",
          "slot": "1"
     },
     {
          "ability_id": "10007",
          "pokemon_species_id": "610",
          "slot": "2"
     },
     {
          "ability_id": "10039",
          "pokemon_species_id": "610",
          "slot": "3"
     },
     {
          "ability_id": "104",
          "pokemon_species_id": "611",
          "slot": "1"
     },
     {
          "ability_id": "10006",
          "pokemon_species_id": "611",
          "slot": "2"
     },
     {
          "ability_id": "10039",
          "pokemon_species_id": "611",
          "slot": "3"
     },
     {
          "ability_id": "104",
          "pokemon_species_id": "612",
          "slot": "1"
     },
     {
          "ability_id": "10012",
          "pokemon_species_id": "612",
          "slot": "2"
     },
     {
          "ability_id": "10011",
          "pokemon_species_id": "612",
          "slot": "3"
     },
     {
          "ability_id": "10030",
          "pokemon_species_id": "613",
          "slot": "1"
     },
     {
          "ability_id": "10003",
          "pokemon_species_id": "613",
          "slot": "2"
     },
     {
          "ability_id": "10041",
          "pokemon_species_id": "613",
          "slot": "3"
     },
     {
          "ability_id": "10030",
          "pokemon_species_id": "614",
          "slot": "1"
     },
     {
          "ability_id": "10011",
          "pokemon_species_id": "614",
          "slot": "2"
     },
     {
          "ability_id": "10039",
          "pokemon_species_id": "614",
          "slot": "3"
     },
     {
          "ability_id": "10006",
          "pokemon_species_id": "624",
          "slot": "1"
     },
     {
          "ability_id": "10058",
          "pokemon_species_id": "624",
          "slot": "2"
     },
     {
          "ability_id": "39",
          "pokemon_species_id": "624",
          "slot": "3"
     },
     {
          "ability_id": "10006",
          "pokemon_species_id": "625",
          "slot": "1"
     },
     {
          "ability_id": "10058",
          "pokemon_species_id": "625",
          "slot": "2"
     },
     {
          "ability_id": "39",
          "pokemon_species_id": "625",
          "slot": "3"
     },
     {
          "ability_id": "51",
          "pokemon_species_id": "627",
          "slot": "1"
     },
     {
          "ability_id": "10012",
          "pokemon_species_id": "627",
          "slot": "2"
     },
     {
          "ability_id": "10035",
          "pokemon_species_id": "627",
          "slot": "3"
     },
     {
          "ability_id": "51",
          "pokemon_species_id": "628",
          "slot": "1"
     },
     {
          "ability_id": "10012",
          "pokemon_species_id": "628",
          "slot": "2"
     },
     {
          "ability_id": "10028",
          "pokemon_species_id": "628",
          "slot": "3"
     },
     {
          "ability_id": "10028",
          "pokemon_species_id": "633",
          "slot": "1"
     },
     {
          "ability_id": "10012",
          "pokemon_species_id": "633",
          "slot": "2"
     },
     {
          "ability_id": "10025",
          "pokemon_species_id": "633",
          "slot": "3"
     },
     {
          "ability_id": "10028",
          "pokemon_species_id": "634",
          "slot": "1"
     },
     {
          "ability_id": "10012",
          "pokemon_species_id": "634",
          "slot": "2"
     },
     {
          "ability_id": "10035",
          "pokemon_species_id": "634",
          "slot": "3"
     },
     {
          "ability_id": "26",
          "pokemon_species_id": "635",
          "slot": "1"
     },
     {
          "ability_id": "49",
          "pokemon_species_id": "636",
          "slot": "1"
     },
     {
          "ability_id": "10056",
          "pokemon_species_id": "636",
          "slot": "2"
     },
     {
          "ability_id": "10026",
          "pokemon_species_id": "636",
          "slot": "3"
     },
     {
          "ability_id": "49",
          "pokemon_species_id": "637",
          "slot": "1"
     },
     {
          "ability_id": "10039",
          "pokemon_species_id": "637",
          "slot": "2"
     },
     {
          "ability_id": "10026",
          "pokemon_species_id": "637",
          "slot": "3"
     },
     {
          "ability_id": "154",
          "pokemon_species_id": "639",
          "slot": "1"
     },
     {
          "ability_id": "163",
          "pokemon_species_id": "643",
          "slot": "1"
     },
     {
          "ability_id": "164",
          "pokemon_species_id": "644",
          "slot": "1"
     }
]