[
     {
          "pokemon_species_id": "133",
          "transformation_id": "3"
     },
     {
          "pokemon_species_id": "134",
          "transformation_id": "3"
     },
     {
          "pokemon_species_id": "135",
          "transformation_id": "3"
     },
     {
          "pokemon_species_id": "136",
          "transformation_id": "3"
     },
     {
          "pokemon_species_id": "196",
          "transformation_id": "3"
     },
     {
          "pokemon_species_id": "197",
          "transformation_id": "3"
     },
     {
          "pokemon_species_id": "470",
          "transformation_id": "3"
     },
     {
          "pokemon_species_id": "471",
          "transformation_id": "3"
     },
     {
          "pokemon_species_id": "133",
          "transformation_id": "6"
     },
     {
          "pokemon_species_id": "134",
          "transformation_id": "6"
     },
     {
          "pokemon_species_id": "135",
          "transformation_id": "6"
     },
     {
          "pokemon_species_id": "136",
          "transformation_id": "6"
     },
     {
          "pokemon_species_id": "196",
          "transformation_id": "6"
     },
     {
          "pokemon_species_id": "197",
          "transformation_id": "6"
     },
     {
          "pokemon_species_id": "470",
          "transformation_id": "6"
     },
     {
          "pokemon_species_id": "471",
          "transformation_id": "6"
     },
     {
          "pokemon_species_id": "635",
          "transformation_id": "8"
     },
     {
          "pokemon_species_id": "644",
          "transformation_id": "8"
     },
     {
          "pokemon_species_id": "39",
          "transformation_id": "10"
     },
     {
          "pokemon_species_id": "40",
          "transformation_id": "10"
     },
     {
          "pokemon_species_id": "391",
          "transformation_id": "12"
     },
     {
          "pokemon_species_id": "392",
          "transformation_id": "12"
     },
     {
          "pokemon_species_id": "643",
          "transformation_id": "13"
     },
     {
          "pokemon_species_id": "502",
          "transformation_id": "15"
     },
     {
          "pokemon_species_id": "503",
          "transformation_id": "15"
     },
     {
          "pokemon_species_id": "404",
          "transformation_id": "17"
     },
     {
          "pokemon_species_id": "405",
          "transformation_id": "17"
     },
     {
          "pokemon_species_id": "496",
          "transformation_id": "19"
     },
     {
          "pokemon_species_id": "497",
          "transformation_id": "19"
     },
     {
          "pokemon_species_id": "131",
          "transformation_id": "21"
     },
     {
          "pokemon_species_id": "144",
          "transformation_id": "21"
     },
     {
          "pokemon_species_id": "533",
          "transformation_id": "23"
     },
     {
          "pokemon_species_id": "534",
          "transformation_id": "23"
     },
     {
          "pokemon_species_id": "42",
          "transformation_id": "25"
     },
     {
          "pokemon_species_id": "169",
          "transformation_id": "25"
     },
     {
          "pokemon_species_id": "383",
          "transformation_id": "27"
     },
     {
          "pokemon_species_id": "464",
          "transformation_id": "27"
     },
     {
          "pokemon_species_id": "627",
          "transformation_id": "29"
     },
     {
          "pokemon_species_id": "628",
          "transformation_id": "29"
     },
     {
          "pokemon_species_id": "150",
          "transformation_id": "31"
     },
     {
          "pokemon_species_id": "475",
          "transformation_id": "31"
     },
     {
          "pokemon_species_id": "204",
          "transformation_id": "33"
     },
     {
          "pokemon_species_id": "205",
          "transformation_id": "33"
     },
     {
          "pokemon_species_id": "525",
          "transformation_id": "35"
     },
     {
          "pokemon_species_id": "526",
          "transformation_id": "35"
     },
     {
          "pokemon_species_id": "200",
          "transformation_id": "37"
     },
     {
          "pokemon_species_id": "429",
          "transformation_id": "37"
     },
     {
          "pokemon_species_id": "570",
          "transformation_id": "39"
     },
     {
          "pokemon_species_id": "571",
          "transformation_id": "39"
     },
     {
          "pokemon_species_id": "306",
          "transformation_id": "41"
     },
     {
          "pokemon_species_id": "379",
          "transformation_id": "41"
     },
     {
          "pokemon_species_id": "25",
          "transformation_id": "43"
     },
     {
          "pokemon_species_id": "26",
          "transformation_id": "43"
     },
     {
          "pokemon_species_id": "608",
          "transformation_id": "45"
     },
     {
          "pokemon_species_id": "609",
          "transformation_id": "45"
     },
     {
          "pokemon_species_id": "397",
          "transformation_id": "47"
     },
     {
          "pokemon_species_id": "398",
          "transformation_id": "47"
     },
     {
          "pokemon_species_id": "575",
          "transformation_id": "49"
     },
     {
          "pokemon_species_id": "576",
          "transformation_id": "49"
     },
     {
          "pokemon_species_id": "93",
          "transformation_id": "51"
     },
     {
          "pokemon_species_id": "94",
          "transformation_id": "51"
     },
     {
          "pokemon_species_id": "215",
          "transformation_id": "53"
     },
     {
          "pokemon_species_id": "461",
          "transformation_id": "53"
     },
     {
          "pokemon_species_id": "5",
          "transformation_id": "55"
     },
     {
          "pokemon_species_id": "6",
          "transformation_id": "55"
     },
     {
          "pokemon_species_id": "253",
          "transformation_id": "57"
     },
     {
          "pokemon_species_id": "254",
          "transformation_id": "57"
     },
     {
          "pokemon_species_id": "64",
          "transformation_id": "59"
     },
     {
          "pokemon_species_id": "65",
          "transformation_id": "59"
     },
     {
          "pokemon_species_id": "361",
          "transformation_id": "61"
     },
     {
          "pokemon_species_id": "478",
          "transformation_id": "61"
     },
     {
          "pokemon_species_id": "554",
          "transformation_id": "63"
     },
     {
          "pokemon_species_id": "555",
          "transformation_id": "63"
     },
     {
          "pokemon_species_id": "636",
          "transformation_id": "65"
     },
     {
          "pokemon_species_id": "637",
          "transformation_id": "65"
     },
     {
          "pokemon_species_id": "447",
          "transformation_id": "67"
     },
     {
          "pokemon_species_id": "448",
          "transformation_id": "67"
     },
     {
          "pokemon_species_id": "376",
          "transformation_id": "69"
     },
     {
          "pokemon_species_id": "483",
          "transformation_id": "69"
     },
     {
          "pokemon_species_id": "394",
          "transformation_id": "71"
     },
     {
          "pokemon_species_id": "395",
          "transformation_id": "71"
     },
     {
          "pokemon_species_id": "411",
          "transformation_id": "73"
     },
     {
          "pokemon_species_id": "639",
          "transformation_id": "73"
     },
     {
          "pokemon_species_id": "624",
          "transformation_id": "75"
     },
     {
          "pokemon_species_id": "625",
          "transformation_id": "75"
     },
     {
          "pokemon_species_id": "611",
          "transformation_id": "77"
     },
     {
          "pokemon_species_id": "612",
          "transformation_id": "77"
     },
     {
          "pokemon_species_id": "552",
          "transformation_id": "79"
     },
     {
          "pokemon_species_id": "553",
          "transformation_id": "79"
     }
]