[
     {
          "jam": "0",
          "appeal": "4",
          "id": "1"
     },
     {
          "jam": "0",
          "appeal": "3",
          "id": "2"
     },
     {
          "jam": "0",
          "appeal": "6",
          "id": "3"
     },
     {
          "jam": "4",
          "appeal": "1",
          "id": "4"
     },
     {
          "jam": "3",
          "appeal": "1",
          "id": "5"
     },
     {
          "jam": "4",
          "appeal": "4",
          "id": "6"
     },
     {
          "jam": "0",
          "appeal": "8",
          "id": "7"
     },
     {
          "jam": "2",
          "appeal": "2",
          "id": "8"
     },
     {
          "jam": "3",
          "appeal": "2",
          "id": "9"
     },
     {
          "jam": "1",
          "appeal": "2",
          "id": "10"
     },
     {
          "jam": "0",
          "appeal": "1",
          "id": "11"
     },
     {
          "jam": "0",
          "appeal": "2",
          "id": "12"
     },
     {
          "jam": "0",
          "appeal": "1",
          "id": "13"
     },
     {
          "jam": "1",
          "appeal": "2",
          "id": "14"
     },
     {
          "jam": "0",
          "appeal": "1",
          "id": "15"
     },
     {
          "jam": "0",
          "appeal": "2",
          "id": "16"
     },
     {
          "jam": "0",
          "appeal": "3",
          "id": "17"
     },
     {
          "jam": "0",
          "appeal": "2",
          "id": "18"
     },
     {
          "jam": "0",
          "appeal": "1",
          "id": "19"
     },
     {
          "jam": "0",
          "appeal": "1",
          "id": "20"
     },
     {
          "jam": "0",
          "appeal": "3",
          "id": "21"
     },
     {
          "jam": "0",
          "appeal": "3",
          "id": "22"
     },
     {
          "jam": "1",
          "appeal": "2",
          "id": "23"
     },
     {
          "jam": "0",
          "appeal": "3",
          "id": "24"
     },
     {
          "jam": "0",
          "appeal": "1",
          "id": "25"
     },
     {
          "jam": "0",
          "appeal": "1",
          "id": "26"
     },
     {
          "jam": "0",
          "appeal": "2",
          "id": "27"
     },
     {
          "jam": "0",
          "appeal": "2",
          "id": "28"
     },
     {
          "jam": "0",
          "appeal": "1",
          "id": "29"
     },
     {
          "jam": "0",
          "appeal": "3",
          "id": "30"
     },
     {
          "jam": "0",
          "appeal": "3",
          "id": "31"
     },
     {
          "jam": "0",
          "appeal": "1",
          "id": "32"
     },
     {
          "jam": "0",
          "appeal": "3",
          "id": "33"
     }
]