[
     {
          "local_language_id": "9",
          "name": "During a swarm",
          "encounter_condition_value_id": "1"
     },
     {
          "local_language_id": "9",
          "name": "Not during a swarm",
          "encounter_condition_value_id": "2"
     },
     {
          "local_language_id": "9",
          "name": "In the morning",
          "encounter_condition_value_id": "3"
     },
     {
          "local_language_id": "9",
          "name": "During the day",
          "encounter_condition_value_id": "4"
     },
     {
          "local_language_id": "9",
          "name": "At night",
          "encounter_condition_value_id": "5"
     },
     {
          "local_language_id": "9",
          "name": "Using PokéRadar",
          "encounter_condition_value_id": "6"
     },
     {
          "local_language_id": "9",
          "name": "Not using PokéRadar",
          "encounter_condition_value_id": "7"
     },
     {
          "local_language_id": "9",
          "name": "No game in slot 2",
          "encounter_condition_value_id": "8"
     },
     {
          "local_language_id": "9",
          "name": "Ruby in slot 2",
          "encounter_condition_value_id": "9"
     },
     {
          "local_language_id": "9",
          "name": "Sapphire in slot 2",
          "encounter_condition_value_id": "10"
     },
     {
          "local_language_id": "9",
          "name": "Emerald in slot 2",
          "encounter_condition_value_id": "11"
     },
     {
          "local_language_id": "9",
          "name": "FireRed in slot 2",
          "encounter_condition_value_id": "12"
     },
     {
          "local_language_id": "9",
          "name": "LeafGreen in slot 2",
          "encounter_condition_value_id": "13"
     },
     {
          "local_language_id": "9",
          "name": "Radio off",
          "encounter_condition_value_id": "14"
     },
     {
          "local_language_id": "9",
          "name": "Hoenn radio",
          "encounter_condition_value_id": "15"
     },
     {
          "local_language_id": "9",
          "name": "Sinnoh radio",
          "encounter_condition_value_id": "16"
     },
     {
          "local_language_id": "9",
          "name": "During Spring",
          "encounter_condition_value_id": "17"
     },
     {
          "local_language_id": "9",
          "name": "During Summer",
          "encounter_condition_value_id": "18"
     },
     {
          "local_language_id": "9",
          "name": "During Autumn",
          "encounter_condition_value_id": "19"
     },
     {
          "local_language_id": "9",
          "name": "During Winter",
          "encounter_condition_value_id": "20"
     },
     {
          "local_language_id": "10",
          "name": "Ve dne",
          "encounter_condition_value_id": "4"
     },
     {
          "local_language_id": "10",
          "name": "Vypnuté rádio",
          "encounter_condition_value_id": "14"
     },
     {
          "local_language_id": "10",
          "name": "V noci",
          "encounter_condition_value_id": "5"
     },
     {
          "local_language_id": "10",
          "name": "Sinnohské rádio",
          "encounter_condition_value_id": "16"
     },
     {
          "local_language_id": "10",
          "name": "Ráno",
          "encounter_condition_value_id": "3"
     },
     {
          "local_language_id": "10",
          "name": "Pomocí PokéRadaru",
          "encounter_condition_value_id": "6"
     },
     {
          "local_language_id": "10",
          "name": "Hoennské rádio",
          "encounter_condition_value_id": "15"
     },
     {
          "local_language_id": "10",
          "name": "Ne během rojení",
          "encounter_condition_value_id": "2"
     },
     {
          "local_language_id": "10",
          "name": "Bez PokéRadaru",
          "encounter_condition_value_id": "7"
     },
     {
          "local_language_id": "10",
          "name": "Během rojení",
          "encounter_condition_value_id": "1"
     }
]