[
     {
          "encounter_condition_id": "1",
          "identifier": "swarm-yes",
          "is_default": "0",
          "id": "1"
     },
     {
          "encounter_condition_id": "1",
          "identifier": "swarm-no",
          "is_default": "1",
          "id": "2"
     },
     {
          "encounter_condition_id": "2",
          "identifier": "time-morning",
          "is_default": "0",
          "id": "3"
     },
     {
          "encounter_condition_id": "2",
          "identifier": "time-day",
          "is_default": "1",
          "id": "4"
     },
     {
          "encounter_condition_id": "2",
          "identifier": "time-night",
          "is_default": "0",
          "id": "5"
     },
     {
          "encounter_condition_id": "3",
          "identifier": "radar-on",
          "is_default": "0",
          "id": "6"
     },
     {
          "encounter_condition_id": "3",
          "identifier": "radar-off",
          "is_default": "1",
          "id": "7"
     },
     {
          "encounter_condition_id": "4",
          "identifier": "slot2-none",
          "is_default": "1",
          "id": "8"
     },
     {
          "encounter_condition_id": "4",
          "identifier": "slot2-ruby",
          "is_default": "0",
          "id": "9"
     },
     {
          "encounter_condition_id": "4",
          "identifier": "slot2-sapphire",
          "is_default": "0",
          "id": "10"
     },
     {
          "encounter_condition_id": "4",
          "identifier": "slot2-emerald",
          "is_default": "0",
          "id": "11"
     },
     {
          "encounter_condition_id": "4",
          "identifier": "slot2-firered",
          "is_default": "0",
          "id": "12"
     },
     {
          "encounter_condition_id": "4",
          "identifier": "slot2-leafgreen",
          "is_default": "0",
          "id": "13"
     },
     {
          "encounter_condition_id": "5",
          "identifier": "radio-off",
          "is_default": "1",
          "id": "14"
     },
     {
          "encounter_condition_id": "5",
          "identifier": "radio-hoenn",
          "is_default": "0",
          "id": "15"
     },
     {
          "encounter_condition_id": "5",
          "identifier": "radio-sinnoh",
          "is_default": "0",
          "id": "16"
     },
     {
          "encounter_condition_id": "6",
          "identifier": "season-spring",
          "is_default": "0",
          "id": "17"
     },
     {
          "encounter_condition_id": "6",
          "identifier": "season-summer",
          "is_default": "0",
          "id": "18"
     },
     {
          "encounter_condition_id": "6",
          "identifier": "season-autumn",
          "is_default": "0",
          "id": "19"
     },
     {
          "encounter_condition_id": "6",
          "identifier": "season-winter",
          "is_default": "0",
          "id": "20"
     }
]