[
     {
          "local_language_id": "9",
          "name": "Walking in tall grass or a cave",
          "encounter_method_id": "1"
     },
     {
          "local_language_id": "9",
          "name": "Fishing with an Old Rod",
          "encounter_method_id": "2"
     },
     {
          "local_language_id": "9",
          "name": "Fishing with a Good Rod",
          "encounter_method_id": "3"
     },
     {
          "local_language_id": "9",
          "name": "Fishing with a Super Rod",
          "encounter_method_id": "4"
     },
     {
          "local_language_id": "9",
          "name": "Surfing",
          "encounter_method_id": "5"
     },
     {
          "local_language_id": "9",
          "name": "Smashing rocks",
          "encounter_method_id": "6"
     },
     {
          "local_language_id": "9",
          "name": "Headbutting trees",
          "encounter_method_id": "7"
     },
     {
          "local_language_id": "9",
          "name": "Walking in dark grass",
          "encounter_method_id": "8"
     },
     {
          "local_language_id": "9",
          "name": "Walking in rustling grass",
          "encounter_method_id": "9"
     },
     {
          "local_language_id": "9",
          "name": "Walking in dust clouds",
          "encounter_method_id": "10"
     },
     {
          "local_language_id": "9",
          "name": "Walking in bridge shadows",
          "encounter_method_id": "11"
     },
     {
          "local_language_id": "9",
          "name": "Fishing in dark spots",
          "encounter_method_id": "12"
     },
     {
          "local_language_id": "9",
          "name": "Surfing in dark spots",
          "encounter_method_id": "13"
     }
]