[
     {
          "order": "1",
          "identifier": "walk",
          "id": "1"
     },
     {
          "order": "6",
          "identifier": "old-rod",
          "id": "2"
     },
     {
          "order": "7",
          "identifier": "good-rod",
          "id": "3"
     },
     {
          "order": "8",
          "identifier": "super-rod",
          "id": "4"
     },
     {
          "order": "10",
          "identifier": "surf",
          "id": "5"
     },
     {
          "order": "12",
          "identifier": "rock-smash",
          "id": "6"
     },
     {
          "order": "13",
          "identifier": "headbutt",
          "id": "7"
     },
     {
          "order": "5",
          "identifier": "dark-grass",
          "id": "8"
     },
     {
          "order": "2",
          "identifier": "grass-spots",
          "id": "9"
     },
     {
          "order": "3",
          "identifier": "cave-spots",
          "id": "10"
     },
     {
          "order": "4",
          "identifier": "bridge-spots",
          "id": "11"
     },
     {
          "order": "9",
          "identifier": "super-rod-spots",
          "id": "12"
     },
     {
          "order": "11",
          "identifier": "surf-spots",
          "id": "13"
     }
]