[
     {
          "baby_trigger_item_id": "",
          "id": "1"
     },
     {
          "baby_trigger_item_id": "",
          "id": "2"
     },
     {
          "baby_trigger_item_id": "",
          "id": "3"
     },
     {
          "baby_trigger_item_id": "",
          "id": "4"
     },
     {
          "baby_trigger_item_id": "",
          "id": "5"
     },
     {
          "baby_trigger_item_id": "",
          "id": "6"
     },
     {
          "baby_trigger_item_id": "",
          "id": "7"
     },
     {
          "baby_trigger_item_id": "",
          "id": "8"
     },
     {
          "baby_trigger_item_id": "",
          "id": "9"
     },
     {
          "baby_trigger_item_id": "",
          "id": "10"
     },
     {
          "baby_trigger_item_id": "",
          "id": "11"
     },
     {
          "baby_trigger_item_id": "",
          "id": "12"
     },
     {
          "baby_trigger_item_id": "",
          "id": "13"
     },
     {
          "baby_trigger_item_id": "",
          "id": "14"
     },
     {
          "baby_trigger_item_id": "",
          "id": "15"
     },
     {
          "baby_trigger_item_id": "",
          "id": "16"
     },
     {
          "baby_trigger_item_id": "",
          "id": "17"
     },
     {
          "baby_trigger_item_id": "",
          "id": "18"
     },
     {
          "baby_trigger_item_id": "",
          "id": "19"
     },
     {
          "baby_trigger_item_id": "",
          "id": "20"
     },
     {
          "baby_trigger_item_id": "",
          "id": "21"
     },
     {
          "baby_trigger_item_id": "",
          "id": "22"
     },
     {
          "baby_trigger_item_id": "",
          "id": "23"
     },
     {
          "baby_trigger_item_id": "",
          "id": "24"
     },
     {
          "baby_trigger_item_id": "",
          "id": "25"
     },
     {
          "baby_trigger_item_id": "",
          "id": "26"
     },
     {
          "baby_trigger_item_id": "",
          "id": "27"
     },
     {
          "baby_trigger_item_id": "",
          "id": "28"
     },
     {
          "baby_trigger_item_id": "",
          "id": "29"
     },
     {
          "baby_trigger_item_id": "",
          "id": "30"
     },
     {
          "baby_trigger_item_id": "",
          "id": "31"
     },
     {
          "baby_trigger_item_id": "",
          "id": "32"
     },
     {
          "baby_trigger_item_id": "",
          "id": "33"
     },
     {
          "baby_trigger_item_id": "",
          "id": "34"
     },
     {
          "baby_trigger_item_id": "",
          "id": "35"
     },
     {
          "baby_trigger_item_id": "",
          "id": "36"
     },
     {
          "baby_trigger_item_id": "",
          "id": "37"
     },
     {
          "baby_trigger_item_id": "",
          "id": "38"
     },
     {
          "baby_trigger_item_id": "",
          "id": "39"
     },
     {
          "baby_trigger_item_id": "",
          "id": "40"
     },
     {
          "baby_trigger_item_id": "",
          "id": "41"
     },
     {
          "baby_trigger_item_id": "",
          "id": "42"
     },
     {
          "baby_trigger_item_id": "",
          "id": "43"
     },
     {
          "baby_trigger_item_id": "",
          "id": "44"
     },
     {
          "baby_trigger_item_id": "",
          "id": "45"
     },
     {
          "baby_trigger_item_id": "",
          "id": "46"
     },
     {
          "baby_trigger_item_id": "",
          "id": "47"
     },
     {
          "baby_trigger_item_id": "",
          "id": "48"
     },
     {
          "baby_trigger_item_id": "",
          "id": "49"
     },
     {
          "baby_trigger_item_id": "",
          "id": "50"
     },
     {
          "baby_trigger_item_id": "296",
          "id": "51"
     },
     {
          "baby_trigger_item_id": "",
          "id": "52"
     },
     {
          "baby_trigger_item_id": "",
          "id": "53"
     },
     {
          "baby_trigger_item_id": "",
          "id": "54"
     },
     {
          "baby_trigger_item_id": "",
          "id": "55"
     },
     {
          "baby_trigger_item_id": "",
          "id": "56"
     },
     {
          "baby_trigger_item_id": "291",
          "id": "57"
     },
     {
          "baby_trigger_item_id": "",
          "id": "58"
     },
     {
          "baby_trigger_item_id": "",
          "id": "59"
     },
     {
          "baby_trigger_item_id": "",
          "id": "60"
     },
     {
          "baby_trigger_item_id": "",
          "id": "61"
     },
     {
          "baby_trigger_item_id": "",
          "id": "62"
     },
     {
          "baby_trigger_item_id": "",
          "id": "63"
     },
     {
          "baby_trigger_item_id": "",
          "id": "64"
     },
     {
          "baby_trigger_item_id": "",
          "id": "65"
     },
     {
          "baby_trigger_item_id": "",
          "id": "66"
     },
     {
          "baby_trigger_item_id": "",
          "id": "67"
     },
     {
          "baby_trigger_item_id": "",
          "id": "68"
     },
     {
          "baby_trigger_item_id": "",
          "id": "69"
     },
     {
          "baby_trigger_item_id": "",
          "id": "70"
     },
     {
          "baby_trigger_item_id": "",
          "id": "71"
     },
     {
          "baby_trigger_item_id": "293",
          "id": "72"
     },
     {
          "baby_trigger_item_id": "",
          "id": "73"
     },
     {
          "baby_trigger_item_id": "",
          "id": "74"
     },
     {
          "baby_trigger_item_id": "",
          "id": "75"
     },
     {
          "baby_trigger_item_id": "",
          "id": "76"
     },
     {
          "baby_trigger_item_id": "",
          "id": "77"
     },
     {
          "baby_trigger_item_id": "",
          "id": "78"
     },
     {
          "baby_trigger_item_id": "",
          "id": "79"
     },
     {
          "baby_trigger_item_id": "",
          "id": "80"
     },
     {
          "baby_trigger_item_id": "",
          "id": "81"
     },
     {
          "baby_trigger_item_id": "",
          "id": "82"
     },
     {
          "baby_trigger_item_id": "",
          "id": "83"
     },
     {
          "baby_trigger_item_id": "",
          "id": "84"
     },
     {
          "baby_trigger_item_id": "",
          "id": "85"
     },
     {
          "baby_trigger_item_id": "",
          "id": "86"
     },
     {
          "baby_trigger_item_id": "",
          "id": "87"
     },
     {
          "baby_trigger_item_id": "",
          "id": "88"
     },
     {
          "baby_trigger_item_id": "",
          "id": "89"
     },
     {
          "baby_trigger_item_id": "231",
          "id": "90"
     },
     {
          "baby_trigger_item_id": "292",
          "id": "91"
     },
     {
          "baby_trigger_item_id": "",
          "id": "92"
     },
     {
          "baby_trigger_item_id": "",
          "id": "93"
     },
     {
          "baby_trigger_item_id": "",
          "id": "94"
     },
     {
          "baby_trigger_item_id": "",
          "id": "95"
     },
     {
          "baby_trigger_item_id": "",
          "id": "96"
     },
     {
          "baby_trigger_item_id": "",
          "id": "97"
     },
     {
          "baby_trigger_item_id": "",
          "id": "98"
     },
     {
          "baby_trigger_item_id": "",
          "id": "99"
     },
     {
          "baby_trigger_item_id": "232",
          "id": "100"
     },
     {
          "baby_trigger_item_id": "",
          "id": "101"
     },
     {
          "baby_trigger_item_id": "",
          "id": "102"
     },
     {
          "baby_trigger_item_id": "",
          "id": "103"
     },
     {
          "baby_trigger_item_id": "",
          "id": "104"
     },
     {
          "baby_trigger_item_id": "",
          "id": "105"
     },
     {
          "baby_trigger_item_id": "",
          "id": "106"
     },
     {
          "baby_trigger_item_id": "",
          "id": "107"
     },
     {
          "baby_trigger_item_id": "",
          "id": "108"
     },
     {
          "baby_trigger_item_id": "",
          "id": "109"
     },
     {
          "baby_trigger_item_id": "",
          "id": "110"
     },
     {
          "baby_trigger_item_id": "",
          "id": "111"
     },
     {
          "baby_trigger_item_id": "",
          "id": "112"
     },
     {
          "baby_trigger_item_id": "",
          "id": "113"
     },
     {
          "baby_trigger_item_id": "",
          "id": "114"
     },
     {
          "baby_trigger_item_id": "",
          "id": "115"
     },
     {
          "baby_trigger_item_id": "294",
          "id": "116"
     },
     {
          "baby_trigger_item_id": "",
          "id": "117"
     },
     {
          "baby_trigger_item_id": "",
          "id": "118"
     },
     {
          "baby_trigger_item_id": "",
          "id": "119"
     },
     {
          "baby_trigger_item_id": "",
          "id": "120"
     },
     {
          "baby_trigger_item_id": "",
          "id": "121"
     },
     {
          "baby_trigger_item_id": "",
          "id": "122"
     },
     {
          "baby_trigger_item_id": "",
          "id": "123"
     },
     {
          "baby_trigger_item_id": "",
          "id": "124"
     },
     {
          "baby_trigger_item_id": "",
          "id": "125"
     },
     {
          "baby_trigger_item_id": "",
          "id": "126"
     },
     {
          "baby_trigger_item_id": "",
          "id": "127"
     },
     {
          "baby_trigger_item_id": "",
          "id": "128"
     },
     {
          "baby_trigger_item_id": "",
          "id": "129"
     },
     {
          "baby_trigger_item_id": "",
          "id": "130"
     },
     {
          "baby_trigger_item_id": "",
          "id": "131"
     },
     {
          "baby_trigger_item_id": "",
          "id": "132"
     },
     {
          "baby_trigger_item_id": "",
          "id": "133"
     },
     {
          "baby_trigger_item_id": "",
          "id": "134"
     },
     {
          "baby_trigger_item_id": "",
          "id": "135"
     },
     {
          "baby_trigger_item_id": "",
          "id": "136"
     },
     {
          "baby_trigger_item_id": "",
          "id": "137"
     },
     {
          "baby_trigger_item_id": "",
          "id": "138"
     },
     {
          "baby_trigger_item_id": "",
          "id": "139"
     },
     {
          "baby_trigger_item_id": "",
          "id": "140"
     },
     {
          "baby_trigger_item_id": "",
          "id": "141"
     },
     {
          "baby_trigger_item_id": "",
          "id": "142"
     },
     {
          "baby_trigger_item_id": "",
          "id": "143"
     },
     {
          "baby_trigger_item_id": "",
          "id": "144"
     },
     {
          "baby_trigger_item_id": "",
          "id": "145"
     },
     {
          "baby_trigger_item_id": "",
          "id": "146"
     },
     {
          "baby_trigger_item_id": "",
          "id": "147"
     },
     {
          "baby_trigger_item_id": "",
          "id": "148"
     },
     {
          "baby_trigger_item_id": "",
          "id": "149"
     },
     {
          "baby_trigger_item_id": "",
          "id": "150"
     },
     {
          "baby_trigger_item_id": "",
          "id": "151"
     },
     {
          "baby_trigger_item_id": "",
          "id": "152"
     },
     {
          "baby_trigger_item_id": "",
          "id": "153"
     },
     {
          "baby_trigger_item_id": "",
          "id": "154"
     },
     {
          "baby_trigger_item_id": "",
          "id": "155"
     },
     {
          "baby_trigger_item_id": "",
          "id": "156"
     },
     {
          "baby_trigger_item_id": "",
          "id": "157"
     },
     {
          "baby_trigger_item_id": "295",
          "id": "158"
     },
     {
          "baby_trigger_item_id": "",
          "id": "159"
     },
     {
          "baby_trigger_item_id": "",
          "id": "160"
     },
     {
          "baby_trigger_item_id": "",
          "id": "161"
     },
     {
          "baby_trigger_item_id": "",
          "id": "162"
     },
     {
          "baby_trigger_item_id": "",
          "id": "163"
     },
     {
          "baby_trigger_item_id": "",
          "id": "164"
     },
     {
          "baby_trigger_item_id": "",
          "id": "165"
     },
     {
          "baby_trigger_item_id": "",
          "id": "166"
     },
     {
          "baby_trigger_item_id": "",
          "id": "167"
     },
     {
          "baby_trigger_item_id": "",
          "id": "168"
     },
     {
          "baby_trigger_item_id": "",
          "id": "169"
     },
     {
          "baby_trigger_item_id": "",
          "id": "170"
     },
     {
          "baby_trigger_item_id": "",
          "id": "171"
     },
     {
          "baby_trigger_item_id": "",
          "id": "172"
     },
     {
          "baby_trigger_item_id": "",
          "id": "173"
     },
     {
          "baby_trigger_item_id": "",
          "id": "174"
     },
     {
          "baby_trigger_item_id": "",
          "id": "175"
     },
     {
          "baby_trigger_item_id": "",
          "id": "176"
     },
     {
          "baby_trigger_item_id": "",
          "id": "177"
     },
     {
          "baby_trigger_item_id": "",
          "id": "178"
     },
     {
          "baby_trigger_item_id": "",
          "id": "179"
     },
     {
          "baby_trigger_item_id": "",
          "id": "180"
     },
     {
          "baby_trigger_item_id": "",
          "id": "181"
     },
     {
          "baby_trigger_item_id": "",
          "id": "182"
     },
     {
          "baby_trigger_item_id": "",
          "id": "183"
     },
     {
          "baby_trigger_item_id": "297",
          "id": "184"
     },
     {
          "baby_trigger_item_id": "",
          "id": "185"
     },
     {
          "baby_trigger_item_id": "",
          "id": "186"
     },
     {
          "baby_trigger_item_id": "",
          "id": "187"
     },
     {
          "baby_trigger_item_id": "",
          "id": "188"
     },
     {
          "baby_trigger_item_id": "",
          "id": "189"
     },
     {
          "baby_trigger_item_id": "",
          "id": "190"
     },
     {
          "baby_trigger_item_id": "",
          "id": "191"
     },
     {
          "baby_trigger_item_id": "",
          "id": "192"
     },
     {
          "baby_trigger_item_id": "",
          "id": "193"
     },
     {
          "baby_trigger_item_id": "",
          "id": "194"
     },
     {
          "baby_trigger_item_id": "",
          "id": "195"
     },
     {
          "baby_trigger_item_id": "",
          "id": "196"
     },
     {
          "baby_trigger_item_id": "",
          "id": "197"
     },
     {
          "baby_trigger_item_id": "",
          "id": "198"
     },
     {
          "baby_trigger_item_id": "",
          "id": "199"
     },
     {
          "baby_trigger_item_id": "",
          "id": "200"
     },
     {
          "baby_trigger_item_id": "",
          "id": "201"
     },
     {
          "baby_trigger_item_id": "",
          "id": "202"
     },
     {
          "baby_trigger_item_id": "",
          "id": "203"
     },
     {
          "baby_trigger_item_id": "",
          "id": "204"
     },
     {
          "baby_trigger_item_id": "",
          "id": "205"
     },
     {
          "baby_trigger_item_id": "",
          "id": "206"
     },
     {
          "baby_trigger_item_id": "",
          "id": "207"
     },
     {
          "baby_trigger_item_id": "",
          "id": "208"
     },
     {
          "baby_trigger_item_id": "",
          "id": "209"
     },
     {
          "baby_trigger_item_id": "",
          "id": "211"
     },
     {
          "baby_trigger_item_id": "",
          "id": "212"
     },
     {
          "baby_trigger_item_id": "",
          "id": "213"
     },
     {
          "baby_trigger_item_id": "",
          "id": "214"
     },
     {
          "baby_trigger_item_id": "",
          "id": "215"
     },
     {
          "baby_trigger_item_id": "",
          "id": "216"
     },
     {
          "baby_trigger_item_id": "",
          "id": "217"
     },
     {
          "baby_trigger_item_id": "",
          "id": "218"
     },
     {
          "baby_trigger_item_id": "",
          "id": "219"
     },
     {
          "baby_trigger_item_id": "",
          "id": "220"
     },
     {
          "baby_trigger_item_id": "",
          "id": "221"
     },
     {
          "baby_trigger_item_id": "",
          "id": "223"
     },
     {
          "baby_trigger_item_id": "",
          "id": "224"
     },
     {
          "baby_trigger_item_id": "",
          "id": "228"
     },
     {
          "baby_trigger_item_id": "",
          "id": "229"
     },
     {
          "baby_trigger_item_id": "",
          "id": "230"
     },
     {
          "baby_trigger_item_id": "",
          "id": "232"
     },
     {
          "baby_trigger_item_id": "",
          "id": "233"
     },
     {
          "baby_trigger_item_id": "",
          "id": "234"
     },
     {
          "baby_trigger_item_id": "",
          "id": "235"
     },
     {
          "baby_trigger_item_id": "",
          "id": "236"
     },
     {
          "baby_trigger_item_id": "",
          "id": "237"
     },
     {
          "baby_trigger_item_id": "",
          "id": "239"
     },
     {
          "baby_trigger_item_id": "",
          "id": "240"
     },
     {
          "baby_trigger_item_id": "",
          "id": "241"
     },
     {
          "baby_trigger_item_id": "",
          "id": "242"
     },
     {
          "baby_trigger_item_id": "",
          "id": "243"
     },
     {
          "baby_trigger_item_id": "",
          "id": "244"
     },
     {
          "baby_trigger_item_id": "",
          "id": "245"
     },
     {
          "baby_trigger_item_id": "",
          "id": "246"
     },
     {
          "baby_trigger_item_id": "",
          "id": "247"
     },
     {
          "baby_trigger_item_id": "",
          "id": "248"
     },
     {
          "baby_trigger_item_id": "",
          "id": "249"
     },
     {
          "baby_trigger_item_id": "",
          "id": "250"
     },
     {
          "baby_trigger_item_id": "",
          "id": "252"
     },
     {
          "baby_trigger_item_id": "",
          "id": "253"
     },
     {
          "baby_trigger_item_id": "",
          "id": "254"
     },
     {
          "baby_trigger_item_id": "",
          "id": "255"
     },
     {
          "baby_trigger_item_id": "",
          "id": "256"
     },
     {
          "baby_trigger_item_id": "",
          "id": "257"
     },
     {
          "baby_trigger_item_id": "",
          "id": "258"
     },
     {
          "baby_trigger_item_id": "",
          "id": "259"
     },
     {
          "baby_trigger_item_id": "",
          "id": "260"
     },
     {
          "baby_trigger_item_id": "",
          "id": "261"
     },
     {
          "baby_trigger_item_id": "",
          "id": "262"
     },
     {
          "baby_trigger_item_id": "",
          "id": "263"
     },
     {
          "baby_trigger_item_id": "",
          "id": "264"
     },
     {
          "baby_trigger_item_id": "",
          "id": "265"
     },
     {
          "baby_trigger_item_id": "",
          "id": "266"
     },
     {
          "baby_trigger_item_id": "",
          "id": "267"
     },
     {
          "baby_trigger_item_id": "",
          "id": "268"
     },
     {
          "baby_trigger_item_id": "",
          "id": "269"
     },
     {
          "baby_trigger_item_id": "",
          "id": "270"
     },
     {
          "baby_trigger_item_id": "",
          "id": "271"
     },
     {
          "baby_trigger_item_id": "",
          "id": "272"
     },
     {
          "baby_trigger_item_id": "",
          "id": "273"
     },
     {
          "baby_trigger_item_id": "",
          "id": "274"
     },
     {
          "baby_trigger_item_id": "",
          "id": "275"
     },
     {
          "baby_trigger_item_id": "",
          "id": "276"
     },
     {
          "baby_trigger_item_id": "",
          "id": "277"
     },
     {
          "baby_trigger_item_id": "",
          "id": "278"
     },
     {
          "baby_trigger_item_id": "",
          "id": "279"
     },
     {
          "baby_trigger_item_id": "",
          "id": "280"
     },
     {
          "baby_trigger_item_id": "",
          "id": "281"
     },
     {
          "baby_trigger_item_id": "",
          "id": "282"
     },
     {
          "baby_trigger_item_id": "",
          "id": "283"
     },
     {
          "baby_trigger_item_id": "",
          "id": "284"
     },
     {
          "baby_trigger_item_id": "",
          "id": "285"
     },
     {
          "baby_trigger_item_id": "",
          "id": "286"
     },
     {
          "baby_trigger_item_id": "",
          "id": "287"
     },
     {
          "baby_trigger_item_id": "",
          "id": "288"
     },
     {
          "baby_trigger_item_id": "",
          "id": "289"
     },
     {
          "baby_trigger_item_id": "",
          "id": "290"
     },
     {
          "baby_trigger_item_id": "",
          "id": "291"
     },
     {
          "baby_trigger_item_id": "",
          "id": "292"
     },
     {
          "baby_trigger_item_id": "",
          "id": "293"
     },
     {
          "baby_trigger_item_id": "",
          "id": "294"
     },
     {
          "baby_trigger_item_id": "",
          "id": "295"
     },
     {
          "baby_trigger_item_id": "",
          "id": "296"
     },
     {
          "baby_trigger_item_id": "",
          "id": "297"
     },
     {
          "baby_trigger_item_id": "",
          "id": "298"
     },
     {
          "baby_trigger_item_id": "",
          "id": "299"
     },
     {
          "baby_trigger_item_id": "",
          "id": "300"
     },
     {
          "baby_trigger_item_id": "",
          "id": "301"
     },
     {
          "baby_trigger_item_id": "",
          "id": "302"
     },
     {
          "baby_trigger_item_id": "",
          "id": "303"
     },
     {
          "baby_trigger_item_id": "",
          "id": "304"
     },
     {
          "baby_trigger_item_id": "",
          "id": "305"
     },
     {
          "baby_trigger_item_id": "",
          "id": "306"
     },
     {
          "baby_trigger_item_id": "",
          "id": "307"
     },
     {
          "baby_trigger_item_id": "",
          "id": "308"
     },
     {
          "baby_trigger_item_id": "",
          "id": "309"
     },
     {
          "baby_trigger_item_id": "",
          "id": "310"
     },
     {
          "baby_trigger_item_id": "",
          "id": "311"
     },
     {
          "baby_trigger_item_id": "",
          "id": "312"
     },
     {
          "baby_trigger_item_id": "",
          "id": "313"
     },
     {
          "baby_trigger_item_id": "",
          "id": "314"
     },
     {
          "baby_trigger_item_id": "",
          "id": "315"
     },
     {
          "baby_trigger_item_id": "",
          "id": "316"
     },
     {
          "baby_trigger_item_id": "",
          "id": "317"
     },
     {
          "baby_trigger_item_id": "",
          "id": "318"
     },
     {
          "baby_trigger_item_id": "",
          "id": "319"
     },
     {
          "baby_trigger_item_id": "",
          "id": "320"
     },
     {
          "baby_trigger_item_id": "",
          "id": "321"
     },
     {
          "baby_trigger_item_id": "",
          "id": "322"
     },
     {
          "baby_trigger_item_id": "",
          "id": "323"
     },
     {
          "baby_trigger_item_id": "",
          "id": "324"
     },
     {
          "baby_trigger_item_id": "",
          "id": "325"
     },
     {
          "baby_trigger_item_id": "",
          "id": "326"
     },
     {
          "baby_trigger_item_id": "",
          "id": "327"
     },
     {
          "baby_trigger_item_id": "",
          "id": "328"
     },
     {
          "baby_trigger_item_id": "",
          "id": "329"
     },
     {
          "baby_trigger_item_id": "",
          "id": "330"
     },
     {
          "baby_trigger_item_id": "",
          "id": "331"
     },
     {
          "baby_trigger_item_id": "",
          "id": "332"
     },
     {
          "baby_trigger_item_id": "",
          "id": "333"
     },
     {
          "baby_trigger_item_id": "",
          "id": "334"
     },
     {
          "baby_trigger_item_id": "",
          "id": "335"
     },
     {
          "baby_trigger_item_id": "",
          "id": "336"
     },
     {
          "baby_trigger_item_id": "",
          "id": "337"
     },
     {
          "baby_trigger_item_id": "",
          "id": "338"
     },
     {
          "baby_trigger_item_id": "",
          "id": "339"
     },
     {
          "baby_trigger_item_id": "",
          "id": "340"
     },
     {
          "baby_trigger_item_id": "",
          "id": "341"
     },
     {
          "baby_trigger_item_id": "",
          "id": "342"
     },
     {
          "baby_trigger_item_id": "",
          "id": "343"
     },
     {
          "baby_trigger_item_id": "",
          "id": "344"
     },
     {
          "baby_trigger_item_id": "",
          "id": "345"
     },
     {
          "baby_trigger_item_id": "",
          "id": "346"
     },
     {
          "baby_trigger_item_id": "",
          "id": "347"
     },
     {
          "baby_trigger_item_id": "",
          "id": "348"
     },
     {
          "baby_trigger_item_id": "",
          "id": "349"
     },
     {
          "baby_trigger_item_id": "",
          "id": "350"
     },
     {
          "baby_trigger_item_id": "",
          "id": "351"
     },
     {
          "baby_trigger_item_id": "",
          "id": "352"
     },
     {
          "baby_trigger_item_id": "",
          "id": "353"
     },
     {
          "baby_trigger_item_id": "",
          "id": "354"
     },
     {
          "baby_trigger_item_id": "",
          "id": "355"
     },
     {
          "baby_trigger_item_id": "",
          "id": "356"
     },
     {
          "baby_trigger_item_id": "",
          "id": "357"
     },
     {
          "baby_trigger_item_id": "",
          "id": "358"
     },
     {
          "baby_trigger_item_id": "",
          "id": "359"
     },
     {
          "baby_trigger_item_id": "",
          "id": "360"
     },
     {
          "baby_trigger_item_id": "",
          "id": "361"
     },
     {
          "baby_trigger_item_id": "",
          "id": "362"
     },
     {
          "baby_trigger_item_id": "",
          "id": "363"
     },
     {
          "baby_trigger_item_id": "",
          "id": "364"
     },
     {
          "baby_trigger_item_id": "",
          "id": "365"
     },
     {
          "baby_trigger_item_id": "",
          "id": "366"
     },
     {
          "baby_trigger_item_id": "",
          "id": "367"
     },
     {
          "baby_trigger_item_id": "",
          "id": "368"
     },
     {
          "baby_trigger_item_id": "",
          "id": "369"
     },
     {
          "baby_trigger_item_id": "",
          "id": "370"
     }
]