[
     {
          "local_language_id": "9",
          "name": "Generation I",
          "generation_id": "1"
     },
     {
          "local_language_id": "9",
          "name": "Generation II",
          "generation_id": "2"
     },
     {
          "local_language_id": "9",
          "name": "Generation III",
          "generation_id": "3"
     },
     {
          "local_language_id": "9",
          "name": "Generation IV",
          "generation_id": "4"
     },
     {
          "local_language_id": "9",
          "name": "Generation V",
          "generation_id": "5"
     },
     {
          "local_language_id": "9",
          "name": "Generation VI",
          "generation_id": "6"
     },
     {
          "local_language_id": "10",
          "name": "I. generace",
          "generation_id": "1"
     },
     {
          "local_language_id": "10",
          "name": "IV. generace",
          "generation_id": "4"
     },
     {
          "local_language_id": "10",
          "name": "III. generace",
          "generation_id": "3"
     },
     {
          "local_language_id": "10",
          "name": "V. generace",
          "generation_id": "5"
     },
     {
          "local_language_id": "10",
          "name": "II. generace",
          "generation_id": "2"
     }
]