[
     {
          "local_language_id": "9",
          "name": "slow",
          "growth_rate_id": "1"
     },
     {
          "local_language_id": "9",
          "name": "medium",
          "growth_rate_id": "2"
     },
     {
          "local_language_id": "9",
          "name": "fast",
          "growth_rate_id": "3"
     },
     {
          "local_language_id": "9",
          "name": "medium slow",
          "growth_rate_id": "4"
     },
     {
          "local_language_id": "9",
          "name": "slow then very fast",
          "growth_rate_id": "5"
     },
     {
          "local_language_id": "9",
          "name": "fast then very slow",
          "growth_rate_id": "6"
     },
     {
          "local_language_id": "10",
          "name": "pomalá",
          "growth_rate_id": "1"
     },
     {
          "local_language_id": "10",
          "name": "celkem pomalá",
          "growth_rate_id": "4"
     },
     {
          "local_language_id": "10",
          "name": "rychlá",
          "growth_rate_id": "3"
     },
     {
          "local_language_id": "10",
          "name": "průměrná",
          "growth_rate_id": "2"
     }
]