[
     {
          "local_language_id": "9",
          "item_fling_effect_id": "1",
          "effect": "Badly poisons the target."
     },
     {
          "local_language_id": "9",
          "item_fling_effect_id": "2",
          "effect": "Burns the target."
     },
     {
          "local_language_id": "9",
          "item_fling_effect_id": "3",
          "effect": "Immediately activates the berry's effect on the target."
     },
     {
          "local_language_id": "9",
          "item_fling_effect_id": "4",
          "effect": "Immediately activates the herb's effect on the target."
     },
     {
          "local_language_id": "9",
          "item_fling_effect_id": "5",
          "effect": "Paralyzes the target."
     },
     {
          "local_language_id": "9",
          "item_fling_effect_id": "6",
          "effect": "Poisons the target."
     },
     {
          "local_language_id": "9",
          "item_fling_effect_id": "7",
          "effect": "Target will flinch if it has not yet gone this turn."
     },
     {
          "local_language_id": "10",
          "item_fling_effect_id": "1",
          "effect": "Těžce otráví protivníka."
     }
]