[
     {
          "identifier": "misc",
          "id": "1"
     },
     {
          "identifier": "medicine",
          "id": "2"
     },
     {
          "identifier": "pokeballs",
          "id": "3"
     },
     {
          "identifier": "machines",
          "id": "4"
     },
     {
          "identifier": "berries",
          "id": "5"
     },
     {
          "identifier": "mail",
          "id": "6"
     },
     {
          "identifier": "battle",
          "id": "7"
     },
     {
          "identifier": "key",
          "id": "8"
     }
]