[
     {
          "local_language_id": "9",
          "name": "Countable",
          "description": "Has a count in the bag",
          "item_flag_id": "1"
     },
     {
          "local_language_id": "9",
          "name": "Consumable",
          "description": "Consumed when used",
          "item_flag_id": "2"
     },
     {
          "local_language_id": "9",
          "name": "Usable_overworld",
          "description": "Usable outside battle",
          "item_flag_id": "3"
     },
     {
          "local_language_id": "9",
          "name": "Usable_in_battle",
          "description": "Usable in battle",
          "item_flag_id": "4"
     },
     {
          "local_language_id": "9",
          "name": "Holdable",
          "description": "Can be held by a Pokémon",
          "item_flag_id": "5"
     },
     {
          "local_language_id": "9",
          "name": "Holdable_passive",
          "description": "Works passively when held",
          "item_flag_id": "6"
     },
     {
          "local_language_id": "9",
          "name": "Holdable_active",
          "description": "Usable by a Pokémon when held",
          "item_flag_id": "7"
     },
     {
          "local_language_id": "9",
          "name": "Underground",
          "description": "Appears in Sinnoh Underground",
          "item_flag_id": "8"
     },
     {
          "local_language_id": "10",
          "name": "",
          "description": "Použitelný v souboji",
          "item_flag_id": "4"
     },
     {
          "local_language_id": "10",
          "name": "Držitelný",
          "description": "Může být držen pokémonem",
          "item_flag_id": "5"
     },
     {
          "local_language_id": "10",
          "name": "",
          "description": "Použitelný mimo souboj",
          "item_flag_id": "3"
     },
     {
          "local_language_id": "10",
          "name": "",
          "description": "Funguje pasivně při držení",
          "item_flag_id": "6"
     },
     {
          "local_language_id": "10",
          "name": "Podzemí",
          "description": "Nachází se v Sinnohském podzemí",
          "item_flag_id": "8"
     },
     {
          "local_language_id": "10",
          "name": "Spotřebující se",
          "description": "Spotřebuje se po použití",
          "item_flag_id": "2"
     },
     {
          "local_language_id": "10",
          "name": "",
          "description": "Použitelný pokémonem při držení",
          "item_flag_id": "7"
     },
     {
          "local_language_id": "10",
          "name": "Počítatelný",
          "description": "",
          "item_flag_id": "1"
     }
]