[
     {
          "local_language_id": "1",
          "name": "日本語",
          "language_id": "1"
     },
     {
          "local_language_id": "9",
          "name": "Japanese",
          "language_id": "1"
     },
     {
          "local_language_id": "1",
          "name": "正式ローマジ",
          "language_id": "2"
     },
     {
          "local_language_id": "9",
          "name": "Official roomaji",
          "language_id": "2"
     },
     {
          "local_language_id": "1",
          "name": "韓国語",
          "language_id": "3"
     },
     {
          "local_language_id": "9",
          "name": "Korean",
          "language_id": "3"
     },
     {
          "local_language_id": "1",
          "name": "中国語",
          "language_id": "4"
     },
     {
          "local_language_id": "9",
          "name": "Chinese",
          "language_id": "4"
     },
     {
          "local_language_id": "1",
          "name": "フランス語",
          "language_id": "5"
     },
     {
          "local_language_id": "9",
          "name": "French",
          "language_id": "5"
     },
     {
          "local_language_id": "1",
          "name": "ドイツ語",
          "language_id": "6"
     },
     {
          "local_language_id": "9",
          "name": "German",
          "language_id": "6"
     },
     {
          "local_language_id": "1",
          "name": "西語",
          "language_id": "7"
     },
     {
          "local_language_id": "9",
          "name": "Spanish",
          "language_id": "7"
     },
     {
          "local_language_id": "1",
          "name": "伊語",
          "language_id": "8"
     },
     {
          "local_language_id": "9",
          "name": "Italian",
          "language_id": "8"
     },
     {
          "local_language_id": "1",
          "name": "英語",
          "language_id": "9"
     },
     {
          "local_language_id": "9",
          "name": "English",
          "language_id": "9"
     },
     {
          "local_language_id": "1",
          "name": "チェコ語",
          "language_id": "10"
     },
     {
          "local_language_id": "9",
          "name": "Czech",
          "language_id": "10"
     },
     {
          "local_language_id": "10",
          "name": "Čínština",
          "language_id": "4"
     },
     {
          "local_language_id": "10",
          "name": "Francouzština",
          "language_id": "5"
     },
     {
          "local_language_id": "10",
          "name": "Korejština",
          "language_id": "3"
     },
     {
          "local_language_id": "10",
          "name": "Němčina",
          "language_id": "6"
     },
     {
          "local_language_id": "10",
          "name": "Italština",
          "language_id": "8"
     },
     {
          "local_language_id": "10",
          "name": "Angličtina",
          "language_id": "9"
     },
     {
          "local_language_id": "10",
          "name": "Španělština",
          "language_id": "7"
     },
     {
          "local_language_id": "10",
          "name": "Japonština",
          "language_id": "1"
     }
]