[
     {
          "generation_id": "4",
          "game_index": "7",
          "location_id": "1"
     },
     {
          "generation_id": "4",
          "game_index": "9",
          "location_id": "2"
     },
     {
          "generation_id": "4",
          "game_index": "11",
          "location_id": "3"
     },
     {
          "generation_id": "4",
          "game_index": "13",
          "location_id": "4"
     },
     {
          "generation_id": "4",
          "game_index": "15",
          "location_id": "5"
     },
     {
          "generation_id": "4",
          "game_index": "46",
          "location_id": "6"
     },
     {
          "generation_id": "4",
          "game_index": "47",
          "location_id": "7"
     },
     {
          "generation_id": "4",
          "game_index": "48",
          "location_id": "8"
     },
     {
          "generation_id": "4",
          "game_index": "49",
          "location_id": "9"
     },
     {
          "generation_id": "4",
          "game_index": "50",
          "location_id": "10"
     },
     {
          "generation_id": "4",
          "game_index": "52",
          "location_id": "11"
     },
     {
          "generation_id": "4",
          "game_index": "53",
          "location_id": "12"
     },
     {
          "generation_id": "4",
          "game_index": "54",
          "location_id": "13"
     },
     {
          "generation_id": "4",
          "game_index": "57",
          "location_id": "14"
     },
     {
          "generation_id": "4",
          "game_index": "59",
          "location_id": "15"
     },
     {
          "generation_id": "4",
          "game_index": "84",
          "location_id": "16"
     },
     {
          "generation_id": "4",
          "game_index": "75",
          "location_id": "17"
     },
     {
          "generation_id": "4",
          "game_index": "62",
          "location_id": "18"
     },
     {
          "generation_id": "4",
          "game_index": "64",
          "location_id": "19"
     },
     {
          "generation_id": "4",
          "game_index": "65",
          "location_id": "20"
     },
     {
          "generation_id": "4",
          "game_index": "66",
          "location_id": "22"
     },
     {
          "generation_id": "4",
          "game_index": "68",
          "location_id": "23"
     },
     {
          "generation_id": "4",
          "game_index": "69",
          "location_id": "24"
     },
     {
          "generation_id": "4",
          "game_index": "70",
          "location_id": "25"
     },
     {
          "generation_id": "4",
          "game_index": "76",
          "location_id": "26"
     },
     {
          "generation_id": "4",
          "game_index": "77",
          "location_id": "27"
     },
     {
          "generation_id": "4",
          "game_index": "78",
          "location_id": "28"
     },
     {
          "generation_id": "4",
          "game_index": "73",
          "location_id": "29"
     },
     {
          "generation_id": "4",
          "game_index": "74",
          "location_id": "30"
     },
     {
          "generation_id": "4",
          "game_index": "16",
          "location_id": "31"
     },
     {
          "generation_id": "4",
          "game_index": "17",
          "location_id": "32"
     },
     {
          "generation_id": "4",
          "game_index": "18",
          "location_id": "33"
     },
     {
          "generation_id": "4",
          "game_index": "19",
          "location_id": "34"
     },
     {
          "generation_id": "4",
          "game_index": "20",
          "location_id": "35"
     },
     {
          "generation_id": "4",
          "game_index": "21",
          "location_id": "36"
     },
     {
          "generation_id": "4",
          "game_index": "22",
          "location_id": "37"
     },
     {
          "generation_id": "4",
          "game_index": "23",
          "location_id": "38"
     },
     {
          "generation_id": "4",
          "game_index": "24",
          "location_id": "39"
     },
     {
          "generation_id": "4",
          "game_index": "25",
          "location_id": "41"
     },
     {
          "generation_id": "4",
          "game_index": "26",
          "location_id": "42"
     },
     {
          "generation_id": "4",
          "game_index": "27",
          "location_id": "43"
     },
     {
          "generation_id": "4",
          "game_index": "28",
          "location_id": "44"
     },
     {
          "generation_id": "4",
          "game_index": "29",
          "location_id": "45"
     },
     {
          "generation_id": "4",
          "game_index": "30",
          "location_id": "46"
     },
     {
          "generation_id": "4",
          "game_index": "31",
          "location_id": "47"
     },
     {
          "generation_id": "4",
          "game_index": "32",
          "location_id": "48"
     },
     {
          "generation_id": "4",
          "game_index": "33",
          "location_id": "49"
     },
     {
          "generation_id": "4",
          "game_index": "34",
          "location_id": "50"
     },
     {
          "generation_id": "4",
          "game_index": "36",
          "location_id": "51"
     },
     {
          "generation_id": "4",
          "game_index": "37",
          "location_id": "52"
     },
     {
          "generation_id": "4",
          "game_index": "39",
          "location_id": "53"
     },
     {
          "generation_id": "4",
          "game_index": "40",
          "location_id": "54"
     },
     {
          "generation_id": "4",
          "game_index": "42",
          "location_id": "55"
     },
     {
          "generation_id": "4",
          "game_index": "43",
          "location_id": "56"
     },
     {
          "generation_id": "4",
          "game_index": "44",
          "location_id": "57"
     },
     {
          "generation_id": "4",
          "game_index": "1",
          "location_id": "58"
     },
     {
          "generation_id": "4",
          "game_index": "5",
          "location_id": "59"
     },
     {
          "generation_id": "4",
          "game_index": "83",
          "location_id": "60"
     },
     {
          "generation_id": "4",
          "game_index": "35",
          "location_id": "61"
     },
     {
          "generation_id": "4",
          "game_index": "38",
          "location_id": "62"
     },
     {
          "generation_id": "4",
          "game_index": "41",
          "location_id": "63"
     },
     {
          "generation_id": "4",
          "game_index": "45",
          "location_id": "64"
     },
     {
          "generation_id": "4",
          "game_index": "136",
          "location_id": "65"
     },
     {
          "generation_id": "4",
          "game_index": "206",
          "location_id": "66"
     },
     {
          "generation_id": "4",
          "game_index": "144",
          "location_id": "67"
     },
     {
          "generation_id": "4",
          "game_index": "141",
          "location_id": "68"
     },
     {
          "generation_id": "4",
          "game_index": "127",
          "location_id": "69"
     },
     {
          "generation_id": "4",
          "game_index": "130",
          "location_id": "70"
     },
     {
          "generation_id": "4",
          "game_index": "146",
          "location_id": "71"
     },
     {
          "generation_id": "4",
          "game_index": "220",
          "location_id": "72"
     },
     {
          "generation_id": "4",
          "game_index": "197",
          "location_id": "73"
     },
     {
          "generation_id": "4",
          "game_index": "222",
          "location_id": "74"
     },
     {
          "generation_id": "4",
          "game_index": "133",
          "location_id": "75"
     },
     {
          "generation_id": "4",
          "game_index": "145",
          "location_id": "76"
     },
     {
          "generation_id": "4",
          "game_index": "217",
          "location_id": "77"
     },
     {
          "generation_id": "4",
          "game_index": "214",
          "location_id": "78"
     },
     {
          "generation_id": "4",
          "game_index": "135",
          "location_id": "79"
     },
     {
          "generation_id": "4",
          "game_index": "198",
          "location_id": "80"
     },
     {
          "generation_id": "4",
          "game_index": "216",
          "location_id": "81"
     },
     {
          "generation_id": "4",
          "game_index": "137",
          "location_id": "82"
     },
     {
          "generation_id": "4",
          "game_index": "207",
          "location_id": "83"
     },
     {
          "generation_id": "4",
          "game_index": "126",
          "location_id": "84"
     },
     {
          "generation_id": "4",
          "game_index": "132",
          "location_id": "85"
     },
     {
          "generation_id": "4",
          "game_index": "138",
          "location_id": "86"
     },
     {
          "generation_id": "4",
          "game_index": "200",
          "location_id": "87"
     },
     {
          "generation_id": "4",
          "game_index": "149",
          "location_id": "88"
     },
     {
          "generation_id": "4",
          "game_index": "158",
          "location_id": "89"
     },
     {
          "generation_id": "4",
          "game_index": "159",
          "location_id": "90"
     },
     {
          "generation_id": "4",
          "game_index": "160",
          "location_id": "91"
     },
     {
          "generation_id": "4",
          "game_index": "161",
          "location_id": "92"
     },
     {
          "generation_id": "4",
          "game_index": "162",
          "location_id": "93"
     },
     {
          "generation_id": "4",
          "game_index": "163",
          "location_id": "94"
     },
     {
          "generation_id": "4",
          "game_index": "164",
          "location_id": "95"
     },
     {
          "generation_id": "4",
          "game_index": "165",
          "location_id": "96"
     },
     {
          "generation_id": "4",
          "game_index": "166",
          "location_id": "97"
     },
     {
          "generation_id": "4",
          "game_index": "167",
          "location_id": "98"
     },
     {
          "generation_id": "4",
          "game_index": "150",
          "location_id": "99"
     },
     {
          "generation_id": "4",
          "game_index": "168",
          "location_id": "100"
     },
     {
          "generation_id": "4",
          "game_index": "169",
          "location_id": "101"
     },
     {
          "generation_id": "4",
          "game_index": "170",
          "location_id": "102"
     },
     {
          "generation_id": "4",
          "game_index": "172",
          "location_id": "103"
     },
     {
          "generation_id": "4",
          "game_index": "173",
          "location_id": "104"
     },
     {
          "generation_id": "4",
          "game_index": "174",
          "location_id": "105"
     },
     {
          "generation_id": "4",
          "game_index": "175",
          "location_id": "106"
     },
     {
          "generation_id": "4",
          "game_index": "176",
          "location_id": "107"
     },
     {
          "generation_id": "4",
          "game_index": "177",
          "location_id": "108"
     },
     {
          "generation_id": "4",
          "game_index": "151",
          "location_id": "109"
     },
     {
          "generation_id": "4",
          "game_index": "178",
          "location_id": "110"
     },
     {
          "generation_id": "4",
          "game_index": "179",
          "location_id": "111"
     },
     {
          "generation_id": "4",
          "game_index": "180",
          "location_id": "112"
     },
     {
          "generation_id": "4",
          "game_index": "181",
          "location_id": "113"
     },
     {
          "generation_id": "4",
          "game_index": "182",
          "location_id": "114"
     },
     {
          "generation_id": "4",
          "game_index": "183",
          "location_id": "115"
     },
     {
          "generation_id": "4",
          "game_index": "184",
          "location_id": "116"
     },
     {
          "generation_id": "4",
          "game_index": "185",
          "location_id": "117"
     },
     {
          "generation_id": "4",
          "game_index": "186",
          "location_id": "118"
     },
     {
          "generation_id": "4",
          "game_index": "187",
          "location_id": "119"
     },
     {
          "generation_id": "4",
          "game_index": "152",
          "location_id": "120"
     },
     {
          "generation_id": "4",
          "game_index": "188",
          "location_id": "121"
     },
     {
          "generation_id": "4",
          "game_index": "189",
          "location_id": "122"
     },
     {
          "generation_id": "4",
          "game_index": "190",
          "location_id": "123"
     },
     {
          "generation_id": "4",
          "game_index": "191",
          "location_id": "124"
     },
     {
          "generation_id": "4",
          "game_index": "192",
          "location_id": "125"
     },
     {
          "generation_id": "4",
          "game_index": "193",
          "location_id": "126"
     },
     {
          "generation_id": "4",
          "game_index": "194",
          "location_id": "127"
     },
     {
          "generation_id": "4",
          "game_index": "195",
          "location_id": "128"
     },
     {
          "generation_id": "4",
          "game_index": "196",
          "location_id": "129"
     },
     {
          "generation_id": "4",
          "game_index": "153",
          "location_id": "130"
     },
     {
          "generation_id": "4",
          "game_index": "154",
          "location_id": "131"
     },
     {
          "generation_id": "4",
          "game_index": "155",
          "location_id": "132"
     },
     {
          "generation_id": "4",
          "game_index": "156",
          "location_id": "133"
     },
     {
          "generation_id": "4",
          "game_index": "157",
          "location_id": "134"
     },
     {
          "generation_id": "4",
          "game_index": "209",
          "location_id": "135"
     },
     {
          "generation_id": "4",
          "game_index": "203",
          "location_id": "136"
     },
     {
          "generation_id": "4",
          "game_index": "211",
          "location_id": "137"
     },
     {
          "generation_id": "4",
          "game_index": "204",
          "location_id": "138"
     },
     {
          "generation_id": "4",
          "game_index": "205",
          "location_id": "139"
     },
     {
          "generation_id": "4",
          "game_index": "223",
          "location_id": "140"
     },
     {
          "generation_id": "4",
          "game_index": "210",
          "location_id": "141"
     },
     {
          "generation_id": "4",
          "game_index": "199",
          "location_id": "147"
     },
     {
          "generation_id": "4",
          "game_index": "143",
          "location_id": "151"
     },
     {
          "generation_id": "4",
          "game_index": "221",
          "location_id": "152"
     },
     {
          "generation_id": "4",
          "game_index": "128",
          "location_id": "153"
     },
     {
          "generation_id": "4",
          "game_index": "139",
          "location_id": "154"
     },
     {
          "generation_id": "4",
          "game_index": "224",
          "location_id": "155"
     },
     {
          "generation_id": "4",
          "game_index": "218",
          "location_id": "156"
     },
     {
          "generation_id": "4",
          "game_index": "171",
          "location_id": "157"
     },
     {
          "generation_id": "4",
          "game_index": "201",
          "location_id": "158"
     },
     {
          "generation_id": "4",
          "game_index": "106",
          "location_id": "161"
     },
     {
          "generation_id": "4",
          "game_index": "202",
          "location_id": "162"
     },
     {
          "generation_id": "4",
          "game_index": "2",
          "location_id": "163"
     },
     {
          "generation_id": "4",
          "game_index": "3",
          "location_id": "164"
     },
     {
          "generation_id": "4",
          "game_index": "4",
          "location_id": "165"
     },
     {
          "generation_id": "4",
          "game_index": "6",
          "location_id": "167"
     },
     {
          "generation_id": "4",
          "game_index": "8",
          "location_id": "168"
     },
     {
          "generation_id": "4",
          "game_index": "10",
          "location_id": "169"
     },
     {
          "generation_id": "4",
          "game_index": "12",
          "location_id": "170"
     },
     {
          "generation_id": "4",
          "game_index": "14",
          "location_id": "171"
     },
     {
          "generation_id": "4",
          "game_index": "51",
          "location_id": "172"
     },
     {
          "generation_id": "4",
          "game_index": "55",
          "location_id": "173"
     },
     {
          "generation_id": "4",
          "game_index": "56",
          "location_id": "174"
     },
     {
          "generation_id": "4",
          "game_index": "58",
          "location_id": "175"
     },
     {
          "generation_id": "4",
          "game_index": "60",
          "location_id": "177"
     },
     {
          "generation_id": "4",
          "game_index": "61",
          "location_id": "178"
     },
     {
          "generation_id": "4",
          "game_index": "63",
          "location_id": "179"
     },
     {
          "generation_id": "4",
          "game_index": "67",
          "location_id": "180"
     },
     {
          "generation_id": "4",
          "game_index": "71",
          "location_id": "181"
     },
     {
          "generation_id": "4",
          "game_index": "72",
          "location_id": "182"
     },
     {
          "generation_id": "4",
          "game_index": "79",
          "location_id": "183"
     },
     {
          "generation_id": "4",
          "game_index": "80",
          "location_id": "184"
     },
     {
          "generation_id": "4",
          "game_index": "81",
          "location_id": "185"
     },
     {
          "generation_id": "4",
          "game_index": "82",
          "location_id": "186"
     },
     {
          "generation_id": "4",
          "game_index": "85",
          "location_id": "187"
     },
     {
          "generation_id": "4",
          "game_index": "86",
          "location_id": "188"
     },
     {
          "generation_id": "4",
          "game_index": "87",
          "location_id": "190"
     },
     {
          "generation_id": "4",
          "game_index": "88",
          "location_id": "191"
     },
     {
          "generation_id": "4",
          "game_index": "89",
          "location_id": "192"
     },
     {
          "generation_id": "4",
          "game_index": "90",
          "location_id": "193"
     },
     {
          "generation_id": "4",
          "game_index": "91",
          "location_id": "194"
     },
     {
          "generation_id": "4",
          "game_index": "92",
          "location_id": "195"
     },
     {
          "generation_id": "4",
          "game_index": "93",
          "location_id": "196"
     },
     {
          "generation_id": "4",
          "game_index": "94",
          "location_id": "197"
     },
     {
          "generation_id": "4",
          "game_index": "95",
          "location_id": "198"
     },
     {
          "generation_id": "4",
          "game_index": "96",
          "location_id": "199"
     },
     {
          "generation_id": "4",
          "game_index": "97",
          "location_id": "200"
     },
     {
          "generation_id": "4",
          "game_index": "98",
          "location_id": "201"
     },
     {
          "generation_id": "4",
          "game_index": "99",
          "location_id": "202"
     },
     {
          "generation_id": "4",
          "game_index": "100",
          "location_id": "203"
     },
     {
          "generation_id": "4",
          "game_index": "101",
          "location_id": "204"
     },
     {
          "generation_id": "4",
          "game_index": "102",
          "location_id": "205"
     },
     {
          "generation_id": "4",
          "game_index": "103",
          "location_id": "206"
     },
     {
          "generation_id": "4",
          "game_index": "104",
          "location_id": "207"
     },
     {
          "generation_id": "4",
          "game_index": "105",
          "location_id": "208"
     },
     {
          "generation_id": "4",
          "game_index": "107",
          "location_id": "209"
     },
     {
          "generation_id": "4",
          "game_index": "108",
          "location_id": "210"
     },
     {
          "generation_id": "4",
          "game_index": "109",
          "location_id": "211"
     },
     {
          "generation_id": "4",
          "game_index": "110",
          "location_id": "212"
     },
     {
          "generation_id": "4",
          "game_index": "111",
          "location_id": "213"
     },
     {
          "generation_id": "4",
          "game_index": "112",
          "location_id": "214"
     },
     {
          "generation_id": "4",
          "game_index": "113",
          "location_id": "215"
     },
     {
          "generation_id": "4",
          "game_index": "114",
          "location_id": "216"
     },
     {
          "generation_id": "4",
          "game_index": "115",
          "location_id": "217"
     },
     {
          "generation_id": "4",
          "game_index": "116",
          "location_id": "218"
     },
     {
          "generation_id": "4",
          "game_index": "117",
          "location_id": "219"
     },
     {
          "generation_id": "4",
          "game_index": "118",
          "location_id": "220"
     },
     {
          "generation_id": "4",
          "game_index": "119",
          "location_id": "221"
     },
     {
          "generation_id": "4",
          "game_index": "120",
          "location_id": "222"
     },
     {
          "generation_id": "4",
          "game_index": "121",
          "location_id": "223"
     },
     {
          "generation_id": "4",
          "game_index": "122",
          "location_id": "224"
     },
     {
          "generation_id": "4",
          "game_index": "123",
          "location_id": "225"
     },
     {
          "generation_id": "4",
          "game_index": "124",
          "location_id": "226"
     },
     {
          "generation_id": "4",
          "game_index": "125",
          "location_id": "227"
     },
     {
          "generation_id": "4",
          "game_index": "129",
          "location_id": "228"
     },
     {
          "generation_id": "4",
          "game_index": "131",
          "location_id": "229"
     },
     {
          "generation_id": "4",
          "game_index": "134",
          "location_id": "230"
     },
     {
          "generation_id": "4",
          "game_index": "140",
          "location_id": "231"
     },
     {
          "generation_id": "4",
          "game_index": "142",
          "location_id": "232"
     },
     {
          "generation_id": "4",
          "game_index": "147",
          "location_id": "233"
     },
     {
          "generation_id": "4",
          "game_index": "148",
          "location_id": "234"
     },
     {
          "generation_id": "4",
          "game_index": "212",
          "location_id": "236"
     },
     {
          "generation_id": "4",
          "game_index": "213",
          "location_id": "237"
     },
     {
          "generation_id": "4",
          "game_index": "215",
          "location_id": "238"
     },
     {
          "generation_id": "4",
          "game_index": "219",
          "location_id": "239"
     },
     {
          "generation_id": "4",
          "game_index": "225",
          "location_id": "241"
     },
     {
          "generation_id": "4",
          "game_index": "226",
          "location_id": "242"
     },
     {
          "generation_id": "4",
          "game_index": "227",
          "location_id": "243"
     },
     {
          "generation_id": "4",
          "game_index": "228",
          "location_id": "244"
     },
     {
          "generation_id": "4",
          "game_index": "229",
          "location_id": "245"
     },
     {
          "generation_id": "4",
          "game_index": "230",
          "location_id": "246"
     },
     {
          "generation_id": "4",
          "game_index": "231",
          "location_id": "247"
     },
     {
          "generation_id": "4",
          "game_index": "232",
          "location_id": "248"
     },
     {
          "generation_id": "4",
          "game_index": "233",
          "location_id": "249"
     },
     {
          "generation_id": "4",
          "game_index": "234",
          "location_id": "250"
     },
     {
          "generation_id": "4",
          "game_index": "208",
          "location_id": "252"
     },
     {
          "generation_id": "4",
          "game_index": "2000",
          "location_id": "253"
     },
     {
          "generation_id": "4",
          "game_index": "2001",
          "location_id": "254"
     },
     {
          "generation_id": "4",
          "game_index": "2002",
          "location_id": "255"
     },
     {
          "generation_id": "4",
          "game_index": "2003",
          "location_id": "256"
     },
     {
          "generation_id": "4",
          "game_index": "2004",
          "location_id": "257"
     },
     {
          "generation_id": "4",
          "game_index": "2005",
          "location_id": "258"
     },
     {
          "generation_id": "4",
          "game_index": "2006",
          "location_id": "259"
     },
     {
          "generation_id": "4",
          "game_index": "2008",
          "location_id": "260"
     },
     {
          "generation_id": "4",
          "game_index": "2009",
          "location_id": "261"
     },
     {
          "generation_id": "4",
          "game_index": "2010",
          "location_id": "262"
     },
     {
          "generation_id": "4",
          "game_index": "2011",
          "location_id": "263"
     },
     {
          "generation_id": "4",
          "game_index": "2012",
          "location_id": "264"
     },
     {
          "generation_id": "4",
          "game_index": "3000",
          "location_id": "265"
     },
     {
          "generation_id": "4",
          "game_index": "3001",
          "location_id": "266"
     },
     {
          "generation_id": "4",
          "game_index": "3002",
          "location_id": "267"
     },
     {
          "generation_id": "4",
          "game_index": "3003",
          "location_id": "268"
     },
     {
          "generation_id": "4",
          "game_index": "3004",
          "location_id": "269"
     },
     {
          "generation_id": "4",
          "game_index": "3005",
          "location_id": "270"
     },
     {
          "generation_id": "4",
          "game_index": "3006",
          "location_id": "271"
     },
     {
          "generation_id": "4",
          "game_index": "3007",
          "location_id": "272"
     },
     {
          "generation_id": "4",
          "game_index": "3008",
          "location_id": "273"
     },
     {
          "generation_id": "4",
          "game_index": "3009",
          "location_id": "274"
     },
     {
          "generation_id": "4",
          "game_index": "3010",
          "location_id": "275"
     },
     {
          "generation_id": "4",
          "game_index": "3011",
          "location_id": "276"
     },
     {
          "generation_id": "4",
          "game_index": "3012",
          "location_id": "277"
     },
     {
          "generation_id": "4",
          "game_index": "3013",
          "location_id": "278"
     },
     {
          "generation_id": "4",
          "game_index": "3014",
          "location_id": "279"
     },
     {
          "generation_id": "4",
          "game_index": "3015",
          "location_id": "280"
     },
     {
          "generation_id": "4",
          "game_index": "3016",
          "location_id": "281"
     },
     {
          "generation_id": "4",
          "game_index": "3017",
          "location_id": "282"
     },
     {
          "generation_id": "4",
          "game_index": "3018",
          "location_id": "283"
     },
     {
          "generation_id": "4",
          "game_index": "3019",
          "location_id": "284"
     },
     {
          "generation_id": "4",
          "game_index": "3020",
          "location_id": "285"
     },
     {
          "generation_id": "4",
          "game_index": "3021",
          "location_id": "286"
     },
     {
          "generation_id": "4",
          "game_index": "3022",
          "location_id": "287"
     },
     {
          "generation_id": "4",
          "game_index": "3023",
          "location_id": "288"
     },
     {
          "generation_id": "4",
          "game_index": "3024",
          "location_id": "289"
     },
     {
          "generation_id": "4",
          "game_index": "3025",
          "location_id": "290"
     },
     {
          "generation_id": "4",
          "game_index": "3026",
          "location_id": "291"
     },
     {
          "generation_id": "4",
          "game_index": "3027",
          "location_id": "292"
     },
     {
          "generation_id": "4",
          "game_index": "3028",
          "location_id": "293"
     },
     {
          "generation_id": "4",
          "game_index": "3029",
          "location_id": "294"
     },
     {
          "generation_id": "4",
          "game_index": "3030",
          "location_id": "295"
     },
     {
          "generation_id": "4",
          "game_index": "3031",
          "location_id": "296"
     },
     {
          "generation_id": "4",
          "game_index": "3032",
          "location_id": "297"
     },
     {
          "generation_id": "4",
          "game_index": "3033",
          "location_id": "298"
     },
     {
          "generation_id": "4",
          "game_index": "3034",
          "location_id": "299"
     },
     {
          "generation_id": "4",
          "game_index": "3035",
          "location_id": "300"
     },
     {
          "generation_id": "4",
          "game_index": "3036",
          "location_id": "301"
     },
     {
          "generation_id": "4",
          "game_index": "3037",
          "location_id": "302"
     },
     {
          "generation_id": "4",
          "game_index": "3038",
          "location_id": "303"
     },
     {
          "generation_id": "4",
          "game_index": "3039",
          "location_id": "304"
     },
     {
          "generation_id": "4",
          "game_index": "3040",
          "location_id": "305"
     },
     {
          "generation_id": "4",
          "game_index": "3041",
          "location_id": "306"
     },
     {
          "generation_id": "4",
          "game_index": "3042",
          "location_id": "307"
     },
     {
          "generation_id": "4",
          "game_index": "3043",
          "location_id": "308"
     },
     {
          "generation_id": "4",
          "game_index": "3044",
          "location_id": "309"
     },
     {
          "generation_id": "4",
          "game_index": "3045",
          "location_id": "310"
     },
     {
          "generation_id": "4",
          "game_index": "3046",
          "location_id": "311"
     },
     {
          "generation_id": "4",
          "game_index": "3047",
          "location_id": "312"
     },
     {
          "generation_id": "4",
          "game_index": "3048",
          "location_id": "313"
     },
     {
          "generation_id": "4",
          "game_index": "3049",
          "location_id": "314"
     },
     {
          "generation_id": "4",
          "game_index": "3050",
          "location_id": "315"
     },
     {
          "generation_id": "4",
          "game_index": "3051",
          "location_id": "316"
     },
     {
          "generation_id": "4",
          "game_index": "3052",
          "location_id": "317"
     },
     {
          "generation_id": "4",
          "game_index": "3053",
          "location_id": "318"
     },
     {
          "generation_id": "4",
          "game_index": "3054",
          "location_id": "319"
     },
     {
          "generation_id": "4",
          "game_index": "3055",
          "location_id": "320"
     },
     {
          "generation_id": "4",
          "game_index": "3056",
          "location_id": "321"
     },
     {
          "generation_id": "4",
          "game_index": "3057",
          "location_id": "322"
     },
     {
          "generation_id": "4",
          "game_index": "3058",
          "location_id": "323"
     },
     {
          "generation_id": "4",
          "game_index": "3059",
          "location_id": "324"
     },
     {
          "generation_id": "4",
          "game_index": "3060",
          "location_id": "325"
     },
     {
          "generation_id": "4",
          "game_index": "3061",
          "location_id": "326"
     },
     {
          "generation_id": "4",
          "game_index": "3062",
          "location_id": "327"
     },
     {
          "generation_id": "4",
          "game_index": "3063",
          "location_id": "328"
     },
     {
          "generation_id": "4",
          "game_index": "3064",
          "location_id": "329"
     },
     {
          "generation_id": "4",
          "game_index": "3065",
          "location_id": "330"
     },
     {
          "generation_id": "4",
          "game_index": "3066",
          "location_id": "331"
     },
     {
          "generation_id": "4",
          "game_index": "3067",
          "location_id": "332"
     },
     {
          "generation_id": "4",
          "game_index": "3068",
          "location_id": "333"
     },
     {
          "generation_id": "4",
          "game_index": "3069",
          "location_id": "334"
     },
     {
          "generation_id": "4",
          "game_index": "3070",
          "location_id": "335"
     },
     {
          "generation_id": "4",
          "game_index": "3071",
          "location_id": "336"
     },
     {
          "generation_id": "4",
          "game_index": "3072",
          "location_id": "337"
     },
     {
          "generation_id": "4",
          "game_index": "3073",
          "location_id": "338"
     },
     {
          "generation_id": "4",
          "game_index": "3074",
          "location_id": "339"
     },
     {
          "generation_id": "4",
          "game_index": "3075",
          "location_id": "340"
     },
     {
          "generation_id": "4",
          "game_index": "3076",
          "location_id": "341"
     },
     {
          "generation_id": "4",
          "game_index": "2013",
          "location_id": "342"
     },
     {
          "generation_id": "4",
          "game_index": "2014",
          "location_id": "343"
     },
     {
          "generation_id": "5",
          "game_index": "1",
          "location_id": "344"
     },
     {
          "generation_id": "5",
          "game_index": "2",
          "location_id": "345"
     },
     {
          "generation_id": "5",
          "game_index": "4",
          "location_id": "346"
     },
     {
          "generation_id": "5",
          "game_index": "81",
          "location_id": "346"
     },
     {
          "generation_id": "5",
          "game_index": "5",
          "location_id": "347"
     },
     {
          "generation_id": "5",
          "game_index": "6",
          "location_id": "348"
     },
     {
          "generation_id": "5",
          "game_index": "7",
          "location_id": "349"
     },
     {
          "generation_id": "5",
          "game_index": "8",
          "location_id": "350"
     },
     {
          "generation_id": "5",
          "game_index": "9",
          "location_id": "351"
     },
     {
          "generation_id": "5",
          "game_index": "76",
          "location_id": "351"
     },
     {
          "generation_id": "5",
          "game_index": "10",
          "location_id": "352"
     },
     {
          "generation_id": "5",
          "game_index": "77",
          "location_id": "352"
     },
     {
          "generation_id": "5",
          "game_index": "11",
          "location_id": "353"
     },
     {
          "generation_id": "5",
          "game_index": "78",
          "location_id": "353"
     },
     {
          "generation_id": "5",
          "game_index": "12",
          "location_id": "354"
     },
     {
          "generation_id": "5",
          "game_index": "79",
          "location_id": "354"
     },
     {
          "generation_id": "5",
          "game_index": "13",
          "location_id": "355"
     },
     {
          "generation_id": "5",
          "game_index": "80",
          "location_id": "355"
     },
     {
          "generation_id": "5",
          "game_index": "14",
          "location_id": "356"
     },
     {
          "generation_id": "5",
          "game_index": "15",
          "location_id": "357"
     },
     {
          "generation_id": "5",
          "game_index": "16",
          "location_id": "358"
     },
     {
          "generation_id": "5",
          "game_index": "17",
          "location_id": "359"
     },
     {
          "generation_id": "5",
          "game_index": "18",
          "location_id": "360"
     },
     {
          "generation_id": "5",
          "game_index": "93",
          "location_id": "360"
     },
     {
          "generation_id": "5",
          "game_index": "19",
          "location_id": "361"
     },
     {
          "generation_id": "5",
          "game_index": "94",
          "location_id": "361"
     },
     {
          "generation_id": "5",
          "game_index": "20",
          "location_id": "362"
     },
     {
          "generation_id": "5",
          "game_index": "95",
          "location_id": "362"
     },
     {
          "generation_id": "5",
          "game_index": "21",
          "location_id": "363"
     },
     {
          "generation_id": "5",
          "game_index": "96",
          "location_id": "363"
     },
     {
          "generation_id": "5",
          "game_index": "22",
          "location_id": "364"
     },
     {
          "generation_id": "5",
          "game_index": "97",
          "location_id": "364"
     },
     {
          "generation_id": "5",
          "game_index": "23",
          "location_id": "365"
     },
     {
          "generation_id": "5",
          "game_index": "24",
          "location_id": "366"
     },
     {
          "generation_id": "5",
          "game_index": "98",
          "location_id": "366"
     },
     {
          "generation_id": "5",
          "game_index": "25",
          "location_id": "367"
     },
     {
          "generation_id": "5",
          "game_index": "99",
          "location_id": "367"
     },
     {
          "generation_id": "5",
          "game_index": "26",
          "location_id": "368"
     },
     {
          "generation_id": "5",
          "game_index": "100",
          "location_id": "368"
     },
     {
          "generation_id": "5",
          "game_index": "27",
          "location_id": "369"
     },
     {
          "generation_id": "5",
          "game_index": "101",
          "location_id": "369"
     },
     {
          "generation_id": "5",
          "game_index": "28",
          "location_id": "370"
     },
     {
          "generation_id": "5",
          "game_index": "102",
          "location_id": "370"
     },
     {
          "generation_id": "5",
          "game_index": "29",
          "location_id": "371"
     },
     {
          "generation_id": "5",
          "game_index": "103",
          "location_id": "371"
     },
     {
          "generation_id": "5",
          "game_index": "30",
          "location_id": "372"
     },
     {
          "generation_id": "5",
          "game_index": "31",
          "location_id": "373"
     },
     {
          "generation_id": "5",
          "game_index": "32",
          "location_id": "374"
     },
     {
          "generation_id": "5",
          "game_index": "33",
          "location_id": "375"
     },
     {
          "generation_id": "5",
          "game_index": "34",
          "location_id": "376"
     },
     {
          "generation_id": "5",
          "game_index": "35",
          "location_id": "377"
     },
     {
          "generation_id": "5",
          "game_index": "36",
          "location_id": "378"
     },
     {
          "generation_id": "5",
          "game_index": "84",
          "location_id": "378"
     },
     {
          "generation_id": "5",
          "game_index": "37",
          "location_id": "379"
     },
     {
          "generation_id": "5",
          "game_index": "85",
          "location_id": "379"
     },
     {
          "generation_id": "5",
          "game_index": "38",
          "location_id": "380"
     },
     {
          "generation_id": "5",
          "game_index": "86",
          "location_id": "380"
     },
     {
          "generation_id": "5",
          "game_index": "39",
          "location_id": "381"
     },
     {
          "generation_id": "5",
          "game_index": "87",
          "location_id": "381"
     },
     {
          "generation_id": "5",
          "game_index": "40",
          "location_id": "382"
     },
     {
          "generation_id": "5",
          "game_index": "41",
          "location_id": "383"
     },
     {
          "generation_id": "5",
          "game_index": "104",
          "location_id": "383"
     },
     {
          "generation_id": "5",
          "game_index": "42",
          "location_id": "384"
     },
     {
          "generation_id": "5",
          "game_index": "105",
          "location_id": "384"
     },
     {
          "generation_id": "5",
          "game_index": "43",
          "location_id": "385"
     },
     {
          "generation_id": "5",
          "game_index": "44",
          "location_id": "386"
     },
     {
          "generation_id": "5",
          "game_index": "45",
          "location_id": "387"
     },
     {
          "generation_id": "5",
          "game_index": "46",
          "location_id": "388"
     },
     {
          "generation_id": "5",
          "game_index": "47",
          "location_id": "389"
     },
     {
          "generation_id": "5",
          "game_index": "48",
          "location_id": "390"
     },
     {
          "generation_id": "5",
          "game_index": "49",
          "location_id": "391"
     },
     {
          "generation_id": "5",
          "game_index": "50",
          "location_id": "392"
     },
     {
          "generation_id": "5",
          "game_index": "83",
          "location_id": "392"
     },
     {
          "generation_id": "5",
          "game_index": "51",
          "location_id": "393"
     },
     {
          "generation_id": "5",
          "game_index": "82",
          "location_id": "393"
     },
     {
          "generation_id": "5",
          "game_index": "52",
          "location_id": "394"
     },
     {
          "generation_id": "5",
          "game_index": "53",
          "location_id": "395"
     },
     {
          "generation_id": "5",
          "game_index": "54",
          "location_id": "396"
     },
     {
          "generation_id": "5",
          "game_index": "55",
          "location_id": "397"
     },
     {
          "generation_id": "5",
          "game_index": "56",
          "location_id": "398"
     },
     {
          "generation_id": "5",
          "game_index": "57",
          "location_id": "399"
     },
     {
          "generation_id": "5",
          "game_index": "58",
          "location_id": "400"
     },
     {
          "generation_id": "5",
          "game_index": "59",
          "location_id": "401"
     },
     {
          "generation_id": "5",
          "game_index": "60",
          "location_id": "402"
     },
     {
          "generation_id": "5",
          "game_index": "61",
          "location_id": "403"
     },
     {
          "generation_id": "5",
          "game_index": "88",
          "location_id": "403"
     },
     {
          "generation_id": "5",
          "game_index": "62",
          "location_id": "404"
     },
     {
          "generation_id": "5",
          "game_index": "63",
          "location_id": "405"
     },
     {
          "generation_id": "5",
          "game_index": "64",
          "location_id": "406"
     },
     {
          "generation_id": "5",
          "game_index": "65",
          "location_id": "407"
     },
     {
          "generation_id": "5",
          "game_index": "89",
          "location_id": "407"
     },
     {
          "generation_id": "5",
          "game_index": "66",
          "location_id": "408"
     },
     {
          "generation_id": "5",
          "game_index": "90",
          "location_id": "408"
     },
     {
          "generation_id": "5",
          "game_index": "67",
          "location_id": "409"
     },
     {
          "generation_id": "5",
          "game_index": "91",
          "location_id": "409"
     },
     {
          "generation_id": "5",
          "game_index": "68",
          "location_id": "410"
     },
     {
          "generation_id": "5",
          "game_index": "92",
          "location_id": "410"
     },
     {
          "generation_id": "5",
          "game_index": "69",
          "location_id": "411"
     },
     {
          "generation_id": "5",
          "game_index": "70",
          "location_id": "412"
     },
     {
          "generation_id": "5",
          "game_index": "71",
          "location_id": "413"
     },
     {
          "generation_id": "5",
          "game_index": "72",
          "location_id": "414"
     },
     {
          "generation_id": "5",
          "game_index": "73",
          "location_id": "415"
     },
     {
          "generation_id": "5",
          "game_index": "74",
          "location_id": "416"
     },
     {
          "generation_id": "5",
          "game_index": "75",
          "location_id": "417"
     },
     {
          "generation_id": "5",
          "game_index": "106",
          "location_id": "418"
     },
     {
          "generation_id": "5",
          "game_index": "107",
          "location_id": "419"
     },
     {
          "generation_id": "5",
          "game_index": "108",
          "location_id": "420"
     },
     {
          "generation_id": "5",
          "game_index": "109",
          "location_id": "421"
     },
     {
          "generation_id": "5",
          "game_index": "110",
          "location_id": "422"
     },
     {
          "generation_id": "5",
          "game_index": "111",
          "location_id": "423"
     },
     {
          "generation_id": "5",
          "game_index": "112",
          "location_id": "424"
     },
     {
          "generation_id": "5",
          "game_index": "113",
          "location_id": "425"
     },
     {
          "generation_id": "5",
          "game_index": "114",
          "location_id": "426"
     },
     {
          "generation_id": "5",
          "game_index": "115",
          "location_id": "427"
     },
     {
          "generation_id": "5",
          "game_index": "116",
          "location_id": "428"
     },
     {
          "generation_id": "5",
          "game_index": "117",
          "location_id": "531"
     },
     {
          "generation_id": "5",
          "game_index": "118",
          "location_id": "532"
     },
     {
          "generation_id": "5",
          "game_index": "119",
          "location_id": "533"
     },
     {
          "generation_id": "5",
          "game_index": "120",
          "location_id": "534"
     },
     {
          "generation_id": "5",
          "game_index": "121",
          "location_id": "535"
     },
     {
          "generation_id": "5",
          "game_index": "122",
          "location_id": "536"
     },
     {
          "generation_id": "5",
          "game_index": "123",
          "location_id": "537"
     },
     {
          "generation_id": "5",
          "game_index": "124",
          "location_id": "538"
     },
     {
          "generation_id": "5",
          "game_index": "125",
          "location_id": "539"
     },
     {
          "generation_id": "5",
          "game_index": "126",
          "location_id": "540"
     },
     {
          "generation_id": "5",
          "game_index": "127",
          "location_id": "541"
     },
     {
          "generation_id": "5",
          "game_index": "128",
          "location_id": "542"
     },
     {
          "generation_id": "5",
          "game_index": "129",
          "location_id": "543"
     },
     {
          "generation_id": "5",
          "game_index": "130",
          "location_id": "544"
     },
     {
          "generation_id": "5",
          "game_index": "131",
          "location_id": "545"
     },
     {
          "generation_id": "5",
          "game_index": "132",
          "location_id": "546"
     },
     {
          "generation_id": "5",
          "game_index": "133",
          "location_id": "547"
     },
     {
          "generation_id": "5",
          "game_index": "134",
          "location_id": "548"
     },
     {
          "generation_id": "5",
          "game_index": "135",
          "location_id": "549"
     },
     {
          "generation_id": "5",
          "game_index": "136",
          "location_id": "550"
     },
     {
          "generation_id": "5",
          "game_index": "137",
          "location_id": "551"
     },
     {
          "generation_id": "5",
          "game_index": "139",
          "location_id": "552"
     },
     {
          "generation_id": "5",
          "game_index": "140",
          "location_id": "553"
     },
     {
          "generation_id": "5",
          "game_index": "141",
          "location_id": "554"
     },
     {
          "generation_id": "5",
          "game_index": "142",
          "location_id": "555"
     },
     {
          "generation_id": "5",
          "game_index": "143",
          "location_id": "556"
     },
     {
          "generation_id": "5",
          "game_index": "144",
          "location_id": "557"
     },
     {
          "generation_id": "5",
          "game_index": "145",
          "location_id": "558"
     },
     {
          "generation_id": "5",
          "game_index": "146",
          "location_id": "559"
     },
     {
          "generation_id": "5",
          "game_index": "147",
          "location_id": "560"
     },
     {
          "generation_id": "5",
          "game_index": "148",
          "location_id": "561"
     },
     {
          "generation_id": "5",
          "game_index": "149",
          "location_id": "562"
     },
     {
          "generation_id": "5",
          "game_index": "150",
          "location_id": "563"
     },
     {
          "generation_id": "5",
          "game_index": "151",
          "location_id": "564"
     },
     {
          "generation_id": "5",
          "game_index": "152",
          "location_id": "565"
     },
     {
          "generation_id": "5",
          "game_index": "153",
          "location_id": "566"
     }
]