[
     {
          "local_language_id": "9",
          "name": "Canalave City",
          "location_id": "1"
     },
     {
          "local_language_id": "9",
          "name": "Eterna City",
          "location_id": "2"
     },
     {
          "local_language_id": "9",
          "name": "Pastoria City",
          "location_id": "3"
     },
     {
          "local_language_id": "9",
          "name": "Sunyshore City",
          "location_id": "4"
     },
     {
          "local_language_id": "9",
          "name": "Pokémon League",
          "location_id": "5"
     },
     {
          "local_language_id": "9",
          "name": "Oreburgh Mine",
          "location_id": "6"
     },
     {
          "local_language_id": "9",
          "name": "Valley Windworks",
          "location_id": "7"
     },
     {
          "local_language_id": "9",
          "name": "Eterna Forest",
          "location_id": "8"
     },
     {
          "local_language_id": "9",
          "name": "Fuego Ironworks",
          "location_id": "9"
     },
     {
          "local_language_id": "9",
          "name": "Mt. Coronet",
          "location_id": "10"
     },
     {
          "local_language_id": "9",
          "name": "Great Marsh",
          "location_id": "11"
     },
     {
          "local_language_id": "9",
          "name": "Solaceon Ruins",
          "location_id": "12"
     },
     {
          "local_language_id": "9",
          "name": "Victory Road",
          "location_id": "13"
     },
     {
          "local_language_id": "9",
          "name": "Ravaged Path",
          "location_id": "14"
     },
     {
          "local_language_id": "9",
          "name": "Oreburgh Gate",
          "location_id": "15"
     },
     {
          "local_language_id": "9",
          "name": "Stark Mountain",
          "location_id": "16"
     },
     {
          "local_language_id": "9",
          "name": "Spring Path",
          "location_id": "17"
     },
     {
          "local_language_id": "9",
          "name": "Turnback Cave",
          "location_id": "18"
     },
     {
          "local_language_id": "9",
          "name": "Snowpoint Temple",
          "location_id": "19"
     },
     {
          "local_language_id": "9",
          "name": "Wayward Cave",
          "location_id": "20"
     },
     {
          "local_language_id": "9",
          "name": "Ruin Maniac Cave",
          "location_id": "22"
     },
     {
          "local_language_id": "9",
          "name": "Trophy Garden",
          "location_id": "23"
     },
     {
          "local_language_id": "9",
          "name": "Iron Island",
          "location_id": "24"
     },
     {
          "local_language_id": "9",
          "name": "Old Chateau",
          "location_id": "25"
     },
     {
          "local_language_id": "9",
          "name": "Lake Verity",
          "location_id": "26"
     },
     {
          "local_language_id": "9",
          "name": "Lake Valor",
          "location_id": "27"
     },
     {
          "local_language_id": "9",
          "name": "Lake Acuity",
          "location_id": "28"
     },
     {
          "local_language_id": "9",
          "name": "Valor Lakefront",
          "location_id": "29"
     },
     {
          "local_language_id": "9",
          "name": "Acuity Lakefront",
          "location_id": "30"
     },
     {
          "local_language_id": "9",
          "name": "Route 201",
          "location_id": "31"
     },
     {
          "local_language_id": "9",
          "name": "Route 202",
          "location_id": "32"
     },
     {
          "local_language_id": "9",
          "name": "Route 203",
          "location_id": "33"
     },
     {
          "local_language_id": "9",
          "name": "Route 204",
          "location_id": "34"
     },
     {
          "local_language_id": "9",
          "name": "Route 205",
          "location_id": "35"
     },
     {
          "local_language_id": "9",
          "name": "Route 206",
          "location_id": "36"
     },
     {
          "local_language_id": "9",
          "name": "Route 207",
          "location_id": "37"
     },
     {
          "local_language_id": "9",
          "name": "Route 208",
          "location_id": "38"
     },
     {
          "local_language_id": "9",
          "name": "Route 209",
          "location_id": "39"
     },
     {
          "local_language_id": "9",
          "name": "Lost Tower",
          "location_id": "40"
     },
     {
          "local_language_id": "9",
          "name": "Route 210",
          "location_id": "41"
     },
     {
          "local_language_id": "9",
          "name": "Route 211",
          "location_id": "42"
     },
     {
          "local_language_id": "9",
          "name": "Route 212",
          "location_id": "43"
     },
     {
          "local_language_id": "9",
          "name": "Route 213",
          "location_id": "44"
     },
     {
          "local_language_id": "9",
          "name": "Route 214",
          "location_id": "45"
     },
     {
          "local_language_id": "9",
          "name": "Route 215",
          "location_id": "46"
     },
     {
          "local_language_id": "9",
          "name": "Route 216",
          "location_id": "47"
     },
     {
          "local_language_id": "9",
          "name": "Route 217",
          "location_id": "48"
     },
     {
          "local_language_id": "9",
          "name": "Route 218",
          "location_id": "49"
     },
     {
          "local_language_id": "9",
          "name": "Route 219",
          "location_id": "50"
     },
     {
          "local_language_id": "9",
          "name": "Route 221",
          "location_id": "51"
     },
     {
          "local_language_id": "9",
          "name": "Route 222",
          "location_id": "52"
     },
     {
          "local_language_id": "9",
          "name": "Route 224",
          "location_id": "53"
     },
     {
          "local_language_id": "9",
          "name": "Route 225",
          "location_id": "54"
     },
     {
          "local_language_id": "9",
          "name": "Route 227",
          "location_id": "55"
     },
     {
          "local_language_id": "9",
          "name": "Route 228",
          "location_id": "56"
     },
     {
          "local_language_id": "9",
          "name": "Route 229",
          "location_id": "57"
     },
     {
          "local_language_id": "9",
          "name": "Twinleaf Town",
          "location_id": "58"
     },
     {
          "local_language_id": "9",
          "name": "Celestic Town",
          "location_id": "59"
     },
     {
          "local_language_id": "9",
          "name": "Resort Area",
          "location_id": "60"
     },
     {
          "local_language_id": "9",
          "name": "Sea Route 220",
          "location_id": "61"
     },
     {
          "local_language_id": "9",
          "name": "Sea Route 223",
          "location_id": "62"
     },
     {
          "local_language_id": "9",
          "name": "Sea Route 226",
          "location_id": "63"
     },
     {
          "local_language_id": "9",
          "name": "Sea Route 230",
          "location_id": "64"
     },
     {
          "local_language_id": "9",
          "name": "Blackthorn City",
          "location_id": "65"
     },
     {
          "local_language_id": "9",
          "name": "Burned Tower",
          "location_id": "66"
     },
     {
          "local_language_id": "9",
          "name": "Celadon City",
          "location_id": "67"
     },
     {
          "local_language_id": "9",
          "name": "Cerulean City",
          "location_id": "68"
     },
     {
          "local_language_id": "9",
          "name": "Cherrygrove City",
          "location_id": "69"
     },
     {
          "local_language_id": "9",
          "name": "Cianwood City",
          "location_id": "70"
     },
     {
          "local_language_id": "9",
          "name": "Cinnabar Island",
          "location_id": "71"
     },
     {
          "local_language_id": "9",
          "name": "Dark Cave",
          "location_id": "72"
     },
     {
          "local_language_id": "9",
          "name": "Diglett's Cave",
          "location_id": "73"
     },
     {
          "local_language_id": "9",
          "name": "Dragon's Den",
          "location_id": "74"
     },
     {
          "local_language_id": "9",
          "name": "Ecruteak City",
          "location_id": "75"
     },
     {
          "local_language_id": "9",
          "name": "Fuchsia City",
          "location_id": "76"
     },
     {
          "local_language_id": "9",
          "name": "Ice Path",
          "location_id": "77"
     },
     {
          "local_language_id": "9",
          "name": "Ilex Forest",
          "location_id": "78"
     },
     {
          "local_language_id": "9",
          "name": "Lake of Rage",
          "location_id": "79"
     },
     {
          "local_language_id": "9",
          "name": "Mt. Moon",
          "location_id": "80"
     },
     {
          "local_language_id": "9",
          "name": "Mt. Mortar",
          "location_id": "81"
     },
     {
          "local_language_id": "9",
          "name": "Mt. Silver",
          "location_id": "82"
     },
     {
          "local_language_id": "9",
          "name": "National Park",
          "location_id": "83"
     },
     {
          "local_language_id": "9",
          "name": "New Bark Town",
          "location_id": "84"
     },
     {
          "local_language_id": "9",
          "name": "Olivine City",
          "location_id": "85"
     },
     {
          "local_language_id": "9",
          "name": "Pallet Town",
          "location_id": "86"
     },
     {
          "local_language_id": "9",
          "name": "Rock Tunnel",
          "location_id": "87"
     },
     {
          "local_language_id": "9",
          "name": "Route 1",
          "location_id": "88"
     },
     {
          "local_language_id": "9",
          "name": "Route 10",
          "location_id": "89"
     },
     {
          "local_language_id": "9",
          "name": "Route 11",
          "location_id": "90"
     },
     {
          "local_language_id": "9",
          "name": "Route 12",
          "location_id": "91"
     },
     {
          "local_language_id": "9",
          "name": "Route 13",
          "location_id": "92"
     },
     {
          "local_language_id": "9",
          "name": "Route 14",
          "location_id": "93"
     },
     {
          "local_language_id": "9",
          "name": "Route 15",
          "location_id": "94"
     },
     {
          "local_language_id": "9",
          "name": "Route 16",
          "location_id": "95"
     },
     {
          "local_language_id": "9",
          "name": "Route 17",
          "location_id": "96"
     },
     {
          "local_language_id": "9",
          "name": "Route 18",
          "location_id": "97"
     },
     {
          "local_language_id": "9",
          "name": "Sea Route 19",
          "location_id": "98"
     },
     {
          "local_language_id": "9",
          "name": "Route 2",
          "location_id": "99"
     },
     {
          "local_language_id": "9",
          "name": "Sea Route 20",
          "location_id": "100"
     },
     {
          "local_language_id": "9",
          "name": "Sea Route 21",
          "location_id": "101"
     },
     {
          "local_language_id": "9",
          "name": "Route 22",
          "location_id": "102"
     },
     {
          "local_language_id": "9",
          "name": "Route 24",
          "location_id": "103"
     },
     {
          "local_language_id": "9",
          "name": "Route 25",
          "location_id": "104"
     },
     {
          "local_language_id": "9",
          "name": "Route 26",
          "location_id": "105"
     },
     {
          "local_language_id": "9",
          "name": "Route 27",
          "location_id": "106"
     },
     {
          "local_language_id": "9",
          "name": "Route 28",
          "location_id": "107"
     },
     {
          "local_language_id": "9",
          "name": "Route 29",
          "location_id": "108"
     },
     {
          "local_language_id": "9",
          "name": "Route 3",
          "location_id": "109"
     },
     {
          "local_language_id": "9",
          "name": "Route 30",
          "location_id": "110"
     },
     {
          "local_language_id": "9",
          "name": "Route 31",
          "location_id": "111"
     },
     {
          "local_language_id": "9",
          "name": "Route 32",
          "location_id": "112"
     },
     {
          "local_language_id": "9",
          "name": "Route 33",
          "location_id": "113"
     },
     {
          "local_language_id": "9",
          "name": "Route 34",
          "location_id": "114"
     },
     {
          "local_language_id": "9",
          "name": "Route 35",
          "location_id": "115"
     },
     {
          "local_language_id": "9",
          "name": "Route 36",
          "location_id": "116"
     },
     {
          "local_language_id": "9",
          "name": "Route 37",
          "location_id": "117"
     },
     {
          "local_language_id": "9",
          "name": "Route 38",
          "location_id": "118"
     },
     {
          "local_language_id": "9",
          "name": "Route 39",
          "location_id": "119"
     },
     {
          "local_language_id": "9",
          "name": "Route 4",
          "location_id": "120"
     },
     {
          "local_language_id": "9",
          "name": "Sea Route 40",
          "location_id": "121"
     },
     {
          "local_language_id": "9",
          "name": "Sea Route 41",
          "location_id": "122"
     },
     {
          "local_language_id": "9",
          "name": "Route 42",
          "location_id": "123"
     },
     {
          "local_language_id": "9",
          "name": "Route 43",
          "location_id": "124"
     },
     {
          "local_language_id": "9",
          "name": "Route 44",
          "location_id": "125"
     },
     {
          "local_language_id": "9",
          "name": "Route 45",
          "location_id": "126"
     },
     {
          "local_language_id": "9",
          "name": "Route 46",
          "location_id": "127"
     },
     {
          "local_language_id": "9",
          "name": "Route 47",
          "location_id": "128"
     },
     {
          "local_language_id": "9",
          "name": "Route 48",
          "location_id": "129"
     },
     {
          "local_language_id": "9",
          "name": "Route 5",
          "location_id": "130"
     },
     {
          "local_language_id": "9",
          "name": "Route 6",
          "location_id": "131"
     },
     {
          "local_language_id": "9",
          "name": "Route 7",
          "location_id": "132"
     },
     {
          "local_language_id": "9",
          "name": "Route 8",
          "location_id": "133"
     },
     {
          "local_language_id": "9",
          "name": "Route 9",
          "location_id": "134"
     },
     {
          "local_language_id": "9",
          "name": "Ruins of Alph",
          "location_id": "135"
     },
     {
          "local_language_id": "9",
          "name": "Seafoam Islands",
          "location_id": "136"
     },
     {
          "local_language_id": "9",
          "name": "Slowpoke Well",
          "location_id": "137"
     },
     {
          "local_language_id": "9",
          "name": "Sprout Tower",
          "location_id": "138"
     },
     {
          "local_language_id": "9",
          "name": "Bell Tower",
          "location_id": "139"
     },
     {
          "local_language_id": "9",
          "name": "Tohjo Falls",
          "location_id": "140"
     },
     {
          "local_language_id": "9",
          "name": "Union Cave",
          "location_id": "141"
     },
     {
          "local_language_id": "9",
          "name": "Cerulean Cave",
          "location_id": "147"
     },
     {
          "local_language_id": "9",
          "name": "Unknown; all Poliwag",
          "location_id": "148"
     },
     {
          "local_language_id": "9",
          "name": "Unknown; all Rattata",
          "location_id": "149"
     },
     {
          "local_language_id": "9",
          "name": "Unknown; all bugs",
          "location_id": "150"
     },
     {
          "local_language_id": "9",
          "name": "Vermilion City",
          "location_id": "151"
     },
     {
          "local_language_id": "9",
          "name": "Victory Road",
          "location_id": "152"
     },
     {
          "local_language_id": "9",
          "name": "Violet City",
          "location_id": "153"
     },
     {
          "local_language_id": "9",
          "name": "Viridian City",
          "location_id": "154"
     },
     {
          "local_language_id": "9",
          "name": "Viridian Forest",
          "location_id": "155"
     },
     {
          "local_language_id": "9",
          "name": "Whirl Islands",
          "location_id": "156"
     },
     {
          "local_language_id": "9",
          "name": "Route 23",
          "location_id": "157"
     },
     {
          "local_language_id": "9",
          "name": "Power Plant",
          "location_id": "158"
     },
     {
          "local_language_id": "9",
          "name": "Victory Road",
          "location_id": "159"
     },
     {
          "local_language_id": "9",
          "name": "Pokémon Tower",
          "location_id": "160"
     },
     {
          "local_language_id": "9",
          "name": "Pokémon Mansion",
          "location_id": "161"
     },
     {
          "local_language_id": "9",
          "name": "Safari Zone",
          "location_id": "162"
     },
     {
          "local_language_id": "9",
          "name": "Sandgem Town",
          "location_id": "163"
     },
     {
          "local_language_id": "9",
          "name": "Floaroma Town",
          "location_id": "164"
     },
     {
          "local_language_id": "9",
          "name": "Solaceon Town",
          "location_id": "165"
     },
     {
          "local_language_id": "9",
          "name": "Jubilife City",
          "location_id": "167"
     },
     {
          "local_language_id": "9",
          "name": "Oreburgh City",
          "location_id": "168"
     },
     {
          "local_language_id": "9",
          "name": "Hearthome City",
          "location_id": "169"
     },
     {
          "local_language_id": "9",
          "name": "Veilstone City",
          "location_id": "170"
     },
     {
          "local_language_id": "9",
          "name": "Snowpoint City",
          "location_id": "171"
     },
     {
          "local_language_id": "9",
          "name": "Spear Pillar",
          "location_id": "172"
     },
     {
          "local_language_id": "9",
          "name": "Pal Park",
          "location_id": "173"
     },
     {
          "local_language_id": "9",
          "name": "Amity Square",
          "location_id": "174"
     },
     {
          "local_language_id": "9",
          "name": "Floaroma Meadow",
          "location_id": "175"
     },
     {
          "local_language_id": "9",
          "name": "Fullmoon Island",
          "location_id": "177"
     },
     {
          "local_language_id": "9",
          "name": "Sendoff Spring",
          "location_id": "178"
     },
     {
          "local_language_id": "9",
          "name": "Flower Paradise",
          "location_id": "179"
     },
     {
          "local_language_id": "9",
          "name": "Maniac Tunnel",
          "location_id": "180"
     },
     {
          "local_language_id": "9",
          "name": "Galactic HQ",
          "location_id": "181"
     },
     {
          "local_language_id": "9",
          "name": "Verity Lakefront",
          "location_id": "182"
     },
     {
          "local_language_id": "9",
          "name": "Newmoon Island",
          "location_id": "183"
     },
     {
          "local_language_id": "9",
          "name": "Battle Tower",
          "location_id": "184"
     },
     {
          "local_language_id": "9",
          "name": "Fight Area",
          "location_id": "185"
     },
     {
          "local_language_id": "9",
          "name": "Survival Area",
          "location_id": "186"
     },
     {
          "local_language_id": "9",
          "name": "Seabreak Path",
          "location_id": "187"
     },
     {
          "local_language_id": "9",
          "name": "Hall of Origin",
          "location_id": "188"
     },
     {
          "local_language_id": "9",
          "name": "Hall of Origin",
          "location_id": "189"
     },
     {
          "local_language_id": "9",
          "name": "Verity Cavern",
          "location_id": "190"
     },
     {
          "local_language_id": "9",
          "name": "Valor Cavern",
          "location_id": "191"
     },
     {
          "local_language_id": "9",
          "name": "Acuity Cavern",
          "location_id": "192"
     },
     {
          "local_language_id": "9",
          "name": "Jubilife TV",
          "location_id": "193"
     },
     {
          "local_language_id": "9",
          "name": "Pokétch Co.",
          "location_id": "194"
     },
     {
          "local_language_id": "9",
          "name": "GTS",
          "location_id": "195"
     },
     {
          "local_language_id": "9",
          "name": "Trainers’ School",
          "location_id": "196"
     },
     {
          "local_language_id": "9",
          "name": "Mining Museum",
          "location_id": "197"
     },
     {
          "local_language_id": "9",
          "name": "Flower Shop",
          "location_id": "198"
     },
     {
          "local_language_id": "9",
          "name": "Cycle Shop",
          "location_id": "199"
     },
     {
          "local_language_id": "9",
          "name": "Contest Hall",
          "location_id": "200"
     },
     {
          "local_language_id": "9",
          "name": "Poffin House",
          "location_id": "201"
     },
     {
          "local_language_id": "9",
          "name": "Foreign Building",
          "location_id": "202"
     },
     {
          "local_language_id": "9",
          "name": "Pokémon Day Care",
          "location_id": "203"
     },
     {
          "local_language_id": "9",
          "name": "Veilstone Store",
          "location_id": "204"
     },
     {
          "local_language_id": "9",
          "name": "Game Corner",
          "location_id": "205"
     },
     {
          "local_language_id": "9",
          "name": "Canalave Library",
          "location_id": "206"
     },
     {
          "local_language_id": "9",
          "name": "Vista Lighthouse",
          "location_id": "207"
     },
     {
          "local_language_id": "9",
          "name": "Sunyshore Market",
          "location_id": "208"
     },
     {
          "local_language_id": "9",
          "name": "Footstep House",
          "location_id": "209"
     },
     {
          "local_language_id": "9",
          "name": "Café",
          "location_id": "210"
     },
     {
          "local_language_id": "9",
          "name": "Grand Lake",
          "location_id": "211"
     },
     {
          "local_language_id": "9",
          "name": "Restaurant",
          "location_id": "212"
     },
     {
          "local_language_id": "9",
          "name": "Battle Park",
          "location_id": "213"
     },
     {
          "local_language_id": "9",
          "name": "Battle Frontier",
          "location_id": "214"
     },
     {
          "local_language_id": "9",
          "name": "Battle Factory",
          "location_id": "215"
     },
     {
          "local_language_id": "9",
          "name": "Battle Castle",
          "location_id": "216"
     },
     {
          "local_language_id": "9",
          "name": "Battle Arcade",
          "location_id": "217"
     },
     {
          "local_language_id": "9",
          "name": "Battle Hall",
          "location_id": "218"
     },
     {
          "local_language_id": "9",
          "name": "Distortion World",
          "location_id": "219"
     },
     {
          "local_language_id": "9",
          "name": "Global Terminal",
          "location_id": "220"
     },
     {
          "local_language_id": "9",
          "name": "Villa",
          "location_id": "221"
     },
     {
          "local_language_id": "9",
          "name": "Battleground",
          "location_id": "222"
     },
     {
          "local_language_id": "9",
          "name": "ROTOM's Room",
          "location_id": "223"
     },
     {
          "local_language_id": "9",
          "name": "T.G. Eterna Bldg",
          "location_id": "224"
     },
     {
          "local_language_id": "9",
          "name": "Iron Ruins",
          "location_id": "225"
     },
     {
          "local_language_id": "9",
          "name": "Iceberg Ruins",
          "location_id": "226"
     },
     {
          "local_language_id": "9",
          "name": "Rock Peak Ruins",
          "location_id": "227"
     },
     {
          "local_language_id": "9",
          "name": "Azalea Town",
          "location_id": "228"
     },
     {
          "local_language_id": "9",
          "name": "Goldenrod City",
          "location_id": "229"
     },
     {
          "local_language_id": "9",
          "name": "Mahogany Town",
          "location_id": "230"
     },
     {
          "local_language_id": "9",
          "name": "Pewter City",
          "location_id": "231"
     },
     {
          "local_language_id": "9",
          "name": "Lavender Town",
          "location_id": "232"
     },
     {
          "local_language_id": "9",
          "name": "Indigo Plateau",
          "location_id": "233"
     },
     {
          "local_language_id": "9",
          "name": "Saffron City",
          "location_id": "234"
     },
     {
          "local_language_id": "9",
          "name": "Lighthouse",
          "location_id": "236"
     },
     {
          "local_language_id": "9",
          "name": "Team Rocket HQ",
          "location_id": "237"
     },
     {
          "local_language_id": "9",
          "name": "Goldenrod Tunnel",
          "location_id": "238"
     },
     {
          "local_language_id": "9",
          "name": "Mt. Silver Cave",
          "location_id": "239"
     },
     {
          "local_language_id": "9",
          "name": "Pokéathlon Dome",
          "location_id": "241"
     },
     {
          "local_language_id": "9",
          "name": "S.S. Aqua",
          "location_id": "242"
     },
     {
          "local_language_id": "9",
          "name": "Safari Zone Gate",
          "location_id": "243"
     },
     {
          "local_language_id": "9",
          "name": "Cliff Cave",
          "location_id": "244"
     },
     {
          "local_language_id": "9",
          "name": "Frontier Access",
          "location_id": "245"
     },
     {
          "local_language_id": "9",
          "name": "Bellchime Trail",
          "location_id": "246"
     },
     {
          "local_language_id": "9",
          "name": "Sinjoh Ruins",
          "location_id": "247"
     },
     {
          "local_language_id": "9",
          "name": "Embedded Tower",
          "location_id": "248"
     },
     {
          "local_language_id": "9",
          "name": "Pokéwalker",
          "location_id": "249"
     },
     {
          "local_language_id": "9",
          "name": "Cliff Edge Gate",
          "location_id": "250"
     },
     {
          "local_language_id": "9",
          "name": "Radio Tower",
          "location_id": "252"
     },
     {
          "local_language_id": "9",
          "name": "Day-Care Couple",
          "location_id": "253"
     },
     {
          "local_language_id": "9",
          "name": "Link trade (arrive)",
          "location_id": "254"
     },
     {
          "local_language_id": "9",
          "name": "Link trade (met)",
          "location_id": "255"
     },
     {
          "local_language_id": "9",
          "name": "Kanto",
          "location_id": "256"
     },
     {
          "local_language_id": "9",
          "name": "Johto",
          "location_id": "257"
     },
     {
          "local_language_id": "9",
          "name": "Hoenn",
          "location_id": "258"
     },
     {
          "local_language_id": "9",
          "name": "Sinnoh",
          "location_id": "259"
     },
     {
          "local_language_id": "9",
          "name": "Distant land",
          "location_id": "260"
     },
     {
          "local_language_id": "9",
          "name": "Traveling Man",
          "location_id": "261"
     },
     {
          "local_language_id": "9",
          "name": "Riley",
          "location_id": "262"
     },
     {
          "local_language_id": "9",
          "name": "Cynthia",
          "location_id": "263"
     },
     {
          "local_language_id": "9",
          "name": "Mystery Zone",
          "location_id": "264"
     },
     {
          "local_language_id": "9",
          "name": "Lovely place",
          "location_id": "265"
     },
     {
          "local_language_id": "9",
          "name": "Pokémon Ranger",
          "location_id": "266"
     },
     {
          "local_language_id": "9",
          "name": "Faraway place",
          "location_id": "267"
     },
     {
          "local_language_id": "9",
          "name": "Pokémon Movie",
          "location_id": "268"
     },
     {
          "local_language_id": "9",
          "name": "Pokémon Movie 06",
          "location_id": "269"
     },
     {
          "local_language_id": "9",
          "name": "Pokémon Movie 07",
          "location_id": "270"
     },
     {
          "local_language_id": "9",
          "name": "Pokémon Movie 08",
          "location_id": "271"
     },
     {
          "local_language_id": "9",
          "name": "Pokémon Movie 09",
          "location_id": "272"
     },
     {
          "local_language_id": "9",
          "name": "Pokémon Movie 10",
          "location_id": "273"
     },
     {
          "local_language_id": "9",
          "name": "Pokémon Movie 11",
          "location_id": "274"
     },
     {
          "local_language_id": "9",
          "name": "Pokémon Movie 12",
          "location_id": "275"
     },
     {
          "local_language_id": "9",
          "name": "Pokémon Movie 13",
          "location_id": "276"
     },
     {
          "local_language_id": "9",
          "name": "Pokémon Movie 14",
          "location_id": "277"
     },
     {
          "local_language_id": "9",
          "name": "Pokémon Movie 15",
          "location_id": "278"
     },
     {
          "local_language_id": "9",
          "name": "Pokémon Movie 16",
          "location_id": "279"
     },
     {
          "local_language_id": "9",
          "name": "Pokémon Cartoon",
          "location_id": "280"
     },
     {
          "local_language_id": "9",
          "name": "Space World",
          "location_id": "281"
     },
     {
          "local_language_id": "9",
          "name": "Space World 06",
          "location_id": "282"
     },
     {
          "local_language_id": "9",
          "name": "Space World 07",
          "location_id": "283"
     },
     {
          "local_language_id": "9",
          "name": "Space World 08",
          "location_id": "284"
     },
     {
          "local_language_id": "9",
          "name": "Space World 09",
          "location_id": "285"
     },
     {
          "local_language_id": "9",
          "name": "Space World 10",
          "location_id": "286"
     },
     {
          "local_language_id": "9",
          "name": "Space World 11",
          "location_id": "287"
     },
     {
          "local_language_id": "9",
          "name": "Space World 12",
          "location_id": "288"
     },
     {
          "local_language_id": "9",
          "name": "Space World 13",
          "location_id": "289"
     },
     {
          "local_language_id": "9",
          "name": "Space World 14",
          "location_id": "290"
     },
     {
          "local_language_id": "9",
          "name": "Space World 15",
          "location_id": "291"
     },
     {
          "local_language_id": "9",
          "name": "Space World 16",
          "location_id": "292"
     },
     {
          "local_language_id": "9",
          "name": "Pokémon Festa",
          "location_id": "293"
     },
     {
          "local_language_id": "9",
          "name": "Pokémon Festa 06",
          "location_id": "294"
     },
     {
          "local_language_id": "9",
          "name": "Pokémon Festa 07",
          "location_id": "295"
     },
     {
          "local_language_id": "9",
          "name": "Pokémon Festa 08",
          "location_id": "296"
     },
     {
          "local_language_id": "9",
          "name": "Pokémon Festa 09",
          "location_id": "297"
     },
     {
          "local_language_id": "9",
          "name": "Pokémon Festa 10",
          "location_id": "298"
     },
     {
          "local_language_id": "9",
          "name": "Pokémon Festa 11",
          "location_id": "299"
     },
     {
          "local_language_id": "9",
          "name": "Pokémon Festa 12",
          "location_id": "300"
     },
     {
          "local_language_id": "9",
          "name": "Pokémon Festa 13",
          "location_id": "301"
     },
     {
          "local_language_id": "9",
          "name": "Pokémon Festa 14",
          "location_id": "302"
     },
     {
          "local_language_id": "9",
          "name": "Pokémon Festa 15",
          "location_id": "303"
     },
     {
          "local_language_id": "9",
          "name": "Pokémon Festa 16",
          "location_id": "304"
     },
     {
          "local_language_id": "9",
          "name": "POKéPARK",
          "location_id": "305"
     },
     {
          "local_language_id": "9",
          "name": "POKéPARK 06",
          "location_id": "306"
     },
     {
          "local_language_id": "9",
          "name": "POKéPARK 07",
          "location_id": "307"
     },
     {
          "local_language_id": "9",
          "name": "POKéPARK 08",
          "location_id": "308"
     },
     {
          "local_language_id": "9",
          "name": "POKéPARK 09",
          "location_id": "309"
     },
     {
          "local_language_id": "9",
          "name": "POKéPARK 10",
          "location_id": "310"
     },
     {
          "local_language_id": "9",
          "name": "POKéPARK 11",
          "location_id": "311"
     },
     {
          "local_language_id": "9",
          "name": "POKéPARK 12",
          "location_id": "312"
     },
     {
          "local_language_id": "9",
          "name": "POKéPARK 13",
          "location_id": "313"
     },
     {
          "local_language_id": "9",
          "name": "POKéPARK 14",
          "location_id": "314"
     },
     {
          "local_language_id": "9",
          "name": "POKéPARK 15",
          "location_id": "315"
     },
     {
          "local_language_id": "9",
          "name": "POKéPARK 16",
          "location_id": "316"
     },
     {
          "local_language_id": "9",
          "name": "Pokémon Center",
          "location_id": "317"
     },
     {
          "local_language_id": "9",
          "name": "PC Tokyo",
          "location_id": "318"
     },
     {
          "local_language_id": "9",
          "name": "PC Osaka",
          "location_id": "319"
     },
     {
          "local_language_id": "9",
          "name": "PC Fukuoka",
          "location_id": "320"
     },
     {
          "local_language_id": "9",
          "name": "PC Nagoya",
          "location_id": "321"
     },
     {
          "local_language_id": "9",
          "name": "PC Sapporo",
          "location_id": "322"
     },
     {
          "local_language_id": "9",
          "name": "PC Yokohama",
          "location_id": "323"
     },
     {
          "local_language_id": "9",
          "name": "Nintendo World",
          "location_id": "324"
     },
     {
          "local_language_id": "9",
          "name": "Pokémon Event",
          "location_id": "325"
     },
     {
          "local_language_id": "9",
          "name": "Pokémon Event 06",
          "location_id": "326"
     },
     {
          "local_language_id": "9",
          "name": "Pokémon Event 07",
          "location_id": "327"
     },
     {
          "local_language_id": "9",
          "name": "Pokémon Event 08",
          "location_id": "328"
     },
     {
          "local_language_id": "9",
          "name": "Pokémon Event 09",
          "location_id": "329"
     },
     {
          "local_language_id": "9",
          "name": "Pokémon Event 10",
          "location_id": "330"
     },
     {
          "local_language_id": "9",
          "name": "Pokémon Event 11",
          "location_id": "331"
     },
     {
          "local_language_id": "9",
          "name": "Pokémon Event 12",
          "location_id": "332"
     },
     {
          "local_language_id": "9",
          "name": "Pokémon Event 13",
          "location_id": "333"
     },
     {
          "local_language_id": "9",
          "name": "Pokémon Event 14",
          "location_id": "334"
     },
     {
          "local_language_id": "9",
          "name": "Pokémon Event 15",
          "location_id": "335"
     },
     {
          "local_language_id": "9",
          "name": "Pokémon Event 16",
          "location_id": "336"
     },
     {
          "local_language_id": "9",
          "name": "Wi-Fi Event",
          "location_id": "337"
     },
     {
          "local_language_id": "9",
          "name": "Wi-Fi Gift",
          "location_id": "338"
     },
     {
          "local_language_id": "9",
          "name": "Pokémon Fan Club",
          "location_id": "339"
     },
     {
          "local_language_id": "9",
          "name": "Event Site",
          "location_id": "340"
     },
     {
          "local_language_id": "9",
          "name": "Concert Event",
          "location_id": "341"
     },
     {
          "local_language_id": "9",
          "name": "Mr. Pokémon",
          "location_id": "342"
     },
     {
          "local_language_id": "9",
          "name": "Primo",
          "location_id": "343"
     },
     {
          "local_language_id": "1",
          "name": "なぞの場所",
          "location_id": "344"
     },
     {
          "local_language_id": "9",
          "name": "Mystery Zone",
          "location_id": "344"
     },
     {
          "local_language_id": "1",
          "name": "遠い場所",
          "location_id": "345"
     },
     {
          "local_language_id": "9",
          "name": "Faraway place",
          "location_id": "345"
     },
     {
          "local_language_id": "1",
          "name": "カノコタウン",
          "location_id": "346"
     },
     {
          "local_language_id": "9",
          "name": "Nuvema Town",
          "location_id": "346"
     },
     {
          "local_language_id": "1",
          "name": "カラクサタウン",
          "location_id": "347"
     },
     {
          "local_language_id": "9",
          "name": "Accumula Town",
          "location_id": "347"
     },
     {
          "local_language_id": "1",
          "name": "サンヨウシティ",
          "location_id": "348"
     },
     {
          "local_language_id": "9",
          "name": "Striaton City",
          "location_id": "348"
     },
     {
          "local_language_id": "1",
          "name": "シッポウシティ",
          "location_id": "349"
     },
     {
          "local_language_id": "9",
          "name": "Nacrene City",
          "location_id": "349"
     },
     {
          "local_language_id": "1",
          "name": "ヒウンシティ",
          "location_id": "350"
     },
     {
          "local_language_id": "9",
          "name": "Castelia City",
          "location_id": "350"
     },
     {
          "local_language_id": "1",
          "name": "ライモンシティ",
          "location_id": "351"
     },
     {
          "local_language_id": "9",
          "name": "Nimbasa City",
          "location_id": "351"
     },
     {
          "local_language_id": "1",
          "name": "ホドモエシティ",
          "location_id": "352"
     },
     {
          "local_language_id": "9",
          "name": "Driftveil City",
          "location_id": "352"
     },
     {
          "local_language_id": "1",
          "name": "フキヨセシティ",
          "location_id": "353"
     },
     {
          "local_language_id": "9",
          "name": "Mistralton City",
          "location_id": "353"
     },
     {
          "local_language_id": "1",
          "name": "セッカシティ",
          "location_id": "354"
     },
     {
          "local_language_id": "9",
          "name": "Icirrus City",
          "location_id": "354"
     },
     {
          "local_language_id": "1",
          "name": "ソウリュウシティ",
          "location_id": "355"
     },
     {
          "local_language_id": "9",
          "name": "Opelucid City",
          "location_id": "355"
     },
     {
          "local_language_id": "1",
          "name": "１番道路",
          "location_id": "356"
     },
     {
          "local_language_id": "9",
          "name": "Route 1",
          "location_id": "356"
     },
     {
          "local_language_id": "1",
          "name": "２番道路",
          "location_id": "357"
     },
     {
          "local_language_id": "9",
          "name": "Route 2",
          "location_id": "357"
     },
     {
          "local_language_id": "1",
          "name": "３番道路",
          "location_id": "358"
     },
     {
          "local_language_id": "9",
          "name": "Route 3",
          "location_id": "358"
     },
     {
          "local_language_id": "1",
          "name": "４番道路",
          "location_id": "359"
     },
     {
          "local_language_id": "9",
          "name": "Route 4",
          "location_id": "359"
     },
     {
          "local_language_id": "1",
          "name": "５番道路",
          "location_id": "360"
     },
     {
          "local_language_id": "9",
          "name": "Route 5",
          "location_id": "360"
     },
     {
          "local_language_id": "1",
          "name": "６番道路",
          "location_id": "361"
     },
     {
          "local_language_id": "9",
          "name": "Route 6",
          "location_id": "361"
     },
     {
          "local_language_id": "1",
          "name": "７番道路",
          "location_id": "362"
     },
     {
          "local_language_id": "9",
          "name": "Route 7",
          "location_id": "362"
     },
     {
          "local_language_id": "1",
          "name": "８番道路",
          "location_id": "363"
     },
     {
          "local_language_id": "9",
          "name": "Route 8",
          "location_id": "363"
     },
     {
          "local_language_id": "1",
          "name": "９番道路",
          "location_id": "364"
     },
     {
          "local_language_id": "9",
          "name": "Route 9",
          "location_id": "364"
     },
     {
          "local_language_id": "1",
          "name": "１０番道路",
          "location_id": "365"
     },
     {
          "local_language_id": "9",
          "name": "Route 10",
          "location_id": "365"
     },
     {
          "local_language_id": "1",
          "name": "１１番道路",
          "location_id": "366"
     },
     {
          "local_language_id": "9",
          "name": "Route 11",
          "location_id": "366"
     },
     {
          "local_language_id": "1",
          "name": "１２番道路",
          "location_id": "367"
     },
     {
          "local_language_id": "9",
          "name": "Route 12",
          "location_id": "367"
     },
     {
          "local_language_id": "1",
          "name": "１３番道路",
          "location_id": "368"
     },
     {
          "local_language_id": "9",
          "name": "Route 13",
          "location_id": "368"
     },
     {
          "local_language_id": "1",
          "name": "１４番道路",
          "location_id": "369"
     },
     {
          "local_language_id": "9",
          "name": "Route 14",
          "location_id": "369"
     },
     {
          "local_language_id": "1",
          "name": "１５番道路",
          "location_id": "370"
     },
     {
          "local_language_id": "9",
          "name": "Route 15",
          "location_id": "370"
     },
     {
          "local_language_id": "1",
          "name": "１６番道路",
          "location_id": "371"
     },
     {
          "local_language_id": "9",
          "name": "Route 16",
          "location_id": "371"
     },
     {
          "local_language_id": "1",
          "name": "１７番水道",
          "location_id": "372"
     },
     {
          "local_language_id": "9",
          "name": "Route 17",
          "location_id": "372"
     },
     {
          "local_language_id": "1",
          "name": "１８番道路",
          "location_id": "373"
     },
     {
          "local_language_id": "9",
          "name": "Route 18",
          "location_id": "373"
     },
     {
          "local_language_id": "1",
          "name": "夢の跡地",
          "location_id": "374"
     },
     {
          "local_language_id": "9",
          "name": "Dreamyard",
          "location_id": "374"
     },
     {
          "local_language_id": "1",
          "name": "ヤグルマの森",
          "location_id": "375"
     },
     {
          "local_language_id": "9",
          "name": "Pinwheel Forest",
          "location_id": "375"
     },
     {
          "local_language_id": "1",
          "name": "リゾートデザート",
          "location_id": "376"
     },
     {
          "local_language_id": "9",
          "name": "Desert Resort",
          "location_id": "376"
     },
     {
          "local_language_id": "1",
          "name": "古代の城",
          "location_id": "377"
     },
     {
          "local_language_id": "9",
          "name": "Relic Castle",
          "location_id": "377"
     },
     {
          "local_language_id": "1",
          "name": "冷凍コンテナ",
          "location_id": "378"
     },
     {
          "local_language_id": "9",
          "name": "Cold Storage",
          "location_id": "378"
     },
     {
          "local_language_id": "1",
          "name": "電気石の洞穴",
          "location_id": "379"
     },
     {
          "local_language_id": "9",
          "name": "Chargestone Cave",
          "location_id": "379"
     },
     {
          "local_language_id": "1",
          "name": "ネジ山",
          "location_id": "380"
     },
     {
          "local_language_id": "9",
          "name": "Twist Mountain",
          "location_id": "380"
     },
     {
          "local_language_id": "1",
          "name": "リュウラセンの塔",
          "location_id": "381"
     },
     {
          "local_language_id": "9",
          "name": "Dragonspiral Tower",
          "location_id": "381"
     },
     {
          "local_language_id": "1",
          "name": "チャンピオンロード",
          "location_id": "382"
     },
     {
          "local_language_id": "9",
          "name": "Victory Road",
          "location_id": "382"
     },
     {
          "local_language_id": "1",
          "name": "カゴメタウン",
          "location_id": "383"
     },
     {
          "local_language_id": "9",
          "name": "Lacunosa Town",
          "location_id": "383"
     },
     {
          "local_language_id": "1",
          "name": "サザナミタウン",
          "location_id": "384"
     },
     {
          "local_language_id": "9",
          "name": "Undella Town",
          "location_id": "384"
     },
     {
          "local_language_id": "1",
          "name": "カナワタウン",
          "location_id": "385"
     },
     {
          "local_language_id": "9",
          "name": "Anville Town",
          "location_id": "385"
     },
     {
          "local_language_id": "1",
          "name": "ポケモンリーグ",
          "location_id": "386"
     },
     {
          "local_language_id": "9",
          "name": "Pokémon League",
          "location_id": "386"
     },
     {
          "local_language_id": "1",
          "name": "Ｎの城",
          "location_id": "387"
     },
     {
          "local_language_id": "9",
          "name": "N's Castle",
          "location_id": "387"
     },
     {
          "local_language_id": "1",
          "name": "ロイヤルイッシュ号",
          "location_id": "388"
     },
     {
          "local_language_id": "9",
          "name": "Royal Unova",
          "location_id": "388"
     },
     {
          "local_language_id": "1",
          "name": "ギアステーション",
          "location_id": "389"
     },
     {
          "local_language_id": "9",
          "name": "Gear Station",
          "location_id": "389"
     },
     {
          "local_language_id": "1",
          "name": "バトルサブウェイ",
          "location_id": "390"
     },
     {
          "local_language_id": "9",
          "name": "Battle Subway",
          "location_id": "390"
     },
     {
          "local_language_id": "1",
          "name": "ミュージカルホール",
          "location_id": "391"
     },
     {
          "local_language_id": "9",
          "name": "Musical Theater",
          "location_id": "391"
     },
     {
          "local_language_id": "1",
          "name": "ブラックシティ",
          "location_id": "392"
     },
     {
          "local_language_id": "9",
          "name": "Black City",
          "location_id": "392"
     },
     {
          "local_language_id": "1",
          "name": "ホワイトフォレスト",
          "location_id": "393"
     },
     {
          "local_language_id": "9",
          "name": "White Forest",
          "location_id": "393"
     },
     {
          "local_language_id": "1",
          "name": "ユナイテッドタワー",
          "location_id": "394"
     },
     {
          "local_language_id": "9",
          "name": "Unity Tower",
          "location_id": "394"
     },
     {
          "local_language_id": "1",
          "name": "地下水脈の穴",
          "location_id": "395"
     },
     {
          "local_language_id": "9",
          "name": "Wellspring Cave",
          "location_id": "395"
     },
     {
          "local_language_id": "1",
          "name": "フキヨセの洞穴",
          "location_id": "396"
     },
     {
          "local_language_id": "9",
          "name": "Mistralton Cave",
          "location_id": "396"
     },
     {
          "local_language_id": "1",
          "name": "思索の原",
          "location_id": "397"
     },
     {
          "local_language_id": "9",
          "name": "Rumination Field",
          "location_id": "397"
     },
     {
          "local_language_id": "1",
          "name": "タワーオブヘブン",
          "location_id": "398"
     },
     {
          "local_language_id": "9",
          "name": "Celestial Tower",
          "location_id": "398"
     },
     {
          "local_language_id": "1",
          "name": "セッカの湿原",
          "location_id": "399"
     },
     {
          "local_language_id": "9",
          "name": "Moor of Icirrus",
          "location_id": "399"
     },
     {
          "local_language_id": "1",
          "name": "ショッピングモール",
          "location_id": "400"
     },
     {
          "local_language_id": "9",
          "name": "Shopping Mall",
          "location_id": "400"
     },
     {
          "local_language_id": "1",
          "name": "修行の岩屋",
          "location_id": "401"
     },
     {
          "local_language_id": "9",
          "name": "Challenger's Cave",
          "location_id": "401"
     },
     {
          "local_language_id": "1",
          "name": "シフトファクトリー",
          "location_id": "402"
     },
     {
          "local_language_id": "9",
          "name": "Poké Transfer Lab",
          "location_id": "402"
     },
     {
          "local_language_id": "1",
          "name": "ジャイアントホール",
          "location_id": "403"
     },
     {
          "local_language_id": "9",
          "name": "Giant Chasm",
          "location_id": "403"
     },
     {
          "local_language_id": "1",
          "name": "リバティガーデン島",
          "location_id": "404"
     },
     {
          "local_language_id": "9",
          "name": "Liberty Garden",
          "location_id": "404"
     },
     {
          "local_language_id": "1",
          "name": "Ｐ２ラボ",
          "location_id": "405"
     },
     {
          "local_language_id": "9",
          "name": "P2 Laboratory",
          "location_id": "405"
     },
     {
          "local_language_id": "1",
          "name": "スカイアローブリッジ",
          "location_id": "406"
     },
     {
          "local_language_id": "9",
          "name": "Skyarrow Bridge",
          "location_id": "406"
     },
     {
          "local_language_id": "1",
          "name": "ホドモエの跳ね橋",
          "location_id": "407"
     },
     {
          "local_language_id": "9",
          "name": "Driftveil Drawbridge",
          "location_id": "407"
     },
     {
          "local_language_id": "1",
          "name": "シリンダーブリッジ",
          "location_id": "408"
     },
     {
          "local_language_id": "9",
          "name": "Tubeline Bridge",
          "location_id": "408"
     },
     {
          "local_language_id": "1",
          "name": "ビレッジブリッジ",
          "location_id": "409"
     },
     {
          "local_language_id": "9",
          "name": "Village Bridge",
          "location_id": "409"
     },
     {
          "local_language_id": "1",
          "name": "ワンダーブリッジ",
          "location_id": "410"
     },
     {
          "local_language_id": "9",
          "name": "Marvelous Bridge",
          "location_id": "410"
     },
     {
          "local_language_id": "1",
          "name": "ハイリンク",
          "location_id": "411"
     },
     {
          "local_language_id": "9",
          "name": "Entralink",
          "location_id": "411"
     },
     {
          "local_language_id": "1",
          "name": "ほうじょうの社",
          "location_id": "412"
     },
     {
          "local_language_id": "9",
          "name": "Abundant Shrine",
          "location_id": "412"
     },
     {
          "local_language_id": "1",
          "name": "サザナミ湾",
          "location_id": "413"
     },
     {
          "local_language_id": "9",
          "name": "Undella Bay",
          "location_id": "413"
     },
     {
          "local_language_id": "1",
          "name": "迷いの森",
          "location_id": "414"
     },
     {
          "local_language_id": "9",
          "name": "Lostlorn Forest",
          "location_id": "414"
     },
     {
          "local_language_id": "1",
          "name": "試練の室",
          "location_id": "415"
     },
     {
          "local_language_id": "9",
          "name": "Trial Chamber",
          "location_id": "415"
     },
     {
          "local_language_id": "1",
          "name": "導の間",
          "location_id": "416"
     },
     {
          "local_language_id": "9",
          "name": "Guidance Chamber",
          "location_id": "416"
     },
     {
          "local_language_id": "1",
          "name": "ハイリンクの森",
          "location_id": "417"
     },
     {
          "local_language_id": "9",
          "name": "Entree Forest",
          "location_id": "417"
     },
     {
          "local_language_id": "1",
          "name": "カラクサゲート",
          "location_id": "418"
     },
     {
          "local_language_id": "9",
          "name": "Accumula Gate",
          "location_id": "418"
     },
     {
          "local_language_id": "1",
          "name": "サザナミゲート",
          "location_id": "419"
     },
     {
          "local_language_id": "9",
          "name": "Undella Gate",
          "location_id": "419"
     },
     {
          "local_language_id": "1",
          "name": "シッポウゲート",
          "location_id": "420"
     },
     {
          "local_language_id": "9",
          "name": "Nacrene Gate",
          "location_id": "420"
     },
     {
          "local_language_id": "1",
          "name": "ヒウンゲート",
          "location_id": "421"
     },
     {
          "local_language_id": "9",
          "name": "Castelia Gate",
          "location_id": "421"
     },
     {
          "local_language_id": "1",
          "name": "ライモンゲート",
          "location_id": "422"
     },
     {
          "local_language_id": "9",
          "name": "Nimbasa Gate",
          "location_id": "422"
     },
     {
          "local_language_id": "1",
          "name": "ソウリュウゲート",
          "location_id": "423"
     },
     {
          "local_language_id": "9",
          "name": "Opelucid Gate",
          "location_id": "423"
     },
     {
          "local_language_id": "1",
          "name": "ブラックゲート",
          "location_id": "424"
     },
     {
          "local_language_id": "9",
          "name": "Black Gate",
          "location_id": "424"
     },
     {
          "local_language_id": "1",
          "name": "ホワイトゲート",
          "location_id": "425"
     },
     {
          "local_language_id": "9",
          "name": "White Gate",
          "location_id": "425"
     },
     {
          "local_language_id": "1",
          "name": "ブリッジゲート",
          "location_id": "426"
     },
     {
          "local_language_id": "9",
          "name": "Bridge Gate",
          "location_id": "426"
     },
     {
          "local_language_id": "1",
          "name": "ロードゲート",
          "location_id": "427"
     },
     {
          "local_language_id": "9",
          "name": "Route Gate",
          "location_id": "427"
     },
     {
          "local_language_id": "1",
          "name": "海底遺跡",
          "location_id": "428"
     },
     {
          "local_language_id": "9",
          "name": "Abyssal Ruins",
          "location_id": "428"
     },
     {
          "local_language_id": "9",
          "name": "Petalburg City",
          "location_id": "429"
     },
     {
          "local_language_id": "9",
          "name": "Slateport City",
          "location_id": "430"
     },
     {
          "local_language_id": "9",
          "name": "Lilycove City",
          "location_id": "431"
     },
     {
          "local_language_id": "9",
          "name": "Mossdeep City",
          "location_id": "432"
     },
     {
          "local_language_id": "9",
          "name": "Sootopolis City",
          "location_id": "433"
     },
     {
          "local_language_id": "9",
          "name": "Ever Grande City",
          "location_id": "434"
     },
     {
          "local_language_id": "9",
          "name": "Meteor Falls",
          "location_id": "435"
     },
     {
          "local_language_id": "9",
          "name": "Rusturf Tunnel",
          "location_id": "436"
     },
     {
          "local_language_id": "9",
          "name": "Granite Cave",
          "location_id": "437"
     },
     {
          "local_language_id": "9",
          "name": "Petalburg Woods",
          "location_id": "438"
     },
     {
          "local_language_id": "9",
          "name": "Jagged Pass",
          "location_id": "439"
     },
     {
          "local_language_id": "9",
          "name": "Fiery Path",
          "location_id": "440"
     },
     {
          "local_language_id": "9",
          "name": "Mt. Pyre",
          "location_id": "441"
     },
     {
          "local_language_id": "9",
          "name": "Seafloor Cavern",
          "location_id": "442"
     },
     {
          "local_language_id": "9",
          "name": "Cave of Origin",
          "location_id": "443"
     },
     {
          "local_language_id": "9",
          "name": "Victory Road",
          "location_id": "444"
     },
     {
          "local_language_id": "9",
          "name": "Shoal Cave",
          "location_id": "445"
     },
     {
          "local_language_id": "9",
          "name": "New Mauville",
          "location_id": "446"
     },
     {
          "local_language_id": "9",
          "name": "Abandoned Ship",
          "location_id": "447"
     },
     {
          "local_language_id": "9",
          "name": "Sky Pillar",
          "location_id": "448"
     },
     {
          "local_language_id": "9",
          "name": "Route 101",
          "location_id": "449"
     },
     {
          "local_language_id": "9",
          "name": "Route 102",
          "location_id": "450"
     },
     {
          "local_language_id": "9",
          "name": "Route 103",
          "location_id": "451"
     },
     {
          "local_language_id": "9",
          "name": "Route 104",
          "location_id": "452"
     },
     {
          "local_language_id": "9",
          "name": "Route 105",
          "location_id": "453"
     },
     {
          "local_language_id": "9",
          "name": "Route 106",
          "location_id": "454"
     },
     {
          "local_language_id": "9",
          "name": "Route 107",
          "location_id": "455"
     },
     {
          "local_language_id": "9",
          "name": "Route 108",
          "location_id": "456"
     },
     {
          "local_language_id": "9",
          "name": "Route 109",
          "location_id": "457"
     },
     {
          "local_language_id": "9",
          "name": "Route 110",
          "location_id": "458"
     },
     {
          "local_language_id": "9",
          "name": "Route 111",
          "location_id": "459"
     },
     {
          "local_language_id": "9",
          "name": "Route 112",
          "location_id": "460"
     },
     {
          "local_language_id": "9",
          "name": "Route 113",
          "location_id": "461"
     },
     {
          "local_language_id": "9",
          "name": "Route 114",
          "location_id": "462"
     },
     {
          "local_language_id": "9",
          "name": "Route 115",
          "location_id": "463"
     },
     {
          "local_language_id": "9",
          "name": "Route 116",
          "location_id": "464"
     },
     {
          "local_language_id": "9",
          "name": "Route 117",
          "location_id": "465"
     },
     {
          "local_language_id": "9",
          "name": "Route 118",
          "location_id": "466"
     },
     {
          "local_language_id": "9",
          "name": "Route 119",
          "location_id": "467"
     },
     {
          "local_language_id": "9",
          "name": "Route 120",
          "location_id": "468"
     },
     {
          "local_language_id": "9",
          "name": "Route 121",
          "location_id": "469"
     },
     {
          "local_language_id": "9",
          "name": "Route 122",
          "location_id": "470"
     },
     {
          "local_language_id": "9",
          "name": "Route 123",
          "location_id": "471"
     },
     {
          "local_language_id": "9",
          "name": "Route 124",
          "location_id": "472"
     },
     {
          "local_language_id": "9",
          "name": "Route 125",
          "location_id": "473"
     },
     {
          "local_language_id": "9",
          "name": "Route 126",
          "location_id": "474"
     },
     {
          "local_language_id": "9",
          "name": "Route 127",
          "location_id": "475"
     },
     {
          "local_language_id": "9",
          "name": "Route 128",
          "location_id": "476"
     },
     {
          "local_language_id": "9",
          "name": "Route 129",
          "location_id": "477"
     },
     {
          "local_language_id": "9",
          "name": "Route 130",
          "location_id": "478"
     },
     {
          "local_language_id": "9",
          "name": "Route 131",
          "location_id": "479"
     },
     {
          "local_language_id": "9",
          "name": "Route 132",
          "location_id": "480"
     },
     {
          "local_language_id": "9",
          "name": "Route 133",
          "location_id": "481"
     },
     {
          "local_language_id": "9",
          "name": "Route 134",
          "location_id": "482"
     },
     {
          "local_language_id": "9",
          "name": "Safari Zone",
          "location_id": "483"
     },
     {
          "local_language_id": "9",
          "name": "Dewford Town",
          "location_id": "484"
     },
     {
          "local_language_id": "9",
          "name": "Pacifidlog Town",
          "location_id": "485"
     },
     {
          "local_language_id": "9",
          "name": "Magma Hideout",
          "location_id": "486"
     },
     {
          "local_language_id": "9",
          "name": "Mirage Tower",
          "location_id": "487"
     },
     {
          "local_language_id": "9",
          "name": "Desert Underpass",
          "location_id": "488"
     },
     {
          "local_language_id": "9",
          "name": "Artisan Cave",
          "location_id": "489"
     },
     {
          "local_language_id": "9",
          "name": "Altering Cave",
          "location_id": "490"
     },
     {
          "local_language_id": "9",
          "name": "Monean Chamber",
          "location_id": "491"
     },
     {
          "local_language_id": "9",
          "name": "Liptoo Chamber",
          "location_id": "492"
     },
     {
          "local_language_id": "9",
          "name": "Weepth Chamber",
          "location_id": "493"
     },
     {
          "local_language_id": "9",
          "name": "Dilford Chamber",
          "location_id": "494"
     },
     {
          "local_language_id": "9",
          "name": "Scufib Chamber",
          "location_id": "495"
     },
     {
          "local_language_id": "9",
          "name": "Rixy Chamber",
          "location_id": "496"
     },
     {
          "local_language_id": "9",
          "name": "Viapos Chamber",
          "location_id": "497"
     },
     {
          "local_language_id": "9",
          "name": "S.S. Anne",
          "location_id": "498"
     },
     {
          "local_language_id": "9",
          "name": "Victory Road",
          "location_id": "499"
     },
     {
          "local_language_id": "9",
          "name": "Mt. Ember",
          "location_id": "500"
     },
     {
          "local_language_id": "9",
          "name": "Berry Forest",
          "location_id": "501"
     },
     {
          "local_language_id": "9",
          "name": "Icefall Cave",
          "location_id": "502"
     },
     {
          "local_language_id": "9",
          "name": "Pattern Bush",
          "location_id": "503"
     },
     {
          "local_language_id": "9",
          "name": "Lost Cave",
          "location_id": "504"
     },
     {
          "local_language_id": "9",
          "name": "Kindle Road",
          "location_id": "505"
     },
     {
          "local_language_id": "9",
          "name": "Treasure Beach",
          "location_id": "506"
     },
     {
          "local_language_id": "9",
          "name": "Cape Brink",
          "location_id": "507"
     },
     {
          "local_language_id": "9",
          "name": "Bond Bridge",
          "location_id": "508"
     },
     {
          "local_language_id": "9",
          "name": "Three Isle Port",
          "location_id": "509"
     },
     {
          "local_language_id": "9",
          "name": "Resort Gorgeous",
          "location_id": "510"
     },
     {
          "local_language_id": "9",
          "name": "Water Labyrinth",
          "location_id": "511"
     },
     {
          "local_language_id": "9",
          "name": "Five Isle Meadow",
          "location_id": "512"
     },
     {
          "local_language_id": "9",
          "name": "Memorial Pillar",
          "location_id": "513"
     },
     {
          "local_language_id": "9",
          "name": "Outcast Island",
          "location_id": "514"
     },
     {
          "local_language_id": "9",
          "name": "Green Path",
          "location_id": "515"
     },
     {
          "local_language_id": "9",
          "name": "Water Path",
          "location_id": "516"
     },
     {
          "local_language_id": "9",
          "name": "Ruin Valley",
          "location_id": "517"
     },
     {
          "local_language_id": "9",
          "name": "Trainer Tower",
          "location_id": "518"
     },
     {
          "local_language_id": "9",
          "name": "Canyon Entrance",
          "location_id": "519"
     },
     {
          "local_language_id": "9",
          "name": "Sevault Canyon",
          "location_id": "520"
     },
     {
          "local_language_id": "9",
          "name": "Tanoby Ruins",
          "location_id": "521"
     },
     {
          "local_language_id": "9",
          "name": "Route 19",
          "location_id": "522"
     },
     {
          "local_language_id": "9",
          "name": "Route 20",
          "location_id": "523"
     },
     {
          "local_language_id": "9",
          "name": "Route 21",
          "location_id": "524"
     },
     {
          "local_language_id": "9",
          "name": "Vermillion City",
          "location_id": "525"
     },
     {
          "local_language_id": "9",
          "name": "One Island",
          "location_id": "526"
     },
     {
          "local_language_id": "9",
          "name": "Four Island",
          "location_id": "527"
     },
     {
          "local_language_id": "9",
          "name": "Five Island",
          "location_id": "528"
     },
     {
          "local_language_id": "9",
          "name": "Altering Cave",
          "location_id": "529"
     },
     {
          "local_language_id": "9",
          "name": "Victory Road",
          "location_id": "530"
     },
     {
          "local_language_id": "1",
          "name": "ヒオウギシティ",
          "location_id": "531"
     },
     {
          "local_language_id": "9",
          "name": "Aspertia City",
          "location_id": "531"
     },
     {
          "local_language_id": "1",
          "name": "タチワキシティ",
          "location_id": "532"
     },
     {
          "local_language_id": "9",
          "name": "Virbank City",
          "location_id": "532"
     },
     {
          "local_language_id": "1",
          "name": "セイガイハシティ",
          "location_id": "533"
     },
     {
          "local_language_id": "9",
          "name": "Humilau City",
          "location_id": "533"
     },
     {
          "local_language_id": "1",
          "name": "ポケウッド",
          "location_id": "534"
     },
     {
          "local_language_id": "9",
          "name": "PokéStar Studios",
          "location_id": "534"
     },
     {
          "local_language_id": "1",
          "name": "ジョインアベニュー",
          "location_id": "535"
     },
     {
          "local_language_id": "9",
          "name": "Join Avenue",
          "location_id": "535"
     },
     {
          "local_language_id": "1",
          "name": "サンギタウン",
          "location_id": "536"
     },
     {
          "local_language_id": "9",
          "name": "Floccesy Town",
          "location_id": "536"
     },
     {
          "local_language_id": "1",
          "name": "ヤマジタウン",
          "location_id": "537"
     },
     {
          "local_language_id": "9",
          "name": "Lentimas Town",
          "location_id": "537"
     },
     {
          "local_language_id": "1",
          "name": "１９番道路",
          "location_id": "538"
     },
     {
          "local_language_id": "9",
          "name": "Route 19",
          "location_id": "538"
     },
     {
          "local_language_id": "1",
          "name": "２０番道路",
          "location_id": "539"
     },
     {
          "local_language_id": "9",
          "name": "Route 20",
          "location_id": "539"
     },
     {
          "local_language_id": "1",
          "name": "２１番水道",
          "location_id": "540"
     },
     {
          "local_language_id": "9",
          "name": "Route 21",
          "location_id": "540"
     },
     {
          "local_language_id": "1",
          "name": "２２番道路",
          "location_id": "541"
     },
     {
          "local_language_id": "9",
          "name": "Route 22",
          "location_id": "541"
     },
     {
          "local_language_id": "1",
          "name": "２３番道路",
          "location_id": "542"
     },
     {
          "local_language_id": "9",
          "name": "Route 23",
          "location_id": "542"
     },
     {
          "local_language_id": "1",
          "name": "ヒウン下水道",
          "location_id": "543"
     },
     {
          "local_language_id": "9",
          "name": "Castelia Sewers",
          "location_id": "543"
     },
     {
          "local_language_id": "1",
          "name": "サンギ牧場",
          "location_id": "544"
     },
     {
          "local_language_id": "9",
          "name": "Floccesy Ranch",
          "location_id": "544"
     },
     {
          "local_language_id": "1",
          "name": "タチワキコンビナート",
          "location_id": "545"
     },
     {
          "local_language_id": "9",
          "name": "Virbank Complex",
          "location_id": "545"
     },
     {
          "local_language_id": "1",
          "name": "リバースマウンテン",
          "location_id": "546"
     },
     {
          "local_language_id": "9",
          "name": "Reversal Mountain",
          "location_id": "546"
     },
     {
          "local_language_id": "1",
          "name": "ストレンジャーハウス",
          "location_id": "547"
     },
     {
          "local_language_id": "9",
          "name": "Strange House",
          "location_id": "547"
     },
     {
          "local_language_id": "1",
          "name": "チャンピオンロード",
          "location_id": "548"
     },
     {
          "local_language_id": "9",
          "name": "Victory Road",
          "location_id": "548"
     },
     {
          "local_language_id": "1",
          "name": "プラズマフリゲート",
          "location_id": "549"
     },
     {
          "local_language_id": "9",
          "name": "Plasma Frigate",
          "location_id": "549"
     },
     {
          "local_language_id": "1",
          "name": "古代の抜け道",
          "location_id": "550"
     },
     {
          "local_language_id": "9",
          "name": "Relic Passage",
          "location_id": "550"
     },
     {
          "local_language_id": "1",
          "name": "ヤーコンロード",
          "location_id": "551"
     },
     {
          "local_language_id": "9",
          "name": "Clay Tunnel",
          "location_id": "551"
     },
     {
          "local_language_id": "1",
          "name": "白の樹洞",
          "location_id": "552"
     },
     {
          "local_language_id": "9",
          "name": "White Treehollow",
          "location_id": "552"
     },
     {
          "local_language_id": "1",
          "name": "黒の摩天楼",
          "location_id": "553"
     },
     {
          "local_language_id": "9",
          "name": "Black Tower",
          "location_id": "553"
     },
     {
          "local_language_id": "1",
          "name": "海辺の洞穴",
          "location_id": "554"
     },
     {
          "local_language_id": "9",
          "name": "Seaside Cave",
          "location_id": "554"
     },
     {
          "local_language_id": "1",
          "name": "心の空洞",
          "location_id": "555"
     },
     {
          "local_language_id": "9",
          "name": "Cave of Being",
          "location_id": "555"
     },
     {
          "local_language_id": "1",
          "name": "隠し穴",
          "location_id": "556"
     },
     {
          "local_language_id": "9",
          "name": "Hidden Grotto",
          "location_id": "556"
     },
     {
          "local_language_id": "1",
          "name": "マリンチューブ",
          "location_id": "557"
     },
     {
          "local_language_id": "9",
          "name": "Marine Tube",
          "location_id": "557"
     },
     {
          "local_language_id": "1",
          "name": "タチワキゲート",
          "location_id": "558"
     },
     {
          "local_language_id": "9",
          "name": "Virbank Gate",
          "location_id": "558"
     },
     {
          "local_language_id": "1",
          "name": "ヒオウギゲート",
          "location_id": "559"
     },
     {
          "local_language_id": "9",
          "name": "Aspertia Gate",
          "location_id": "559"
     },
     {
          "local_language_id": "1",
          "name": "自然保護区",
          "location_id": "560"
     },
     {
          "local_language_id": "9",
          "name": "Nature Sanctuary",
          "location_id": "560"
     },
     {
          "local_language_id": "1",
          "name": "メダル事務局",
          "location_id": "561"
     },
     {
          "local_language_id": "9",
          "name": "Medal Secretariat",
          "location_id": "561"
     },
     {
          "local_language_id": "1",
          "name": "地底遺跡",
          "location_id": "562"
     },
     {
          "local_language_id": "9",
          "name": "Underground Ruins",
          "location_id": "562"
     },
     {
          "local_language_id": "1",
          "name": "岩山の間",
          "location_id": "563"
     },
     {
          "local_language_id": "9",
          "name": "Rocky Mountain Room",
          "location_id": "563"
     },
     {
          "local_language_id": "1",
          "name": "氷山の間",
          "location_id": "564"
     },
     {
          "local_language_id": "9",
          "name": "Glacier Room",
          "location_id": "564"
     },
     {
          "local_language_id": "1",
          "name": "鉄の間",
          "location_id": "565"
     },
     {
          "local_language_id": "9",
          "name": "Iron Room",
          "location_id": "565"
     },
     {
          "local_language_id": "1",
          "name": "誓いの林",
          "location_id": "566"
     },
     {
          "local_language_id": "9",
          "name": "Pledge Grove",
          "location_id": "566"
     },
     {
          "local_language_id": "9",
          "name": "Littleroot Town",
          "location_id": "567"
     },
     {
          "local_language_id": "9",
          "name": "Oldale Town",
          "location_id": "568"
     },
     {
          "local_language_id": "9",
          "name": "Lavaridge Town",
          "location_id": "569"
     },
     {
          "local_language_id": "9",
          "name": "Fallarbor Town",
          "location_id": "570"
     },
     {
          "local_language_id": "9",
          "name": "Verdanturf Town",
          "location_id": "571"
     },
     {
          "local_language_id": "9",
          "name": "Mauville City",
          "location_id": "572"
     },
     {
          "local_language_id": "9",
          "name": "Rustboro City",
          "location_id": "573"
     },
     {
          "local_language_id": "9",
          "name": "Fortree City",
          "location_id": "574"
     },
     {
          "local_language_id": "9",
          "name": "Underwater",
          "location_id": "575"
     },
     {
          "local_language_id": "9",
          "name": "Mt. Chimney",
          "location_id": "576"
     },
     {
          "local_language_id": "9",
          "name": "Mirage Island",
          "location_id": "577"
     },
     {
          "local_language_id": "9",
          "name": "Southern Island",
          "location_id": "578"
     },
     {
          "local_language_id": "9",
          "name": "Sealed Chamber",
          "location_id": "579"
     },
     {
          "local_language_id": "9",
          "name": "Scorched Slab",
          "location_id": "580"
     },
     {
          "local_language_id": "9",
          "name": "Island Cave",
          "location_id": "581"
     },
     {
          "local_language_id": "9",
          "name": "Desert Ruins",
          "location_id": "582"
     },
     {
          "local_language_id": "9",
          "name": "Ancient Tomb",
          "location_id": "583"
     },
     {
          "local_language_id": "9",
          "name": "Inside of truck",
          "location_id": "584"
     },
     {
          "local_language_id": "9",
          "name": "Secret Base",
          "location_id": "585"
     },
     {
          "local_language_id": "9",
          "name": "Battle Tower",
          "location_id": "586"
     },
     {
          "local_language_id": "9",
          "name": "Vaniville Town",
          "location_id": "587"
     },
     {
          "local_language_id": "9",
          "name": "Aquacorde Town",
          "location_id": "588"
     },
     {
          "local_language_id": "9",
          "name": "Santalune Forest",
          "location_id": "589"
     },
     {
          "local_language_id": "9",
          "name": "Santalune City",
          "location_id": "590"
     },
     {
          "local_language_id": "9",
          "name": "Lumiose City",
          "location_id": "591"
     },
     {
          "local_language_id": "9",
          "name": "Camphrier Town",
          "location_id": "592"
     },
     {
          "local_language_id": "9",
          "name": "Parfum Palace",
          "location_id": "593"
     },
     {
          "local_language_id": "9",
          "name": "Connecting Cave",
          "location_id": "594"
     },
     {
          "local_language_id": "9",
          "name": "Cyllage City",
          "location_id": "595"
     },
     {
          "local_language_id": "9",
          "name": "Ambrette Town",
          "location_id": "596"
     },
     {
          "local_language_id": "9",
          "name": "Glittering Cave",
          "location_id": "597"
     },
     {
          "local_language_id": "9",
          "name": "Geosenge Town",
          "location_id": "598"
     },
     {
          "local_language_id": "9",
          "name": "Reflection Cave",
          "location_id": "599"
     },
     {
          "local_language_id": "9",
          "name": "Shalour City",
          "location_id": "600"
     },
     {
          "local_language_id": "9",
          "name": "Coumarine City",
          "location_id": "601"
     },
     {
          "local_language_id": "9",
          "name": "Sea Spirit's Den",
          "location_id": "602"
     },
     {
          "local_language_id": "9",
          "name": "Kalos Power Plant",
          "location_id": "603"
     },
     {
          "local_language_id": "9",
          "name": "Laverre City",
          "location_id": "604"
     },
     {
          "local_language_id": "9",
          "name": "Poke Ball Factory",
          "location_id": "605"
     },
     {
          "local_language_id": "9",
          "name": "Lost Hotel",
          "location_id": "606"
     },
     {
          "local_language_id": "9",
          "name": "Dendemille Town",
          "location_id": "607"
     },
     {
          "local_language_id": "9",
          "name": "Frost Cavern",
          "location_id": "608"
     },
     {
          "local_language_id": "9",
          "name": "Anistar City",
          "location_id": "609"
     },
     {
          "local_language_id": "9",
          "name": "Couriway Town",
          "location_id": "610"
     },
     {
          "local_language_id": "9",
          "name": "Terminus Cave",
          "location_id": "611"
     },
     {
          "local_language_id": "9",
          "name": "Snowbelle City",
          "location_id": "612"
     },
     {
          "local_language_id": "9",
          "name": "Pokemon Village",
          "location_id": "613"
     },
     {
          "local_language_id": "9",
          "name": "Victory Road",
          "location_id": "614"
     },
     {
          "local_language_id": "9",
          "name": "Chamber of Emptiness",
          "location_id": "615"
     },
     {
          "local_language_id": "9",
          "name": "Pokemon League",
          "location_id": "616"
     },
     {
          "local_language_id": "9",
          "name": "Kiloude City",
          "location_id": "617"
     },
     {
          "local_language_id": "9",
          "name": "Azure Bay",
          "location_id": "618"
     },
     {
          "local_language_id": "9",
          "name": "Battle Chateau",
          "location_id": "619"
     },
     {
          "local_language_id": "9",
          "name": "Battle Maison",
          "location_id": "620"
     },
     {
          "local_language_id": "9",
          "name": "Tower of Mastery",
          "location_id": "621"
     },
     {
          "local_language_id": "9",
          "name": "Route 1",
          "location_id": "622"
     },
     {
          "local_language_id": "9",
          "name": "Route 2",
          "location_id": "623"
     },
     {
          "local_language_id": "9",
          "name": "Route 3",
          "location_id": "624"
     },
     {
          "local_language_id": "9",
          "name": "Route 4",
          "location_id": "625"
     },
     {
          "local_language_id": "9",
          "name": "Route 5",
          "location_id": "626"
     },
     {
          "local_language_id": "9",
          "name": "Route 6",
          "location_id": "627"
     },
     {
          "local_language_id": "9",
          "name": "Route 7",
          "location_id": "628"
     },
     {
          "local_language_id": "9",
          "name": "Route 8",
          "location_id": "629"
     },
     {
          "local_language_id": "9",
          "name": "Route 9",
          "location_id": "630"
     },
     {
          "local_language_id": "9",
          "name": "Route 10",
          "location_id": "631"
     },
     {
          "local_language_id": "9",
          "name": "Route 11",
          "location_id": "632"
     },
     {
          "local_language_id": "9",
          "name": "Route 12",
          "location_id": "633"
     },
     {
          "local_language_id": "9",
          "name": "Route 13",
          "location_id": "634"
     },
     {
          "local_language_id": "9",
          "name": "Route 14",
          "location_id": "635"
     },
     {
          "local_language_id": "9",
          "name": "Route 15",
          "location_id": "636"
     },
     {
          "local_language_id": "9",
          "name": "Route 16",
          "location_id": "637"
     },
     {
          "local_language_id": "9",
          "name": "Route 17",
          "location_id": "638"
     },
     {
          "local_language_id": "9",
          "name": "Route 18",
          "location_id": "639"
     },
     {
          "local_language_id": "9",
          "name": "Route 19",
          "location_id": "640"
     },
     {
          "local_language_id": "9",
          "name": "Route 20",
          "location_id": "641"
     },
     {
          "local_language_id": "9",
          "name": "Route 21",
          "location_id": "642"
     },
     {
          "local_language_id": "9",
          "name": "Route 22",
          "location_id": "643"
     },
     {
          "local_language_id": "10",
          "name": "Námořní cesta 40",
          "location_id": "121"
     },
     {
          "local_language_id": "10",
          "name": "Námořní cesta 20",
          "location_id": "100"
     },
     {
          "local_language_id": "10",
          "name": "Námořní cesta 21",
          "location_id": "101"
     },
     {
          "local_language_id": "10",
          "name": "Námořní cesta 220",
          "location_id": "61"
     },
     {
          "local_language_id": "10",
          "name": "Námořní cesta 19",
          "location_id": "98"
     },
     {
          "local_language_id": "10",
          "name": "Námořní cesta 223",
          "location_id": "62"
     },
     {
          "local_language_id": "10",
          "name": "Námořní cesta 230",
          "location_id": "64"
     },
     {
          "local_language_id": "10",
          "name": "Námořní cesta 41",
          "location_id": "122"
     },
     {
          "local_language_id": "10",
          "name": "Námořní cesta 226",
          "location_id": "63"
     }
]