[
     {
          "local_language_id": "9",
          "name": "",
          "location_area_id": "1"
     },
     {
          "local_language_id": "9",
          "name": "",
          "location_area_id": "2"
     },
     {
          "local_language_id": "9",
          "name": "",
          "location_area_id": "3"
     },
     {
          "local_language_id": "9",
          "name": "",
          "location_area_id": "4"
     },
     {
          "local_language_id": "9",
          "name": "",
          "location_area_id": "5"
     },
     {
          "local_language_id": "9",
          "name": "1F",
          "location_area_id": "6"
     },
     {
          "local_language_id": "9",
          "name": "B1F",
          "location_area_id": "7"
     },
     {
          "local_language_id": "9",
          "name": "",
          "location_area_id": "8"
     },
     {
          "local_language_id": "9",
          "name": "",
          "location_area_id": "9"
     },
     {
          "local_language_id": "9",
          "name": "",
          "location_area_id": "10"
     },
     {
          "local_language_id": "9",
          "name": "Route 207",
          "location_area_id": "11"
     },
     {
          "local_language_id": "9",
          "name": "2F",
          "location_area_id": "12"
     },
     {
          "local_language_id": "9",
          "name": "3F",
          "location_area_id": "13"
     },
     {
          "local_language_id": "9",
          "name": "snowfall",
          "location_area_id": "14"
     },
     {
          "local_language_id": "9",
          "name": "blizzard",
          "location_area_id": "15"
     },
     {
          "local_language_id": "9",
          "name": "4F",
          "location_area_id": "16"
     },
     {
          "local_language_id": "9",
          "name": "5F",
          "location_area_id": "17"
     },
     {
          "local_language_id": "9",
          "name": "6F",
          "location_area_id": "18"
     },
     {
          "local_language_id": "9",
          "name": "7F",
          "location_area_id": "19"
     },
     {
          "local_language_id": "9",
          "name": "cave",
          "location_area_id": "20"
     },
     {
          "local_language_id": "9",
          "name": "Route 216",
          "location_area_id": "21"
     },
     {
          "local_language_id": "9",
          "name": "Route 211",
          "location_area_id": "22"
     },
     {
          "local_language_id": "9",
          "name": "B1F",
          "location_area_id": "23"
     },
     {
          "local_language_id": "9",
          "name": "Area 1",
          "location_area_id": "24"
     },
     {
          "local_language_id": "9",
          "name": "Area 2",
          "location_area_id": "25"
     },
     {
          "local_language_id": "9",
          "name": "Area 3",
          "location_area_id": "26"
     },
     {
          "local_language_id": "9",
          "name": "Area 4",
          "location_area_id": "27"
     },
     {
          "local_language_id": "9",
          "name": "Area 5",
          "location_area_id": "28"
     },
     {
          "local_language_id": "9",
          "name": "Area 6",
          "location_area_id": "29"
     },
     {
          "local_language_id": "9",
          "name": "2F",
          "location_area_id": "30"
     },
     {
          "local_language_id": "9",
          "name": "1F",
          "location_area_id": "31"
     },
     {
          "local_language_id": "9",
          "name": "B1F a",
          "location_area_id": "32"
     },
     {
          "local_language_id": "9",
          "name": "B1F b",
          "location_area_id": "33"
     },
     {
          "local_language_id": "9",
          "name": "B1F c",
          "location_area_id": "34"
     },
     {
          "local_language_id": "9",
          "name": "B2F a",
          "location_area_id": "35"
     },
     {
          "local_language_id": "9",
          "name": "B2F b",
          "location_area_id": "36"
     },
     {
          "local_language_id": "9",
          "name": "B2F c",
          "location_area_id": "37"
     },
     {
          "local_language_id": "9",
          "name": "B3F a",
          "location_area_id": "38"
     },
     {
          "local_language_id": "9",
          "name": "B3F b",
          "location_area_id": "39"
     },
     {
          "local_language_id": "9",
          "name": "B3F c",
          "location_area_id": "40"
     },
     {
          "local_language_id": "9",
          "name": "B3F d",
          "location_area_id": "41"
     },
     {
          "local_language_id": "9",
          "name": "B3F e",
          "location_area_id": "42"
     },
     {
          "local_language_id": "9",
          "name": "B4F a",
          "location_area_id": "43"
     },
     {
          "local_language_id": "9",
          "name": "B4F b",
          "location_area_id": "44"
     },
     {
          "local_language_id": "9",
          "name": "B4F c",
          "location_area_id": "45"
     },
     {
          "local_language_id": "9",
          "name": "B4F d",
          "location_area_id": "46"
     },
     {
          "local_language_id": "9",
          "name": "B5F",
          "location_area_id": "47"
     },
     {
          "local_language_id": "9",
          "name": "1F",
          "location_area_id": "48"
     },
     {
          "local_language_id": "9",
          "name": "2F",
          "location_area_id": "49"
     },
     {
          "local_language_id": "9",
          "name": "B1F",
          "location_area_id": "50"
     },
     {
          "local_language_id": "9",
          "name": "inside B1F",
          "location_area_id": "51"
     },
     {
          "local_language_id": "9",
          "name": "inside",
          "location_area_id": "52"
     },
     {
          "local_language_id": "9",
          "name": "inside exit",
          "location_area_id": "53"
     },
     {
          "local_language_id": "9",
          "name": "",
          "location_area_id": "54"
     },
     {
          "local_language_id": "9",
          "name": "1F",
          "location_area_id": "55"
     },
     {
          "local_language_id": "9",
          "name": "B1F",
          "location_area_id": "56"
     },
     {
          "local_language_id": "9",
          "name": "",
          "location_area_id": "57"
     },
     {
          "local_language_id": "9",
          "name": "entrance",
          "location_area_id": "58"
     },
     {
          "local_language_id": "9",
          "name": "inside",
          "location_area_id": "59"
     },
     {
          "local_language_id": "9",
          "name": "",
          "location_area_id": "60"
     },
     {
          "local_language_id": "9",
          "name": "pillar 1",
          "location_area_id": "61"
     },
     {
          "local_language_id": "9",
          "name": "pillar 2",
          "location_area_id": "62"
     },
     {
          "local_language_id": "9",
          "name": "pillar 3",
          "location_area_id": "63"
     },
     {
          "local_language_id": "9",
          "name": "before pillar 1",
          "location_area_id": "64"
     },
     {
          "local_language_id": "9",
          "name": "between pillars 1 and 2",
          "location_area_id": "70"
     },
     {
          "local_language_id": "9",
          "name": "between pillars 2 and 3",
          "location_area_id": "76"
     },
     {
          "local_language_id": "9",
          "name": "after pillar 3",
          "location_area_id": "82"
     },
     {
          "local_language_id": "9",
          "name": "1F",
          "location_area_id": "107"
     },
     {
          "local_language_id": "9",
          "name": "B1F",
          "location_area_id": "108"
     },
     {
          "local_language_id": "9",
          "name": "B2F",
          "location_area_id": "109"
     },
     {
          "local_language_id": "9",
          "name": "B3F",
          "location_area_id": "110"
     },
     {
          "local_language_id": "9",
          "name": "B4F",
          "location_area_id": "111"
     },
     {
          "local_language_id": "9",
          "name": "B5F",
          "location_area_id": "112"
     },
     {
          "local_language_id": "9",
          "name": "1F",
          "location_area_id": "113"
     },
     {
          "local_language_id": "9",
          "name": "B1F",
          "location_area_id": "114"
     },
     {
          "local_language_id": "9",
          "name": "0–9 different Unown caught",
          "location_area_id": "115"
     },
     {
          "local_language_id": "9",
          "name": "10–25 different Unown caught",
          "location_area_id": "116"
     },
     {
          "local_language_id": "9",
          "name": "26+ different Unown caught",
          "location_area_id": "117"
     },
     {
          "local_language_id": "9",
          "name": "",
          "location_area_id": "118"
     },
     {
          "local_language_id": "9",
          "name": "",
          "location_area_id": "119"
     },
     {
          "local_language_id": "9",
          "name": "1F",
          "location_area_id": "120"
     },
     {
          "local_language_id": "9",
          "name": "B1F left",
          "location_area_id": "121"
     },
     {
          "local_language_id": "9",
          "name": "B1F right",
          "location_area_id": "122"
     },
     {
          "local_language_id": "9",
          "name": "B2F right",
          "location_area_id": "123"
     },
     {
          "local_language_id": "9",
          "name": "B2F left",
          "location_area_id": "124"
     },
     {
          "local_language_id": "9",
          "name": "B3F",
          "location_area_id": "125"
     },
     {
          "local_language_id": "9",
          "name": "entrance",
          "location_area_id": "126"
     },
     {
          "local_language_id": "9",
          "name": "dining room",
          "location_area_id": "127"
     },
     {
          "local_language_id": "9",
          "name": "2F private room",
          "location_area_id": "128"
     },
     {
          "local_language_id": "9",
          "name": "2F",
          "location_area_id": "129"
     },
     {
          "local_language_id": "9",
          "name": "2F leftmost room",
          "location_area_id": "130"
     },
     {
          "local_language_id": "9",
          "name": "2F left room",
          "location_area_id": "131"
     },
     {
          "local_language_id": "9",
          "name": "2F middle room",
          "location_area_id": "132"
     },
     {
          "local_language_id": "9",
          "name": "2F right room",
          "location_area_id": "133"
     },
     {
          "local_language_id": "9",
          "name": "2F rightmost room",
          "location_area_id": "134"
     },
     {
          "local_language_id": "9",
          "name": "before Galactic intervention",
          "location_area_id": "135"
     },
     {
          "local_language_id": "9",
          "name": "after Galactic intervention",
          "location_area_id": "136"
     },
     {
          "local_language_id": "9",
          "name": "",
          "location_area_id": "137"
     },
     {
          "local_language_id": "9",
          "name": "",
          "location_area_id": "138"
     },
     {
          "local_language_id": "9",
          "name": "",
          "location_area_id": "139"
     },
     {
          "local_language_id": "9",
          "name": "",
          "location_area_id": "140"
     },
     {
          "local_language_id": "9",
          "name": "",
          "location_area_id": "141"
     },
     {
          "local_language_id": "9",
          "name": "",
          "location_area_id": "142"
     },
     {
          "local_language_id": "9",
          "name": "",
          "location_area_id": "143"
     },
     {"Error": "Expected 3 fields but got 4"},
     {"Error": "Expected 3 fields but got 4"},
     {"Error": "Expected 3 fields but got 4"},
     {"Error": "Expected 3 fields but got 4"},
     {
          "local_language_id": "9",
          "name": "",
          "location_area_id": "148"
     },
     {
          "local_language_id": "9",
          "name": "",
          "location_area_id": "149"
     },
     {
          "local_language_id": "9",
          "name": "",
          "location_area_id": "150"
     },
     {
          "local_language_id": "9",
          "name": "",
          "location_area_id": "151"
     },
     {
          "local_language_id": "9",
          "name": "1F",
          "location_area_id": "152"
     },
     {
          "local_language_id": "9",
          "name": "2F",
          "location_area_id": "153"
     },
     {
          "local_language_id": "9",
          "name": "3F",
          "location_area_id": "154"
     },
     {
          "local_language_id": "9",
          "name": "4F",
          "location_area_id": "155"
     },
     {
          "local_language_id": "9",
          "name": "5F",
          "location_area_id": "156"
     },
     {"Error": "Expected 3 fields but got 4"},
     {"Error": "Expected 3 fields but got 4"},
     {"Error": "Expected 3 fields but got 4"},
     {"Error": "Expected 3 fields but got 4"},
     {"Error": "Expected 3 fields but got 4"},
     {"Error": "Expected 3 fields but got 4"},
     {
          "local_language_id": "9",
          "name": "",
          "location_area_id": "163"
     },
     {
          "local_language_id": "9",
          "name": "",
          "location_area_id": "164"
     },
     {
          "local_language_id": "9",
          "name": "",
          "location_area_id": "165"
     },
     {
          "local_language_id": "9",
          "name": "",
          "location_area_id": "166"
     },
     {
          "local_language_id": "9",
          "name": "",
          "location_area_id": "167"
     },
     {
          "local_language_id": "9",
          "name": "",
          "location_area_id": "168"
     },
     {
          "local_language_id": "9",
          "name": "",
          "location_area_id": "169"
     },
     {
          "local_language_id": "9",
          "name": "",
          "location_area_id": "170"
     },
     {
          "local_language_id": "9",
          "name": "",
          "location_area_id": "171"
     },
     {
          "local_language_id": "9",
          "name": "",
          "location_area_id": "172"
     },
     {
          "local_language_id": "9",
          "name": "",
          "location_area_id": "173"
     },
     {
          "local_language_id": "9",
          "name": "",
          "location_area_id": "174"
     },
     {
          "local_language_id": "9",
          "name": "",
          "location_area_id": "175"
     },
     {
          "local_language_id": "9",
          "name": "",
          "location_area_id": "176"
     },
     {
          "local_language_id": "9",
          "name": "",
          "location_area_id": "177"
     },
     {
          "local_language_id": "9",
          "name": "",
          "location_area_id": "178"
     },
     {
          "local_language_id": "9",
          "name": "",
          "location_area_id": "179"
     },
     {
          "local_language_id": "9",
          "name": "",
          "location_area_id": "180"
     },
     {
          "local_language_id": "9",
          "name": "",
          "location_area_id": "181"
     },
     {
          "local_language_id": "9",
          "name": "",
          "location_area_id": "182"
     },
     {
          "local_language_id": "9",
          "name": "",
          "location_area_id": "183"
     },
     {
          "local_language_id": "9",
          "name": "",
          "location_area_id": "184"
     },
     {
          "local_language_id": "9",
          "name": "",
          "location_area_id": "185"
     },
     {
          "local_language_id": "9",
          "name": "",
          "location_area_id": "186"
     },
     {
          "local_language_id": "9",
          "name": "",
          "location_area_id": "187"
     },
     {
          "local_language_id": "9",
          "name": "",
          "location_area_id": "188"
     },
     {
          "local_language_id": "9",
          "name": "",
          "location_area_id": "189"
     },
     {
          "local_language_id": "9",
          "name": "2F",
          "location_area_id": "190"
     },
     {
          "local_language_id": "9",
          "name": "3F",
          "location_area_id": "191"
     },
     {
          "local_language_id": "9",
          "name": "",
          "location_area_id": "192"
     },
     {
          "local_language_id": "9",
          "name": "Outside",
          "location_area_id": "193"
     },
     {
          "local_language_id": "9",
          "name": "Interior A",
          "location_area_id": "194"
     },
     {
          "local_language_id": "9",
          "name": "Interior B",
          "location_area_id": "195"
     },
     {
          "local_language_id": "9",
          "name": "Interior C",
          "location_area_id": "196"
     },
     {
          "local_language_id": "9",
          "name": "Interior D",
          "location_area_id": "197"
     },
     {
          "local_language_id": "9",
          "name": "1F",
          "location_area_id": "198"
     },
     {
          "local_language_id": "9",
          "name": "B1F",
          "location_area_id": "199"
     },
     {
          "local_language_id": "9",
          "name": "B2F",
          "location_area_id": "200"
     },
     {
          "local_language_id": "9",
          "name": "",
          "location_area_id": "201"
     },
     {
          "local_language_id": "9",
          "name": "1F",
          "location_area_id": "202"
     },
     {
          "local_language_id": "9",
          "name": "B1F",
          "location_area_id": "203"
     },
     {
          "local_language_id": "9",
          "name": "",
          "location_area_id": "204"
     },
     {
          "local_language_id": "9",
          "name": "",
          "location_area_id": "205"
     },
     {
          "local_language_id": "9",
          "name": "",
          "location_area_id": "206"
     },
     {
          "local_language_id": "9",
          "name": "",
          "location_area_id": "207"
     },
     {
          "local_language_id": "9",
          "name": "",
          "location_area_id": "208"
     },
     {
          "local_language_id": "9",
          "name": "",
          "location_area_id": "209"
     },
     {
          "local_language_id": "9",
          "name": "",
          "location_area_id": "210"
     },
     {
          "local_language_id": "9",
          "name": "",
          "location_area_id": "211"
     },
     {
          "local_language_id": "9",
          "name": "1F",
          "location_area_id": "212"
     },
     {
          "local_language_id": "9",
          "name": "B1F",
          "location_area_id": "213"
     },
     {
          "local_language_id": "9",
          "name": "2F",
          "location_area_id": "214"
     },
     {
          "local_language_id": "9",
          "name": "3F",
          "location_area_id": "215"
     },
     {
          "local_language_id": "9",
          "name": "4F",
          "location_area_id": "216"
     },
     {
          "local_language_id": "9",
          "name": "5F",
          "location_area_id": "217"
     },
     {
          "local_language_id": "9",
          "name": "6F",
          "location_area_id": "218"
     },
     {
          "local_language_id": "9",
          "name": "7F",
          "location_area_id": "219"
     },
     {
          "local_language_id": "9",
          "name": "8F",
          "location_area_id": "220"
     },
     {
          "local_language_id": "9",
          "name": "9F",
          "location_area_id": "221"
     },
     {
          "local_language_id": "9",
          "name": "",
          "location_area_id": "222"
     },
     {
          "local_language_id": "9",
          "name": "",
          "location_area_id": "223"
     },
     {
          "local_language_id": "9",
          "name": "",
          "location_area_id": "224"
     },
     {
          "local_language_id": "9",
          "name": "",
          "location_area_id": "225"
     },
     {
          "local_language_id": "9",
          "name": "",
          "location_area_id": "226"
     },
     {
          "local_language_id": "9",
          "name": "1F",
          "location_area_id": "227"
     },
     {
          "local_language_id": "9",
          "name": "B1F",
          "location_area_id": "228"
     },
     {
          "local_language_id": "9",
          "name": "empty floor X",
          "location_area_id": "229"
     },
     {
          "local_language_id": "9",
          "name": "B2F",
          "location_area_id": "230"
     },
     {
          "local_language_id": "9",
          "name": "empty floor Y",
          "location_area_id": "231"
     },
     {
          "local_language_id": "9",
          "name": "B3F",
          "location_area_id": "232"
     },
     {
          "local_language_id": "9",
          "name": "",
          "location_area_id": "235"
     },
     {
          "local_language_id": "9",
          "name": "",
          "location_area_id": "236"
     },
     {
          "local_language_id": "9",
          "name": "1F",
          "location_area_id": "237"
     },
     {
          "local_language_id": "9",
          "name": "Lower Cave",
          "location_area_id": "238"
     },
     {
          "local_language_id": "9",
          "name": "Upper Cave",
          "location_area_id": "239"
     },
     {
          "local_language_id": "9",
          "name": "B1F",
          "location_area_id": "240"
     },
     {
          "local_language_id": "9",
          "name": "",
          "location_area_id": "241"
     },
     {
          "local_language_id": "9",
          "name": "",
          "location_area_id": "242"
     },
     {
          "local_language_id": "9",
          "name": "",
          "location_area_id": "243"
     },
     {
          "local_language_id": "9",
          "name": "1F",
          "location_area_id": "244"
     },
     {
          "local_language_id": "9",
          "name": "B1F",
          "location_area_id": "245"
     },
     {
          "local_language_id": "9",
          "name": "B2F",
          "location_area_id": "246"
     },
     {
          "local_language_id": "9",
          "name": "B3F",
          "location_area_id": "247"
     },
     {
          "local_language_id": "9",
          "name": "",
          "location_area_id": "249"
     },
     {
          "local_language_id": "9",
          "name": "",
          "location_area_id": "250"
     },
     {
          "local_language_id": "9",
          "name": "",
          "location_area_id": "251"
     },
     {
          "local_language_id": "9",
          "name": "",
          "location_area_id": "252"
     },
     {
          "local_language_id": "9",
          "name": "Violet City entrance",
          "location_area_id": "253"
     },
     {
          "local_language_id": "9",
          "name": "Blackthorn City entrance",
          "location_area_id": "254"
     },
     {
          "local_language_id": "9",
          "name": "",
          "location_area_id": "255"
     },
     {
          "local_language_id": "9",
          "name": "Mt. Moon Square",
          "location_area_id": "256"
     },
     {
          "local_language_id": "9",
          "name": "",
          "location_area_id": "257"
     },
     {
          "local_language_id": "9",
          "name": "1F",
          "location_area_id": "258"
     },
     {
          "local_language_id": "9",
          "name": "B1F",
          "location_area_id": "259"
     },
     {
          "local_language_id": "9",
          "name": "B2F",
          "location_area_id": "260"
     },
     {
          "local_language_id": "9",
          "name": "B3F",
          "location_area_id": "261"
     },
     {
          "local_language_id": "9",
          "name": "B4F",
          "location_area_id": "262"
     },
     {
          "local_language_id": "9",
          "name": "2F",
          "location_area_id": "263"
     },
     {
          "local_language_id": "9",
          "name": "1F top",
          "location_area_id": "264"
     },
     {
          "local_language_id": "9",
          "name": "4F",
          "location_area_id": "265"
     },
     {
          "local_language_id": "9",
          "name": "cave gate",
          "location_area_id": "266"
     },
     {
          "local_language_id": "9",
          "name": "inside cave",
          "location_area_id": "267"
     },
     {
          "local_language_id": "9",
          "name": "10F",
          "location_area_id": "268"
     },
     {
          "local_language_id": "9",
          "name": "outside",
          "location_area_id": "269"
     },
     {
          "local_language_id": "9",
          "name": "1F",
          "location_area_id": "270"
     },
     {
          "local_language_id": "9",
          "name": "mountainside",
          "location_area_id": "271"
     },
     {
          "local_language_id": "9",
          "name": "3F",
          "location_area_id": "272"
     },
     {
          "local_language_id": "9",
          "name": "top",
          "location_area_id": "273"
     },
     {
          "local_language_id": "9",
          "name": "",
          "location_area_id": "275"
     },
     {
          "local_language_id": "9",
          "name": "",
          "location_area_id": "276"
     },
     {
          "local_language_id": "9",
          "name": "",
          "location_area_id": "277"
     },
     {
          "local_language_id": "9",
          "name": "",
          "location_area_id": "278"
     },
     {
          "local_language_id": "9",
          "name": "",
          "location_area_id": "279"
     },
     {
          "local_language_id": "9",
          "name": "",
          "location_area_id": "280"
     },
     {
          "local_language_id": "9",
          "name": "",
          "location_area_id": "281"
     },
     {
          "local_language_id": "9",
          "name": "",
          "location_area_id": "282"
     },
     {
          "local_language_id": "9",
          "name": "",
          "location_area_id": "283"
     },
     {
          "local_language_id": "9",
          "name": "",
          "location_area_id": "284"
     },
     {
          "local_language_id": "9",
          "name": "",
          "location_area_id": "285"
     },
     {
          "local_language_id": "9",
          "name": "",
          "location_area_id": "286"
     },
     {
          "local_language_id": "9",
          "name": "",
          "location_area_id": "287"
     },
     {
          "local_language_id": "9",
          "name": "",
          "location_area_id": "288"
     },
     {
          "local_language_id": "9",
          "name": "",
          "location_area_id": "289"
     },
     {
          "local_language_id": "9",
          "name": "1F",
          "location_area_id": "290"
     },
     {
          "local_language_id": "9",
          "name": "2F",
          "location_area_id": "291"
     },
     {
          "local_language_id": "9",
          "name": "1F",
          "location_area_id": "292"
     },
     {
          "local_language_id": "9",
          "name": "B1F",
          "location_area_id": "293"
     },
     {
          "local_language_id": "9",
          "name": "1F",
          "location_area_id": "294"
     },
     {
          "local_language_id": "9",
          "name": "",
          "location_area_id": "295"
     },
     {"Error": "Expected 3 fields but got 4"},
     {
          "local_language_id": "9",
          "name": "",
          "location_area_id": "297"
     },
     {
          "local_language_id": "9",
          "name": "",
          "location_area_id": "298"
     },
     {
          "local_language_id": "9",
          "name": "",
          "location_area_id": "299"
     },
     {
          "local_language_id": "9",
          "name": "",
          "location_area_id": "300"
     },
     {
          "local_language_id": "9",
          "name": "",
          "location_area_id": "301"
     },
     {
          "local_language_id": "9",
          "name": "",
          "location_area_id": "302"
     },
     {
          "local_language_id": "9",
          "name": "",
          "location_area_id": "303"
     },
     {
          "local_language_id": "9",
          "name": "",
          "location_area_id": "304"
     },
     {
          "local_language_id": "9",
          "name": "",
          "location_area_id": "305"
     },
     {
          "local_language_id": "9",
          "name": "",
          "location_area_id": "306"
     },
     {
          "local_language_id": "9",
          "name": "",
          "location_area_id": "307"
     },
     {
          "local_language_id": "9",
          "name": "",
          "location_area_id": "308"
     },
     {
          "local_language_id": "9",
          "name": "",
          "location_area_id": "309"
     },
     {
          "local_language_id": "9",
          "name": "",
          "location_area_id": "310"
     },
     {
          "local_language_id": "9",
          "name": "",
          "location_area_id": "311"
     },
     {
          "local_language_id": "9",
          "name": "",
          "location_area_id": "312"
     },
     {
          "local_language_id": "9",
          "name": "",
          "location_area_id": "313"
     },
     {
          "local_language_id": "9",
          "name": "",
          "location_area_id": "314"
     },
     {
          "local_language_id": "9",
          "name": "",
          "location_area_id": "315"
     },
     {
          "local_language_id": "9",
          "name": "",
          "location_area_id": "316"
     },
     {
          "local_language_id": "9",
          "name": "",
          "location_area_id": "317"
     },
     {
          "local_language_id": "9",
          "name": "2F",
          "location_area_id": "318"
     },
     {
          "local_language_id": "9",
          "name": "3F",
          "location_area_id": "319"
     },
     {"Error": "Expected 3 fields but got 4"},
     {
          "local_language_id": "9",
          "name": "",
          "location_area_id": "321"
     },
     {
          "local_language_id": "9",
          "name": "1F",
          "location_area_id": "323"
     },
     {
          "local_language_id": "9",
          "name": "2F",
          "location_area_id": "324"
     },
     {
          "local_language_id": "9",
          "name": "B1F",
          "location_area_id": "325"
     },
     {
          "local_language_id": "9",
          "name": "B1F",
          "location_area_id": "326"
     },
     {
          "local_language_id": "9",
          "name": "B2F",
          "location_area_id": "327"
     },
     {
          "local_language_id": "9",
          "name": "B2F",
          "location_area_id": "328"
     },
     {
          "local_language_id": "9",
          "name": "",
          "location_area_id": "329"
     },
     {
          "local_language_id": "9",
          "name": "",
          "location_area_id": "330"
     },
     {
          "local_language_id": "9",
          "name": "1F",
          "location_area_id": "331"
     },
     {
          "local_language_id": "9",
          "name": "2F",
          "location_area_id": "332"
     },
     {
          "local_language_id": "9",
          "name": "3F",
          "location_area_id": "333"
     },
     {
          "local_language_id": "9",
          "name": "1F",
          "location_area_id": "334"
     },
     {
          "local_language_id": "9",
          "name": "2F",
          "location_area_id": "335"
     },
     {
          "local_language_id": "9",
          "name": "3F",
          "location_area_id": "336"
     },
     {
          "local_language_id": "9",
          "name": "4F",
          "location_area_id": "337"
     },
     {
          "local_language_id": "9",
          "name": "5F",
          "location_area_id": "338"
     },
     {
          "local_language_id": "9",
          "name": "6F",
          "location_area_id": "339"
     },
     {
          "local_language_id": "9",
          "name": "7F",
          "location_area_id": "340"
     },
     {
          "local_language_id": "9",
          "name": "1F",
          "location_area_id": "341"
     },
     {
          "local_language_id": "9",
          "name": "2F",
          "location_area_id": "342"
     },
     {
          "local_language_id": "9",
          "name": "3F",
          "location_area_id": "343"
     },
     {
          "local_language_id": "9",
          "name": "B1F",
          "location_area_id": "344"
     },
     {
          "local_language_id": "9",
          "name": "middle",
          "location_area_id": "345"
     },
     {"Error": "Expected 3 fields but got 4"},
     {"Error": "Expected 3 fields but got 4"},
     {"Error": "Expected 3 fields but got 4"},
     {
          "local_language_id": "9",
          "name": "S.S. Anne dock",
          "location_area_id": "349"
     },
     {
          "local_language_id": "9",
          "name": "",
          "location_area_id": "350"
     },
     {
          "local_language_id": "9",
          "name": "",
          "location_area_id": "351"
     },
     {
          "local_language_id": "9",
          "name": "",
          "location_area_id": "352"
     },
     {
          "local_language_id": "9",
          "name": "",
          "location_area_id": "353"
     },
     {
          "local_language_id": "9",
          "name": "",
          "location_area_id": "354"
     },
     {
          "local_language_id": "9",
          "name": "",
          "location_area_id": "355"
     },
     {
          "local_language_id": "9",
          "name": "",
          "location_area_id": "356"
     },
     {
          "local_language_id": "9",
          "name": "back",
          "location_area_id": "357"
     },
     {
          "local_language_id": "9",
          "name": "B1F",
          "location_area_id": "358"
     },
     {
          "local_language_id": "9",
          "name": "back/small room",
          "location_area_id": "359"
     },
     {
          "local_language_id": "9",
          "name": "",
          "location_area_id": "360"
     },
     {
          "local_language_id": "9",
          "name": "1F",
          "location_area_id": "361"
     },
     {
          "local_language_id": "9",
          "name": "B1F",
          "location_area_id": "362"
     },
     {
          "local_language_id": "9",
          "name": "B2F",
          "location_area_id": "363"
     },
     {
          "local_language_id": "9",
          "name": "1F/small Room",
          "location_area_id": "364"
     },
     {
          "local_language_id": "9",
          "name": "",
          "location_area_id": "365"
     },
     {
          "local_language_id": "9",
          "name": "",
          "location_area_id": "366"
     },
     {
          "local_language_id": "9",
          "name": "",
          "location_area_id": "367"
     },
     {
          "local_language_id": "9",
          "name": "1F",
          "location_area_id": "368"
     },
     {
          "local_language_id": "9",
          "name": "2F",
          "location_area_id": "369"
     },
     {
          "local_language_id": "9",
          "name": "3F",
          "location_area_id": "370"
     },
     {
          "local_language_id": "9",
          "name": "4F",
          "location_area_id": "371"
     },
     {
          "local_language_id": "9",
          "name": "5F",
          "location_area_id": "372"
     },
     {
          "local_language_id": "9",
          "name": "6F",
          "location_area_id": "373"
     },
     {
          "local_language_id": "9",
          "name": "outside",
          "location_area_id": "374"
     },
     {
          "local_language_id": "9",
          "name": "summit",
          "location_area_id": "375"
     },
     {
          "local_language_id": "9",
          "name": "",
          "location_area_id": "376"
     },
     {
          "local_language_id": "9",
          "name": "entrance",
          "location_area_id": "377"
     },
     {
          "local_language_id": "9",
          "name": "1F",
          "location_area_id": "378"
     },
     {
          "local_language_id": "9",
          "name": "B1F",
          "location_area_id": "379"
     },
     {
          "local_language_id": "9",
          "name": "B2F",
          "location_area_id": "380"
     },
     {
          "local_language_id": "9",
          "name": "B3F",
          "location_area_id": "381"
     },
     {
          "local_language_id": "9",
          "name": "1F",
          "location_area_id": "382"
     },
     {
          "local_language_id": "9",
          "name": "B1F",
          "location_area_id": "383"
     },
     {
          "local_language_id": "9",
          "name": "B2F",
          "location_area_id": "384"
     },
     {
          "local_language_id": "9",
          "name": "",
          "location_area_id": "385"
     },
     {
          "local_language_id": "9",
          "name": "B1F",
          "location_area_id": "386"
     },
     {
          "local_language_id": "9",
          "name": "Entrance",
          "location_area_id": "387"
     },
     {
          "local_language_id": "9",
          "name": "",
          "location_area_id": "388"
     },
     {
          "local_language_id": "9",
          "name": "",
          "location_area_id": "389"
     },
     {
          "local_language_id": "9",
          "name": "1F",
          "location_area_id": "390"
     },
     {
          "local_language_id": "9",
          "name": "3F",
          "location_area_id": "391"
     },
     {
          "local_language_id": "9",
          "name": "5F",
          "location_area_id": "392"
     },
     {
          "local_language_id": "9",
          "name": "",
          "location_area_id": "393"
     },
     {
          "local_language_id": "9",
          "name": "",
          "location_area_id": "394"
     },
     {
          "local_language_id": "9",
          "name": "",
          "location_area_id": "395"
     },
     {
          "local_language_id": "9",
          "name": "",
          "location_area_id": "396"
     },
     {
          "local_language_id": "9",
          "name": "",
          "location_area_id": "397"
     },
     {
          "local_language_id": "9",
          "name": "",
          "location_area_id": "398"
     },
     {
          "local_language_id": "9",
          "name": "",
          "location_area_id": "399"
     },
     {
          "local_language_id": "9",
          "name": "",
          "location_area_id": "400"
     },
     {
          "local_language_id": "9",
          "name": "",
          "location_area_id": "401"
     },
     {
          "local_language_id": "9",
          "name": "",
          "location_area_id": "402"
     },
     {
          "local_language_id": "9",
          "name": "",
          "location_area_id": "403"
     },
     {
          "local_language_id": "9",
          "name": "",
          "location_area_id": "404"
     },
     {
          "local_language_id": "9",
          "name": "",
          "location_area_id": "405"
     },
     {
          "local_language_id": "9",
          "name": "",
          "location_area_id": "406"
     },
     {
          "local_language_id": "9",
          "name": "",
          "location_area_id": "407"
     },
     {
          "local_language_id": "9",
          "name": "",
          "location_area_id": "408"
     },
     {
          "local_language_id": "9",
          "name": "",
          "location_area_id": "409"
     },
     {
          "local_language_id": "9",
          "name": "",
          "location_area_id": "410"
     },
     {
          "local_language_id": "9",
          "name": "",
          "location_area_id": "411"
     },
     {
          "local_language_id": "9",
          "name": "",
          "location_area_id": "412"
     },
     {
          "local_language_id": "9",
          "name": "",
          "location_area_id": "413"
     },
     {
          "local_language_id": "9",
          "name": "",
          "location_area_id": "414"
     },
     {
          "local_language_id": "9",
          "name": "",
          "location_area_id": "415"
     },
     {
          "local_language_id": "9",
          "name": "",
          "location_area_id": "416"
     },
     {
          "local_language_id": "9",
          "name": "underwater",
          "location_area_id": "417"
     },
     {
          "local_language_id": "9",
          "name": "",
          "location_area_id": "418"
     },
     {
          "local_language_id": "9",
          "name": "",
          "location_area_id": "419"
     },
     {
          "local_language_id": "9",
          "name": "underwater",
          "location_area_id": "420"
     },
     {
          "local_language_id": "9",
          "name": "",
          "location_area_id": "421"
     },
     {
          "local_language_id": "9",
          "name": "",
          "location_area_id": "422"
     },
     {
          "local_language_id": "9",
          "name": "",
          "location_area_id": "423"
     },
     {
          "local_language_id": "9",
          "name": "",
          "location_area_id": "424"
     },
     {
          "local_language_id": "9",
          "name": "",
          "location_area_id": "425"
     },
     {
          "local_language_id": "9",
          "name": "",
          "location_area_id": "426"
     },
     {
          "local_language_id": "9",
          "name": "",
          "location_area_id": "427"
     },
     {
          "local_language_id": "9",
          "name": "",
          "location_area_id": "428"
     },
     {
          "local_language_id": "9",
          "name": "NW/mach bike area",
          "location_area_id": "429"
     },
     {
          "local_language_id": "9",
          "name": "NE/acro bike area",
          "location_area_id": "430"
     },
     {
          "local_language_id": "9",
          "name": "SW",
          "location_area_id": "431"
     },
     {
          "local_language_id": "9",
          "name": "SE",
          "location_area_id": "432"
     },
     {
          "local_language_id": "9",
          "name": "",
          "location_area_id": "433"
     },
     {
          "local_language_id": "9",
          "name": "",
          "location_area_id": "434"
     },
     {
          "local_language_id": "9",
          "name": "expansion south",
          "location_area_id": "435"
     },
     {
          "local_language_id": "9",
          "name": "expansion north",
          "location_area_id": "436"
     },
     {
          "local_language_id": "9",
          "name": "",
          "location_area_id": "437"
     },
     {
          "local_language_id": "9",
          "name": "",
          "location_area_id": "438"
     },
     {
          "local_language_id": "9",
          "name": "",
          "location_area_id": "439"
     },
     {
          "local_language_id": "9",
          "name": "",
          "location_area_id": "440"
     },
     {
          "local_language_id": "9",
          "name": "a",
          "location_area_id": "441"
     },
     {
          "local_language_id": "9",
          "name": "b",
          "location_area_id": "442"
     },
     {
          "local_language_id": "9",
          "name": "c",
          "location_area_id": "443"
     },
     {
          "local_language_id": "9",
          "name": "d",
          "location_area_id": "444"
     },
     {
          "local_language_id": "9",
          "name": "e",
          "location_area_id": "445"
     },
     {
          "local_language_id": "9",
          "name": "f",
          "location_area_id": "446"
     },
     {
          "local_language_id": "9",
          "name": "g",
          "location_area_id": "447"
     },
     {
          "local_language_id": "9",
          "name": "h",
          "location_area_id": "448"
     },
     {
          "local_language_id": "9",
          "name": "i",
          "location_area_id": "449"
     },
     {
          "local_language_id": "9",
          "name": "",
          "location_area_id": "450"
     },
     {
          "local_language_id": "9",
          "name": "",
          "location_area_id": "451"
     },
     {
          "local_language_id": "9",
          "name": "",
          "location_area_id": "452"
     },
     {
          "local_language_id": "9",
          "name": "",
          "location_area_id": "453"
     },
     {
          "local_language_id": "9",
          "name": "",
          "location_area_id": "454"
     },
     {
          "local_language_id": "9",
          "name": "",
          "location_area_id": "455"
     },
     {
          "local_language_id": "9",
          "name": "",
          "location_area_id": "456"
     },
     {
          "local_language_id": "9",
          "name": "",
          "location_area_id": "457"
     },
     {
          "local_language_id": "9",
          "name": "1F",
          "location_area_id": "458"
     },
     {
          "local_language_id": "9",
          "name": "B1F",
          "location_area_id": "459"
     },
     {
          "local_language_id": "9",
          "name": "B2F",
          "location_area_id": "460"
     },
     {
          "local_language_id": "9",
          "name": "",
          "location_area_id": "461"
     },
     {
          "local_language_id": "9",
          "name": "",
          "location_area_id": "462"
     },
     {
          "local_language_id": "9",
          "name": "1F",
          "location_area_id": "463"
     },
     {
          "local_language_id": "9",
          "name": "2F",
          "location_area_id": "464"
     },
     {
          "local_language_id": "9",
          "name": "3F",
          "location_area_id": "465"
     },
     {
          "local_language_id": "9",
          "name": "",
          "location_area_id": "466"
     },
     {
          "local_language_id": "9",
          "name": "B1F",
          "location_area_id": "467"
     },
     {
          "local_language_id": "9",
          "name": "center",
          "location_area_id": "468"
     },
     {"Error": "Expected 3 fields but got 4"},
     {"Error": "Expected 3 fields but got 4"},
     {"Error": "Expected 3 fields but got 4"},
     {
          "local_language_id": "9",
          "name": "1F",
          "location_area_id": "472"
     },
     {
          "local_language_id": "9",
          "name": "2F",
          "location_area_id": "473"
     },
     {
          "local_language_id": "9",
          "name": "B1F",
          "location_area_id": "474"
     },
     {
          "local_language_id": "9",
          "name": "1F",
          "location_area_id": "475"
     },
     {
          "local_language_id": "9",
          "name": "B1F",
          "location_area_id": "476"
     },
     {
          "local_language_id": "9",
          "name": "1F",
          "location_area_id": "477"
     },
     {
          "local_language_id": "9",
          "name": "B1F",
          "location_area_id": "478"
     },
     {
          "local_language_id": "9",
          "name": "B2F",
          "location_area_id": "479"
     },
     {
          "local_language_id": "9",
          "name": "B3F",
          "location_area_id": "480"
     },
     {
          "local_language_id": "9",
          "name": "B4F",
          "location_area_id": "481"
     },
     {
          "local_language_id": "9",
          "name": "3F",
          "location_area_id": "482"
     },
     {
          "local_language_id": "9",
          "name": "4F",
          "location_area_id": "483"
     },
     {
          "local_language_id": "9",
          "name": "5F",
          "location_area_id": "484"
     },
     {
          "local_language_id": "9",
          "name": "6F",
          "location_area_id": "485"
     },
     {
          "local_language_id": "9",
          "name": "7F",
          "location_area_id": "486"
     },
     {
          "local_language_id": "9",
          "name": "",
          "location_area_id": "487"
     },
     {
          "local_language_id": "9",
          "name": "",
          "location_area_id": "488"
     },
     {
          "local_language_id": "9",
          "name": "cave",
          "location_area_id": "489"
     },
     {
          "local_language_id": "9",
          "name": "inside",
          "location_area_id": "490"
     },
     {"Error": "Expected 3 fields but got 4"},
     {
          "local_language_id": "9",
          "name": "B1F",
          "location_area_id": "492"
     },
     {
          "local_language_id": "9",
          "name": "B2F",
          "location_area_id": "493"
     },
     {
          "local_language_id": "9",
          "name": "B3F",
          "location_area_id": "494"
     },
     {
          "local_language_id": "9",
          "name": "",
          "location_area_id": "495"
     },
     {
          "local_language_id": "9",
          "name": "entrance",
          "location_area_id": "496"
     },
     {
          "local_language_id": "9",
          "name": "1F",
          "location_area_id": "497"
     },
     {
          "local_language_id": "9",
          "name": "B1F",
          "location_area_id": "498"
     },
     {
          "local_language_id": "9",
          "name": "waterfall",
          "location_area_id": "499"
     },
     {
          "local_language_id": "9",
          "name": "",
          "location_area_id": "500"
     },
     {
          "local_language_id": "9",
          "name": "room 1",
          "location_area_id": "501"
     },
     {
          "local_language_id": "9",
          "name": "room 2",
          "location_area_id": "502"
     },
     {
          "local_language_id": "9",
          "name": "room 3",
          "location_area_id": "503"
     },
     {
          "local_language_id": "9",
          "name": "room 4",
          "location_area_id": "504"
     },
     {
          "local_language_id": "9",
          "name": "room 5",
          "location_area_id": "505"
     },
     {
          "local_language_id": "9",
          "name": "room 6",
          "location_area_id": "506"
     },
     {
          "local_language_id": "9",
          "name": "room 7",
          "location_area_id": "507"
     },
     {
          "local_language_id": "9",
          "name": "room 8",
          "location_area_id": "508"
     },
     {
          "local_language_id": "9",
          "name": "room 9",
          "location_area_id": "509"
     },
     {
          "local_language_id": "9",
          "name": "room 10",
          "location_area_id": "510"
     },
     {
          "local_language_id": "9",
          "name": "item rooms",
          "location_area_id": "511"
     },
     {
          "local_language_id": "9",
          "name": "",
          "location_area_id": "512"
     },
     {
          "local_language_id": "9",
          "name": "",
          "location_area_id": "513"
     },
     {
          "local_language_id": "9",
          "name": "",
          "location_area_id": "514"
     },
     {
          "local_language_id": "9",
          "name": "",
          "location_area_id": "515"
     },
     {
          "local_language_id": "9",
          "name": "",
          "location_area_id": "516"
     },
     {
          "local_language_id": "9",
          "name": "",
          "location_area_id": "517"
     },
     {
          "local_language_id": "9",
          "name": "",
          "location_area_id": "518"
     },
     {
          "local_language_id": "9",
          "name": "",
          "location_area_id": "519"
     },
     {
          "local_language_id": "9",
          "name": "",
          "location_area_id": "520"
     },
     {
          "local_language_id": "9",
          "name": "",
          "location_area_id": "521"
     },
     {
          "local_language_id": "9",
          "name": "",
          "location_area_id": "522"
     },
     {
          "local_language_id": "9",
          "name": "",
          "location_area_id": "523"
     },
     {
          "local_language_id": "9",
          "name": "",
          "location_area_id": "524"
     },
     {
          "local_language_id": "9",
          "name": "",
          "location_area_id": "525"
     },
     {
          "local_language_id": "9",
          "name": "",
          "location_area_id": "526"
     },
     {
          "local_language_id": "9",
          "name": "",
          "location_area_id": "527"
     },
     {
          "local_language_id": "9",
          "name": "",
          "location_area_id": "528"
     },
     {
          "local_language_id": "9",
          "name": "",
          "location_area_id": "529"
     },
     {
          "local_language_id": "9",
          "name": "",
          "location_area_id": "530"
     },
     {
          "local_language_id": "9",
          "name": "",
          "location_area_id": "531"
     },
     {
          "local_language_id": "9",
          "name": "",
          "location_area_id": "532"
     },
     {
          "local_language_id": "9",
          "name": "",
          "location_area_id": "533"
     },
     {
          "local_language_id": "9",
          "name": "",
          "location_area_id": "534"
     },
     {
          "local_language_id": "9",
          "name": "",
          "location_area_id": "535"
     },
     {
          "local_language_id": "9",
          "name": "",
          "location_area_id": "536"
     },
     {
          "local_language_id": "9",
          "name": "",
          "location_area_id": "537"
     },
     {
          "local_language_id": "9",
          "name": "",
          "location_area_id": "538"
     },
     {
          "local_language_id": "9",
          "name": "",
          "location_area_id": "539"
     },
     {
          "local_language_id": "9",
          "name": "",
          "location_area_id": "540"
     },
     {
          "local_language_id": "9",
          "name": "",
          "location_area_id": "541"
     },
     {
          "local_language_id": "9",
          "name": "",
          "location_area_id": "542"
     },
     {
          "local_language_id": "9",
          "name": "",
          "location_area_id": "543"
     },
     {
          "local_language_id": "9",
          "name": "",
          "location_area_id": "544"
     },
     {
          "local_language_id": "9",
          "name": "",
          "location_area_id": "545"
     },
     {
          "local_language_id": "9",
          "name": "",
          "location_area_id": "546"
     },
     {
          "local_language_id": "9",
          "name": "",
          "location_area_id": "547"
     },
     {
          "local_language_id": "9",
          "name": "",
          "location_area_id": "548"
     },
     {
          "local_language_id": "9",
          "name": "",
          "location_area_id": "549"
     },
     {
          "local_language_id": "9",
          "name": "",
          "location_area_id": "550"
     },
     {
          "local_language_id": "9",
          "name": "",
          "location_area_id": "551"
     },
     {
          "local_language_id": "9",
          "name": "",
          "location_area_id": "552"
     },
     {
          "local_language_id": "9",
          "name": "",
          "location_area_id": "553"
     },
     {
          "local_language_id": "9",
          "name": "",
          "location_area_id": "554"
     },
     {
          "local_language_id": "9",
          "name": "",
          "location_area_id": "555"
     },
     {
          "local_language_id": "9",
          "name": "",
          "location_area_id": "556"
     },
     {
          "local_language_id": "9",
          "name": "",
          "location_area_id": "557"
     },
     {
          "local_language_id": "9",
          "name": "",
          "location_area_id": "558"
     },
     {
          "local_language_id": "9",
          "name": "",
          "location_area_id": "559"
     },
     {
          "local_language_id": "9",
          "name": "",
          "location_area_id": "560"
     },
     {
          "local_language_id": "9",
          "name": "",
          "location_area_id": "561"
     },
     {
          "local_language_id": "9",
          "name": "",
          "location_area_id": "562"
     },
     {
          "local_language_id": "9",
          "name": "",
          "location_area_id": "563"
     },
     {
          "local_language_id": "9",
          "name": "a",
          "location_area_id": "564"
     },
     {
          "local_language_id": "9",
          "name": "b",
          "location_area_id": "565"
     },
     {
          "local_language_id": "9",
          "name": "c",
          "location_area_id": "566"
     },
     {
          "local_language_id": "9",
          "name": "d",
          "location_area_id": "567"
     },
     {
          "local_language_id": "9",
          "name": "e",
          "location_area_id": "568"
     },
     {
          "local_language_id": "9",
          "name": "f",
          "location_area_id": "569"
     },
     {
          "local_language_id": "9",
          "name": "g",
          "location_area_id": "570"
     },
     {
          "local_language_id": "9",
          "name": "h",
          "location_area_id": "571"
     },
     {
          "local_language_id": "9",
          "name": "i",
          "location_area_id": "572"
     },
     {
          "local_language_id": "9",
          "name": "1F",
          "location_area_id": "573"
     },
     {
          "local_language_id": "9",
          "name": "2F",
          "location_area_id": "574"
     },
     {
          "local_language_id": "9",
          "name": "3F",
          "location_area_id": "575"
     },
     {
          "local_language_id": "9",
          "name": "",
          "location_area_id": "576"
     },
     {
          "local_language_id": "9",
          "name": "",
          "location_area_id": "577"
     },
     {
          "local_language_id": "9",
          "name": "",
          "location_area_id": "578"
     },
     {
          "local_language_id": "9",
          "name": "",
          "location_area_id": "579"
     },
     {
          "local_language_id": "9",
          "name": "B1F",
          "location_area_id": "580"
     },
     {
          "local_language_id": "9",
          "name": "outside",
          "location_area_id": "581"
     },
     {
          "local_language_id": "9",
          "name": "inside",
          "location_area_id": "582"
     },
     {
          "local_language_id": "9",
          "name": "entrance",
          "location_area_id": "583"
     },
     {
          "local_language_id": "9",
          "name": "",
          "location_area_id": "584"
     },
     {
          "local_language_id": "9",
          "name": "a",
          "location_area_id": "585"
     },
     {
          "local_language_id": "9",
          "name": "b",
          "location_area_id": "586"
     },
     {
          "local_language_id": "9",
          "name": "c",
          "location_area_id": "587"
     },
     {
          "local_language_id": "9",
          "name": "d",
          "location_area_id": "588"
     },
     {
          "local_language_id": "9",
          "name": "",
          "location_area_id": "589"
     },
     {
          "local_language_id": "9",
          "name": "1F",
          "location_area_id": "590"
     },
     {
          "local_language_id": "9",
          "name": "B1F",
          "location_area_id": "591"
     },
     {
          "local_language_id": "9",
          "name": "B2F",
          "location_area_id": "592"
     },
     {
          "local_language_id": "9",
          "name": "",
          "location_area_id": "593"
     },
     {
          "local_language_id": "9",
          "name": "entrance",
          "location_area_id": "594"
     },
     {
          "local_language_id": "9",
          "name": "outside",
          "location_area_id": "595"
     },
     {
          "local_language_id": "9",
          "name": "1F",
          "location_area_id": "596"
     },
     {
          "local_language_id": "9",
          "name": "2F",
          "location_area_id": "597"
     },
     {
          "local_language_id": "9",
          "name": "outside",
          "location_area_id": "598"
     },
     {
          "local_language_id": "9",
          "name": "Unknown Area 53",
          "location_area_id": "599"
     },
     {
          "local_language_id": "9",
          "name": "Unknown Area 54",
          "location_area_id": "600"
     },
     {
          "local_language_id": "9",
          "name": "Unknown Area 55",
          "location_area_id": "601"
     },
     {
          "local_language_id": "9",
          "name": "Unknown Area 56",
          "location_area_id": "602"
     },
     {
          "local_language_id": "9",
          "name": "Unknown Area 57",
          "location_area_id": "603"
     },
     {
          "local_language_id": "9",
          "name": "Unknown Area 58",
          "location_area_id": "604"
     },
     {
          "local_language_id": "9",
          "name": "Unknown Area 59",
          "location_area_id": "605"
     },
     {
          "local_language_id": "9",
          "name": "Unknown Area 60",
          "location_area_id": "606"
     },
     {
          "local_language_id": "9",
          "name": "Unknown Area 61",
          "location_area_id": "607"
     },
     {
          "local_language_id": "9",
          "name": "Unknown Area 62",
          "location_area_id": "608"
     },
     {
          "local_language_id": "9",
          "name": "Unknown Area 63",
          "location_area_id": "609"
     },
     {
          "local_language_id": "9",
          "name": "Unknown Area 64",
          "location_area_id": "610"
     },
     {
          "local_language_id": "9",
          "name": "Unknown Area 65",
          "location_area_id": "611"
     },
     {
          "local_language_id": "9",
          "name": "Unknown Area 66",
          "location_area_id": "612"
     },
     {
          "local_language_id": "9",
          "name": "",
          "location_area_id": "613"
     },
     {
          "local_language_id": "9",
          "name": "outside",
          "location_area_id": "614"
     },
     {
          "local_language_id": "9",
          "name": "",
          "location_area_id": "615"
     },
     {
          "local_language_id": "9",
          "name": "forest",
          "location_area_id": "616"
     },
     {
          "local_language_id": "9",
          "name": "forest cave",
          "location_area_id": "617"
     },
     {
          "local_language_id": "9",
          "name": "",
          "location_area_id": "618"
     },
     {
          "local_language_id": "9",
          "name": "",
          "location_area_id": "619"
     },
     {
          "local_language_id": "9",
          "name": "",
          "location_area_id": "620"
     },
     {
          "local_language_id": "9",
          "name": "",
          "location_area_id": "621"
     },
     {
          "local_language_id": "9",
          "name": "",
          "location_area_id": "622"
     },
     {
          "local_language_id": "9",
          "name": "",
          "location_area_id": "623"
     },
     {
          "local_language_id": "9",
          "name": "",
          "location_area_id": "624"
     },
     {
          "local_language_id": "9",
          "name": "",
          "location_area_id": "625"
     },
     {
          "local_language_id": "9",
          "name": "",
          "location_area_id": "626"
     },
     {
          "local_language_id": "9",
          "name": "",
          "location_area_id": "627"
     },
     {
          "local_language_id": "9",
          "name": "",
          "location_area_id": "628"
     },
     {
          "local_language_id": "9",
          "name": "",
          "location_area_id": "629"
     },
     {
          "local_language_id": "9",
          "name": "",
          "location_area_id": "630"
     },
     {
          "local_language_id": "9",
          "name": "",
          "location_area_id": "631"
     },
     {
          "local_language_id": "9",
          "name": "",
          "location_area_id": "632"
     },
     {
          "local_language_id": "9",
          "name": "2F",
          "location_area_id": "633"
     },
     {
          "local_language_id": "9",
          "name": "3F",
          "location_area_id": "634"
     },
     {
          "local_language_id": "9",
          "name": "4F",
          "location_area_id": "635"
     },
     {
          "local_language_id": "9",
          "name": "5F",
          "location_area_id": "636"
     },
     {
          "local_language_id": "9",
          "name": "",
          "location_area_id": "637"
     },
     {
          "local_language_id": "9",
          "name": "",
          "location_area_id": "638"
     },
     {
          "local_language_id": "9",
          "name": "",
          "location_area_id": "639"
     },
     {
          "local_language_id": "9",
          "name": "1F",
          "location_area_id": "640"
     },
     {
          "local_language_id": "9",
          "name": "B1F",
          "location_area_id": "641"
     },
     {
          "local_language_id": "9",
          "name": "B2F",
          "location_area_id": "642"
     },
     {
          "local_language_id": "9",
          "name": "",
          "location_area_id": "643"
     },
     {
          "local_language_id": "9",
          "name": "Victory Road gate",
          "location_area_id": "644"
     },
     {
          "local_language_id": "9",
          "name": "",
          "location_area_id": "645"
     },
     {
          "local_language_id": "9",
          "name": "",
          "location_area_id": "646"
     },
     {
          "local_language_id": "9",
          "name": "",
          "location_area_id": "647"
     },
     {
          "local_language_id": "9",
          "name": "",
          "location_area_id": "648"
     },
     {
          "local_language_id": "9",
          "name": "",
          "location_area_id": "649"
     },
     {
          "local_language_id": "9",
          "name": "",
          "location_area_id": "650"
     },
     {
          "local_language_id": "9",
          "name": "",
          "location_area_id": "651"
     },
     {
          "local_language_id": "9",
          "name": "",
          "location_area_id": "652"
     },
     {
          "local_language_id": "9",
          "name": "",
          "location_area_id": "653"
     },
     {
          "local_language_id": "9",
          "name": "",
          "location_area_id": "654"
     },
     {
          "local_language_id": "9",
          "name": "",
          "location_area_id": "655"
     },
     {
          "local_language_id": "9",
          "name": "",
          "location_area_id": "656"
     },
     {
          "local_language_id": "9",
          "name": "",
          "location_area_id": "657"
     },
     {
          "local_language_id": "9",
          "name": "",
          "location_area_id": "658"
     },
     {
          "local_language_id": "9",
          "name": "",
          "location_area_id": "659"
     },
     {
          "local_language_id": "9",
          "name": "7F",
          "location_area_id": "660"
     },
     {
          "local_language_id": "9",
          "name": "unknown area 71",
          "location_area_id": "661"
     },
     {
          "local_language_id": "9",
          "name": "unknown area 72",
          "location_area_id": "662"
     },
     {
          "local_language_id": "9",
          "name": "unknown area 73",
          "location_area_id": "663"
     },
     {
          "local_language_id": "9",
          "name": "unknown area 74",
          "location_area_id": "664"
     },
     {
          "local_language_id": "9",
          "name": "unknown area 75",
          "location_area_id": "665"
     },
     {
          "local_language_id": "9",
          "name": "unknown area 76",
          "location_area_id": "666"
     },
     {
          "local_language_id": "9",
          "name": "unknown area 77",
          "location_area_id": "667"
     },
     {
          "local_language_id": "9",
          "name": "unknown area 78",
          "location_area_id": "668"
     },
     {
          "local_language_id": "9",
          "name": "unknown area 79",
          "location_area_id": "669"
     },
     {
          "local_language_id": "9",
          "name": "unknown area 80",
          "location_area_id": "670"
     },
     {
          "local_language_id": "9",
          "name": "",
          "location_area_id": "671"
     },
     {
          "local_language_id": "9",
          "name": "unknown area 38",
          "location_area_id": "672"
     },
     {
          "local_language_id": "9",
          "name": "outer",
          "location_area_id": "673"
     },
     {
          "local_language_id": "9",
          "name": "inner",
          "location_area_id": "674"
     },
     {
          "local_language_id": "9",
          "name": "outer",
          "location_area_id": "675"
     },
     {
          "local_language_id": "9",
          "name": "inner",
          "location_area_id": "676"
     },
     {
          "local_language_id": "9",
          "name": "unknown area 48",
          "location_area_id": "677"
     },
     {
          "local_language_id": "9",
          "name": "unknown area 49",
          "location_area_id": "678"
     },
     {
          "local_language_id": "9",
          "name": "unknown area 50",
          "location_area_id": "679"
     },
     {
          "local_language_id": "9",
          "name": "unknown area 51",
          "location_area_id": "680"
     },
     {
          "local_language_id": "9",
          "name": "unknown area 52",
          "location_area_id": "681"
     },
     {
          "local_language_id": "9",
          "name": "unknown area 53",
          "location_area_id": "682"
     },
     {
          "local_language_id": "9",
          "name": "unknown area 54",
          "location_area_id": "683"
     },
     {
          "local_language_id": "9",
          "name": "unknown area 55",
          "location_area_id": "684"
     },
     {
          "local_language_id": "9",
          "name": "unknown area 56",
          "location_area_id": "685"
     },
     {
          "local_language_id": "9",
          "name": "unknown area 57",
          "location_area_id": "686"
     },
     {
          "local_language_id": "9",
          "name": "unknown area 58",
          "location_area_id": "687"
     },
     {
          "local_language_id": "9",
          "name": "unknown area 59",
          "location_area_id": "688"
     },
     {
          "local_language_id": "9",
          "name": "unknown area 60",
          "location_area_id": "689"
     },
     {
          "local_language_id": "9",
          "name": "1F",
          "location_area_id": "690"
     },
     {
          "local_language_id": "9",
          "name": "B1F",
          "location_area_id": "691"
     },
     {
          "local_language_id": "9",
          "name": "Castelia Sewers entrance",
          "location_area_id": "692"
     },
     {
          "local_language_id": "9",
          "name": "Relic Castle entrance",
          "location_area_id": "693"
     },
     {
          "local_language_id": "9",
          "name": "PWT entrance",
          "location_area_id": "694"
     },
     {
          "local_language_id": "9",
          "name": "",
          "location_area_id": "695"
     },
     {
          "local_language_id": "9",
          "name": "",
          "location_area_id": "696"
     },
     {
          "local_language_id": "9",
          "name": "",
          "location_area_id": "697"
     },
     {
          "local_language_id": "9",
          "name": "",
          "location_area_id": "698"
     },
     {
          "local_language_id": "9",
          "name": "",
          "location_area_id": "699"
     },
     {
          "local_language_id": "9",
          "name": "1F",
          "location_area_id": "700"
     },
     {
          "local_language_id": "9",
          "name": "B1F",
          "location_area_id": "701"
     },
     {
          "local_language_id": "9",
          "name": "",
          "location_area_id": "702"
     },
     {
          "local_language_id": "9",
          "name": "",
          "location_area_id": "703"
     },
     {
          "local_language_id": "9",
          "name": "",
          "location_area_id": "704"
     },
     {
          "local_language_id": "9",
          "name": "",
          "location_area_id": "705"
     },
     {
          "local_language_id": "9",
          "name": "",
          "location_area_id": "706"
     },
     {
          "local_language_id": "9",
          "name": "",
          "location_area_id": "707"
     },
     {
          "local_language_id": "10",
          "name": "Vnitřek C",
          "location_area_id": "196"
     },
     {
          "local_language_id": "10",
          "name": "vchod",
          "location_area_id": "496"
     },
     {"Error": "Expected 3 fields but got 4"},
     {
          "local_language_id": "10",
          "name": "1. sloup",
          "location_area_id": "61"
     },
     {
          "local_language_id": "10",
          "name": "Vnitřek A",
          "location_area_id": "194"
     },
     {
          "local_language_id": "10",
          "name": "prázdné patro Y",
          "location_area_id": "231"
     },
     {
          "local_language_id": "10",
          "name": "vchod",
          "location_area_id": "58"
     },
     {
          "local_language_id": "10",
          "name": "venku",
          "location_area_id": "374"
     },
     {
          "local_language_id": "10",
          "name": "uprostřed",
          "location_area_id": "345"
     },
     {
          "local_language_id": "10",
          "name": "v jeskyni",
          "location_area_id": "267"
     },
     {
          "local_language_id": "10",
          "name": "Spodní jeskyně",
          "location_area_id": "238"
     },
     {
          "local_language_id": "10",
          "name": "Vnitřek D",
          "location_area_id": "197"
     },
     {"Error": "Expected 3 fields but got 4"},
     {
          "local_language_id": "10",
          "name": "Přístav S.S. Anne",
          "location_area_id": "349"
     },
     {
          "local_language_id": "10",
          "name": "po zásahu týmu Galactic",
          "location_area_id": "136"
     },
     {
          "local_language_id": "10",
          "name": "Vrchní jeskyně",
          "location_area_id": "239"
     },
     {
          "local_language_id": "10",
          "name": "vrcholek",
          "location_area_id": "273"
     },
     {
          "local_language_id": "10",
          "name": "Oblast 4",
          "location_area_id": "27"
     },
     {
          "local_language_id": "10",
          "name": "vchod",
          "location_area_id": "126"
     },
     {"Error": "Expected 3 fields but got 4"},
     {
          "local_language_id": "10",
          "name": "před zásahem týmu Galactic",
          "location_area_id": "135"
     },
     {"Error": "Expected 3 fields but got 4"},
     {
          "local_language_id": "10",
          "name": "Oblast 1",
          "location_area_id": "24"
     },
     {
          "local_language_id": "10",
          "name": "vchod",
          "location_area_id": "377"
     },
     {
          "local_language_id": "10",
          "name": "chumelenice",
          "location_area_id": "14"
     },
     {
          "local_language_id": "10",
          "name": "prázdné patro X",
          "location_area_id": "229"
     },
     {
          "local_language_id": "10",
          "name": "vstup do Blackthornu ",
          "location_area_id": "254"
     },
     {
          "local_language_id": "10",
          "name": "uvnitř",
          "location_area_id": "490"
     },
     {"Error": "Expected 3 fields but got 4"},
     {
          "local_language_id": "10",
          "name": "Oblast 5",
          "location_area_id": "28"
     },
     {
          "local_language_id": "10",
          "name": "vstup do Violetu",
          "location_area_id": "253"
     },
     {"Error": "Expected 3 fields but got 4"},
     {
          "local_language_id": "10",
          "name": "vánice",
          "location_area_id": "15"
     },
     {
          "local_language_id": "10",
          "name": "uvnitř",
          "location_area_id": "59"
     },
     {"Error": "Expected 3 fields but got 4"},
     {
          "local_language_id": "10",
          "name": "podél jeskyně",
          "location_area_id": "271"
     },
     {"Error": "Expected 3 fields but got 4"},
     {
          "local_language_id": "10",
          "name": "venku",
          "location_area_id": "269"
     },
     {"Error": "Expected 3 fields but got 4"},
     {"Error": "Expected 3 fields but got 4"},
     {
          "local_language_id": "10",
          "name": "Oblast 2",
          "location_area_id": "25"
     },
     {
          "local_language_id": "10",
          "name": "vchod do jeskyně",
          "location_area_id": "266"
     },
     {
          "local_language_id": "10",
          "name": "Vnitřek B",
          "location_area_id": "195"
     },
     {
          "local_language_id": "10",
          "name": "Oblast 6",
          "location_area_id": "29"
     },
     {"Error": "Expected 3 fields but got 4"},
     {
          "local_language_id": "10",
          "name": "uvnitř",
          "location_area_id": "52"
     },
     {
          "local_language_id": "10",
          "name": "2. sloup",
          "location_area_id": "62"
     },
     {
          "local_language_id": "10",
          "name": "Oblast 3",
          "location_area_id": "26"
     },
     {
          "local_language_id": "10",
          "name": "Venku",
          "location_area_id": "193"
     },
     {
          "local_language_id": "10",
          "name": "3. sloup",
          "location_area_id": "63"
     },
     {"Error": "Expected 3 fields but got 4"}
]