[
     {
          "local_language_id": "9",
          "name": "Specific move",
          "move_target_id": "1",
          "description": "One specific move.  How this move is chosen depends upon on the move being used."
     },
     {"Error": "Expected 4 fields but got 5"},
     {
          "local_language_id": "9",
          "name": "Ally",
          "move_target_id": "3",
          "description": "The user's ally (if any)."
     },
     {
          "local_language_id": "9",
          "name": "User's field",
          "move_target_id": "4",
          "description": "The user's side of the field.  Affects the user and its ally (if any)."
     },
     {"Error": "Expected 4 fields but got 5"},
     {
          "local_language_id": "9",
          "name": "Opponent's field",
          "move_target_id": "6",
          "description": "The opposing side of the field.  Affects opposing Pokémon."
     },
     {
          "local_language_id": "9",
          "name": "User",
          "move_target_id": "7",
          "description": "The user."
     },
     {"Error": "Expected 4 fields but got 5"},
     {
          "local_language_id": "9",
          "name": "All other Pokémon",
          "move_target_id": "9",
          "description": "Every other Pokémon on the field."
     },
     {"Error": "Expected 4 fields but got 5"},
     {
          "local_language_id": "9",
          "name": "All opponents",
          "move_target_id": "11",
          "description": "All opposing Pokémon."
     },
     {
          "local_language_id": "9",
          "name": "Entire field",
          "move_target_id": "12",
          "description": "The entire field.  Affects all Pokémon."
     },
     {
          "local_language_id": "10",
          "name": "Strana uživatele",
          "move_target_id": "4",
          "description": "Uživatelova strana bojiště."
     },
     {"Error": "Expected 4 fields but got 1"},
     {"Error": "Expected 4 fields but got 5"},
     {
          "local_language_id": "10",
          "name": "Spolubojovník",
          "move_target_id": "3",
          "description": "Spolubojovník uživatele (je-li nějaký)."
     },
     {
          "local_language_id": "10",
          "name": "Strana protivnika",
          "move_target_id": "6",
          "description": "Opačná strana bojiště."
     },
     {"Error": "Expected 4 fields but got 1"},
     {"Error": "Expected 4 fields but got 5"},
     {"Error": "Expected 4 fields but got 1"},
     {
          "local_language_id": "10",
          "name": "Uživatel",
          "move_target_id": "7",
          "description": "Působí na uživatele."
     },
     {"Error": "Expected 4 fields but got 5"},
     {
          "local_language_id": "10",
          "name": "Všichni protivníci",
          "move_target_id": "11",
          "description": "Všichni protivníci."
     },
     {"Error": "Expected 4 fields but got 5"},
     {"Error": "Expected 4 fields but got 5"}
]