[
     {
          "effect_id": "8",
          "changed_in_version_group_id": "11",
          "id": "1"
     },
     {
          "effect_id": "18",
          "changed_in_version_group_id": "3",
          "id": "2"
     },
     {
          "effect_id": "29",
          "changed_in_version_group_id": "3",
          "id": "3"
     },
     {
          "effect_id": "38",
          "changed_in_version_group_id": "8",
          "id": "4"
     },
     {
          "effect_id": "46",
          "changed_in_version_group_id": "3",
          "id": "5"
     },
     {
          "effect_id": "46",
          "changed_in_version_group_id": "11",
          "id": "6"
     },
     {
          "effect_id": "82",
          "changed_in_version_group_id": "3",
          "id": "7"
     },
     {
          "effect_id": "84",
          "changed_in_version_group_id": "3",
          "id": "8"
     },
     {
          "effect_id": "109",
          "changed_in_version_group_id": "3",
          "id": "9"
     },
     {
          "effect_id": "109",
          "changed_in_version_group_id": "11",
          "id": "10"
     },
     {
          "effect_id": "146",
          "changed_in_version_group_id": "3",
          "id": "11"
     },
     {
          "effect_id": "148",
          "changed_in_version_group_id": "3",
          "id": "12"
     },
     {
          "effect_id": "150",
          "changed_in_version_group_id": "3",
          "id": "13"
     },
     {
          "effect_id": "151",
          "changed_in_version_group_id": "3",
          "id": "14"
     },
     {
          "effect_id": "153",
          "changed_in_version_group_id": "3",
          "id": "15"
     },
     {
          "effect_id": "155",
          "changed_in_version_group_id": "11",
          "id": "16"
     },
     {
          "effect_id": "156",
          "changed_in_version_group_id": "3",
          "id": "17"
     },
     {
          "effect_id": "161",
          "changed_in_version_group_id": "8",
          "id": "18"
     },
     {
          "effect_id": "175",
          "changed_in_version_group_id": "8",
          "id": "19"
     },
     {
          "effect_id": "180",
          "changed_in_version_group_id": "11",
          "id": "20"
     },
     {
          "effect_id": "255",
          "changed_in_version_group_id": "3",
          "id": "21"
     },
     {
          "effect_id": "257",
          "changed_in_version_group_id": "3",
          "id": "22"
     },
     {
          "effect_id": "261",
          "changed_in_version_group_id": "8",
          "id": "23"
     },
     {
          "effect_id": "274",
          "changed_in_version_group_id": "11",
          "id": "24"
     },
     {
          "effect_id": "27",
          "changed_in_version_group_id": "8",
          "id": "25"
     },
     {
          "effect_id": "224",
          "changed_in_version_group_id": "11",
          "id": "26"
     },
     {
          "effect_id": "255",
          "changed_in_version_group_id": "8",
          "id": "27"
     }
]