[
     {
          "local_language_id": "9",
          "name": "Forest",
          "pal_park_area_id": "1"
     },
     {
          "local_language_id": "9",
          "name": "Field",
          "pal_park_area_id": "2"
     },
     {
          "local_language_id": "9",
          "name": "Mountain",
          "pal_park_area_id": "3"
     },
     {
          "local_language_id": "9",
          "name": "Pond",
          "pal_park_area_id": "4"
     },
     {
          "local_language_id": "9",
          "name": "Sea",
          "pal_park_area_id": "5"
     }
]