[
     {
          "local_language_id": "9",
          "name": "National",
          "description": "Entire National dex",
          "pokedex_id": "1"
     },
     {
          "local_language_id": "9",
          "name": "Kanto",
          "description": "Red/Blue/Yellow Kanto dex",
          "pokedex_id": "2"
     },
     {
          "local_language_id": "9",
          "name": "Original Johto",
          "description": "Gold/Silver/Crystal Johto dex—called the New Pokédex in-game",
          "pokedex_id": "3"
     },
     {
          "local_language_id": "9",
          "name": "Hoenn",
          "description": "Ruby/Sapphire/Emerald Hoenn dex",
          "pokedex_id": "4"
     },
     {
          "local_language_id": "9",
          "name": "Original Sinnoh",
          "description": "Diamond/Pearl Sinnoh dex",
          "pokedex_id": "5"
     },
     {
          "local_language_id": "9",
          "name": "Extended Sinnoh",
          "description": "Platinum Sinnoh dex—an extended version of Diamond and Pearl's",
          "pokedex_id": "6"
     },
     {"Error": "Expected 4 fields but got 5"},
     {
          "local_language_id": "9",
          "name": "Original Unova",
          "description": "Black/White Unova dex",
          "pokedex_id": "8"
     },
     {
          "local_language_id": "9",
          "name": "Updated Unova",
          "description": "Black 2/White 2 Unova dex",
          "pokedex_id": "9"
     },
     {
          "local_language_id": "9",
          "name": "Gallery",
          "description": "Pokémon Conquest gallery order",
          "pokedex_id": "11"
     },
     {
          "local_language_id": "9",
          "name": "Central Kalos",
          "description": "",
          "pokedex_id": "12"
     },
     {
          "local_language_id": "9",
          "name": "Coastal Kalos",
          "description": "",
          "pokedex_id": "13"
     },
     {
          "local_language_id": "9",
          "name": "Mountain Kalos",
          "description": "",
          "pokedex_id": "14"
     },
     {
          "local_language_id": "10",
          "name": "Hoennský",
          "description": "Ruby/Sapphire/Emerald Hoennský dex",
          "pokedex_id": "4"
     },
     {
          "local_language_id": "10",
          "name": "",
          "description": "Diamond/Pearl Sinnohský dex",
          "pokedex_id": "5"
     },
     {
          "local_language_id": "10",
          "name": "Původní Johto",
          "description": "Gold/Silver/Crystal Johto dex – ve hrách zvaný „New“",
          "pokedex_id": "3"
     },
     {
          "local_language_id": "10",
          "name": "",
          "description": "Platinum Sinnohský dex—rozšířená verze dexu z Diamond a Pearl",
          "pokedex_id": "6"
     },
     {
          "local_language_id": "10",
          "name": "",
          "description": "Black/White Unovský dex",
          "pokedex_id": "8"
     },
     {
          "local_language_id": "10",
          "name": "Kanto",
          "description": "Pokédex z Kanta v Red/Blue/Yellow",
          "pokedex_id": "2"
     },
     {
          "local_language_id": "10",
          "name": "",
          "description": "HeartGold/SoulSilver Johto dex – dex z Gold/Silver/Crystal rozšířený o nové vývoje",
          "pokedex_id": "7"
     },
     {
          "local_language_id": "10",
          "name": "Světové",
          "description": "Celostvětový pokédex",
          "pokedex_id": "1"
     }
]