[
     {
          "local_language_id": "9",
          "name": "Speed",
          "pokeathlon_stat_id": "1"
     },
     {
          "local_language_id": "9",
          "name": "Power",
          "pokeathlon_stat_id": "2"
     },
     {
          "local_language_id": "9",
          "name": "Skill",
          "pokeathlon_stat_id": "3"
     },
     {
          "local_language_id": "9",
          "name": "Stamina",
          "pokeathlon_stat_id": "4"
     },
     {
          "local_language_id": "9",
          "name": "Jump",
          "pokeathlon_stat_id": "5"
     },
     {
          "local_language_id": "10",
          "name": "Výdrž",
          "pokeathlon_stat_id": "4"
     },
     {
          "local_language_id": "10",
          "name": "Skoky",
          "pokeathlon_stat_id": "5"
     },
     {
          "local_language_id": "10",
          "name": "Síla",
          "pokeathlon_stat_id": "2"
     }
]