[
     {
          "identifier": "ball",
          "id": "1"
     },
     {
          "identifier": "squiggle",
          "id": "2"
     },
     {
          "identifier": "fish",
          "id": "3"
     },
     {
          "identifier": "arms",
          "id": "4"
     },
     {
          "identifier": "blob",
          "id": "5"
     },
     {
          "identifier": "upright",
          "id": "6"
     },
     {
          "identifier": "legs",
          "id": "7"
     },
     {
          "identifier": "quadruped",
          "id": "8"
     },
     {
          "identifier": "wings",
          "id": "9"
     },
     {
          "identifier": "tentacles",
          "id": "10"
     },
     {
          "identifier": "heads",
          "id": "11"
     },
     {
          "identifier": "humanoid",
          "id": "12"
     },
     {
          "identifier": "bug-wings",
          "id": "13"
     },
     {
          "identifier": "armor",
          "id": "14"
     }
]