[
     {
          "local_language_id": "1",
          "name": "黒い",
          "pokemon_color_id": "1"
     },
     {
          "local_language_id": "8",
          "name": "Nero",
          "pokemon_color_id": "1"
     },
     {
          "local_language_id": "9",
          "name": "Black",
          "pokemon_color_id": "1"
     },
     {
          "local_language_id": "1",
          "name": "青い",
          "pokemon_color_id": "2"
     },
     {
          "local_language_id": "8",
          "name": "Blu",
          "pokemon_color_id": "2"
     },
     {
          "local_language_id": "9",
          "name": "Blue",
          "pokemon_color_id": "2"
     },
     {
          "local_language_id": "1",
          "name": "茶色",
          "pokemon_color_id": "3"
     },
     {
          "local_language_id": "8",
          "name": "Marrone",
          "pokemon_color_id": "3"
     },
     {
          "local_language_id": "9",
          "name": "Brown",
          "pokemon_color_id": "3"
     },
     {
          "local_language_id": "1",
          "name": "灰色",
          "pokemon_color_id": "4"
     },
     {
          "local_language_id": "8",
          "name": "Grigio",
          "pokemon_color_id": "4"
     },
     {
          "local_language_id": "9",
          "name": "Gray",
          "pokemon_color_id": "4"
     },
     {
          "local_language_id": "1",
          "name": "緑",
          "pokemon_color_id": "5"
     },
     {
          "local_language_id": "8",
          "name": "Verde",
          "pokemon_color_id": "5"
     },
     {
          "local_language_id": "9",
          "name": "Green",
          "pokemon_color_id": "5"
     },
     {
          "local_language_id": "1",
          "name": "ピンク",
          "pokemon_color_id": "6"
     },
     {
          "local_language_id": "8",
          "name": "Rosa",
          "pokemon_color_id": "6"
     },
     {
          "local_language_id": "9",
          "name": "Pink",
          "pokemon_color_id": "6"
     },
     {
          "local_language_id": "1",
          "name": "パーパル",
          "pokemon_color_id": "7"
     },
     {
          "local_language_id": "8",
          "name": "Viola",
          "pokemon_color_id": "7"
     },
     {
          "local_language_id": "9",
          "name": "Purple",
          "pokemon_color_id": "7"
     },
     {
          "local_language_id": "1",
          "name": "赤い",
          "pokemon_color_id": "8"
     },
     {
          "local_language_id": "8",
          "name": "Rosso",
          "pokemon_color_id": "8"
     },
     {
          "local_language_id": "9",
          "name": "Red",
          "pokemon_color_id": "8"
     },
     {
          "local_language_id": "1",
          "name": "白い",
          "pokemon_color_id": "9"
     },
     {
          "local_language_id": "8",
          "name": "Bianco",
          "pokemon_color_id": "9"
     },
     {
          "local_language_id": "9",
          "name": "White",
          "pokemon_color_id": "9"
     },
     {
          "local_language_id": "1",
          "name": "黄色",
          "pokemon_color_id": "10"
     },
     {
          "local_language_id": "8",
          "name": "Giallo",
          "pokemon_color_id": "10"
     },
     {
          "local_language_id": "9",
          "name": "Yellow",
          "pokemon_color_id": "10"
     },
     {
          "local_language_id": "10",
          "name": "Šedá",
          "pokemon_color_id": "4"
     }
]