[
     {
          "local_language_id": "9",
          "name": "cave",
          "pokemon_habitat_id": "1"
     },
     {
          "local_language_id": "9",
          "name": "forest",
          "pokemon_habitat_id": "2"
     },
     {
          "local_language_id": "9",
          "name": "grassland",
          "pokemon_habitat_id": "3"
     },
     {
          "local_language_id": "9",
          "name": "mountain",
          "pokemon_habitat_id": "4"
     },
     {
          "local_language_id": "9",
          "name": "rare",
          "pokemon_habitat_id": "5"
     },
     {
          "local_language_id": "9",
          "name": "rough terrain",
          "pokemon_habitat_id": "6"
     },
     {
          "local_language_id": "9",
          "name": "sea",
          "pokemon_habitat_id": "7"
     },
     {
          "local_language_id": "9",
          "name": "urban",
          "pokemon_habitat_id": "8"
     },
     {
          "local_language_id": "9",
          "name": "water's edge",
          "pokemon_habitat_id": "9"
     },
     {
          "local_language_id": "10",
          "name": "hory",
          "pokemon_habitat_id": "4"
     },
     {
          "local_language_id": "10",
          "name": "vzácní",
          "pokemon_habitat_id": "5"
     },
     {
          "local_language_id": "10",
          "name": "lučiny",
          "pokemon_habitat_id": "3"
     },
     {
          "local_language_id": "10",
          "name": "vysočiny",
          "pokemon_habitat_id": "6"
     },
     {
          "local_language_id": "10",
          "name": "města",
          "pokemon_habitat_id": "8"
     },
     {
          "local_language_id": "10",
          "name": "lesy",
          "pokemon_habitat_id": "2"
     },
     {
          "local_language_id": "10",
          "name": "břehy",
          "pokemon_habitat_id": "9"
     },
     {
          "local_language_id": "10",
          "name": "moře",
          "pokemon_habitat_id": "7"
     },
     {
          "local_language_id": "10",
          "name": "jeskyně",
          "pokemon_habitat_id": "1"
     }
]