[
     {
          "local_language_id": "9",
          "name": "Kanto",
          "region_id": "1"
     },
     {
          "local_language_id": "9",
          "name": "Johto",
          "region_id": "2"
     },
     {
          "local_language_id": "9",
          "name": "Hoenn",
          "region_id": "3"
     },
     {
          "local_language_id": "9",
          "name": "Sinnoh",
          "region_id": "4"
     },
     {
          "local_language_id": "9",
          "name": "Unova",
          "region_id": "5"
     },
     {
          "local_language_id": "9",
          "name": "Kalos",
          "region_id": "6"
     },
     {
          "local_language_id": "10",
          "name": "Unovský",
          "region_id": "5"
     }
]