[
     {
          "local_language_id": "9",
          "message": "Loves to eat",
          "stat_hint_id": "1"
     },
     {
          "local_language_id": "9",
          "message": "Proud of its power",
          "stat_hint_id": "2"
     },
     {
          "local_language_id": "9",
          "message": "Sturdy body",
          "stat_hint_id": "3"
     },
     {
          "local_language_id": "9",
          "message": "Highly curious",
          "stat_hint_id": "4"
     },
     {
          "local_language_id": "9",
          "message": "Strong willed",
          "stat_hint_id": "5"
     },
     {
          "local_language_id": "9",
          "message": "Likes to run",
          "stat_hint_id": "6"
     },
     {
          "local_language_id": "9",
          "message": "Often dozes off",
          "stat_hint_id": "7"
     },
     {
          "local_language_id": "9",
          "message": "Likes to thrash about",
          "stat_hint_id": "8"
     },
     {
          "local_language_id": "9",
          "message": "Capable of taking hits",
          "stat_hint_id": "9"
     },
     {
          "local_language_id": "9",
          "message": "Mischievous",
          "stat_hint_id": "10"
     },
     {
          "local_language_id": "9",
          "message": "Somewhat vain",
          "stat_hint_id": "11"
     },
     {
          "local_language_id": "9",
          "message": "Alert to sounds",
          "stat_hint_id": "12"
     },
     {
          "local_language_id": "9",
          "message": "Often scatters things",
          "stat_hint_id": "13"
     },
     {
          "local_language_id": "9",
          "message": "A little quick tempered",
          "stat_hint_id": "14"
     },
     {
          "local_language_id": "9",
          "message": "Highly persistent",
          "stat_hint_id": "15"
     },
     {
          "local_language_id": "9",
          "message": "Thoroughly cunning",
          "stat_hint_id": "16"
     },
     {
          "local_language_id": "9",
          "message": "Strongly defiant",
          "stat_hint_id": "17"
     },
     {
          "local_language_id": "9",
          "message": "Impetuous and silly",
          "stat_hint_id": "18"
     },
     {
          "local_language_id": "9",
          "message": "Scatters things often",
          "stat_hint_id": "19"
     },
     {
          "local_language_id": "9",
          "message": "Likes to fight",
          "stat_hint_id": "20"
     },
     {
          "local_language_id": "9",
          "message": "Good endurance",
          "stat_hint_id": "21"
     },
     {
          "local_language_id": "9",
          "message": "Often lost in thought",
          "stat_hint_id": "22"
     },
     {
          "local_language_id": "9",
          "message": "Hates to lose",
          "stat_hint_id": "23"
     },
     {
          "local_language_id": "9",
          "message": "Somewhat of a clown",
          "stat_hint_id": "24"
     },
     {
          "local_language_id": "9",
          "message": "Likes to relax",
          "stat_hint_id": "25"
     },
     {
          "local_language_id": "9",
          "message": "Quick tempered",
          "stat_hint_id": "26"
     },
     {
          "local_language_id": "9",
          "message": "Good perseverance",
          "stat_hint_id": "27"
     },
     {
          "local_language_id": "9",
          "message": "Very finicky",
          "stat_hint_id": "28"
     },
     {
          "local_language_id": "9",
          "message": "Somewhat stubborn",
          "stat_hint_id": "29"
     },
     {
          "local_language_id": "9",
          "message": "Quick to flee",
          "stat_hint_id": "30"
     }
]