[
     {
          "local_language_id": "1",
          "name": "HP",
          "stat_id": "1"
     },
     {
          "local_language_id": "8",
          "name": "HP",
          "stat_id": "1"
     },
     {
          "local_language_id": "9",
          "name": "HP",
          "stat_id": "1"
     },
     {
          "local_language_id": "1",
          "name": "こうげき",
          "stat_id": "2"
     },
     {
          "local_language_id": "8",
          "name": "Attacco",
          "stat_id": "2"
     },
     {
          "local_language_id": "9",
          "name": "Attack",
          "stat_id": "2"
     },
     {
          "local_language_id": "1",
          "name": "ぼうぎょ",
          "stat_id": "3"
     },
     {
          "local_language_id": "8",
          "name": "Difesa",
          "stat_id": "3"
     },
     {
          "local_language_id": "9",
          "name": "Defense",
          "stat_id": "3"
     },
     {
          "local_language_id": "1",
          "name": "とくこう",
          "stat_id": "4"
     },
     {
          "local_language_id": "8",
          "name": "Attacco Speciale",
          "stat_id": "4"
     },
     {
          "local_language_id": "9",
          "name": "Special Attack",
          "stat_id": "4"
     },
     {
          "local_language_id": "1",
          "name": "とくぼう",
          "stat_id": "5"
     },
     {
          "local_language_id": "8",
          "name": "Difesa Speciale",
          "stat_id": "5"
     },
     {
          "local_language_id": "9",
          "name": "Special Defense",
          "stat_id": "5"
     },
     {
          "local_language_id": "1",
          "name": "すばやさ",
          "stat_id": "6"
     },
     {
          "local_language_id": "8",
          "name": "Velocità",
          "stat_id": "6"
     },
     {
          "local_language_id": "9",
          "name": "Speed",
          "stat_id": "6"
     },
     {
          "local_language_id": "1",
          "name": "めいちゅう",
          "stat_id": "7"
     },
     {
          "local_language_id": "8",
          "name": "precisione",
          "stat_id": "7"
     },
     {
          "local_language_id": "9",
          "name": "accuracy",
          "stat_id": "7"
     },
     {
          "local_language_id": "1",
          "name": "かいひ",
          "stat_id": "8"
     },
     {
          "local_language_id": "8",
          "name": "elusione",
          "stat_id": "8"
     },
     {
          "local_language_id": "9",
          "name": "evasion",
          "stat_id": "8"
     },
     {
          "local_language_id": "10",
          "name": "HP",
          "stat_id": "1"
     },
     {
          "local_language_id": "10",
          "name": "Obranný",
          "stat_id": "3"
     },
     {
          "local_language_id": "10",
          "name": "Rychlost",
          "stat_id": "6"
     },
     {
          "local_language_id": "10",
          "name": "Útočný",
          "stat_id": "2"
     }
]