[
     {
          "gene_mod_5": "0",
          "stat_id": "1",
          "id": "1"
     },
     {
          "gene_mod_5": "0",
          "stat_id": "2",
          "id": "2"
     },
     {
          "gene_mod_5": "0",
          "stat_id": "3",
          "id": "3"
     },
     {
          "gene_mod_5": "0",
          "stat_id": "4",
          "id": "4"
     },
     {
          "gene_mod_5": "0",
          "stat_id": "5",
          "id": "5"
     },
     {
          "gene_mod_5": "0",
          "stat_id": "6",
          "id": "6"
     },
     {
          "gene_mod_5": "1",
          "stat_id": "1",
          "id": "7"
     },
     {
          "gene_mod_5": "1",
          "stat_id": "2",
          "id": "8"
     },
     {
          "gene_mod_5": "1",
          "stat_id": "3",
          "id": "9"
     },
     {
          "gene_mod_5": "1",
          "stat_id": "4",
          "id": "10"
     },
     {
          "gene_mod_5": "1",
          "stat_id": "5",
          "id": "11"
     },
     {
          "gene_mod_5": "1",
          "stat_id": "6",
          "id": "12"
     },
     {
          "gene_mod_5": "2",
          "stat_id": "1",
          "id": "13"
     },
     {
          "gene_mod_5": "2",
          "stat_id": "2",
          "id": "14"
     },
     {
          "gene_mod_5": "2",
          "stat_id": "3",
          "id": "15"
     },
     {
          "gene_mod_5": "2",
          "stat_id": "4",
          "id": "16"
     },
     {
          "gene_mod_5": "2",
          "stat_id": "5",
          "id": "17"
     },
     {
          "gene_mod_5": "2",
          "stat_id": "6",
          "id": "18"
     },
     {
          "gene_mod_5": "3",
          "stat_id": "1",
          "id": "19"
     },
     {
          "gene_mod_5": "3",
          "stat_id": "2",
          "id": "20"
     },
     {
          "gene_mod_5": "3",
          "stat_id": "3",
          "id": "21"
     },
     {
          "gene_mod_5": "3",
          "stat_id": "4",
          "id": "22"
     },
     {
          "gene_mod_5": "3",
          "stat_id": "5",
          "id": "23"
     },
     {
          "gene_mod_5": "3",
          "stat_id": "6",
          "id": "24"
     },
     {
          "gene_mod_5": "4",
          "stat_id": "1",
          "id": "25"
     },
     {
          "gene_mod_5": "4",
          "stat_id": "2",
          "id": "26"
     },
     {
          "gene_mod_5": "4",
          "stat_id": "3",
          "id": "27"
     },
     {
          "gene_mod_5": "4",
          "stat_id": "4",
          "id": "28"
     },
     {
          "gene_mod_5": "4",
          "stat_id": "5",
          "id": "29"
     },
     {
          "gene_mod_5": "4",
          "stat_id": "6",
          "id": "30"
     }
]