[
     {
          "appeal": "2",
          "id": "1"
     },
     {
          "appeal": "2",
          "id": "2"
     },
     {
          "appeal": "2",
          "id": "4"
     },
     {
          "appeal": "3",
          "id": "5"
     },
     {
          "appeal": "1",
          "id": "6"
     },
     {
          "appeal": "2",
          "id": "7"
     },
     {
          "appeal": "0",
          "id": "8"
     },
     {
          "appeal": "0",
          "id": "9"
     },
     {
          "appeal": "2",
          "id": "10"
     },
     {
          "appeal": "0",
          "id": "11"
     },
     {
          "appeal": "0",
          "id": "12"
     },
     {
          "appeal": "2",
          "id": "13"
     },
     {
          "appeal": "2",
          "id": "14"
     },
     {
          "appeal": "2",
          "id": "15"
     },
     {
          "appeal": "0",
          "id": "16"
     },
     {
          "appeal": "2",
          "id": "17"
     },
     {
          "appeal": "2",
          "id": "18"
     },
     {
          "appeal": "2",
          "id": "19"
     },
     {
          "appeal": "1",
          "id": "20"
     },
     {
          "appeal": "0",
          "id": "21"
     },
     {
          "appeal": "2",
          "id": "22"
     },
     {
          "appeal": "1",
          "id": "23"
     }
]