[
     {
          "local_language_id": "1",
          "name": "ノーマル",
          "type_id": "1"
     },
     {
          "local_language_id": "5",
          "name": "Normal",
          "type_id": "1"
     },
     {
          "local_language_id": "6",
          "name": "Normal",
          "type_id": "1"
     },
     {
          "local_language_id": "7",
          "name": "Normal",
          "type_id": "1"
     },
     {
          "local_language_id": "8",
          "name": "Normale",
          "type_id": "1"
     },
     {
          "local_language_id": "9",
          "name": "Normal",
          "type_id": "1"
     },
     {
          "local_language_id": "1",
          "name": "かくとう",
          "type_id": "2"
     },
     {
          "local_language_id": "5",
          "name": "Combat",
          "type_id": "2"
     },
     {
          "local_language_id": "6",
          "name": "Kampf",
          "type_id": "2"
     },
     {
          "local_language_id": "7",
          "name": "Lucha",
          "type_id": "2"
     },
     {
          "local_language_id": "8",
          "name": "Lotta",
          "type_id": "2"
     },
     {
          "local_language_id": "9",
          "name": "Fighting",
          "type_id": "2"
     },
     {
          "local_language_id": "1",
          "name": "ひこう",
          "type_id": "3"
     },
     {
          "local_language_id": "5",
          "name": "Vol",
          "type_id": "3"
     },
     {
          "local_language_id": "6",
          "name": "Flug",
          "type_id": "3"
     },
     {
          "local_language_id": "7",
          "name": "Volador",
          "type_id": "3"
     },
     {
          "local_language_id": "8",
          "name": "Volante",
          "type_id": "3"
     },
     {
          "local_language_id": "9",
          "name": "Flying",
          "type_id": "3"
     },
     {
          "local_language_id": "1",
          "name": "どく",
          "type_id": "4"
     },
     {
          "local_language_id": "5",
          "name": "Poison",
          "type_id": "4"
     },
     {
          "local_language_id": "6",
          "name": "Gift",
          "type_id": "4"
     },
     {
          "local_language_id": "7",
          "name": "Veneno",
          "type_id": "4"
     },
     {
          "local_language_id": "8",
          "name": "Veleno",
          "type_id": "4"
     },
     {
          "local_language_id": "9",
          "name": "Poison",
          "type_id": "4"
     },
     {
          "local_language_id": "1",
          "name": "じめん",
          "type_id": "5"
     },
     {
          "local_language_id": "5",
          "name": "Sol",
          "type_id": "5"
     },
     {
          "local_language_id": "6",
          "name": "Boden",
          "type_id": "5"
     },
     {
          "local_language_id": "7",
          "name": "Tierra",
          "type_id": "5"
     },
     {
          "local_language_id": "8",
          "name": "Terra",
          "type_id": "5"
     },
     {
          "local_language_id": "9",
          "name": "Ground",
          "type_id": "5"
     },
     {
          "local_language_id": "1",
          "name": "いわ",
          "type_id": "6"
     },
     {
          "local_language_id": "5",
          "name": "Roche",
          "type_id": "6"
     },
     {
          "local_language_id": "6",
          "name": "Gestein",
          "type_id": "6"
     },
     {
          "local_language_id": "7",
          "name": "Roca",
          "type_id": "6"
     },
     {
          "local_language_id": "8",
          "name": "Roccia",
          "type_id": "6"
     },
     {
          "local_language_id": "9",
          "name": "Rock",
          "type_id": "6"
     },
     {
          "local_language_id": "1",
          "name": "むし",
          "type_id": "7"
     },
     {
          "local_language_id": "5",
          "name": "Insecte",
          "type_id": "7"
     },
     {
          "local_language_id": "6",
          "name": "Käfer",
          "type_id": "7"
     },
     {
          "local_language_id": "7",
          "name": "Bicho",
          "type_id": "7"
     },
     {
          "local_language_id": "8",
          "name": "Coleottero",
          "type_id": "7"
     },
     {
          "local_language_id": "9",
          "name": "Bug",
          "type_id": "7"
     },
     {
          "local_language_id": "1",
          "name": "ゴースト",
          "type_id": "8"
     },
     {
          "local_language_id": "5",
          "name": "Spectre",
          "type_id": "8"
     },
     {
          "local_language_id": "6",
          "name": "Geist",
          "type_id": "8"
     },
     {
          "local_language_id": "7",
          "name": "Fantasma",
          "type_id": "8"
     },
     {
          "local_language_id": "8",
          "name": "Spettro",
          "type_id": "8"
     },
     {
          "local_language_id": "9",
          "name": "Ghost",
          "type_id": "8"
     },
     {
          "local_language_id": "1",
          "name": "はがね",
          "type_id": "9"
     },
     {
          "local_language_id": "5",
          "name": "Acier",
          "type_id": "9"
     },
     {
          "local_language_id": "6",
          "name": "Stahl",
          "type_id": "9"
     },
     {
          "local_language_id": "7",
          "name": "Acero",
          "type_id": "9"
     },
     {
          "local_language_id": "8",
          "name": "Acciaio",
          "type_id": "9"
     },
     {
          "local_language_id": "9",
          "name": "Steel",
          "type_id": "9"
     },
     {
          "local_language_id": "1",
          "name": "ほのお",
          "type_id": "10"
     },
     {
          "local_language_id": "5",
          "name": "Feu",
          "type_id": "10"
     },
     {
          "local_language_id": "6",
          "name": "Feuer",
          "type_id": "10"
     },
     {
          "local_language_id": "7",
          "name": "Fuego",
          "type_id": "10"
     },
     {
          "local_language_id": "8",
          "name": "Fuoco",
          "type_id": "10"
     },
     {
          "local_language_id": "9",
          "name": "Fire",
          "type_id": "10"
     },
     {
          "local_language_id": "1",
          "name": "みず",
          "type_id": "11"
     },
     {
          "local_language_id": "5",
          "name": "Eau",
          "type_id": "11"
     },
     {
          "local_language_id": "6",
          "name": "Wasser",
          "type_id": "11"
     },
     {
          "local_language_id": "7",
          "name": "Agua",
          "type_id": "11"
     },
     {
          "local_language_id": "8",
          "name": "Acqua",
          "type_id": "11"
     },
     {
          "local_language_id": "9",
          "name": "Water",
          "type_id": "11"
     },
     {
          "local_language_id": "1",
          "name": "くさ",
          "type_id": "12"
     },
     {
          "local_language_id": "5",
          "name": "Plante",
          "type_id": "12"
     },
     {
          "local_language_id": "6",
          "name": "Pflanze",
          "type_id": "12"
     },
     {
          "local_language_id": "7",
          "name": "Planta",
          "type_id": "12"
     },
     {
          "local_language_id": "8",
          "name": "Erba",
          "type_id": "12"
     },
     {
          "local_language_id": "9",
          "name": "Grass",
          "type_id": "12"
     },
     {
          "local_language_id": "1",
          "name": "でんき",
          "type_id": "13"
     },
     {
          "local_language_id": "5",
          "name": "Electrik",
          "type_id": "13"
     },
     {
          "local_language_id": "6",
          "name": "Electro",
          "type_id": "13"
     },
     {
          "local_language_id": "7",
          "name": "Eléctrico",
          "type_id": "13"
     },
     {
          "local_language_id": "8",
          "name": "Elettro",
          "type_id": "13"
     },
     {
          "local_language_id": "9",
          "name": "Electric",
          "type_id": "13"
     },
     {
          "local_language_id": "1",
          "name": "エスパー",
          "type_id": "14"
     },
     {
          "local_language_id": "5",
          "name": "Psy",
          "type_id": "14"
     },
     {
          "local_language_id": "6",
          "name": "Psycho",
          "type_id": "14"
     },
     {
          "local_language_id": "7",
          "name": "Psíquico",
          "type_id": "14"
     },
     {
          "local_language_id": "8",
          "name": "Psico",
          "type_id": "14"
     },
     {
          "local_language_id": "9",
          "name": "Psychic",
          "type_id": "14"
     },
     {
          "local_language_id": "1",
          "name": "こおり",
          "type_id": "15"
     },
     {
          "local_language_id": "5",
          "name": "Glace",
          "type_id": "15"
     },
     {
          "local_language_id": "6",
          "name": "Eis",
          "type_id": "15"
     },
     {
          "local_language_id": "7",
          "name": "Hielo",
          "type_id": "15"
     },
     {
          "local_language_id": "8",
          "name": "Ghiaccio",
          "type_id": "15"
     },
     {
          "local_language_id": "9",
          "name": "Ice",
          "type_id": "15"
     },
     {
          "local_language_id": "1",
          "name": "ドラゴン",
          "type_id": "16"
     },
     {
          "local_language_id": "5",
          "name": "Dragon",
          "type_id": "16"
     },
     {
          "local_language_id": "6",
          "name": "Drachen",
          "type_id": "16"
     },
     {
          "local_language_id": "7",
          "name": "Dragón",
          "type_id": "16"
     },
     {
          "local_language_id": "8",
          "name": "Drago",
          "type_id": "16"
     },
     {
          "local_language_id": "9",
          "name": "Dragon",
          "type_id": "16"
     },
     {
          "local_language_id": "1",
          "name": "あく",
          "type_id": "17"
     },
     {
          "local_language_id": "5",
          "name": "Ténèbres",
          "type_id": "17"
     },
     {
          "local_language_id": "6",
          "name": "Unlicht",
          "type_id": "17"
     },
     {
          "local_language_id": "7",
          "name": "Siniestro",
          "type_id": "17"
     },
     {
          "local_language_id": "8",
          "name": "Buio",
          "type_id": "17"
     },
     {
          "local_language_id": "9",
          "name": "Dark",
          "type_id": "17"
     },
     {
          "local_language_id": "9",
          "name": "Fairy",
          "type_id": "18"
     },
     {
          "local_language_id": "1",
          "name": "？？？",
          "type_id": "10001"
     },
     {
          "local_language_id": "5",
          "name": "???",
          "type_id": "10001"
     },
     {
          "local_language_id": "6",
          "name": "???",
          "type_id": "10001"
     },
     {
          "local_language_id": "7",
          "name": "???",
          "type_id": "10001"
     },
     {
          "local_language_id": "8",
          "name": "???",
          "type_id": "10001"
     },
     {
          "local_language_id": "9",
          "name": "???",
          "type_id": "10001"
     },
     {
          "local_language_id": "1",
          "name": "ダーク",
          "type_id": "10002"
     },
     {
          "local_language_id": "8",
          "name": "Ombra",
          "type_id": "10002"
     },
     {
          "local_language_id": "9",
          "name": "Shadow",
          "type_id": "10002"
     },
     {
          "local_language_id": "10",
          "name": "Jedovatý",
          "type_id": "4"
     },
     {
          "local_language_id": "10",
          "name": "Vodní",
          "type_id": "11"
     },
     {
          "local_language_id": "10",
          "name": "Psychický",
          "type_id": "14"
     },
     {
          "local_language_id": "10",
          "name": "Zemní",
          "type_id": "5"
     },
     {
          "local_language_id": "10",
          "name": "Dračí",
          "type_id": "16"
     },
     {
          "local_language_id": "10",
          "name": "Ohnivý",
          "type_id": "10"
     },
     {
          "local_language_id": "10",
          "name": "Temný",
          "type_id": "17"
     },
     {
          "local_language_id": "10",
          "name": "Létající",
          "type_id": "3"
     },
     {
          "local_language_id": "10",
          "name": "Kamenný",
          "type_id": "6"
     },
     {
          "local_language_id": "10",
          "name": "Duší",
          "type_id": "8"
     },
     {
          "local_language_id": "10",
          "name": "Ledový",
          "type_id": "15"
     },
     {
          "local_language_id": "10",
          "name": "Bojovný",
          "type_id": "2"
     },
     {
          "local_language_id": "10",
          "name": "Ocelový",
          "type_id": "9"
     },
     {
          "local_language_id": "10",
          "name": "???",
          "type_id": "10001"
     },
     {
          "local_language_id": "10",
          "name": "Hmyzí",
          "type_id": "7"
     },
     {
          "local_language_id": "10",
          "name": "Normální",
          "type_id": "1"
     },
     {
          "local_language_id": "10",
          "name": "Travní",
          "type_id": "12"
     },
     {
          "local_language_id": "10",
          "name": "Elektrický",
          "type_id": "13"
     },
     {
          "local_language_id": "10",
          "name": "Stínový",
          "type_id": "10002"
     }
]