[
     {
          "version_group_id": "1",
          "identifier": "red",
          "id": "1"
     },
     {
          "version_group_id": "1",
          "identifier": "blue",
          "id": "2"
     },
     {
          "version_group_id": "2",
          "identifier": "yellow",
          "id": "3"
     },
     {
          "version_group_id": "3",
          "identifier": "gold",
          "id": "4"
     },
     {
          "version_group_id": "3",
          "identifier": "silver",
          "id": "5"
     },
     {
          "version_group_id": "4",
          "identifier": "crystal",
          "id": "6"
     },
     {
          "version_group_id": "5",
          "identifier": "ruby",
          "id": "7"
     },
     {
          "version_group_id": "5",
          "identifier": "sapphire",
          "id": "8"
     },
     {
          "version_group_id": "6",
          "identifier": "emerald",
          "id": "9"
     },
     {
          "version_group_id": "7",
          "identifier": "firered",
          "id": "10"
     },
     {
          "version_group_id": "7",
          "identifier": "leafgreen",
          "id": "11"
     },
     {
          "version_group_id": "8",
          "identifier": "diamond",
          "id": "12"
     },
     {
          "version_group_id": "8",
          "identifier": "pearl",
          "id": "13"
     },
     {
          "version_group_id": "9",
          "identifier": "platinum",
          "id": "14"
     },
     {
          "version_group_id": "10",
          "identifier": "heartgold",
          "id": "15"
     },
     {
          "version_group_id": "10",
          "identifier": "soulsilver",
          "id": "16"
     },
     {
          "version_group_id": "11",
          "identifier": "black",
          "id": "17"
     },
     {
          "version_group_id": "11",
          "identifier": "white",
          "id": "18"
     },
     {
          "version_group_id": "12",
          "identifier": "colosseum",
          "id": "19"
     },
     {
          "version_group_id": "13",
          "identifier": "xd",
          "id": "20"
     },
     {
          "version_group_id": "14",
          "identifier": "black-2",
          "id": "21"
     },
     {
          "version_group_id": "14",
          "identifier": "white-2",
          "id": "22"
     },
     {
          "version_group_id": "15",
          "identifier": "x",
          "id": "23"
     },
     {
          "version_group_id": "15",
          "identifier": "y",
          "id": "24"
     }
]