[
     {
          "local_language_id": "9",
          "name": "Red",
          "version_id": "1"
     },
     {
          "local_language_id": "9",
          "name": "Blue",
          "version_id": "2"
     },
     {
          "local_language_id": "9",
          "name": "Yellow",
          "version_id": "3"
     },
     {
          "local_language_id": "9",
          "name": "Gold",
          "version_id": "4"
     },
     {
          "local_language_id": "9",
          "name": "Silver",
          "version_id": "5"
     },
     {
          "local_language_id": "9",
          "name": "Crystal",
          "version_id": "6"
     },
     {
          "local_language_id": "9",
          "name": "Ruby",
          "version_id": "7"
     },
     {
          "local_language_id": "9",
          "name": "Sapphire",
          "version_id": "8"
     },
     {
          "local_language_id": "9",
          "name": "Emerald",
          "version_id": "9"
     },
     {
          "local_language_id": "9",
          "name": "FireRed",
          "version_id": "10"
     },
     {
          "local_language_id": "9",
          "name": "LeafGreen",
          "version_id": "11"
     },
     {
          "local_language_id": "9",
          "name": "Diamond",
          "version_id": "12"
     },
     {
          "local_language_id": "9",
          "name": "Pearl",
          "version_id": "13"
     },
     {
          "local_language_id": "9",
          "name": "Platinum",
          "version_id": "14"
     },
     {
          "local_language_id": "9",
          "name": "HeartGold",
          "version_id": "15"
     },
     {
          "local_language_id": "9",
          "name": "SoulSilver",
          "version_id": "16"
     },
     {
          "local_language_id": "9",
          "name": "Black",
          "version_id": "17"
     },
     {
          "local_language_id": "9",
          "name": "White",
          "version_id": "18"
     },
     {
          "local_language_id": "9",
          "name": "Colosseum",
          "version_id": "19"
     },
     {
          "local_language_id": "9",
          "name": "XD",
          "version_id": "20"
     },
     {
          "local_language_id": "9",
          "name": "Black 2",
          "version_id": "21"
     },
     {
          "local_language_id": "9",
          "name": "White 2",
          "version_id": "22"
     },
     {
          "local_language_id": "9",
          "name": "X",
          "version_id": "23"
     },
     {
          "local_language_id": "9",
          "name": "Y",
          "version_id": "24"
     },
     {
          "local_language_id": "10",
          "name": "Zlatá",
          "version_id": "4"
     },
     {
          "local_language_id": "10",
          "name": "ListoZelená",
          "version_id": "11"
     },
     {
          "local_language_id": "10",
          "name": "Platinová",
          "version_id": "14"
     },
     {
          "local_language_id": "10",
          "name": "Stříbrná",
          "version_id": "5"
     },
     {
          "local_language_id": "10",
          "name": "OhnňoČervená",
          "version_id": "10"
     },
     {
          "local_language_id": "10",
          "name": "Černá",
          "version_id": "17"
     },
     {
          "local_language_id": "10",
          "name": "Žlutá",
          "version_id": "3"
     },
     {
          "local_language_id": "10",
          "name": "Krystalová",
          "version_id": "6"
     },
     {
          "local_language_id": "10",
          "name": "Safírová",
          "version_id": "8"
     },
     {
          "local_language_id": "10",
          "name": "SrdcoZlatá",
          "version_id": "15"
     },
     {
          "local_language_id": "10",
          "name": "Modrá",
          "version_id": "2"
     },
     {
          "local_language_id": "10",
          "name": "Smaragdová",
          "version_id": "9"
     },
     {
          "local_language_id": "10",
          "name": "Rubínová",
          "version_id": "7"
     },
     {
          "local_language_id": "10",
          "name": "Červená",
          "version_id": "1"
     },
     {
          "local_language_id": "10",
          "name": "Diamantová",
          "version_id": "12"
     },
     {
          "local_language_id": "10",
          "name": "Perlová",
          "version_id": "13"
     },
     {
          "local_language_id": "10",
          "name": "Bílá",
          "version_id": "18"
     }
]